2026-07-31 14:52:00,231 [INFO   ] [data_loading] spider_tasks_loaded  path=data/spider/dev.json  total_tasks=1034  returned=1034  limit_applied=False
2026-07-31 14:52:00,239 [INFO   ] [data_loading] spider_schema_maps_with_fk_loaded  path=data/spider/tables.json  db_count=166
2026-07-31 14:52:21,852 [INFO   ] [inference] generate_sql  latency_sec=1.6577  input_tokens=144  output_tokens=7
2026-07-31 14:52:21,852 [INFO   ]   >> INPUT  : Translate the natural language question into a valid SQL query using the provided schema.

Schema:
stadium(Stadium_ID, Location, Name, Capacity, Highest, Lowest, Average) | singer(Singer_ID, Name, Country, Song_Name, Song_release_year, Age, Is_male) | concert(concert_ID, concert_Name, Theme, Stadium_ID->stadium.Stadium_ID, Year) | singer_in_concert(concert_ID->concert.concert_ID, Singer_ID->singer.Singer_ID)

Question:
How many singers do we have?

SQL:

2026-07-31 14:52:21,852 [INFO   ]   >> OUTPUT : SELECT count(*) FROM singer
2026-07-31 14:52:23,683 [INFO   ] [inference] generate_sql  latency_sec=1.8203  input_tokens=145  output_tokens=38
2026-07-31 14:52:23,683 [INFO   ]   >> INPUT  : Translate the natural language question into a valid SQL query using the provided schema.

Schema:
stadium(Stadium_ID, Location, Name, Capacity, Highest, Lowest, Average) | singer(Singer_ID, Name, Country, Song_Name, Song_release_year, Age, Is_male) | concert(concert_ID, concert_Name, Theme, Stadium_ID->stadium.Stadium_ID, Year) | singer_in_concert(concert_ID->concert.concert_ID, Singer_ID->singer.Singer_ID)

Question:
What is the total number of singers?

SQL:

2026-07-31 14:52:23,683 [INFO   ]   >> OUTPUT : SELECT sum(T1.age) FROM singer AS T1 JOIN concert AS T2 ON T1.Singer_ID  =  T2.Singer_ID
2026-07-31 14:52:26,294 [INFO   ] [inference] generate_sql  latency_sec=2.5984  input_tokens=156  output_tokens=56
2026-07-31 14:52:26,294 [INFO   ]   >> INPUT  : Translate the natural language question into a valid SQL query using the provided schema.

Schema:
stadium(Stadium_ID, Location, Name, Capacity, Highest, Lowest, Average) | singer(Singer_ID, Name, Country, Song_Name, Song_release_year, Age, Is_male) | concert(concert_ID, concert_Name, Theme, Stadium_ID->stadium.Stadium_ID, Year) | singer_in_concert(concert_ID->concert.concert_ID, Singer_ID->singer.Singer_ID)

Question:
Show name, country, age for all singers ordered by age from the oldest to the youngest.

SQL:

2026-07-31 14:52:26,294 [INFO   ]   >> OUTPUT : SELECT T1.name ,  T1.country ,  T1.age FROM singer AS T1 JOIN concert AS T2 ON T1.singer_id  =  T2.singer_id ORDER BY T2.year LIMIT 1
2026-07-31 14:52:28,837 [INFO   ] [inference] generate_sql  latency_sec=2.532  input_tokens=155  output_tokens=16
2026-07-31 14:52:28,838 [INFO   ]   >> INPUT  : Translate the natural language question into a valid SQL query using the provided schema.

Schema:
stadium(Stadium_ID, Location, Name, Capacity, Highest, Lowest, Average) | singer(Singer_ID, Name, Country, Song_Name, Song_release_year, Age, Is_male) | concert(concert_ID, concert_Name, Theme, Stadium_ID->stadium.Stadium_ID, Year) | singer_in_concert(concert_ID->concert.concert_ID, Singer_ID->singer.Singer_ID)

Question:
What are the names, countries, and ages for every singer in descending order of age?

SQL:

2026-07-31 14:52:28,838 [INFO   ]   >> OUTPUT : SELECT name ,  country ,  age FROM singer ORDER BY age DESC
2026-07-31 14:52:30,138 [INFO   ] [inference] generate_sql  latency_sec=1.2871  input_tokens=153  output_tokens=28
2026-07-31 14:52:30,138 [INFO   ]   >> INPUT  : Translate the natural language question into a valid SQL query using the provided schema.

Schema:
stadium(Stadium_ID, Location, Name, Capacity, Highest, Lowest, Average) | singer(Singer_ID, Name, Country, Song_Name, Song_release_year, Age, Is_male) | concert(concert_ID, concert_Name, Theme, Stadium_ID->stadium.Stadium_ID, Year) | singer_in_concert(concert_ID->concert.concert_ID, Singer_ID->singer.Singer_ID)

Question:
What is the average, minimum, and maximum age of all singers from France?

SQL:

2026-07-31 14:52:30,138 [INFO   ]   >> OUTPUT : SELECT avg(age) ,  min(age) ,  max(age) FROM singer WHERE country  =  'France'
2026-07-31 14:52:31,689 [INFO   ] [inference] generate_sql  latency_sec=1.5396  input_tokens=152  output_tokens=28
2026-07-31 14:52:31,689 [INFO   ]   >> INPUT  : Translate the natural language question into a valid SQL query using the provided schema.

Schema:
stadium(Stadium_ID, Location, Name, Capacity, Highest, Lowest, Average) | singer(Singer_ID, Name, Country, Song_Name, Song_release_year, Age, Is_male) | concert(concert_ID, concert_Name, Theme, Stadium_ID->stadium.Stadium_ID, Year) | singer_in_concert(concert_ID->concert.concert_ID, Singer_ID->singer.Singer_ID)

Question:
What is the average, minimum, and maximum age for all French singers?

SQL:

2026-07-31 14:52:31,689 [INFO   ]   >> OUTPUT : SELECT avg(age) ,  min(age) ,  max(age) FROM singer WHERE country  =  'French'
2026-07-31 14:52:35,224 [INFO   ] [inference] generate_sql  latency_sec=3.5192  input_tokens=152  output_tokens=56
2026-07-31 14:52:35,224 [INFO   ]   >> INPUT  : Translate the natural language question into a valid SQL query using the provided schema.

Schema:
stadium(Stadium_ID, Location, Name, Capacity, Highest, Lowest, Average) | singer(Singer_ID, Name, Country, Song_Name, Song_release_year, Age, Is_male) | concert(concert_ID, concert_Name, Theme, Stadium_ID->stadium.Stadium_ID, Year) | singer_in_concert(concert_ID->concert.concert_ID, Singer_ID->singer.Singer_ID)

Question:
Show the name and the release year of the song by the youngest singer.

SQL:

2026-07-31 14:52:35,224 [INFO   ]   >> OUTPUT : SELECT T1.Song_Name ,  T1.Song_release_year FROM singer AS T1 JOIN concert AS T2 ON T1.Singer_ID  =  T2.Singer_ID ORDER BY T2.Year LIMIT 1
2026-07-31 14:52:36,834 [INFO   ] [inference] generate_sql  latency_sec=1.5991  input_tokens=153  output_tokens=28
2026-07-31 14:52:36,834 [INFO   ]   >> INPUT  : Translate the natural language question into a valid SQL query using the provided schema.

Schema:
stadium(Stadium_ID, Location, Name, Capacity, Highest, Lowest, Average) | singer(Singer_ID, Name, Country, Song_Name, Song_release_year, Age, Is_male) | concert(concert_ID, concert_Name, Theme, Stadium_ID->stadium.Stadium_ID, Year) | singer_in_concert(concert_ID->concert.concert_ID, Singer_ID->singer.Singer_ID)

Question:
What are the names and release years for all the songs of the youngest singer?

SQL:

2026-07-31 14:52:36,834 [INFO   ]   >> OUTPUT : SELECT Song_Name ,  Song_release_year FROM singer WHERE Age  =  (SELECT max(Age) FROM singer)
2026-07-31 14:52:37,816 [INFO   ] [inference] generate_sql  latency_sec=0.9428  input_tokens=150  output_tokens=16
2026-07-31 14:52:37,816 [INFO   ]   >> INPUT  : Translate the natural language question into a valid SQL query using the provided schema.

Schema:
stadium(Stadium_ID, Location, Name, Capacity, Highest, Lowest, Average) | singer(Singer_ID, Name, Country, Song_Name, Song_release_year, Age, Is_male) | concert(concert_ID, concert_Name, Theme, Stadium_ID->stadium.Stadium_ID, Year) | singer_in_concert(concert_ID->concert.concert_ID, Singer_ID->singer.Singer_ID)

Question:
What are all distinct countries where singers above age 20 are from?

SQL:

2026-07-31 14:52:37,816 [INFO   ]   >> OUTPUT : SELECT DISTINCT Country FROM singer WHERE Age  >=  20
2026-07-31 14:52:38,966 [INFO   ] [inference] generate_sql  latency_sec=1.1359  input_tokens=149  output_tokens=15
2026-07-31 14:52:38,966 [INFO   ]   >> INPUT  : Translate the natural language question into a valid SQL query using the provided schema.

Schema:
stadium(Stadium_ID, Location, Name, Capacity, Highest, Lowest, Average) | singer(Singer_ID, Name, Country, Song_Name, Song_release_year, Age, Is_male) | concert(concert_ID, concert_Name, Theme, Stadium_ID->stadium.Stadium_ID, Year) | singer_in_concert(concert_ID->concert.concert_ID, Singer_ID->singer.Singer_ID)

Question:
What are  the different countries with singers above age 20?

SQL:

2026-07-31 14:52:38,967 [INFO   ]   >> OUTPUT : SELECT DISTINCT Country FROM singer WHERE Age  >  20
2026-07-31 14:52:39,672 [INFO   ] [inference] generate_sql  latency_sec=0.6884  input_tokens=149  output_tokens=14
2026-07-31 14:52:39,672 [INFO   ]   >> INPUT  : Translate the natural language question into a valid SQL query using the provided schema.

Schema:
stadium(Stadium_ID, Location, Name, Capacity, Highest, Lowest, Average) | singer(Singer_ID, Name, Country, Song_Name, Song_release_year, Age, Is_male) | concert(concert_ID, concert_Name, Theme, Stadium_ID->stadium.Stadium_ID, Year) | singer_in_concert(concert_ID->concert.concert_ID, Singer_ID->singer.Singer_ID)

Question:
Show all countries and the number of singers in each country.

SQL:

2026-07-31 14:52:39,672 [INFO   ]   >> OUTPUT : SELECT Country ,  COUNT(*) FROM singer GROUP BY Country
2026-07-31 14:52:40,366 [INFO   ] [inference] generate_sql  latency_sec=0.6826  input_tokens=145  output_tokens=14
2026-07-31 14:52:40,366 [INFO   ]   >> INPUT  : Translate the natural language question into a valid SQL query using the provided schema.

Schema:
stadium(Stadium_ID, Location, Name, Capacity, Highest, Lowest, Average) | singer(Singer_ID, Name, Country, Song_Name, Song_release_year, Age, Is_male) | concert(concert_ID, concert_Name, Theme, Stadium_ID->stadium.Stadium_ID, Year) | singer_in_concert(concert_ID->concert.concert_ID, Singer_ID->singer.Singer_ID)

Question:
How many singers are from each country?

SQL:

2026-07-31 14:52:40,366 [INFO   ]   >> OUTPUT : SELECT Country ,  COUNT(*) FROM singer GROUP BY Country
2026-07-31 14:52:41,418 [INFO   ] [inference] generate_sql  latency_sec=1.0409  input_tokens=148  output_tokens=21
2026-07-31 14:52:41,419 [INFO   ]   >> INPUT  : Translate the natural language question into a valid SQL query using the provided schema.

Schema:
stadium(Stadium_ID, Location, Name, Capacity, Highest, Lowest, Average) | singer(Singer_ID, Name, Country, Song_Name, Song_release_year, Age, Is_male) | concert(concert_ID, concert_Name, Theme, Stadium_ID->stadium.Stadium_ID, Year) | singer_in_concert(concert_ID->concert.concert_ID, Singer_ID->singer.Singer_ID)

Question:
List all song names by singers above the average age.

SQL:

2026-07-31 14:52:41,419 [INFO   ]   >> OUTPUT : SELECT Song_Name FROM singer WHERE Age  >  (SELECT avg(Age) FROM singer)
2026-07-31 14:52:42,406 [INFO   ] [inference] generate_sql  latency_sec=0.9758  input_tokens=151  output_tokens=21
2026-07-31 14:52:42,406 [INFO   ]   >> INPUT  : Translate the natural language question into a valid SQL query using the provided schema.

Schema:
stadium(Stadium_ID, Location, Name, Capacity, Highest, Lowest, Average) | singer(Singer_ID, Name, Country, Song_Name, Song_release_year, Age, Is_male) | concert(concert_ID, concert_Name, Theme, Stadium_ID->stadium.Stadium_ID, Year) | singer_in_concert(concert_ID->concert.concert_ID, Singer_ID->singer.Singer_ID)

Question:
What are all the song names by singers who are older than average?

SQL:

2026-07-31 14:52:42,406 [INFO   ]   >> OUTPUT : SELECT Song_Name FROM singer WHERE Age  >  (SELECT avg(Age) FROM singer)
2026-07-31 14:52:45,140 [INFO   ] [inference] generate_sql  latency_sec=2.7218  input_tokens=152  output_tokens=56
2026-07-31 14:52:45,140 [INFO   ]   >> INPUT  : Translate the natural language question into a valid SQL query using the provided schema.

Schema:
stadium(Stadium_ID, Location, Name, Capacity, Highest, Lowest, Average) | singer(Singer_ID, Name, Country, Song_Name, Song_release_year, Age, Is_male) | concert(concert_ID, concert_Name, Theme, Stadium_ID->stadium.Stadium_ID, Year) | singer_in_concert(concert_ID->concert.concert_ID, Singer_ID->singer.Singer_ID)

Question:
Show location and name for all stadiums with a capacity between 5000 and 10000.

SQL:

2026-07-31 14:52:45,140 [INFO   ]   >> OUTPUT : SELECT T1.Location ,  T1.Name FROM stadium AS T1 JOIN singer_in_concert AS T2 ON T1.Stadium_ID  =  T2.Stadium_ID WHERE T2.year BETWEEN 5000 AND 10000
2026-07-31 14:52:46,342 [INFO   ] [inference] generate_sql  latency_sec=1.1866  input_tokens=153  output_tokens=17
2026-07-31 14:52:46,342 [INFO   ]   >> INPUT  : Translate the natural language question into a valid SQL query using the provided schema.

Schema:
stadium(Stadium_ID, Location, Name, Capacity, Highest, Lowest, Average) | singer(Singer_ID, Name, Country, Song_Name, Song_release_year, Age, Is_male) | concert(concert_ID, concert_Name, Theme, Stadium_ID->stadium.Stadium_ID, Year) | singer_in_concert(concert_ID->concert.concert_ID, Singer_ID->singer.Singer_ID)

Question:
What are the locations and names of all stations with capacity between 5000 and 10000?

SQL:

2026-07-31 14:52:46,342 [INFO   ]   >> OUTPUT : SELECT LOCATION ,  name FROM stadium WHERE capacity BETWEEN 5000 AND 10000
2026-07-31 14:52:47,353 [INFO   ] [inference] generate_sql  latency_sec=0.9955  input_tokens=149  output_tokens=15
2026-07-31 14:52:47,354 [INFO   ]   >> INPUT  : Translate the natural language question into a valid SQL query using the provided schema.

Schema:
stadium(Stadium_ID, Location, Name, Capacity, Highest, Lowest, Average) | singer(Singer_ID, Name, Country, Song_Name, Song_release_year, Age, Is_male) | concert(concert_ID, concert_Name, Theme, Stadium_ID->stadium.Stadium_ID, Year) | singer_in_concert(concert_ID->concert.concert_ID, Singer_ID->singer.Singer_ID)

Question:
What is the maximum capacity and the average of all stadiums ?

SQL:

2026-07-31 14:52:47,354 [INFO   ]   >> OUTPUT : SELECT max(capacity) ,  avg(capacity) FROM stadium
2026-07-31 14:52:48,309 [INFO   ] [inference] generate_sql  latency_sec=0.9388  input_tokens=148  output_tokens=14
2026-07-31 14:52:48,309 [INFO   ]   >> INPUT  : Translate the natural language question into a valid SQL query using the provided schema.

Schema:
stadium(Stadium_ID, Location, Name, Capacity, Highest, Lowest, Average) | singer(Singer_ID, Name, Country, Song_Name, Song_release_year, Age, Is_male) | concert(concert_ID, concert_Name, Theme, Stadium_ID->stadium.Stadium_ID, Year) | singer_in_concert(concert_ID->concert.concert_ID, Singer_ID->singer.Singer_ID)

Question:
What is the average and maximum capacities for all stadiums ?

SQL:

2026-07-31 14:52:48,309 [INFO   ]   >> OUTPUT : SELECT avg(capacity) ,  max(capacity) FROM stadium
2026-07-31 14:52:51,667 [INFO   ] [inference] generate_sql  latency_sec=3.3403  input_tokens=151  output_tokens=65
2026-07-31 14:52:51,668 [INFO   ]   >> INPUT  : Translate the natural language question into a valid SQL query using the provided schema.

Schema:
stadium(Stadium_ID, Location, Name, Capacity, Highest, Lowest, Average) | singer(Singer_ID, Name, Country, Song_Name, Song_release_year, Age, Is_male) | concert(concert_ID, concert_Name, Theme, Stadium_ID->stadium.Stadium_ID, Year) | singer_in_concert(concert_ID->concert.concert_ID, Singer_ID->singer.Singer_ID)

Question:
What is the name and capacity for the stadium with highest average attendance?

SQL:

2026-07-31 14:52:51,668 [INFO   ]   >> OUTPUT : SELECT T2.name ,  T1.capacity FROM stadium AS T1 JOIN attendee AS T2 ON T1.stadium_id  =  T2.stadium_id GROUP BY T1.stadium_id ORDER BY avg(T1.capacity) DESC LIMIT 1
2026-07-31 14:52:55,033 [INFO   ] [inference] generate_sql  latency_sec=3.3457  input_tokens=152  output_tokens=65
2026-07-31 14:52:55,033 [INFO   ]   >> INPUT  : Translate the natural language question into a valid SQL query using the provided schema.

Schema:
stadium(Stadium_ID, Location, Name, Capacity, Highest, Lowest, Average) | singer(Singer_ID, Name, Country, Song_Name, Song_release_year, Age, Is_male) | concert(concert_ID, concert_Name, Theme, Stadium_ID->stadium.Stadium_ID, Year) | singer_in_concert(concert_ID->concert.concert_ID, Singer_ID->singer.Singer_ID)

Question:
What is the name and capacity for the stadium with the highest average attendance?

SQL:

2026-07-31 14:52:55,033 [INFO   ]   >> OUTPUT : SELECT T2.name ,  T1.capacity FROM stadium AS T1 JOIN attendee AS T2 ON T1.stadium_id  =  T2.stadium_id GROUP BY T1.stadium_id ORDER BY avg(T1.capacity) DESC LIMIT 1
2026-07-31 14:52:56,160 [INFO   ] [inference] generate_sql  latency_sec=1.1159  input_tokens=148  output_tokens=19
2026-07-31 14:52:56,160 [INFO   ]   >> INPUT  : Translate the natural language question into a valid SQL query using the provided schema.

Schema:
stadium(Stadium_ID, Location, Name, Capacity, Highest, Lowest, Average) | singer(Singer_ID, Name, Country, Song_Name, Song_release_year, Age, Is_male) | concert(concert_ID, concert_Name, Theme, Stadium_ID->stadium.Stadium_ID, Year) | singer_in_concert(concert_ID->concert.concert_ID, Singer_ID->singer.Singer_ID)

Question:
How many concerts are there in year 2014 or 2015?

SQL:

2026-07-31 14:52:56,160 [INFO   ]   >> OUTPUT : SELECT count(*) FROM concert WHERE YEAR  =  2014 OR YEAR  =  2015
2026-07-31 14:52:57,096 [INFO   ] [inference] generate_sql  latency_sec=0.925  input_tokens=146  output_tokens=19
2026-07-31 14:52:57,096 [INFO   ]   >> INPUT  : Translate the natural language question into a valid SQL query using the provided schema.

Schema:
stadium(Stadium_ID, Location, Name, Capacity, Highest, Lowest, Average) | singer(Singer_ID, Name, Country, Song_Name, Song_release_year, Age, Is_male) | concert(concert_ID, concert_Name, Theme, Stadium_ID->stadium.Stadium_ID, Year) | singer_in_concert(concert_ID->concert.concert_ID, Singer_ID->singer.Singer_ID)

Question:
How many concerts occurred in 2014 or 2015?

SQL:

2026-07-31 14:52:57,096 [INFO   ]   >> OUTPUT : SELECT count(*) FROM concert WHERE YEAR  =  2014 OR YEAR  =  2015
2026-07-31 14:52:59,577 [INFO   ] [inference] generate_sql  latency_sec=2.4699  input_tokens=150  output_tokens=49
2026-07-31 14:52:59,577 [INFO   ]   >> INPUT  : Translate the natural language question into a valid SQL query using the provided schema.

Schema:
stadium(Stadium_ID, Location, Name, Capacity, Highest, Lowest, Average) | singer(Singer_ID, Name, Country, Song_Name, Song_release_year, Age, Is_male) | concert(concert_ID, concert_Name, Theme, Stadium_ID->stadium.Stadium_ID, Year) | singer_in_concert(concert_ID->concert.concert_ID, Singer_ID->singer.Singer_ID)

Question:
Show the stadium name and the number of concerts in each stadium.

SQL:

2026-07-31 14:52:59,578 [INFO   ]   >> OUTPUT : SELECT T2.name ,  count(*) FROM concert AS T1 JOIN stadium AS T2 ON T1.stadium_id  =  T2.stadium_id GROUP BY T1.stadium_id
2026-07-31 14:53:02,500 [INFO   ] [inference] generate_sql  latency_sec=2.9075  input_tokens=147  output_tokens=46
2026-07-31 14:53:02,501 [INFO   ]   >> INPUT  : Translate the natural language question into a valid SQL query using the provided schema.

Schema:
stadium(Stadium_ID, Location, Name, Capacity, Highest, Lowest, Average) | singer(Singer_ID, Name, Country, Song_Name, Song_release_year, Age, Is_male) | concert(concert_ID, concert_Name, Theme, Stadium_ID->stadium.Stadium_ID, Year) | singer_in_concert(concert_ID->concert.concert_ID, Singer_ID->singer.Singer_ID)

Question:
For each stadium, how many concerts play there?

SQL:

2026-07-31 14:53:02,501 [INFO   ]   >> OUTPUT : SELECT T1.name ,  count(*) FROM concert AS T1 JOIN stadium AS T2 ON T1.stadium_id  =  T2.stadium_id GROUP BY T2.name
2026-07-31 14:53:05,306 [INFO   ] [inference] generate_sql  latency_sec=2.786  input_tokens=154  output_tokens=51
2026-07-31 14:53:05,306 [INFO   ]   >> INPUT  : Translate the natural language question into a valid SQL query using the provided schema.

Schema:
stadium(Stadium_ID, Location, Name, Capacity, Highest, Lowest, Average) | singer(Singer_ID, Name, Country, Song_Name, Song_release_year, Age, Is_male) | concert(concert_ID, concert_Name, Theme, Stadium_ID->stadium.Stadium_ID, Year) | singer_in_concert(concert_ID->concert.concert_ID, Singer_ID->singer.Singer_ID)

Question:
Show the stadium name and capacity with most number of concerts in year 2014 or after.

SQL:

2026-07-31 14:53:05,306 [INFO   ]   >> OUTPUT : SELECT T1.name ,  T1.capacity FROM stadium AS T1 JOIN concert AS T2 ON T1.Stadium_ID  =  T2.Stadium_ID WHERE T2.year  >=  2014
2026-07-31 14:53:07,969 [INFO   ] [inference] generate_sql  latency_sec=2.6518  input_tokens=153  output_tokens=50
2026-07-31 14:53:07,969 [INFO   ]   >> INPUT  : Translate the natural language question into a valid SQL query using the provided schema.

Schema:
stadium(Stadium_ID, Location, Name, Capacity, Highest, Lowest, Average) | singer(Singer_ID, Name, Country, Song_Name, Song_release_year, Age, Is_male) | concert(concert_ID, concert_Name, Theme, Stadium_ID->stadium.Stadium_ID, Year) | singer_in_concert(concert_ID->concert.concert_ID, Singer_ID->singer.Singer_ID)

Question:
What is the name and capacity of the stadium with the most concerts after 2013 ?

SQL:

2026-07-31 14:53:07,969 [INFO   ]   >> OUTPUT : SELECT T1.name ,  T1.capacity FROM stadium AS T1 JOIN concert AS T2 ON T1.Stadium_ID  =  T2.Stadium_ID WHERE T2.year  >  2013
2026-07-31 14:53:08,920 [INFO   ] [inference] generate_sql  latency_sec=0.9397  input_tokens=145  output_tokens=18
2026-07-31 14:53:08,920 [INFO   ]   >> INPUT  : Translate the natural language question into a valid SQL query using the provided schema.

Schema:
stadium(Stadium_ID, Location, Name, Capacity, Highest, Lowest, Average) | singer(Singer_ID, Name, Country, Song_Name, Song_release_year, Age, Is_male) | concert(concert_ID, concert_Name, Theme, Stadium_ID->stadium.Stadium_ID, Year) | singer_in_concert(concert_ID->concert.concert_ID, Singer_ID->singer.Singer_ID)

Question:
Which year has most number of concerts?

SQL:

2026-07-31 14:53:08,920 [INFO   ]   >> OUTPUT : SELECT YEAR FROM concert GROUP BY YEAR ORDER BY count(*) DESC LIMIT 1
2026-07-31 14:53:09,815 [INFO   ] [inference] generate_sql  latency_sec=0.8837  input_tokens=147  output_tokens=18
2026-07-31 14:53:09,816 [INFO   ]   >> INPUT  : Translate the natural language question into a valid SQL query using the provided schema.

Schema:
stadium(Stadium_ID, Location, Name, Capacity, Highest, Lowest, Average) | singer(Singer_ID, Name, Country, Song_Name, Song_release_year, Age, Is_male) | concert(concert_ID, concert_Name, Theme, Stadium_ID->stadium.Stadium_ID, Year) | singer_in_concert(concert_ID->concert.concert_ID, Singer_ID->singer.Singer_ID)

Question:
What is the year that had the most concerts?

SQL:

2026-07-31 14:53:09,816 [INFO   ]   >> OUTPUT : SELECT YEAR FROM concert GROUP BY YEAR ORDER BY count(*) DESC LIMIT 1
2026-07-31 14:53:11,839 [INFO   ] [inference] generate_sql  latency_sec=2.0125  input_tokens=145  output_tokens=43
2026-07-31 14:53:11,839 [INFO   ]   >> INPUT  : Translate the natural language question into a valid SQL query using the provided schema.

Schema:
stadium(Stadium_ID, Location, Name, Capacity, Highest, Lowest, Average) | singer(Singer_ID, Name, Country, Song_Name, Song_release_year, Age, Is_male) | concert(concert_ID, concert_Name, Theme, Stadium_ID->stadium.Stadium_ID, Year) | singer_in_concert(concert_ID->concert.concert_ID, Singer_ID->singer.Singer_ID)

Question:
Show the stadium names without any concert.

SQL:

2026-07-31 14:53:11,839 [INFO   ]   >> OUTPUT : SELECT name FROM stadium EXCEPT SELECT T1.name FROM concert AS T1 JOIN singer_in_concert AS T2 ON T1.concert_id  =  T2.concert_id
2026-07-31 14:53:14,181 [INFO   ] [inference] generate_sql  latency_sec=2.3307  input_tokens=148  output_tokens=43
2026-07-31 14:53:14,181 [INFO   ]   >> INPUT  : Translate the natural language question into a valid SQL query using the provided schema.

Schema:
stadium(Stadium_ID, Location, Name, Capacity, Highest, Lowest, Average) | singer(Singer_ID, Name, Country, Song_Name, Song_release_year, Age, Is_male) | concert(concert_ID, concert_Name, Theme, Stadium_ID->stadium.Stadium_ID, Year) | singer_in_concert(concert_ID->concert.concert_ID, Singer_ID->singer.Singer_ID)

Question:
What are the names of the stadiums without any concerts?

SQL:

2026-07-31 14:53:14,181 [INFO   ]   >> OUTPUT : SELECT name FROM stadium EXCEPT SELECT T1.name FROM concert AS T1 JOIN singer_in_concert AS T2 ON T1.concert_id  =  T2.concert_id
2026-07-31 14:53:15,823 [INFO   ] [inference] generate_sql  latency_sec=1.6264  input_tokens=153  output_tokens=24
2026-07-31 14:53:15,823 [INFO   ]   >> INPUT  : Translate the natural language question into a valid SQL query using the provided schema.

Schema:
stadium(Stadium_ID, Location, Name, Capacity, Highest, Lowest, Average) | singer(Singer_ID, Name, Country, Song_Name, Song_release_year, Age, Is_male) | concert(concert_ID, concert_Name, Theme, Stadium_ID->stadium.Stadium_ID, Year) | singer_in_concert(concert_ID->concert.concert_ID, Singer_ID->singer.Singer_ID)

Question:
Show countries where a singer above age 40 and a singer below 30 are from.

SQL:

2026-07-31 14:53:15,823 [INFO   ]   >> OUTPUT : SELECT Country FROM singer WHERE Age  >  40 INTERSECT SELECT Country FROM singer WHERE Age  <  30
2026-07-31 14:53:18,491 [INFO   ] [inference] generate_sql  latency_sec=2.6506  input_tokens=152  output_tokens=52
2026-07-31 14:53:18,491 [INFO   ]   >> INPUT  : Translate the natural language question into a valid SQL query using the provided schema.

Schema:
stadium(Stadium_ID, Location, Name, Capacity, Highest, Lowest, Average) | singer(Singer_ID, Name, Country, Song_Name, Song_release_year, Age, Is_male) | concert(concert_ID, concert_Name, Theme, Stadium_ID->stadium.Stadium_ID, Year) | singer_in_concert(concert_ID->concert.concert_ID, Singer_ID->singer.Singer_ID)

Question:
Show names for all stadiums except for stadiums having a concert in year 2014.

SQL:

2026-07-31 14:53:18,491 [INFO   ]   >> OUTPUT : SELECT name FROM stadium EXCEPT SELECT T1.name FROM singer_in_concert AS T1 JOIN concert AS T2 ON T1.concert_id  =  T2.concert_id WHERE T2.year  =  2014
2026-07-31 14:53:20,932 [INFO   ] [inference] generate_sql  latency_sec=2.4305  input_tokens=153  output_tokens=25
2026-07-31 14:53:20,933 [INFO   ]   >> INPUT  : Translate the natural language question into a valid SQL query using the provided schema.

Schema:
stadium(Stadium_ID, Location, Name, Capacity, Highest, Lowest, Average) | singer(Singer_ID, Name, Country, Song_Name, Song_release_year, Age, Is_male) | concert(concert_ID, concert_Name, Theme, Stadium_ID->stadium.Stadium_ID, Year) | singer_in_concert(concert_ID->concert.concert_ID, Singer_ID->singer.Singer_ID)

Question:
What are the names of all stadiums that did not have a concert in 2014?

SQL:

2026-07-31 14:53:20,933 [INFO   ]   >> OUTPUT : SELECT name FROM stadium WHERE stadium_id NOT IN (SELECT stadium_id FROM concert WHERE year  =  2014)
2026-07-31 14:53:23,596 [INFO   ] [inference] generate_sql  latency_sec=2.6514  input_tokens=154  output_tokens=54
2026-07-31 14:53:23,597 [INFO   ]   >> INPUT  : Translate the natural language question into a valid SQL query using the provided schema.

Schema:
stadium(Stadium_ID, Location, Name, Capacity, Highest, Lowest, Average) | singer(Singer_ID, Name, Country, Song_Name, Song_release_year, Age, Is_male) | concert(concert_ID, concert_Name, Theme, Stadium_ID->stadium.Stadium_ID, Year) | singer_in_concert(concert_ID->concert.concert_ID, Singer_ID->singer.Singer_ID)

Question:
Show the name and theme for all concerts and the number of singers in each concert.

SQL:

2026-07-31 14:53:23,597 [INFO   ]   >> OUTPUT : SELECT T2.name ,  T1.theme ,  count(*) FROM concert AS T1 JOIN singer_in_concert AS T2 ON T1.concert_ID  =  T2.concert_ID GROUP BY T1.theme
2026-07-31 14:53:26,213 [INFO   ] [inference] generate_sql  latency_sec=2.6036  input_tokens=152  output_tokens=56
2026-07-31 14:53:26,213 [INFO   ]   >> INPUT  : Translate the natural language question into a valid SQL query using the provided schema.

Schema:
stadium(Stadium_ID, Location, Name, Capacity, Highest, Lowest, Average) | singer(Singer_ID, Name, Country, Song_Name, Song_release_year, Age, Is_male) | concert(concert_ID, concert_Name, Theme, Stadium_ID->stadium.Stadium_ID, Year) | singer_in_concert(concert_ID->concert.concert_ID, Singer_ID->singer.Singer_ID)

Question:
What are the names , themes , and number of singers for every concert ?

SQL:

2026-07-31 14:53:26,213 [INFO   ]   >> OUTPUT : SELECT T1.name ,  T2.theme ,  count(*) FROM concert AS T1 JOIN singer_in_concert AS T2 ON T1.concert_id  =  T2.concert_id GROUP BY T2.concert_name
2026-07-31 14:53:29,241 [INFO   ] [inference] generate_sql  latency_sec=3.0167  input_tokens=148  output_tokens=46
2026-07-31 14:53:29,242 [INFO   ]   >> INPUT  : Translate the natural language question into a valid SQL query using the provided schema.

Schema:
stadium(Stadium_ID, Location, Name, Capacity, Highest, Lowest, Average) | singer(Singer_ID, Name, Country, Song_Name, Song_release_year, Age, Is_male) | concert(concert_ID, concert_Name, Theme, Stadium_ID->stadium.Stadium_ID, Year) | singer_in_concert(concert_ID->concert.concert_ID, Singer_ID->singer.Singer_ID)

Question:
List singer names and number of concerts for each singer.

SQL:

2026-07-31 14:53:29,242 [INFO   ]   >> OUTPUT : SELECT T1.Name ,  count(*) FROM singer AS T1 JOIN concert AS T2 ON T1.Singer_ID  =  T2.Singer_ID GROUP BY T1.Name
2026-07-31 14:53:32,130 [INFO   ] [inference] generate_sql  latency_sec=2.8732  input_tokens=152  output_tokens=46
2026-07-31 14:53:32,130 [INFO   ]   >> INPUT  : Translate the natural language question into a valid SQL query using the provided schema.

Schema:
stadium(Stadium_ID, Location, Name, Capacity, Highest, Lowest, Average) | singer(Singer_ID, Name, Country, Song_Name, Song_release_year, Age, Is_male) | concert(concert_ID, concert_Name, Theme, Stadium_ID->stadium.Stadium_ID, Year) | singer_in_concert(concert_ID->concert.concert_ID, Singer_ID->singer.Singer_ID)

Question:
What are the names of the singers and number of concerts for each person?

SQL:

2026-07-31 14:53:32,130 [INFO   ]   >> OUTPUT : SELECT T1.Name ,  count(*) FROM singer AS T1 JOIN concert AS T2 ON T1.Singer_ID  =  T2.Singer_ID GROUP BY T1.Name
2026-07-31 14:53:34,444 [INFO   ] [inference] generate_sql  latency_sec=2.3024  input_tokens=147  output_tokens=48
2026-07-31 14:53:34,444 [INFO   ]   >> INPUT  : Translate the natural language question into a valid SQL query using the provided schema.

Schema:
stadium(Stadium_ID, Location, Name, Capacity, Highest, Lowest, Average) | singer(Singer_ID, Name, Country, Song_Name, Song_release_year, Age, Is_male) | concert(concert_ID, concert_Name, Theme, Stadium_ID->stadium.Stadium_ID, Year) | singer_in_concert(concert_ID->concert.concert_ID, Singer_ID->singer.Singer_ID)

Question:
List all singer names in concerts in year 2014.

SQL:

2026-07-31 14:53:34,444 [INFO   ]   >> OUTPUT : SELECT T2.Name FROM concert AS T1 JOIN singer_in_concert AS T2 ON T1.Singer_ID  =  T2.Singer_ID WHERE T1.Year  =  2014
2026-07-31 14:53:36,620 [INFO   ] [inference] generate_sql  latency_sec=2.1647  input_tokens=152  output_tokens=46
2026-07-31 14:53:36,621 [INFO   ]   >> INPUT  : Translate the natural language question into a valid SQL query using the provided schema.

Schema:
stadium(Stadium_ID, Location, Name, Capacity, Highest, Lowest, Average) | singer(Singer_ID, Name, Country, Song_Name, Song_release_year, Age, Is_male) | concert(concert_ID, concert_Name, Theme, Stadium_ID->stadium.Stadium_ID, Year) | singer_in_concert(concert_ID->concert.concert_ID, Singer_ID->singer.Singer_ID)

Question:
What are the names of the singers who performed in a concert in 2014?

SQL:

2026-07-31 14:53:36,621 [INFO   ]   >> OUTPUT : SELECT T1.name FROM singer_in_concert AS T1 JOIN concert AS T2 ON T1.concert_id  =  T2.concert_id WHERE T2.year  =  2014
2026-07-31 14:53:39,142 [INFO   ] [inference] generate_sql  latency_sec=2.5084  input_tokens=158  output_tokens=52
2026-07-31 14:53:39,142 [INFO   ]   >> INPUT  : Translate the natural language question into a valid SQL query using the provided schema.

Schema:
stadium(Stadium_ID, Location, Name, Capacity, Highest, Lowest, Average) | singer(Singer_ID, Name, Country, Song_Name, Song_release_year, Age, Is_male) | concert(concert_ID, concert_Name, Theme, Stadium_ID->stadium.Stadium_ID, Year) | singer_in_concert(concert_ID->concert.concert_ID, Singer_ID->singer.Singer_ID)

Question:
what is the name and nation of the singer who have a song having 'Hey' in its name?

SQL:

2026-07-31 14:53:39,142 [INFO   ]   >> OUTPUT : SELECT T1.name ,  T1.country FROM singer AS T1 JOIN song AS T2 ON T1.song_name  =  T2.song_name WHERE T2.song_name LIKE '%Hey%'
2026-07-31 14:53:41,843 [INFO   ] [inference] generate_sql  latency_sec=2.6901  input_tokens=162  output_tokens=52
2026-07-31 14:53:41,844 [INFO   ]   >> INPUT  : Translate the natural language question into a valid SQL query using the provided schema.

Schema:
stadium(Stadium_ID, Location, Name, Capacity, Highest, Lowest, Average) | singer(Singer_ID, Name, Country, Song_Name, Song_release_year, Age, Is_male) | concert(concert_ID, concert_Name, Theme, Stadium_ID->stadium.Stadium_ID, Year) | singer_in_concert(concert_ID->concert.concert_ID, Singer_ID->singer.Singer_ID)

Question:
What is the name and country of origin of every singer who has a song with the word 'Hey' in its title?

SQL:

2026-07-31 14:53:41,844 [INFO   ]   >> OUTPUT : SELECT T1.name ,  T1.country FROM singer AS T1 JOIN song AS T2 ON T1.song_name  =  T2.song_name WHERE T2.song_name LIKE '%Hey%'
2026-07-31 14:53:47,635 [INFO   ] [inference] generate_sql  latency_sec=5.7754  input_tokens=158  output_tokens=106
2026-07-31 14:53:47,635 [INFO   ]   >> INPUT  : Translate the natural language question into a valid SQL query using the provided schema.

Schema:
stadium(Stadium_ID, Location, Name, Capacity, Highest, Lowest, Average) | singer(Singer_ID, Name, Country, Song_Name, Song_release_year, Age, Is_male) | concert(concert_ID, concert_Name, Theme, Stadium_ID->stadium.Stadium_ID, Year) | singer_in_concert(concert_ID->concert.concert_ID, Singer_ID->singer.Singer_ID)

Question:
Find the name and location of the stadiums which some concerts happened in the years of both 2014 and 2015.

SQL:

2026-07-31 14:53:47,635 [INFO   ]   >> OUTPUT : SELECT T2.name ,  T1.location FROM concert AS T1 JOIN singer_in_concert AS T2 ON T1.concert_ID  =  T2.concert_ID WHERE T1.year  =  2014 INTERSECT SELECT T2.name ,  T1.location FROM concert AS T1 JOIN singer_in_concert AS T2 ON T1.concert_ID  =  T2.concert_ID WHERE T1.year  =  2015
2026-07-31 14:53:52,511 [INFO   ] [inference] generate_sql  latency_sec=4.8646  input_tokens=157  output_tokens=102
2026-07-31 14:53:52,511 [INFO   ]   >> INPUT  : Translate the natural language question into a valid SQL query using the provided schema.

Schema:
stadium(Stadium_ID, Location, Name, Capacity, Highest, Lowest, Average) | singer(Singer_ID, Name, Country, Song_Name, Song_release_year, Age, Is_male) | concert(concert_ID, concert_Name, Theme, Stadium_ID->stadium.Stadium_ID, Year) | singer_in_concert(concert_ID->concert.concert_ID, Singer_ID->singer.Singer_ID)

Question:
What are the names and locations of the stadiums that had concerts that occurred in both 2014 and 2015?

SQL:

2026-07-31 14:53:52,511 [INFO   ]   >> OUTPUT : SELECT T1.name ,  T1.location FROM stadium AS T1 JOIN concert AS T2 ON T1.stadium_id  =  T2.stadium_id WHERE T2.year  =  2014 INTERSECT SELECT T1.name ,  T1.location FROM stadium AS T1 JOIN concert AS T2 ON T1.stadium_id  =  T2.stadium_id WHERE T2.year  =  2015
2026-07-31 14:53:54,175 [INFO   ] [inference] generate_sql  latency_sec=1.6527  input_tokens=151  output_tokens=26
2026-07-31 14:53:54,176 [INFO   ]   >> INPUT  : Translate the natural language question into a valid SQL query using the provided schema.

Schema:
stadium(Stadium_ID, Location, Name, Capacity, Highest, Lowest, Average) | singer(Singer_ID, Name, Country, Song_Name, Song_release_year, Age, Is_male) | concert(concert_ID, concert_Name, Theme, Stadium_ID->stadium.Stadium_ID, Year) | singer_in_concert(concert_ID->concert.concert_ID, Singer_ID->singer.Singer_ID)

Question:
Find the number of concerts happened in the stadium with the highest capacity .

SQL:

2026-07-31 14:53:54,176 [INFO   ]   >> OUTPUT : SELECT count(*) FROM concert WHERE stadium_id  =  (SELECT max(stadium_id) FROM concert)
2026-07-31 14:53:56,261 [INFO   ] [inference] generate_sql  latency_sec=2.0745  input_tokens=153  output_tokens=26
2026-07-31 14:53:56,262 [INFO   ]   >> INPUT  : Translate the natural language question into a valid SQL query using the provided schema.

Schema:
stadium(Stadium_ID, Location, Name, Capacity, Highest, Lowest, Average) | singer(Singer_ID, Name, Country, Song_Name, Song_release_year, Age, Is_male) | concert(concert_ID, concert_Name, Theme, Stadium_ID->stadium.Stadium_ID, Year) | singer_in_concert(concert_ID->concert.concert_ID, Singer_ID->singer.Singer_ID)

Question:
What are the number of concerts that occurred in the stadium with the largest capacity ?

SQL:

2026-07-31 14:53:56,262 [INFO   ]   >> OUTPUT : SELECT count(*) FROM concert WHERE stadium_id  =  (SELECT max(stadium_id) FROM concert)
2026-07-31 14:53:57,143 [INFO   ] [inference] generate_sql  latency_sec=0.8651  input_tokens=107  output_tokens=13
2026-07-31 14:53:57,144 [INFO   ]   >> INPUT  : Translate the natural language question into a valid SQL query using the provided schema.

Schema:
Student(StuID, LName, Fname, Age, Sex, Major, Advisor, city_code) | Has_Pet(StuID->Student.StuID, PetID->Pets.PetID) | Pets(PetID, PetType, pet_age, weight)

Question:
Find the number of pets whose weight is heavier than 10.

SQL:

2026-07-31 14:53:57,144 [INFO   ]   >> OUTPUT : SELECT count(*) FROM pets WHERE weight  >  10
2026-07-31 14:53:58,023 [INFO   ] [inference] generate_sql  latency_sec=0.8644  input_tokens=105  output_tokens=13
2026-07-31 14:53:58,024 [INFO   ]   >> INPUT  : Translate the natural language question into a valid SQL query using the provided schema.

Schema:
Student(StuID, LName, Fname, Age, Sex, Major, Advisor, city_code) | Has_Pet(StuID->Student.StuID, PetID->Pets.PetID) | Pets(PetID, PetType, pet_age, weight)

Question:
How many pets have a greater weight than 10?

SQL:

2026-07-31 14:53:58,024 [INFO   ]   >> OUTPUT : SELECT count(*) FROM pets WHERE weight  >  10
2026-07-31 14:53:59,895 [INFO   ] [inference] generate_sql  latency_sec=1.8566  input_tokens=103  output_tokens=36
2026-07-31 14:53:59,896 [INFO   ]   >> INPUT  : Translate the natural language question into a valid SQL query using the provided schema.

Schema:
Student(StuID, LName, Fname, Age, Sex, Major, Advisor, city_code) | Has_Pet(StuID->Student.StuID, PetID->Pets.PetID) | Pets(PetID, PetType, pet_age, weight)

Question:
Find the weight of the youngest dog.

SQL:

2026-07-31 14:53:59,896 [INFO   ]   >> OUTPUT : SELECT weight FROM pets WHERE pettype  =  "dog" AND age  =  (SELECT max(age) FROM pets WHERE pettype  =  "dog")
2026-07-31 14:54:00,810 [INFO   ] [inference] generate_sql  latency_sec=0.9032  input_tokens=103  output_tokens=17
2026-07-31 14:54:00,810 [INFO   ]   >> INPUT  : Translate the natural language question into a valid SQL query using the provided schema.

Schema:
Student(StuID, LName, Fname, Age, Sex, Major, Advisor, city_code) | Has_Pet(StuID->Student.StuID, PetID->Pets.PetID) | Pets(PetID, PetType, pet_age, weight)

Question:
How much does the youngest dog weigh?

SQL:

2026-07-31 14:54:00,810 [INFO   ]   >> OUTPUT : SELECT min(weight) FROM pets WHERE pettype  =  "dog"
2026-07-31 14:54:01,671 [INFO   ] [inference] generate_sql  latency_sec=0.8494  input_tokens=113  output_tokens=18
2026-07-31 14:54:01,671 [INFO   ]   >> INPUT  : Translate the natural language question into a valid SQL query using the provided schema.

Schema:
Student(StuID, LName, Fname, Age, Sex, Major, Advisor, city_code) | Has_Pet(StuID->Student.StuID, PetID->Pets.PetID) | Pets(PetID, PetType, pet_age, weight)

Question:
Find the maximum weight for each type of pet. List the maximum weight and pet type.

SQL:

2026-07-31 14:54:01,671 [INFO   ]   >> OUTPUT : SELECT max(weight) ,  pet_type FROM pets GROUP BY pet_type
2026-07-31 14:54:02,454 [INFO   ] [inference] generate_sql  latency_sec=0.7722  input_tokens=107  output_tokens=14
2026-07-31 14:54:02,454 [INFO   ]   >> INPUT  : Translate the natural language question into a valid SQL query using the provided schema.

Schema:
Student(StuID, LName, Fname, Age, Sex, Major, Advisor, city_code) | Has_Pet(StuID->Student.StuID, PetID->Pets.PetID) | Pets(PetID, PetType, pet_age, weight)

Question:
List the maximum weight and type for each type of pet.

SQL:

2026-07-31 14:54:02,454 [INFO   ]   >> OUTPUT : SELECT max(weight) ,  pet_type FROM pets;
2026-07-31 14:54:03,210 [INFO   ] [inference] generate_sql  latency_sec=0.7439  input_tokens=108  output_tokens=15
2026-07-31 14:54:03,210 [INFO   ]   >> INPUT  : Translate the natural language question into a valid SQL query using the provided schema.

Schema:
Student(StuID, LName, Fname, Age, Sex, Major, Advisor, city_code) | Has_Pet(StuID->Student.StuID, PetID->Pets.PetID) | Pets(PetID, PetType, pet_age, weight)

Question:
Find number of pets owned by students who are older than 20.

SQL:

2026-07-31 14:54:03,210 [INFO   ]   >> OUTPUT : SELECT count(*) FROM pets WHERE pet_age  >  20
2026-07-31 14:54:03,985 [INFO   ] [inference] generate_sql  latency_sec=0.7622  input_tokens=110  output_tokens=13
2026-07-31 14:54:03,985 [INFO   ]   >> INPUT  : Translate the natural language question into a valid SQL query using the provided schema.

Schema:
Student(StuID, LName, Fname, Age, Sex, Major, Advisor, city_code) | Has_Pet(StuID->Student.StuID, PetID->Pets.PetID) | Pets(PetID, PetType, pet_age, weight)

Question:
How many pets are owned by students that have an age greater than 20?

SQL:

2026-07-31 14:54:03,985 [INFO   ]   >> OUTPUT : SELECT count(*) FROM pets WHERE age  >  20
2026-07-31 14:54:05,122 [INFO   ] [inference] generate_sql  latency_sec=1.1247  input_tokens=112  output_tokens=23
2026-07-31 14:54:05,122 [INFO   ]   >> INPUT  : Translate the natural language question into a valid SQL query using the provided schema.

Schema:
Student(StuID, LName, Fname, Age, Sex, Major, Advisor, city_code) | Has_Pet(StuID->Student.StuID, PetID->Pets.PetID) | Pets(PetID, PetType, pet_age, weight)

Question:
Find the number of dog pets that are raised by female students (with sex F).

SQL:

2026-07-31 14:54:05,122 [INFO   ]   >> OUTPUT : SELECT count(*) FROM Has_pet WHERE sex  =  'F' AND major  =  1
2026-07-31 14:54:06,408 [INFO   ] [inference] generate_sql  latency_sec=1.2746  input_tokens=105  output_tokens=27
2026-07-31 14:54:06,408 [INFO   ]   >> INPUT  : Translate the natural language question into a valid SQL query using the provided schema.

Schema:
Student(StuID, LName, Fname, Age, Sex, Major, Advisor, city_code) | Has_Pet(StuID->Student.StuID, PetID->Pets.PetID) | Pets(PetID, PetType, pet_age, weight)

Question:
How many dog pets are raised by female students?

SQL:

2026-07-31 14:54:06,408 [INFO   ]   >> OUTPUT : SELECT count(*) FROM Has_pet WHERE sex  =  'F' AND StuID  =  "Dog"
2026-07-31 14:54:07,014 [INFO   ] [inference] generate_sql  latency_sec=0.5948  input_tokens=104  output_tokens=13
2026-07-31 14:54:07,015 [INFO   ]   >> INPUT  : Translate the natural language question into a valid SQL query using the provided schema.

Schema:
Student(StuID, LName, Fname, Age, Sex, Major, Advisor, city_code) | Has_Pet(StuID->Student.StuID, PetID->Pets.PetID) | Pets(PetID, PetType, pet_age, weight)

Question:
Find the number of distinct type of pets.

SQL:

2026-07-31 14:54:07,015 [INFO   ]   >> OUTPUT : SELECT count(DISTINCT pettype) FROM pets
2026-07-31 14:54:07,633 [INFO   ] [inference] generate_sql  latency_sec=0.6071  input_tokens=104  output_tokens=13
2026-07-31 14:54:07,633 [INFO   ]   >> INPUT  : Translate the natural language question into a valid SQL query using the provided schema.

Schema:
Student(StuID, LName, Fname, Age, Sex, Major, Advisor, city_code) | Has_Pet(StuID->Student.StuID, PetID->Pets.PetID) | Pets(PetID, PetType, pet_age, weight)

Question:
How many different types of pet are there?

SQL:

2026-07-31 14:54:07,633 [INFO   ]   >> OUTPUT : SELECT count(DISTINCT pettype) FROM pets
2026-07-31 14:54:12,483 [INFO   ] [inference] generate_sql  latency_sec=4.8381  input_tokens=108  output_tokens=78
2026-07-31 14:54:12,483 [INFO   ]   >> INPUT  : Translate the natural language question into a valid SQL query using the provided schema.

Schema:
Student(StuID, LName, Fname, Age, Sex, Major, Advisor, city_code) | Has_Pet(StuID->Student.StuID, PetID->Pets.PetID) | Pets(PetID, PetType, pet_age, weight)

Question:
Find the first name of students who have cat or dog pet.

SQL:

2026-07-31 14:54:12,483 [INFO   ]   >> OUTPUT : SELECT T1.fname FROM student AS T1 JOIN has_pet AS T2 ON T1.stuid  =  T2.stuid JOIN pets AS T3 ON T2.petid  =  T3.petid WHERE T3.pettype  =  "cat" OR T3.pettype  =  "dog"
2026-07-31 14:54:16,609 [INFO   ] [inference] generate_sql  latency_sec=4.1077  input_tokens=113  output_tokens=85
2026-07-31 14:54:16,610 [INFO   ]   >> INPUT  : Translate the natural language question into a valid SQL query using the provided schema.

Schema:
Student(StuID, LName, Fname, Age, Sex, Major, Advisor, city_code) | Has_Pet(StuID->Student.StuID, PetID->Pets.PetID) | Pets(PetID, PetType, pet_age, weight)

Question:
What are the first names of every student who has a cat or dog as a pet?

SQL:

2026-07-31 14:54:16,610 [INFO   ]   >> OUTPUT : SELECT T1.fname ,  T1.lname FROM student AS T1 JOIN has_pet AS T2 ON T1.stuid  =  T2.stuid JOIN pets AS T3 ON T2.petid  =  T3.petid WHERE T3.pettype  =  "Cat" OR T3.pettype  =  "Dog"
2026-07-31 14:54:23,784 [INFO   ] [inference] generate_sql  latency_sec=7.1591  input_tokens=109  output_tokens=148
2026-07-31 14:54:23,784 [INFO   ]   >> INPUT  : Translate the natural language question into a valid SQL query using the provided schema.

Schema:
Student(StuID, LName, Fname, Age, Sex, Major, Advisor, city_code) | Has_Pet(StuID->Student.StuID, PetID->Pets.PetID) | Pets(PetID, PetType, pet_age, weight)

Question:
Find the first name of students who have both cat and dog pets .

SQL:

2026-07-31 14:54:23,784 [INFO   ]   >> OUTPUT : SELECT T1.fname ,  T1.lname FROM student AS T1 JOIN has_pet AS T2 ON T1.stuid  =  T2.stuid JOIN pets AS T3 ON T2.petid  =  T3.petid WHERE T3.pettype  =  "cat" INTERSECT SELECT T1.fname ,  T1.lname FROM student AS T1 JOIN has_pet AS T2 ON T1.stuid  =  T2.stuid JOIN pets AS T3 ON T2.petid  =  T3.petid WHERE T3.pettype  =  "dog"
2026-07-31 14:54:31,380 [INFO   ] [inference] generate_sql  latency_sec=7.5797  input_tokens=111  output_tokens=148
2026-07-31 14:54:31,380 [INFO   ]   >> INPUT  : Translate the natural language question into a valid SQL query using the provided schema.

Schema:
Student(StuID, LName, Fname, Age, Sex, Major, Advisor, city_code) | Has_Pet(StuID->Student.StuID, PetID->Pets.PetID) | Pets(PetID, PetType, pet_age, weight)

Question:
What are the students' first names who have both cats and dogs as pets?

SQL:

2026-07-31 14:54:31,380 [INFO   ]   >> OUTPUT : SELECT T1.fname ,  T1.lname FROM student AS T1 JOIN has_pet AS T2 ON T1.stuid  =  T2.stuid JOIN pets AS T3 ON T2.petid  =  T3.petid WHERE T3.pettype  =  "cats" INTERSECT SELECT T1.fname ,  T1.lname FROM student AS T1 JOIN has_pet AS T2 ON T1.stuid  =  T2.stuid JOIN pets AS T3 ON T2.petid  =  T3.petid WHERE T3.pettype  =  "dogs"
2026-07-31 14:54:32,899 [INFO   ] [inference] generate_sql  latency_sec=1.5075  input_tokens=110  output_tokens=32
2026-07-31 14:54:32,900 [INFO   ]   >> INPUT  : Translate the natural language question into a valid SQL query using the provided schema.

Schema:
Student(StuID, LName, Fname, Age, Sex, Major, Advisor, city_code) | Has_Pet(StuID->Student.StuID, PetID->Pets.PetID) | Pets(PetID, PetType, pet_age, weight)

Question:
Find the major and age of students who do not have a cat pet.

SQL:

2026-07-31 14:54:32,900 [INFO   ]   >> OUTPUT : SELECT major ,  age FROM Student WHERE StuID NOT IN (SELECT StuID FROM Has_pet WHERE PetType  =  "Cat")
2026-07-31 14:54:40,912 [INFO   ] [inference] generate_sql  latency_sec=8.0002  input_tokens=117  output_tokens=147
2026-07-31 14:54:40,912 [INFO   ]   >> INPUT  : Translate the natural language question into a valid SQL query using the provided schema.

Schema:
Student(StuID, LName, Fname, Age, Sex, Major, Advisor, city_code) | Has_Pet(StuID->Student.StuID, PetID->Pets.PetID) | Pets(PetID, PetType, pet_age, weight)

Question:
What major is every student who does not own a cat as a pet, and also how old are they?

SQL:

2026-07-31 14:54:40,912 [INFO   ]   >> OUTPUT : SELECT T1.major ,  T2.pet_age FROM student AS T1 JOIN has_pet AS T2 ON T1.stuid  =  T2.stuid JOIN pets AS T3 ON T2.petid  =  T3.petid WHERE T3.pettype  =  'Cat' EXCEPT SELECT T1.major ,  T2.pet_age FROM student AS T1 JOIN has_pet AS T2 ON T1.stuid  =  T2.stuid JOIN pets AS T3 ON T2.petid  =  T3.petid WHERE T3.pettype  =  'Cat'
2026-07-31 14:54:42,157 [INFO   ] [inference] generate_sql  latency_sec=1.2328  input_tokens=108  output_tokens=26
2026-07-31 14:54:42,157 [INFO   ]   >> INPUT  : Translate the natural language question into a valid SQL query using the provided schema.

Schema:
Student(StuID, LName, Fname, Age, Sex, Major, Advisor, city_code) | Has_Pet(StuID->Student.StuID, PetID->Pets.PetID) | Pets(PetID, PetType, pet_age, weight)

Question:
Find the id of students who do not have a cat pet.

SQL:

2026-07-31 14:54:42,158 [INFO   ]   >> OUTPUT : SELECT StuID FROM Has_pet EXCEPT SELECT StuID FROM Pets WHERE PetType  =  "Cat"
2026-07-31 14:54:44,861 [INFO   ] [inference] generate_sql  latency_sec=2.6924  input_tokens=111  output_tokens=58
2026-07-31 14:54:44,861 [INFO   ]   >> INPUT  : Translate the natural language question into a valid SQL query using the provided schema.

Schema:
Student(StuID, LName, Fname, Age, Sex, Major, Advisor, city_code) | Has_Pet(StuID->Student.StuID, PetID->Pets.PetID) | Pets(PetID, PetType, pet_age, weight)

Question:
What are the ids of the students who do not own cats as pets?

SQL:

2026-07-31 14:54:44,862 [INFO   ]   >> OUTPUT : SELECT StuID FROM Has_pet EXCEPT SELECT T1.StuID FROM pets AS T1 JOIN student AS T2 ON T1.PetID  =  T2.StuID WHERE T2.city_code  =  "Cat City"
2026-07-31 14:54:52,061 [INFO   ] [inference] generate_sql  latency_sec=7.1874  input_tokens=117  output_tokens=145
2026-07-31 14:54:52,061 [INFO   ]   >> INPUT  : Translate the natural language question into a valid SQL query using the provided schema.

Schema:
Student(StuID, LName, Fname, Age, Sex, Major, Advisor, city_code) | Has_Pet(StuID->Student.StuID, PetID->Pets.PetID) | Pets(PetID, PetType, pet_age, weight)

Question:
Find the first name and age of students who have a dog but do not have a cat as a pet.

SQL:

2026-07-31 14:54:52,061 [INFO   ]   >> OUTPUT : SELECT T1.fname ,  T1.age FROM student AS T1 JOIN has_pet AS T2 ON T1.stuid  =  T2.stuid JOIN pets AS T3 ON T2.petid  =  T3.petid WHERE T3.pettype  =  "dog" EXCEPT SELECT T1.fname ,  T1.age FROM student AS T1 JOIN has_pet AS T2 ON T1.stuid  =  T2.stuid JOIN pets AS T3 ON T2.petid  =  T3.petid WHERE T3.pettype  =  "cat"
2026-07-31 14:54:59,024 [INFO   ] [inference] generate_sql  latency_sec=6.946  input_tokens=114  output_tokens=133
2026-07-31 14:54:59,024 [INFO   ]   >> INPUT  : Translate the natural language question into a valid SQL query using the provided schema.

Schema:
Student(StuID, LName, Fname, Age, Sex, Major, Advisor, city_code) | Has_Pet(StuID->Student.StuID, PetID->Pets.PetID) | Pets(PetID, PetType, pet_age, weight)

Question:
What is the first name of every student who has a dog but does not have a cat?

SQL:

2026-07-31 14:54:59,024 [INFO   ]   >> OUTPUT : SELECT T1.fname FROM student AS T1 JOIN has_pet AS T2 ON T1.stuid  =  T2.stuid JOIN pets AS T3 ON T2.petid  =  T3.petid WHERE T3.pettype  =  "dog" EXCEPT SELECT T1.fname FROM student AS T1 JOIN has_pet AS T2 ON T1.stuid  =  T2.stuid JOIN pets AS T3 ON T2.petid  =  T3.petid WHERE T3.pettype  =  "cat"
2026-07-31 14:55:00,447 [INFO   ] [inference] generate_sql  latency_sec=1.4112  input_tokens=105  output_tokens=28
2026-07-31 14:55:00,447 [INFO   ]   >> INPUT  : Translate the natural language question into a valid SQL query using the provided schema.

Schema:
Student(StuID, LName, Fname, Age, Sex, Major, Advisor, city_code) | Has_Pet(StuID->Student.StuID, PetID->Pets.PetID) | Pets(PetID, PetType, pet_age, weight)

Question:
Find the type and weight of the youngest pet.

SQL:

2026-07-31 14:55:00,447 [INFO   ]   >> OUTPUT : SELECT pet_type ,  weight FROM pets WHERE pet_age  =  (SELECT min(pet_age) FROM pets)
2026-07-31 14:55:01,599 [INFO   ] [inference] generate_sql  latency_sec=1.1395  input_tokens=111  output_tokens=20
2026-07-31 14:55:01,600 [INFO   ]   >> INPUT  : Translate the natural language question into a valid SQL query using the provided schema.

Schema:
Student(StuID, LName, Fname, Age, Sex, Major, Advisor, city_code) | Has_Pet(StuID->Student.StuID, PetID->Pets.PetID) | Pets(PetID, PetType, pet_age, weight)

Question:
What type of pet is the youngest animal, and how much does it weigh?

SQL:

2026-07-31 14:55:01,600 [INFO   ]   >> OUTPUT : SELECT pet_type ,  pet_weight FROM pets ORDER BY pet_age LIMIT 1
2026-07-31 14:55:02,389 [INFO   ] [inference] generate_sql  latency_sec=0.7767  input_tokens=110  output_tokens=15
2026-07-31 14:55:02,389 [INFO   ]   >> INPUT  : Translate the natural language question into a valid SQL query using the provided schema.

Schema:
Student(StuID, LName, Fname, Age, Sex, Major, Advisor, city_code) | Has_Pet(StuID->Student.StuID, PetID->Pets.PetID) | Pets(PetID, PetType, pet_age, weight)

Question:
Find the id and weight of all pets whose age is older than 1.

SQL:

2026-07-31 14:55:02,389 [INFO   ]   >> OUTPUT : SELECT PetID ,  weight FROM pets WHERE age  >  1
2026-07-31 14:55:03,290 [INFO   ] [inference] generate_sql  latency_sec=0.882  input_tokens=110  output_tokens=17
2026-07-31 14:55:03,291 [INFO   ]   >> INPUT  : Translate the natural language question into a valid SQL query using the provided schema.

Schema:
Student(StuID, LName, Fname, Age, Sex, Major, Advisor, city_code) | Has_Pet(StuID->Student.StuID, PetID->Pets.PetID) | Pets(PetID, PetType, pet_age, weight)

Question:
What is the id and weight of every pet who is older than 1?

SQL:

2026-07-31 14:55:03,291 [INFO   ]   >> OUTPUT : SELECT PetID ,  weight FROM pets WHERE pet_age  >  1
2026-07-31 14:55:04,572 [INFO   ] [inference] generate_sql  latency_sec=1.2665  input_tokens=107  output_tokens=18
2026-07-31 14:55:04,572 [INFO   ]   >> INPUT  : Translate the natural language question into a valid SQL query using the provided schema.

Schema:
Student(StuID, LName, Fname, Age, Sex, Major, Advisor, city_code) | Has_Pet(StuID->Student.StuID, PetID->Pets.PetID) | Pets(PetID, PetType, pet_age, weight)

Question:
Find the average and maximum age for each type of pet.

SQL:

2026-07-31 14:55:04,572 [INFO   ]   >> OUTPUT : SELECT avg(pet_age) ,  max(pet_age) FROM pets
2026-07-31 14:55:06,148 [INFO   ] [inference] generate_sql  latency_sec=1.557  input_tokens=107  output_tokens=24
2026-07-31 14:55:06,148 [INFO   ]   >> INPUT  : Translate the natural language question into a valid SQL query using the provided schema.

Schema:
Student(StuID, LName, Fname, Age, Sex, Major, Advisor, city_code) | Has_Pet(StuID->Student.StuID, PetID->Pets.PetID) | Pets(PetID, PetType, pet_age, weight)

Question:
What is the average and maximum age for each pet type?

SQL:

2026-07-31 14:55:06,148 [INFO   ]   >> OUTPUT : SELECT avg(age) ,  max(age) ,  pet_type FROM pets GROUP BY pet_type
2026-07-31 14:55:07,255 [INFO   ] [inference] generate_sql  latency_sec=1.0874  input_tokens=104  output_tokens=18
2026-07-31 14:55:07,256 [INFO   ]   >> INPUT  : Translate the natural language question into a valid SQL query using the provided schema.

Schema:
Student(StuID, LName, Fname, Age, Sex, Major, Advisor, city_code) | Has_Pet(StuID->Student.StuID, PetID->Pets.PetID) | Pets(PetID, PetType, pet_age, weight)

Question:
Find the average weight for each pet type.

SQL:

2026-07-31 14:55:07,256 [INFO   ]   >> OUTPUT : SELECT avg(weight) ,  pet_type FROM pets GROUP BY pet_type
2026-07-31 14:55:08,436 [INFO   ] [inference] generate_sql  latency_sec=1.164  input_tokens=106  output_tokens=18
2026-07-31 14:55:08,436 [INFO   ]   >> INPUT  : Translate the natural language question into a valid SQL query using the provided schema.

Schema:
Student(StuID, LName, Fname, Age, Sex, Major, Advisor, city_code) | Has_Pet(StuID->Student.StuID, PetID->Pets.PetID) | Pets(PetID, PetType, pet_age, weight)

Question:
What is the average weight for each type of pet?

SQL:

2026-07-31 14:55:08,436 [INFO   ]   >> OUTPUT : SELECT avg(weight) ,  pet_type FROM pets GROUP BY pet_type
2026-07-31 14:55:11,744 [INFO   ] [inference] generate_sql  latency_sec=3.2968  input_tokens=108  output_tokens=60
2026-07-31 14:55:11,744 [INFO   ]   >> INPUT  : Translate the natural language question into a valid SQL query using the provided schema.

Schema:
Student(StuID, LName, Fname, Age, Sex, Major, Advisor, city_code) | Has_Pet(StuID->Student.StuID, PetID->Pets.PetID) | Pets(PetID, PetType, pet_age, weight)

Question:
Find the first name and age of students who have a pet.

SQL:

2026-07-31 14:55:11,745 [INFO   ]   >> OUTPUT : SELECT T1.fname ,  T1.age FROM student AS T1 JOIN has_pet AS T2 ON T1.stuid  =  T2.stuid JOIN pets AS T3 ON T2.petid  =  T3.petid
2026-07-31 14:55:14,653 [INFO   ] [inference] generate_sql  latency_sec=2.897  input_tokens=111  output_tokens=62
2026-07-31 14:55:14,653 [INFO   ]   >> INPUT  : Translate the natural language question into a valid SQL query using the provided schema.

Schema:
Student(StuID, LName, Fname, Age, Sex, Major, Advisor, city_code) | Has_Pet(StuID->Student.StuID, PetID->Pets.PetID) | Pets(PetID, PetType, pet_age, weight)

Question:
What are the different first names and ages of the students who do have pets?

SQL:

2026-07-31 14:55:14,653 [INFO   ]   >> OUTPUT : SELECT DISTINCT T1.fname ,  T1.age FROM student AS T1 JOIN pets AS T2 ON T1.stuid  =  T2.stuid JOIN pets AS T3 ON T2.petid  =  T3.petid
2026-07-31 14:55:15,777 [INFO   ] [inference] generate_sql  latency_sec=1.1113  input_tokens=114  output_tokens=17
2026-07-31 14:55:15,777 [INFO   ]   >> INPUT  : Translate the natural language question into a valid SQL query using the provided schema.

Schema:
Student(StuID, LName, Fname, Age, Sex, Major, Advisor, city_code) | Has_Pet(StuID->Student.StuID, PetID->Pets.PetID) | Pets(PetID, PetType, pet_age, weight)

Question:
Find the id of the pet owned by student whose last name is ‘Smith’.

SQL:

2026-07-31 14:55:15,777 [INFO   ]   >> OUTPUT : SELECT PetID FROM Has_pet WHERE Lname  =  'Smith'
2026-07-31 14:55:16,615 [INFO   ] [inference] generate_sql  latency_sec=0.8253  input_tokens=113  output_tokens=17
2026-07-31 14:55:16,615 [INFO   ]   >> INPUT  : Translate the natural language question into a valid SQL query using the provided schema.

Schema:
Student(StuID, LName, Fname, Age, Sex, Major, Advisor, city_code) | Has_Pet(StuID->Student.StuID, PetID->Pets.PetID) | Pets(PetID, PetType, pet_age, weight)

Question:
What is the id of the pet owned by the student whose last name is 'Smith'?

SQL:

2026-07-31 14:55:16,615 [INFO   ]   >> OUTPUT : SELECT PetID FROM Has_pet WHERE Lname  =  'Smith'
2026-07-31 14:55:20,545 [INFO   ] [inference] generate_sql  latency_sec=3.9162  input_tokens=111  output_tokens=47
2026-07-31 14:55:20,545 [INFO   ]   >> INPUT  : Translate the natural language question into a valid SQL query using the provided schema.

Schema:
Student(StuID, LName, Fname, Age, Sex, Major, Advisor, city_code) | Has_Pet(StuID->Student.StuID, PetID->Pets.PetID) | Pets(PetID, PetType, pet_age, weight)

Question:
Find the number of pets for each student who has any pet and student id.

SQL:

2026-07-31 14:55:20,546 [INFO   ]   >> OUTPUT : SELECT count(*) ,  T2.StuID FROM pets AS T1 JOIN student AS T2 ON T1.petid  =  T2.StuID GROUP BY T2.StuID
2026-07-31 14:55:23,340 [INFO   ] [inference] generate_sql  latency_sec=2.7782  input_tokens=117  output_tokens=47
2026-07-31 14:55:23,341 [INFO   ]   >> INPUT  : Translate the natural language question into a valid SQL query using the provided schema.

Schema:
Student(StuID, LName, Fname, Age, Sex, Major, Advisor, city_code) | Has_Pet(StuID->Student.StuID, PetID->Pets.PetID) | Pets(PetID, PetType, pet_age, weight)

Question:
For students who have pets , how many pets does each student have ? list their ids instead of names .

SQL:

2026-07-31 14:55:23,341 [INFO   ]   >> OUTPUT : SELECT T1.StuID ,  count(*) FROM pets AS T1 JOIN student AS T2 ON T1.petid  =  T2.StuID GROUP BY T2.StuID
2026-07-31 14:55:26,575 [INFO   ] [inference] generate_sql  latency_sec=3.2224  input_tokens=110  output_tokens=63
2026-07-31 14:55:26,576 [INFO   ]   >> INPUT  : Translate the natural language question into a valid SQL query using the provided schema.

Schema:
Student(StuID, LName, Fname, Age, Sex, Major, Advisor, city_code) | Has_Pet(StuID->Student.StuID, PetID->Pets.PetID) | Pets(PetID, PetType, pet_age, weight)

Question:
Find the first name and gender of student who have more than one pet.

SQL:

2026-07-31 14:55:26,576 [INFO   ]   >> OUTPUT : SELECT T1.fname ,  T1.lname FROM student AS T1 JOIN pets AS T2 ON T1.petid  =  T2.petid GROUP BY T1.fname ,  T1.lname HAVING count(*)  >  1
2026-07-31 14:55:30,163 [INFO   ] [inference] generate_sql  latency_sec=3.576  input_tokens=114  output_tokens=76
2026-07-31 14:55:30,164 [INFO   ]   >> INPUT  : Translate the natural language question into a valid SQL query using the provided schema.

Schema:
Student(StuID, LName, Fname, Age, Sex, Major, Advisor, city_code) | Has_Pet(StuID->Student.StuID, PetID->Pets.PetID) | Pets(PetID, PetType, pet_age, weight)

Question:
What is the first name and gender of the all the students who have more than one pet?

SQL:

2026-07-31 14:55:30,164 [INFO   ]   >> OUTPUT : SELECT T1.fname ,  T1.lname FROM student AS T1 JOIN pets AS T2 ON T1.stuid  =  T2.stuid JOIN pets AS T3 ON T2.petid  =  T3.petid GROUP BY T1.stuid HAVING count(*)  >  1
2026-07-31 14:55:30,815 [INFO   ] [inference] generate_sql  latency_sec=0.6398  input_tokens=111  output_tokens=12
2026-07-31 14:55:30,816 [INFO   ]   >> INPUT  : Translate the natural language question into a valid SQL query using the provided schema.

Schema:
Student(StuID, LName, Fname, Age, Sex, Major, Advisor, city_code) | Has_Pet(StuID->Student.StuID, PetID->Pets.PetID) | Pets(PetID, PetType, pet_age, weight)

Question:
Find the last name of the student who has a cat that is age 3.

SQL:

2026-07-31 14:55:30,816 [INFO   ]   >> OUTPUT : SELECT lname FROM student WHERE age  =  3
2026-07-31 14:55:35,588 [INFO   ] [inference] generate_sql  latency_sec=4.7595  input_tokens=113  output_tokens=77
2026-07-31 14:55:35,588 [INFO   ]   >> INPUT  : Translate the natural language question into a valid SQL query using the provided schema.

Schema:
Student(StuID, LName, Fname, Age, Sex, Major, Advisor, city_code) | Has_Pet(StuID->Student.StuID, PetID->Pets.PetID) | Pets(PetID, PetType, pet_age, weight)

Question:
What is the last name of the student who has a cat that is 3 years old?

SQL:

2026-07-31 14:55:35,588 [INFO   ]   >> OUTPUT : SELECT t1.lname FROM student AS t1 JOIN has_pet AS t2 ON t1.stuid  =  t2.stuid JOIN pets AS t3 ON t2.petid  =  t3.petid WHERE t3.pettype  =  "Cat" AND t3.pet_age  =  3
2026-07-31 14:55:37,107 [INFO   ] [inference] generate_sql  latency_sec=1.4985  input_tokens=108  output_tokens=22
2026-07-31 14:55:37,107 [INFO   ]   >> INPUT  : Translate the natural language question into a valid SQL query using the provided schema.

Schema:
Student(StuID, LName, Fname, Age, Sex, Major, Advisor, city_code) | Has_Pet(StuID->Student.StuID, PetID->Pets.PetID) | Pets(PetID, PetType, pet_age, weight)

Question:
Find the average age of students who do not have any pet .

SQL:

2026-07-31 14:55:37,107 [INFO   ]   >> OUTPUT : SELECT avg(age) FROM student WHERE stuid NOT IN (SELECT stuid FROM has_pet)
2026-07-31 14:55:38,235 [INFO   ] [inference] generate_sql  latency_sec=1.1155  input_tokens=110  output_tokens=22
2026-07-31 14:55:38,236 [INFO   ]   >> INPUT  : Translate the natural language question into a valid SQL query using the provided schema.

Schema:
Student(StuID, LName, Fname, Age, Sex, Major, Advisor, city_code) | Has_Pet(StuID->Student.StuID, PetID->Pets.PetID) | Pets(PetID, PetType, pet_age, weight)

Question:
What is the average age for all students who do not own any pets ?

SQL:

2026-07-31 14:55:38,236 [INFO   ]   >> OUTPUT : SELECT avg(age) FROM student WHERE stuid NOT IN (SELECT stuid FROM has_pet)
2026-07-31 14:55:38,646 [INFO   ] [inference] generate_sql  latency_sec=0.3984  input_tokens=101  output_tokens=7
2026-07-31 14:55:38,646 [INFO   ]   >> INPUT  : Translate the natural language question into a valid SQL query using the provided schema.

Schema:
continents(ContId, Continent) | countries(CountryId, CountryName, Continent->continents.ContId) | car_makers(Id, Maker, FullName, Country->countries.CountryId) | model_list(ModelId, Maker->car_makers.Id, Model)

Question:
How many continents are there?

SQL:

2026-07-31 14:55:38,646 [INFO   ]   >> OUTPUT : SELECT count(*) FROM continents
2026-07-31 14:55:39,275 [INFO   ] [inference] generate_sql  latency_sec=0.6172  input_tokens=102  output_tokens=7
2026-07-31 14:55:39,275 [INFO   ]   >> INPUT  : Translate the natural language question into a valid SQL query using the provided schema.

Schema:
continents(ContId, Continent) | countries(CountryId, CountryName, Continent->continents.ContId) | car_makers(Id, Maker, FullName, Country->countries.CountryId) | model_list(ModelId, Maker->car_makers.Id, Model)

Question:
What is the number of continents?

SQL:

2026-07-31 14:55:39,275 [INFO   ]   >> OUTPUT : SELECT count(*) FROM continents
2026-07-31 14:55:40,230 [INFO   ] [inference] generate_sql  latency_sec=0.9423  input_tokens=116  output_tokens=18
2026-07-31 14:55:40,230 [INFO   ]   >> INPUT  : Translate the natural language question into a valid SQL query using the provided schema.

Schema:
continents(ContId, Continent) | countries(CountryId, CountryName, Continent->continents.ContId) | car_makers(Id, Maker, FullName, Country->countries.CountryId) | model_list(ModelId, Maker->car_makers.Id, Model)

Question:
How many countries does each continent have? List the continent id, continent name and the number of countries.

SQL:

2026-07-31 14:55:40,231 [INFO   ]   >> OUTPUT : SELECT continent ,  count(*) ,  count(*) FROM continents GROUP BY continent
2026-07-31 14:55:41,336 [INFO   ] [inference] generate_sql  latency_sec=1.092  input_tokens=112  output_tokens=21
2026-07-31 14:55:41,337 [INFO   ]   >> INPUT  : Translate the natural language question into a valid SQL query using the provided schema.

Schema:
continents(ContId, Continent) | countries(CountryId, CountryName, Continent->continents.ContId) | car_makers(Id, Maker, FullName, Country->countries.CountryId) | model_list(ModelId, Maker->car_makers.Id, Model)

Question:
For each continent, list its id, name, and how many countries it has?

SQL:

2026-07-31 14:55:41,337 [INFO   ]   >> OUTPUT : SELECT continent ,  count(*) ,  countryid ,  countryname FROM continents GROUP BY continent
2026-07-31 14:55:41,762 [INFO   ] [inference] generate_sql  latency_sec=0.4129  input_tokens=101  output_tokens=7
2026-07-31 14:55:41,762 [INFO   ]   >> INPUT  : Translate the natural language question into a valid SQL query using the provided schema.

Schema:
continents(ContId, Continent) | countries(CountryId, CountryName, Continent->continents.ContId) | car_makers(Id, Maker, FullName, Country->countries.CountryId) | model_list(ModelId, Maker->car_makers.Id, Model)

Question:
How many countries are listed?

SQL:

2026-07-31 14:55:41,762 [INFO   ]   >> OUTPUT : SELECT count(*) FROM countries
2026-07-31 14:55:42,173 [INFO   ] [inference] generate_sql  latency_sec=0.3989  input_tokens=100  output_tokens=7
2026-07-31 14:55:42,173 [INFO   ]   >> INPUT  : Translate the natural language question into a valid SQL query using the provided schema.

Schema:
continents(ContId, Continent) | countries(CountryId, CountryName, Continent->continents.ContId) | car_makers(Id, Maker, FullName, Country->countries.CountryId) | model_list(ModelId, Maker->car_makers.Id, Model)

Question:
How many countries exist?

SQL:

2026-07-31 14:55:42,173 [INFO   ]   >> OUTPUT : SELECT count(*) FROM countries
2026-07-31 14:55:44,670 [INFO   ] [inference] generate_sql  latency_sec=2.4821  input_tokens=158  output_tokens=50
2026-07-31 14:55:44,671 [INFO   ]   >> INPUT  : Translate the natural language question into a valid SQL query using the provided schema.

Schema:
countries(CountryId, CountryName, Continent->continents.ContId) | car_makers(Id, Maker, FullName, Country->countries.CountryId) | model_list(ModelId, Maker->car_makers.Id, Model) | car_names(MakeId, Model->model_list.Model, Make) | cars_data(Id->car_names.MakeId, MPG, Cylinders, Edispl, Horsepower, Weight, Accelerate, Year)

Question:
How many models does each car maker produce? List maker full name, id and the number.

SQL:

2026-07-31 14:55:44,671 [INFO   ]   >> OUTPUT : SELECT T1.Maker ,  T2.Model ,  count(*) FROM car_makers AS T1 JOIN model_list AS T2 ON T1.Maker  =  T2.Model GROUP BY T1.Maker
2026-07-31 14:55:47,227 [INFO   ] [inference] generate_sql  latency_sec=2.5442  input_tokens=160  output_tokens=50
2026-07-31 14:55:47,227 [INFO   ]   >> INPUT  : Translate the natural language question into a valid SQL query using the provided schema.

Schema:
countries(CountryId, CountryName, Continent->continents.ContId) | car_makers(Id, Maker, FullName, Country->countries.CountryId) | model_list(ModelId, Maker->car_makers.Id, Model) | car_names(MakeId, Model->model_list.Model, Make) | cars_data(Id->car_names.MakeId, MPG, Cylinders, Edispl, Horsepower, Weight, Accelerate, Year)

Question:
What is the full name of each car maker, along with its id and how many models it produces?

SQL:

2026-07-31 14:55:47,227 [INFO   ]   >> OUTPUT : SELECT T2.Maker ,  count(*) FROM cars_data AS T1 JOIN model_list AS T2 ON T1.Model  =  T2.Model GROUP BY T2.Maker ,  T1.Model
2026-07-31 14:55:50,085 [INFO   ] [inference] generate_sql  latency_sec=2.8421  input_tokens=131  output_tokens=24
2026-07-31 14:55:50,085 [INFO   ]   >> INPUT  : Translate the natural language question into a valid SQL query using the provided schema.

Schema:
car_makers(Id, Maker, FullName, Country->countries.CountryId) | model_list(ModelId, Maker->car_makers.Id, Model) | car_names(MakeId, Model->model_list.Model, Make) | cars_data(Id->car_names.MakeId, MPG, Cylinders, Edispl, Horsepower, Weight, Accelerate, Year)

Question:
Which model of the car has the minimum horsepower?

SQL:

2026-07-31 14:55:50,085 [INFO   ]   >> OUTPUT : SELECT model FROM car_names WHERE horsepower  =  (SELECT min(horsepower) FROM car_names)
2026-07-31 14:55:52,660 [INFO   ] [inference] generate_sql  latency_sec=2.5559  input_tokens=135  output_tokens=24
2026-07-31 14:55:52,661 [INFO   ]   >> INPUT  : Translate the natural language question into a valid SQL query using the provided schema.

Schema:
car_makers(Id, Maker, FullName, Country->countries.CountryId) | model_list(ModelId, Maker->car_makers.Id, Model) | car_names(MakeId, Model->model_list.Model, Make) | cars_data(Id->car_names.MakeId, MPG, Cylinders, Edispl, Horsepower, Weight, Accelerate, Year)

Question:
What is the model of the car with the smallest amount of horsepower?

SQL:

2026-07-31 14:55:52,661 [INFO   ]   >> OUTPUT : SELECT model FROM car_names WHERE horsepower  =  (SELECT max(horsepower) FROM car_names)
2026-07-31 14:55:53,783 [INFO   ] [inference] generate_sql  latency_sec=1.1105  input_tokens=135  output_tokens=23
2026-07-31 14:55:53,784 [INFO   ]   >> INPUT  : Translate the natural language question into a valid SQL query using the provided schema.

Schema:
car_makers(Id, Maker, FullName, Country->countries.CountryId) | model_list(ModelId, Maker->car_makers.Id, Model) | car_names(MakeId, Model->model_list.Model, Make) | cars_data(Id->car_names.MakeId, MPG, Cylinders, Edispl, Horsepower, Weight, Accelerate, Year)

Question:
Find the model of the car whose weight is below the average weight.

SQL:

2026-07-31 14:55:53,784 [INFO   ]   >> OUTPUT : SELECT model FROM cars_data WHERE weight  <  (SELECT avg(weight) FROM cars_data)
2026-07-31 14:55:56,113 [INFO   ] [inference] generate_sql  latency_sec=2.3104  input_tokens=154  output_tokens=23
2026-07-31 14:55:56,113 [INFO   ]   >> INPUT  : Translate the natural language question into a valid SQL query using the provided schema.

Schema:
countries(CountryId, CountryName, Continent->continents.ContId) | car_makers(Id, Maker, FullName, Country->countries.CountryId) | model_list(ModelId, Maker->car_makers.Id, Model) | car_names(MakeId, Model->model_list.Model, Make) | cars_data(Id->car_names.MakeId, MPG, Cylinders, Edispl, Horsepower, Weight, Accelerate, Year)

Question:
What is the model for the car with a weight smaller than the average?

SQL:

2026-07-31 14:55:56,113 [INFO   ]   >> OUTPUT : SELECT model FROM cars_data WHERE weight  <  (SELECT avg(weight) FROM cars_data)
2026-07-31 14:55:56,828 [INFO   ] [inference] generate_sql  latency_sec=0.7026  input_tokens=155  output_tokens=13
2026-07-31 14:55:56,828 [INFO   ]   >> INPUT  : Translate the natural language question into a valid SQL query using the provided schema.

Schema:
countries(CountryId, CountryName, Continent->continents.ContId) | car_makers(Id, Maker, FullName, Country->countries.CountryId) | model_list(ModelId, Maker->car_makers.Id, Model) | car_names(MakeId, Model->model_list.Model, Make) | cars_data(Id->car_names.MakeId, MPG, Cylinders, Edispl, Horsepower, Weight, Accelerate, Year)

Question:
Find the name of the makers that produced some cars in the year of 1970?

SQL:

2026-07-31 14:55:56,828 [INFO   ]   >> OUTPUT : SELECT Maker FROM car_makers WHERE YEAR  =  1970
2026-07-31 14:55:59,209 [INFO   ] [inference] generate_sql  latency_sec=2.3687  input_tokens=155  output_tokens=45
2026-07-31 14:55:59,210 [INFO   ]   >> INPUT  : Translate the natural language question into a valid SQL query using the provided schema.

Schema:
countries(CountryId, CountryName, Continent->continents.ContId) | car_makers(Id, Maker, FullName, Country->countries.CountryId) | model_list(ModelId, Maker->car_makers.Id, Model) | car_names(MakeId, Model->model_list.Model, Make) | cars_data(Id->car_names.MakeId, MPG, Cylinders, Edispl, Horsepower, Weight, Accelerate, Year)

Question:
What is the name of the different car makers who produced a car in 1970?

SQL:

2026-07-31 14:55:59,210 [INFO   ]   >> OUTPUT : SELECT DISTINCT T1.Maker FROM car_makers AS T1 JOIN countries AS T2 ON T1.Country  =  T2.ContId WHERE T2.year  =  1970
2026-07-31 14:56:02,890 [INFO   ] [inference] generate_sql  latency_sec=3.6657  input_tokens=156  output_tokens=59
2026-07-31 14:56:02,890 [INFO   ]   >> INPUT  : Translate the natural language question into a valid SQL query using the provided schema.

Schema:
countries(CountryId, CountryName, Continent->continents.ContId) | car_makers(Id, Maker, FullName, Country->countries.CountryId) | model_list(ModelId, Maker->car_makers.Id, Model) | car_names(MakeId, Model->model_list.Model, Make) | cars_data(Id->car_names.MakeId, MPG, Cylinders, Edispl, Horsepower, Weight, Accelerate, Year)

Question:
Find the make and production time of the cars that were produced in the earliest year?

SQL:

2026-07-31 14:56:02,891 [INFO   ]   >> OUTPUT : SELECT T2.Make ,  T2.Year FROM cars_data AS T1 JOIN model_list AS T2 ON T1.Model  =  T2.Model WHERE T1.Year  =  (SELECT min(YEAR) FROM cars_data)
2026-07-31 14:56:06,138 [INFO   ] [inference] generate_sql  latency_sec=3.227  input_tokens=158  output_tokens=59
2026-07-31 14:56:06,138 [INFO   ]   >> INPUT  : Translate the natural language question into a valid SQL query using the provided schema.

Schema:
countries(CountryId, CountryName, Continent->continents.ContId) | car_makers(Id, Maker, FullName, Country->countries.CountryId) | model_list(ModelId, Maker->car_makers.Id, Model) | car_names(MakeId, Model->model_list.Model, Make) | cars_data(Id->car_names.MakeId, MPG, Cylinders, Edispl, Horsepower, Weight, Accelerate, Year)

Question:
What is the maker of the carr produced in the earliest year and what year was it?

SQL:

2026-07-31 14:56:06,138 [INFO   ]   >> OUTPUT : SELECT T1.Maker ,  T1.Year FROM car_makers AS T1 JOIN cars_data AS T2 ON T1.Maker  =  T2.id WHERE T2.year  =  (SELECT min(YEAR) FROM cars_data)
2026-07-31 14:56:08,244 [INFO   ] [inference] generate_sql  latency_sec=2.094  input_tokens=149  output_tokens=46
2026-07-31 14:56:08,244 [INFO   ]   >> INPUT  : Translate the natural language question into a valid SQL query using the provided schema.

Schema:
countries(CountryId, CountryName, Continent->continents.ContId) | car_makers(Id, Maker, FullName, Country->countries.CountryId) | model_list(ModelId, Maker->car_makers.Id, Model) | car_names(MakeId, Model->model_list.Model, Make) | cars_data(Id->car_names.MakeId, MPG, Cylinders, Edispl, Horsepower, Weight, Accelerate, Year)

Question:
Which distinct car models are the produced after 1980?

SQL:

2026-07-31 14:56:08,244 [INFO   ]   >> OUTPUT : SELECT DISTINCT T1.Model FROM car_makers AS T1 JOIN model_list AS T2 ON T1.Maker  =  T2.Model WHERE T2.year  >  1980
2026-07-31 14:56:09,040 [INFO   ] [inference] generate_sql  latency_sec=0.7844  input_tokens=151  output_tokens=17
2026-07-31 14:56:09,041 [INFO   ]   >> INPUT  : Translate the natural language question into a valid SQL query using the provided schema.

Schema:
countries(CountryId, CountryName, Continent->continents.ContId) | car_makers(Id, Maker, FullName, Country->countries.CountryId) | model_list(ModelId, Maker->car_makers.Id, Model) | car_names(MakeId, Model->model_list.Model, Make) | cars_data(Id->car_names.MakeId, MPG, Cylinders, Edispl, Horsepower, Weight, Accelerate, Year)

Question:
What are the different models for the cards produced after 1980?

SQL:

2026-07-31 14:56:09,041 [INFO   ]   >> OUTPUT : SELECT DISTINCT model FROM cars_data WHERE YEAR  >  1980
2026-07-31 14:56:09,773 [INFO   ] [inference] generate_sql  latency_sec=0.7211  input_tokens=113  output_tokens=16
2026-07-31 14:56:09,774 [INFO   ]   >> INPUT  : Translate the natural language question into a valid SQL query using the provided schema.

Schema:
continents(ContId, Continent) | countries(CountryId, CountryName, Continent->continents.ContId) | car_makers(Id, Maker, FullName, Country->countries.CountryId) | model_list(ModelId, Maker->car_makers.Id, Model)

Question:
How many car makers are there in each continents? List the continent name and the count.

SQL:

2026-07-31 14:56:09,774 [INFO   ]   >> OUTPUT : SELECT Continent ,  COUNT(*) FROM car_makers GROUP BY Continent
2026-07-31 14:56:10,688 [INFO   ] [inference] generate_sql  latency_sec=0.9021  input_tokens=113  output_tokens=16
2026-07-31 14:56:10,688 [INFO   ]   >> INPUT  : Translate the natural language question into a valid SQL query using the provided schema.

Schema:
continents(ContId, Continent) | countries(CountryId, CountryName, Continent->continents.ContId) | car_makers(Id, Maker, FullName, Country->countries.CountryId) | model_list(ModelId, Maker->car_makers.Id, Model)

Question:
What is the name of each continent and how many car makers are there in each one?

SQL:

2026-07-31 14:56:10,688 [INFO   ]   >> OUTPUT : SELECT Continent ,  COUNT(*) FROM car_makers GROUP BY Continent
2026-07-31 14:56:11,708 [INFO   ] [inference] generate_sql  latency_sec=1.0081  input_tokens=162  output_tokens=20
2026-07-31 14:56:11,708 [INFO   ]   >> INPUT  : Translate the natural language question into a valid SQL query using the provided schema.

Schema:
continents(ContId, Continent) | countries(CountryId, CountryName, Continent->continents.ContId) | car_makers(Id, Maker, FullName, Country->countries.CountryId) | model_list(ModelId, Maker->car_makers.Id, Model) | car_names(MakeId, Model->model_list.Model, Make) | cars_data(Id->car_names.MakeId, MPG, Cylinders, Edispl, Horsepower, Weight, Accelerate, Year)

Question:
Which of the countries has the most car makers? List the country name.

SQL:

2026-07-31 14:56:11,708 [INFO   ]   >> OUTPUT : SELECT countryname FROM countries GROUP BY countryname ORDER BY count(*) DESC LIMIT 1
2026-07-31 14:56:14,155 [INFO   ] [inference] generate_sql  latency_sec=2.4349  input_tokens=160  output_tokens=51
2026-07-31 14:56:14,155 [INFO   ]   >> INPUT  : Translate the natural language question into a valid SQL query using the provided schema.

Schema:
continents(ContId, Continent) | countries(CountryId, CountryName, Continent->continents.ContId) | car_makers(Id, Maker, FullName, Country->countries.CountryId) | model_list(ModelId, Maker->car_makers.Id, Model) | car_names(MakeId, Model->model_list.Model, Make) | cars_data(Id->car_names.MakeId, MPG, Cylinders, Edispl, Horsepower, Weight, Accelerate, Year)

Question:
What is the name of the country with the most car makers?

SQL:

2026-07-31 14:56:14,155 [INFO   ]   >> OUTPUT : SELECT T1.countryname FROM countries AS T1 JOIN car_makers AS T2 ON T1.countryid  =  T2.countryid GROUP BY T1.countryname ORDER BY count(*) DESC LIMIT 1
2026-07-31 14:56:17,215 [INFO   ] [inference] generate_sql  latency_sec=3.0485  input_tokens=159  output_tokens=51
2026-07-31 14:56:17,216 [INFO   ]   >> INPUT  : Translate the natural language question into a valid SQL query using the provided schema.

Schema:
countries(CountryId, CountryName, Continent->continents.ContId) | car_makers(Id, Maker, FullName, Country->countries.CountryId) | model_list(ModelId, Maker->car_makers.Id, Model) | car_names(MakeId, Model->model_list.Model, Make) | cars_data(Id->car_names.MakeId, MPG, Cylinders, Edispl, Horsepower, Weight, Accelerate, Year)

Question:
How many car models are produced by each maker ? Only list the count and the maker full name .

SQL:

2026-07-31 14:56:17,216 [INFO   ]   >> OUTPUT : SELECT T1.Maker ,  T2.Model FROM car_makers AS T1 JOIN model_list AS T2 ON T1.Maker  =  T2.Model GROUP BY T2.Model ,  T1.Maker
2026-07-31 14:56:19,746 [INFO   ] [inference] generate_sql  latency_sec=2.514  input_tokens=164  output_tokens=46
2026-07-31 14:56:19,746 [INFO   ]   >> INPUT  : Translate the natural language question into a valid SQL query using the provided schema.

Schema:
countries(CountryId, CountryName, Continent->continents.ContId) | car_makers(Id, Maker, FullName, Country->countries.CountryId) | model_list(ModelId, Maker->car_makers.Id, Model) | car_names(MakeId, Model->model_list.Model, Make) | cars_data(Id->car_names.MakeId, MPG, Cylinders, Edispl, Horsepower, Weight, Accelerate, Year)

Question:
What is the number of car models that are produced by each maker and what is the id and full name of each maker?

SQL:

2026-07-31 14:56:19,746 [INFO   ]   >> OUTPUT : SELECT T1.Maker ,  T2.Model ,  T1.ModelId FROM car_makers AS T1 JOIN model_list AS T2 ON T1.Maker  =  T2.Model
2026-07-31 14:56:21,174 [INFO   ] [inference] generate_sql  latency_sec=1.416  input_tokens=156  output_tokens=30
2026-07-31 14:56:21,174 [INFO   ]   >> INPUT  : Translate the natural language question into a valid SQL query using the provided schema.

Schema:
countries(CountryId, CountryName, Continent->continents.ContId) | car_makers(Id, Maker, FullName, Country->countries.CountryId) | model_list(ModelId, Maker->car_makers.Id, Model) | car_names(MakeId, Model->model_list.Model, Make) | cars_data(Id->car_names.MakeId, MPG, Cylinders, Edispl, Horsepower, Weight, Accelerate, Year)

Question:
What is the accelerate of the car make amc hornet sportabout (sw)?

SQL:

2026-07-31 14:56:21,174 [INFO   ]   >> OUTPUT : SELECT Accelerate FROM car_names WHERE Maker  =  "Hornet" AND Model  =  "Hornet sportabout"
2026-07-31 14:56:24,635 [INFO   ] [inference] generate_sql  latency_sec=3.4486  input_tokens=156  output_tokens=67
2026-07-31 14:56:24,635 [INFO   ]   >> INPUT  : Translate the natural language question into a valid SQL query using the provided schema.

Schema:
countries(CountryId, CountryName, Continent->continents.ContId) | car_makers(Id, Maker, FullName, Country->countries.CountryId) | model_list(ModelId, Maker->car_makers.Id, Model) | car_names(MakeId, Model->model_list.Model, Make) | cars_data(Id->car_names.MakeId, MPG, Cylinders, Edispl, Horsepower, Weight, Accelerate, Year)

Question:
How much does the car accelerate that makes amc hornet sportabout (sw)?

SQL:

2026-07-31 14:56:24,635 [INFO   ]   >> OUTPUT : SELECT avg(T2.accelerate) FROM cars_data AS T1 JOIN car_names AS T2 ON T1.model  =  T2.model WHERE T1.Maker  =  "Hornet" AND T2.Make  =  "amc hornet sportabout"
2026-07-31 14:56:26,705 [INFO   ] [inference] generate_sql  latency_sec=2.0584  input_tokens=149  output_tokens=44
2026-07-31 14:56:26,705 [INFO   ]   >> INPUT  : Translate the natural language question into a valid SQL query using the provided schema.

Schema:
countries(CountryId, CountryName, Continent->continents.ContId) | car_makers(Id, Maker, FullName, Country->countries.CountryId) | model_list(ModelId, Maker->car_makers.Id, Model) | car_names(MakeId, Model->model_list.Model, Make) | cars_data(Id->car_names.MakeId, MPG, Cylinders, Edispl, Horsepower, Weight, Accelerate, Year)

Question:
How many car makers are there in france?

SQL:

2026-07-31 14:56:26,706 [INFO   ]   >> OUTPUT : SELECT count(*) FROM car_makers AS T1 JOIN countries AS T2 ON T1.countryid  =  T2.countryid WHERE T2.countryname  =  "France"
2026-07-31 14:56:28,914 [INFO   ] [inference] generate_sql  latency_sec=2.1971  input_tokens=150  output_tokens=44
2026-07-31 14:56:28,914 [INFO   ]   >> INPUT  : Translate the natural language question into a valid SQL query using the provided schema.

Schema:
countries(CountryId, CountryName, Continent->continents.ContId) | car_makers(Id, Maker, FullName, Country->countries.CountryId) | model_list(ModelId, Maker->car_makers.Id, Model) | car_names(MakeId, Model->model_list.Model, Make) | cars_data(Id->car_names.MakeId, MPG, Cylinders, Edispl, Horsepower, Weight, Accelerate, Year)

Question:
What is the number of makers of care in France?

SQL:

2026-07-31 14:56:28,914 [INFO   ]   >> OUTPUT : SELECT count(*) FROM car_makers AS T1 JOIN countries AS T2 ON T1.countryid  =  T2.contid WHERE T2.countryname  =  'France'
2026-07-31 14:56:32,943 [INFO   ] [inference] generate_sql  latency_sec=4.0122  input_tokens=150  output_tokens=63
2026-07-31 14:56:32,943 [INFO   ]   >> INPUT  : Translate the natural language question into a valid SQL query using the provided schema.

Schema:
countries(CountryId, CountryName, Continent->continents.ContId) | car_makers(Id, Maker, FullName, Country->countries.CountryId) | model_list(ModelId, Maker->car_makers.Id, Model) | car_names(MakeId, Model->model_list.Model, Make) | cars_data(Id->car_names.MakeId, MPG, Cylinders, Edispl, Horsepower, Weight, Accelerate, Year)

Question:
How many car models are produced in the usa?

SQL:

2026-07-31 14:56:32,943 [INFO   ]   >> OUTPUT : SELECT count(*) FROM car_makers AS t1 JOIN model_list AS t2 ON t1.maker  =  t2.model JOIN countries AS t3 ON t2.model  =  t3.countryid WHERE t3.countryname  =  "USA";
2026-07-31 14:56:35,065 [INFO   ] [inference] generate_sql  latency_sec=2.1097  input_tokens=153  output_tokens=45
2026-07-31 14:56:35,065 [INFO   ]   >> INPUT  : Translate the natural language question into a valid SQL query using the provided schema.

Schema:
countries(CountryId, CountryName, Continent->continents.ContId) | car_makers(Id, Maker, FullName, Country->countries.CountryId) | model_list(ModelId, Maker->car_makers.Id, Model) | car_names(MakeId, Model->model_list.Model, Make) | cars_data(Id->car_names.MakeId, MPG, Cylinders, Edispl, Horsepower, Weight, Accelerate, Year)

Question:
What is the count of the car models produced in the United States?

SQL:

2026-07-31 14:56:35,065 [INFO   ]   >> OUTPUT : SELECT count(*) FROM car_models AS T1 JOIN countries AS T2 ON T1.countryid  =  T2.countryid WHERE T2.countryname  =  "United States"
2026-07-31 14:56:37,190 [INFO   ] [inference] generate_sql  latency_sec=2.1127  input_tokens=157  output_tokens=46
2026-07-31 14:56:37,190 [INFO   ]   >> INPUT  : Translate the natural language question into a valid SQL query using the provided schema.

Schema:
countries(CountryId, CountryName, Continent->continents.ContId) | car_makers(Id, Maker, FullName, Country->countries.CountryId) | model_list(ModelId, Maker->car_makers.Id, Model) | car_names(MakeId, Model->model_list.Model, Make) | cars_data(Id->car_names.MakeId, MPG, Cylinders, Edispl, Horsepower, Weight, Accelerate, Year)

Question:
What is the average miles per gallon(mpg) of the cars with 4 cylinders?

SQL:

2026-07-31 14:56:37,190 [INFO   ]   >> OUTPUT : SELECT avg(T2.weight) FROM cars AS T1 JOIN car_names AS T2 ON T1.id = T2.Make WHERE T1.cylinders = 4 GROUP BY T2.Make
2026-07-31 14:56:40,472 [INFO   ] [inference] generate_sql  latency_sec=3.269  input_tokens=154  output_tokens=44
2026-07-31 14:56:40,472 [INFO   ]   >> INPUT  : Translate the natural language question into a valid SQL query using the provided schema.

Schema:
countries(CountryId, CountryName, Continent->continents.ContId) | car_makers(Id, Maker, FullName, Country->countries.CountryId) | model_list(ModelId, Maker->car_makers.Id, Model) | car_names(MakeId, Model->model_list.Model, Make) | cars_data(Id->car_names.MakeId, MPG, Cylinders, Edispl, Horsepower, Weight, Accelerate, Year)

Question:
What is the average miles per gallon of all the cards with 4 cylinders?

SQL:

2026-07-31 14:56:40,472 [INFO   ]   >> OUTPUT : SELECT avg(T2.weight) FROM cards AS T1 JOIN cars_data AS T2 ON T1.id  =  T2.id WHERE T1.cylinders  =  4
2026-07-31 14:56:41,591 [INFO   ] [inference] generate_sql  latency_sec=1.1074  input_tokens=154  output_tokens=21
2026-07-31 14:56:41,592 [INFO   ]   >> INPUT  : Translate the natural language question into a valid SQL query using the provided schema.

Schema:
countries(CountryId, CountryName, Continent->continents.ContId) | car_makers(Id, Maker, FullName, Country->countries.CountryId) | model_list(ModelId, Maker->car_makers.Id, Model) | car_names(MakeId, Model->model_list.Model, Make) | cars_data(Id->car_names.MakeId, MPG, Cylinders, Edispl, Horsepower, Weight, Accelerate, Year)

Question:
What is the smallest weight of the car produced with 8 cylinders on 1974 ?

SQL:

2026-07-31 14:56:41,592 [INFO   ]   >> OUTPUT : SELECT weight FROM cars_data WHERE cylinders  =  "8" AND YEAR  =  1974
2026-07-31 14:56:43,902 [INFO   ] [inference] generate_sql  latency_sec=2.2983  input_tokens=154  output_tokens=26
2026-07-31 14:56:43,902 [INFO   ]   >> INPUT  : Translate the natural language question into a valid SQL query using the provided schema.

Schema:
countries(CountryId, CountryName, Continent->continents.ContId) | car_makers(Id, Maker, FullName, Country->countries.CountryId) | model_list(ModelId, Maker->car_makers.Id, Model) | car_names(MakeId, Model->model_list.Model, Make) | cars_data(Id->car_names.MakeId, MPG, Cylinders, Edispl, Horsepower, Weight, Accelerate, Year)

Question:
What is the minimum weight of the car with 8 cylinders produced in 1974 ?

SQL:

2026-07-31 14:56:43,902 [INFO   ]   >> OUTPUT : SELECT min(Weight) FROM cars_data WHERE Cylinders  =  "8" AND Year  =  1974
2026-07-31 14:56:44,640 [INFO   ] [inference] generate_sql  latency_sec=0.7227  input_tokens=147  output_tokens=10
2026-07-31 14:56:44,641 [INFO   ]   >> INPUT  : Translate the natural language question into a valid SQL query using the provided schema.

Schema:
countries(CountryId, CountryName, Continent->continents.ContId) | car_makers(Id, Maker, FullName, Country->countries.CountryId) | model_list(ModelId, Maker->car_makers.Id, Model) | car_names(MakeId, Model->model_list.Model, Make) | cars_data(Id->car_names.MakeId, MPG, Cylinders, Edispl, Horsepower, Weight, Accelerate, Year)

Question:
What are all the makers and models?

SQL:

2026-07-31 14:56:44,641 [INFO   ]   >> OUTPUT : SELECT Maker ,  Model FROM car_makers
2026-07-31 14:56:45,336 [INFO   ] [inference] generate_sql  latency_sec=0.6795  input_tokens=146  output_tokens=10
2026-07-31 14:56:45,337 [INFO   ]   >> INPUT  : Translate the natural language question into a valid SQL query using the provided schema.

Schema:
countries(CountryId, CountryName, Continent->continents.ContId) | car_makers(Id, Maker, FullName, Country->countries.CountryId) | model_list(ModelId, Maker->car_makers.Id, Model) | car_names(MakeId, Model->model_list.Model, Make) | cars_data(Id->car_names.MakeId, MPG, Cylinders, Edispl, Horsepower, Weight, Accelerate, Year)

Question:
What are the makers and models?

SQL:

2026-07-31 14:56:45,337 [INFO   ]   >> OUTPUT : SELECT Maker ,  Model FROM car_makers
2026-07-31 14:56:48,438 [INFO   ] [inference] generate_sql  latency_sec=3.0799  input_tokens=163  output_tokens=59
2026-07-31 14:56:48,438 [INFO   ]   >> INPUT  : Translate the natural language question into a valid SQL query using the provided schema.

Schema:
continents(ContId, Continent) | countries(CountryId, CountryName, Continent->continents.ContId) | car_makers(Id, Maker, FullName, Country->countries.CountryId) | model_list(ModelId, Maker->car_makers.Id, Model) | car_names(MakeId, Model->model_list.Model, Make) | cars_data(Id->car_names.MakeId, MPG, Cylinders, Edispl, Horsepower, Weight, Accelerate, Year)

Question:
What are the countries having at least one car maker? List name and id.

SQL:

2026-07-31 14:56:48,438 [INFO   ]   >> OUTPUT : SELECT T1.countryname ,  T1.countryid FROM countries AS T1 JOIN car_makers AS T2 ON T1.countryid  =  T2.countryid GROUP BY T1.countryid HAVING count(*)  >=  1
2026-07-31 14:56:51,168 [INFO   ] [inference] generate_sql  latency_sec=2.7179  input_tokens=164  output_tokens=59
2026-07-31 14:56:51,168 [INFO   ]   >> INPUT  : Translate the natural language question into a valid SQL query using the provided schema.

Schema:
continents(ContId, Continent) | countries(CountryId, CountryName, Continent->continents.ContId) | car_makers(Id, Maker, FullName, Country->countries.CountryId) | model_list(ModelId, Maker->car_makers.Id, Model) | car_names(MakeId, Model->model_list.Model, Make) | cars_data(Id->car_names.MakeId, MPG, Cylinders, Edispl, Horsepower, Weight, Accelerate, Year)

Question:
What are the names and ids of all countries with at least one car maker?

SQL:

2026-07-31 14:56:51,168 [INFO   ]   >> OUTPUT : SELECT T1.countryname ,  T1.countryid FROM countries AS T1 JOIN car_makers AS T2 ON T1.countryid  =  T2.countryid GROUP BY T1.countryid HAVING count(*)  >=  1
2026-07-31 14:56:51,907 [INFO   ] [inference] generate_sql  latency_sec=0.7265  input_tokens=152  output_tokens=13
2026-07-31 14:56:51,907 [INFO   ]   >> INPUT  : Translate the natural language question into a valid SQL query using the provided schema.

Schema:
countries(CountryId, CountryName, Continent->continents.ContId) | car_makers(Id, Maker, FullName, Country->countries.CountryId) | model_list(ModelId, Maker->car_makers.Id, Model) | car_names(MakeId, Model->model_list.Model, Make) | cars_data(Id->car_names.MakeId, MPG, Cylinders, Edispl, Horsepower, Weight, Accelerate, Year)

Question:
What is the number of the cars with horsepower more than 150?

SQL:

2026-07-31 14:56:51,907 [INFO   ]   >> OUTPUT : SELECT count(*) FROM cars WHERE horsepower  >  150
2026-07-31 14:56:52,674 [INFO   ] [inference] generate_sql  latency_sec=0.7549  input_tokens=152  output_tokens=13
2026-07-31 14:56:52,675 [INFO   ]   >> INPUT  : Translate the natural language question into a valid SQL query using the provided schema.

Schema:
countries(CountryId, CountryName, Continent->continents.ContId) | car_makers(Id, Maker, FullName, Country->countries.CountryId) | model_list(ModelId, Maker->car_makers.Id, Model) | car_names(MakeId, Model->model_list.Model, Make) | cars_data(Id->car_names.MakeId, MPG, Cylinders, Edispl, Horsepower, Weight, Accelerate, Year)

Question:
What is the number of cars with a horsepower greater than 150?

SQL:

2026-07-31 14:56:52,675 [INFO   ]   >> OUTPUT : SELECT count(*) FROM cars WHERE horsepower  >  150
2026-07-31 14:56:53,534 [INFO   ] [inference] generate_sql  latency_sec=0.8477  input_tokens=149  output_tokens=17
2026-07-31 14:56:53,535 [INFO   ]   >> INPUT  : Translate the natural language question into a valid SQL query using the provided schema.

Schema:
countries(CountryId, CountryName, Continent->continents.ContId) | car_makers(Id, Maker, FullName, Country->countries.CountryId) | model_list(ModelId, Maker->car_makers.Id, Model) | car_names(MakeId, Model->model_list.Model, Make) | cars_data(Id->car_names.MakeId, MPG, Cylinders, Edispl, Horsepower, Weight, Accelerate, Year)

Question:
What is the average weight of cars each year?

SQL:

2026-07-31 14:56:53,535 [INFO   ]   >> OUTPUT : SELECT avg(Weight) ,  YEAR FROM cars_data GROUP BY YEAR
2026-07-31 14:56:54,628 [INFO   ] [inference] generate_sql  latency_sec=1.0803  input_tokens=140  output_tokens=23
2026-07-31 14:56:54,629 [INFO   ]   >> INPUT  : Translate the natural language question into a valid SQL query using the provided schema.

Schema:
continents(ContId, Continent) | countries(CountryId, CountryName, Continent->continents.ContId) | car_makers(Id, Maker, FullName, Country->countries.CountryId) | car_names(MakeId, Model->model_list.Model, Make) | cars_data(Id->car_names.MakeId, MPG, Cylinders, Edispl, Horsepower, Weight, Accelerate, Year)

Question:
What is the average weight and year for each year?

SQL:

2026-07-31 14:56:54,629 [INFO   ]   >> OUTPUT : SELECT avg(weight) ,  avg(year) FROM cars_data GROUP BY avg(year)
2026-07-31 14:56:59,145 [INFO   ] [inference] generate_sql  latency_sec=4.5044  input_tokens=159  output_tokens=60
2026-07-31 14:56:59,145 [INFO   ]   >> INPUT  : Translate the natural language question into a valid SQL query using the provided schema.

Schema:
continents(ContId, Continent) | countries(CountryId, CountryName, Continent->continents.ContId) | car_makers(Id, Maker, FullName, Country->countries.CountryId) | model_list(ModelId, Maker->car_makers.Id, Model) | car_names(MakeId, Model->model_list.Model, Make) | cars_data(Id->car_names.MakeId, MPG, Cylinders, Edispl, Horsepower, Weight, Accelerate, Year)

Question:
Which countries in europe have at least 3 car manufacturers?

SQL:

2026-07-31 14:56:59,145 [INFO   ]   >> OUTPUT : SELECT T1.Country FROM countries AS T1 JOIN car_makers AS T2 ON T1.Country  =  T2.Country WHERE T2.Maker  =  "europe" GROUP BY T1.Country HAVING count(*)  >=  3
2026-07-31 14:57:02,521 [INFO   ] [inference] generate_sql  latency_sec=3.3595  input_tokens=161  output_tokens=62
2026-07-31 14:57:02,522 [INFO   ]   >> INPUT  : Translate the natural language question into a valid SQL query using the provided schema.

Schema:
continents(ContId, Continent) | countries(CountryId, CountryName, Continent->continents.ContId) | car_makers(Id, Maker, FullName, Country->countries.CountryId) | model_list(ModelId, Maker->car_makers.Id, Model) | car_names(MakeId, Model->model_list.Model, Make) | cars_data(Id->car_names.MakeId, MPG, Cylinders, Edispl, Horsepower, Weight, Accelerate, Year)

Question:
What are the names of all European countries with at least 3 manufacturers?

SQL:

2026-07-31 14:57:02,522 [INFO   ]   >> OUTPUT : SELECT T1.CountryName FROM countries AS T1 JOIN car_makers AS T2 ON T1.CountryId  =  T2.Country WHERE T2.Maker  =  "Europe" GROUP BY T1.CountryName HAVING count(*)  >=  3
2026-07-31 14:57:04,730 [INFO   ] [inference] generate_sql  latency_sec=2.1963  input_tokens=155  output_tokens=21
2026-07-31 14:57:04,730 [INFO   ]   >> INPUT  : Translate the natural language question into a valid SQL query using the provided schema.

Schema:
countries(CountryId, CountryName, Continent->continents.ContId) | car_makers(Id, Maker, FullName, Country->countries.CountryId) | model_list(ModelId, Maker->car_makers.Id, Model) | car_names(MakeId, Model->model_list.Model, Make) | cars_data(Id->car_names.MakeId, MPG, Cylinders, Edispl, Horsepower, Weight, Accelerate, Year)

Question:
What is the maximum horsepower and the make of the car models with 3 cylinders?

SQL:

2026-07-31 14:57:04,730 [INFO   ]   >> OUTPUT : SELECT max(Horsepower) ,  Make FROM car_models WHERE cylinders  =  3
2026-07-31 14:57:05,911 [INFO   ] [inference] generate_sql  latency_sec=1.1682  input_tokens=140  output_tokens=24
2026-07-31 14:57:05,911 [INFO   ]   >> INPUT  : Translate the natural language question into a valid SQL query using the provided schema.

Schema:
car_makers(Id, Maker, FullName, Country->countries.CountryId) | model_list(ModelId, Maker->car_makers.Id, Model) | car_names(MakeId, Model->model_list.Model, Make) | cars_data(Id->car_names.MakeId, MPG, Cylinders, Edispl, Horsepower, Weight, Accelerate, Year)

Question:
What is the largest amount of horsepower for the models with 3 cylinders and what make is it?

SQL:

2026-07-31 14:57:05,911 [INFO   ]   >> OUTPUT : SELECT max(Horsepower) ,  Make FROM car_names WHERE cylinders  =  3 GROUP BY Make
2026-07-31 14:57:06,951 [INFO   ] [inference] generate_sql  latency_sec=1.0272  input_tokens=158  output_tokens=20
2026-07-31 14:57:06,952 [INFO   ]   >> INPUT  : Translate the natural language question into a valid SQL query using the provided schema.

Schema:
countries(CountryId, CountryName, Continent->continents.ContId) | car_makers(Id, Maker, FullName, Country->countries.CountryId) | model_list(ModelId, Maker->car_makers.Id, Model) | car_names(MakeId, Model->model_list.Model, Make) | cars_data(Id->car_names.MakeId, MPG, Cylinders, Edispl, Horsepower, Weight, Accelerate, Year)

Question:
Which model saves the most gasoline? That is to say, have the maximum miles per gallon.

SQL:

2026-07-31 14:57:06,952 [INFO   ]   >> OUTPUT : SELECT model FROM model_list GROUP BY model ORDER BY count(*) DESC LIMIT 1
2026-07-31 14:57:07,751 [INFO   ] [inference] generate_sql  latency_sec=0.7866  input_tokens=150  output_tokens=15
2026-07-31 14:57:07,752 [INFO   ]   >> INPUT  : Translate the natural language question into a valid SQL query using the provided schema.

Schema:
countries(CountryId, CountryName, Continent->continents.ContId) | car_makers(Id, Maker, FullName, Country->countries.CountryId) | model_list(ModelId, Maker->car_makers.Id, Model) | car_names(MakeId, Model->model_list.Model, Make) | cars_data(Id->car_names.MakeId, MPG, Cylinders, Edispl, Horsepower, Weight, Accelerate, Year)

Question:
What is the car model with the highest mpg ?

SQL:

2026-07-31 14:57:07,752 [INFO   ]   >> OUTPUT : SELECT model FROM car_names ORDER BY MPG DESC LIMIT 1
2026-07-31 14:57:08,594 [INFO   ] [inference] generate_sql  latency_sec=0.8287  input_tokens=150  output_tokens=16
2026-07-31 14:57:08,594 [INFO   ]   >> INPUT  : Translate the natural language question into a valid SQL query using the provided schema.

Schema:
countries(CountryId, CountryName, Continent->continents.ContId) | car_makers(Id, Maker, FullName, Country->countries.CountryId) | model_list(ModelId, Maker->car_makers.Id, Model) | car_names(MakeId, Model->model_list.Model, Make) | cars_data(Id->car_names.MakeId, MPG, Cylinders, Edispl, Horsepower, Weight, Accelerate, Year)

Question:
What is the average horsepower of the cars before 1980?

SQL:

2026-07-31 14:57:08,594 [INFO   ]   >> OUTPUT : SELECT avg(Horsepower) FROM cars WHERE YEAR  <  1980
2026-07-31 14:57:09,436 [INFO   ] [inference] generate_sql  latency_sec=0.8293  input_tokens=151  output_tokens=16
2026-07-31 14:57:09,437 [INFO   ]   >> INPUT  : Translate the natural language question into a valid SQL query using the provided schema.

Schema:
countries(CountryId, CountryName, Continent->continents.ContId) | car_makers(Id, Maker, FullName, Country->countries.CountryId) | model_list(ModelId, Maker->car_makers.Id, Model) | car_names(MakeId, Model->model_list.Model, Make) | cars_data(Id->car_names.MakeId, MPG, Cylinders, Edispl, Horsepower, Weight, Accelerate, Year)

Question:
What is the average horsepower for all cars produced before 1980 ?

SQL:

2026-07-31 14:57:09,437 [INFO   ]   >> OUTPUT : SELECT avg(Horsepower) FROM cars WHERE YEAR  <  1980
2026-07-31 14:57:12,124 [INFO   ] [inference] generate_sql  latency_sec=2.6756  input_tokens=154  output_tokens=21
2026-07-31 14:57:12,125 [INFO   ]   >> INPUT  : Translate the natural language question into a valid SQL query using the provided schema.

Schema:
countries(CountryId, CountryName, Continent->continents.ContId) | car_makers(Id, Maker, FullName, Country->countries.CountryId) | model_list(ModelId, Maker->car_makers.Id, Model) | car_names(MakeId, Model->model_list.Model, Make) | cars_data(Id->car_names.MakeId, MPG, Cylinders, Edispl, Horsepower, Weight, Accelerate, Year)

Question:
What is the average edispl of the cars of model volvo?

SQL:

2026-07-31 14:57:12,125 [INFO   ]   >> OUTPUT : SELECT avg(edispl) FROM cars_data WHERE model  =  "volvo"
2026-07-31 14:57:13,678 [INFO   ] [inference] generate_sql  latency_sec=1.5374  input_tokens=152  output_tokens=22
2026-07-31 14:57:13,679 [INFO   ]   >> INPUT  : Translate the natural language question into a valid SQL query using the provided schema.

Schema:
countries(CountryId, CountryName, Continent->continents.ContId) | car_makers(Id, Maker, FullName, Country->countries.CountryId) | model_list(ModelId, Maker->car_makers.Id, Model) | car_names(MakeId, Model->model_list.Model, Make) | cars_data(Id->car_names.MakeId, MPG, Cylinders, Edispl, Horsepower, Weight, Accelerate, Year)

Question:
What is the average edispl for all volvos?

SQL:

2026-07-31 14:57:13,679 [INFO   ]   >> OUTPUT : SELECT avg(edispl) FROM cars_data WHERE model  =  "volvos"
2026-07-31 14:57:15,108 [INFO   ] [inference] generate_sql  latency_sec=1.4124  input_tokens=138  output_tokens=23
2026-07-31 14:57:15,108 [INFO   ]   >> INPUT  : Translate the natural language question into a valid SQL query using the provided schema.

Schema:
continents(ContId, Continent) | countries(CountryId, CountryName, Continent->continents.ContId) | model_list(ModelId, Maker->car_makers.Id, Model) | car_names(MakeId, Model->model_list.Model, Make) | cars_data(Id->car_names.MakeId, MPG, Cylinders, Edispl, Horsepower, Weight, Accelerate, Year)

Question:
What is the maximum accelerate for different number of cylinders?

SQL:

2026-07-31 14:57:15,108 [INFO   ]   >> OUTPUT : SELECT max(Accelerate) ,  COUNT(*) FROM cars_data GROUP BY Cylinders
2026-07-31 14:57:16,097 [INFO   ] [inference] generate_sql  latency_sec=0.9759  input_tokens=138  output_tokens=21
2026-07-31 14:57:16,097 [INFO   ]   >> INPUT  : Translate the natural language question into a valid SQL query using the provided schema.

Schema:
continents(ContId, Continent) | countries(CountryId, CountryName, Continent->continents.ContId) | model_list(ModelId, Maker->car_makers.Id, Model) | car_names(MakeId, Model->model_list.Model, Make) | cars_data(Id->car_names.MakeId, MPG, Cylinders, Edispl, Horsepower, Weight, Accelerate, Year)

Question:
What is the maximum accelerate for all the different cylinders?

SQL:

2026-07-31 14:57:16,097 [INFO   ]   >> OUTPUT : SELECT max(Accelerate) ,  CYLS FROM cars_data GROUP BY CYLS
2026-07-31 14:57:17,078 [INFO   ] [inference] generate_sql  latency_sec=0.969  input_tokens=151  output_tokens=20
2026-07-31 14:57:17,079 [INFO   ]   >> INPUT  : Translate the natural language question into a valid SQL query using the provided schema.

Schema:
countries(CountryId, CountryName, Continent->continents.ContId) | car_makers(Id, Maker, FullName, Country->countries.CountryId) | model_list(ModelId, Maker->car_makers.Id, Model) | car_names(MakeId, Model->model_list.Model, Make) | cars_data(Id->car_names.MakeId, MPG, Cylinders, Edispl, Horsepower, Weight, Accelerate, Year)

Question:
Which model has the most version(make) of cars?

SQL:

2026-07-31 14:57:17,079 [INFO   ]   >> OUTPUT : SELECT model FROM model_list GROUP BY model ORDER BY count(*) DESC LIMIT 1
2026-07-31 14:57:18,064 [INFO   ] [inference] generate_sql  latency_sec=0.9734  input_tokens=129  output_tokens=20
2026-07-31 14:57:18,065 [INFO   ]   >> INPUT  : Translate the natural language question into a valid SQL query using the provided schema.

Schema:
car_makers(Id, Maker, FullName, Country->countries.CountryId) | model_list(ModelId, Maker->car_makers.Id, Model) | car_names(MakeId, Model->model_list.Model, Make) | cars_data(Id->car_names.MakeId, MPG, Cylinders, Edispl, Horsepower, Weight, Accelerate, Year)

Question:
What model has the most different versions?

SQL:

2026-07-31 14:57:18,065 [INFO   ]   >> OUTPUT : SELECT model FROM model_list GROUP BY model ORDER BY count(*) DESC LIMIT 1
2026-07-31 14:57:18,829 [INFO   ] [inference] generate_sql  latency_sec=0.7517  input_tokens=148  output_tokens=13
2026-07-31 14:57:18,829 [INFO   ]   >> INPUT  : Translate the natural language question into a valid SQL query using the provided schema.

Schema:
countries(CountryId, CountryName, Continent->continents.ContId) | car_makers(Id, Maker, FullName, Country->countries.CountryId) | model_list(ModelId, Maker->car_makers.Id, Model) | car_names(MakeId, Model->model_list.Model, Make) | cars_data(Id->car_names.MakeId, MPG, Cylinders, Edispl, Horsepower, Weight, Accelerate, Year)

Question:
How many cars have more than 4 cylinders?

SQL:

2026-07-31 14:57:18,829 [INFO   ]   >> OUTPUT : SELECT count(*) FROM cars WHERE cylinders  >  4
2026-07-31 14:57:19,581 [INFO   ] [inference] generate_sql  latency_sec=0.737  input_tokens=151  output_tokens=13
2026-07-31 14:57:19,581 [INFO   ]   >> INPUT  : Translate the natural language question into a valid SQL query using the provided schema.

Schema:
countries(CountryId, CountryName, Continent->continents.ContId) | car_makers(Id, Maker, FullName, Country->countries.CountryId) | model_list(ModelId, Maker->car_makers.Id, Model) | car_names(MakeId, Model->model_list.Model, Make) | cars_data(Id->car_names.MakeId, MPG, Cylinders, Edispl, Horsepower, Weight, Accelerate, Year)

Question:
What is the number of cars with more than 4 cylinders?

SQL:

2026-07-31 14:57:19,581 [INFO   ]   >> OUTPUT : SELECT count(*) FROM cars WHERE cylinders  >  4
2026-07-31 14:57:20,266 [INFO   ] [inference] generate_sql  latency_sec=0.6736  input_tokens=147  output_tokens=15
2026-07-31 14:57:20,267 [INFO   ]   >> INPUT  : Translate the natural language question into a valid SQL query using the provided schema.

Schema:
countries(CountryId, CountryName, Continent->continents.ContId) | car_makers(Id, Maker, FullName, Country->countries.CountryId) | model_list(ModelId, Maker->car_makers.Id, Model) | car_names(MakeId, Model->model_list.Model, Make) | cars_data(Id->car_names.MakeId, MPG, Cylinders, Edispl, Horsepower, Weight, Accelerate, Year)

Question:
how many cars were produced in 1980?

SQL:

2026-07-31 14:57:20,267 [INFO   ]   >> OUTPUT : SELECT count(*) FROM cars_data WHERE YEAR  =  1980
2026-07-31 14:57:21,019 [INFO   ] [inference] generate_sql  latency_sec=0.741  input_tokens=148  output_tokens=15
2026-07-31 14:57:21,020 [INFO   ]   >> INPUT  : Translate the natural language question into a valid SQL query using the provided schema.

Schema:
countries(CountryId, CountryName, Continent->continents.ContId) | car_makers(Id, Maker, FullName, Country->countries.CountryId) | model_list(ModelId, Maker->car_makers.Id, Model) | car_names(MakeId, Model->model_list.Model, Make) | cars_data(Id->car_names.MakeId, MPG, Cylinders, Edispl, Horsepower, Weight, Accelerate, Year)

Question:
In 1980, how many cars were made?

SQL:

2026-07-31 14:57:21,020 [INFO   ]   >> OUTPUT : SELECT count(*) FROM cars_data WHERE YEAR  =  1980
2026-07-31 14:57:24,030 [INFO   ] [inference] generate_sql  latency_sec=2.9982  input_tokens=155  output_tokens=65
2026-07-31 14:57:24,030 [INFO   ]   >> INPUT  : Translate the natural language question into a valid SQL query using the provided schema.

Schema:
countries(CountryId, CountryName, Continent->continents.ContId) | car_makers(Id, Maker, FullName, Country->countries.CountryId) | model_list(ModelId, Maker->car_makers.Id, Model) | car_names(MakeId, Model->model_list.Model, Make) | cars_data(Id->car_names.MakeId, MPG, Cylinders, Edispl, Horsepower, Weight, Accelerate, Year)

Question:
How many car models were produced by the maker with full name American Motor Company?

SQL:

2026-07-31 14:57:24,030 [INFO   ]   >> OUTPUT : SELECT count(*) FROM car_makers AS T1 JOIN model_list AS T2 ON T1.id  =  T2.model JOIN countries AS T3 ON T2.model  =  T3.countryid WHERE T3.countryname  =  "American Motor Company"
2026-07-31 14:57:28,127 [INFO   ] [inference] generate_sql  latency_sec=4.0839  input_tokens=155  output_tokens=66
2026-07-31 14:57:28,127 [INFO   ]   >> INPUT  : Translate the natural language question into a valid SQL query using the provided schema.

Schema:
countries(CountryId, CountryName, Continent->continents.ContId) | car_makers(Id, Maker, FullName, Country->countries.CountryId) | model_list(ModelId, Maker->car_makers.Id, Model) | car_names(MakeId, Model->model_list.Model, Make) | cars_data(Id->car_names.MakeId, MPG, Cylinders, Edispl, Horsepower, Weight, Accelerate, Year)

Question:
What is the number of car models created by the car maker American Motor Company?

SQL:

2026-07-31 14:57:28,127 [INFO   ]   >> OUTPUT : SELECT count(*) FROM car_makers AS T1 JOIN model_list AS T2 ON T1.id  =  T2.model JOIN countries AS T3 ON T3.countryid  =  T2.countryid WHERE T3.countryname  =  "American Motor Company"
2026-07-31 14:57:30,753 [INFO   ] [inference] generate_sql  latency_sec=2.6139  input_tokens=155  output_tokens=56
2026-07-31 14:57:30,753 [INFO   ]   >> INPUT  : Translate the natural language question into a valid SQL query using the provided schema.

Schema:
countries(CountryId, CountryName, Continent->continents.ContId) | car_makers(Id, Maker, FullName, Country->countries.CountryId) | model_list(ModelId, Maker->car_makers.Id, Model) | car_names(MakeId, Model->model_list.Model, Make) | cars_data(Id->car_names.MakeId, MPG, Cylinders, Edispl, Horsepower, Weight, Accelerate, Year)

Question:
Which makers designed more than 3 car models? List full name and the id.

SQL:

2026-07-31 14:57:30,753 [INFO   ]   >> OUTPUT : SELECT T1.FullName ,  T1.Maker FROM car_makers AS T1 JOIN model_list AS T2 ON T1.Maker  =  T2.Model GROUP BY T1.Maker HAVING count(*)  >  3
2026-07-31 14:57:33,363 [INFO   ] [inference] generate_sql  latency_sec=2.5972  input_tokens=155  output_tokens=55
2026-07-31 14:57:33,363 [INFO   ]   >> INPUT  : Translate the natural language question into a valid SQL query using the provided schema.

Schema:
countries(CountryId, CountryName, Continent->continents.ContId) | car_makers(Id, Maker, FullName, Country->countries.CountryId) | model_list(ModelId, Maker->car_makers.Id, Model) | car_names(MakeId, Model->model_list.Model, Make) | cars_data(Id->car_names.MakeId, MPG, Cylinders, Edispl, Horsepower, Weight, Accelerate, Year)

Question:
What are the names and ids of all makers with more than 3 models?

SQL:

2026-07-31 14:57:33,363 [INFO   ]   >> OUTPUT : SELECT T1.Maker ,  T1.Model FROM car_makers AS T1 JOIN model_list AS T2 ON T1.Model  =  T2.Model GROUP BY T1.Model HAVING count(*)  >  3
2026-07-31 14:57:36,868 [INFO   ] [inference] generate_sql  latency_sec=3.4929  input_tokens=159  output_tokens=54
2026-07-31 14:57:36,868 [INFO   ]   >> INPUT  : Translate the natural language question into a valid SQL query using the provided schema.

Schema:
countries(CountryId, CountryName, Continent->continents.ContId) | car_makers(Id, Maker, FullName, Country->countries.CountryId) | model_list(ModelId, Maker->car_makers.Id, Model) | car_names(MakeId, Model->model_list.Model, Make) | cars_data(Id->car_names.MakeId, MPG, Cylinders, Edispl, Horsepower, Weight, Accelerate, Year)

Question:
Which distinctive models are produced by maker with the full name General Motors or weighing more than 3500?

SQL:

2026-07-31 14:57:36,868 [INFO   ]   >> OUTPUT : SELECT T1.Model FROM countries AS T1 JOIN car_makers AS T2 ON T1.CountryId  =  T2.Country WHERE T2.Maker  =  "General Motors" OR T2.Weight  >  3500
2026-07-31 14:57:39,966 [INFO   ] [inference] generate_sql  latency_sec=3.0856  input_tokens=159  output_tokens=27
2026-07-31 14:57:39,966 [INFO   ]   >> INPUT  : Translate the natural language question into a valid SQL query using the provided schema.

Schema:
countries(CountryId, CountryName, Continent->continents.ContId) | car_makers(Id, Maker, FullName, Country->countries.CountryId) | model_list(ModelId, Maker->car_makers.Id, Model) | car_names(MakeId, Model->model_list.Model, Make) | cars_data(Id->car_names.MakeId, MPG, Cylinders, Edispl, Horsepower, Weight, Accelerate, Year)

Question:
What are the different models created by either the car maker General Motors or weighed more than 3500?

SQL:

2026-07-31 14:57:39,966 [INFO   ]   >> OUTPUT : SELECT DISTINCT model FROM car_makers WHERE maker  =  "General Motors" OR weight  >  3500
2026-07-31 14:57:44,513 [INFO   ] [inference] generate_sql  latency_sec=4.5298  input_tokens=156  output_tokens=84
2026-07-31 14:57:44,513 [INFO   ]   >> INPUT  : Translate the natural language question into a valid SQL query using the provided schema.

Schema:
countries(CountryId, CountryName, Continent->continents.ContId) | car_makers(Id, Maker, FullName, Country->countries.CountryId) | model_list(ModelId, Maker->car_makers.Id, Model) | car_names(MakeId, Model->model_list.Model, Make) | cars_data(Id->car_names.MakeId, MPG, Cylinders, Edispl, Horsepower, Weight, Accelerate, Year)

Question:
In which years cars were produced weighing no less than 3000 and no more than 4000 ?

SQL:

2026-07-31 14:57:44,514 [INFO   ]   >> OUTPUT : SELECT T2.year FROM cars_data AS T1 JOIN countries AS T2 ON T1.country  =  T2.countryid WHERE T1.weight  <  3000 INTERSECT SELECT T2.year FROM cars_data AS T1 JOIN countries AS T2 ON T1.country  =  T2.countryid WHERE T1.weight  >  4000
2026-07-31 14:57:46,059 [INFO   ] [inference] generate_sql  latency_sec=1.5327  input_tokens=164  output_tokens=32
2026-07-31 14:57:46,059 [INFO   ]   >> INPUT  : Translate the natural language question into a valid SQL query using the provided schema.

Schema:
countries(CountryId, CountryName, Continent->continents.ContId) | car_makers(Id, Maker, FullName, Country->countries.CountryId) | model_list(ModelId, Maker->car_makers.Id, Model) | car_names(MakeId, Model->model_list.Model, Make) | cars_data(Id->car_names.MakeId, MPG, Cylinders, Edispl, Horsepower, Weight, Accelerate, Year)

Question:
What are the different years in which there were cars produced that weighed less than 4000 and also cars that weighted more than 3000 ?

SQL:

2026-07-31 14:57:46,059 [INFO   ]   >> OUTPUT : SELECT DISTINCT YEAR FROM cars_data WHERE weight  <  4000 INTERSECT SELECT YEAR FROM cars_data WHERE weight  >  3000
2026-07-31 14:57:48,797 [INFO   ] [inference] generate_sql  latency_sec=2.7236  input_tokens=151  output_tokens=58
2026-07-31 14:57:48,797 [INFO   ]   >> INPUT  : Translate the natural language question into a valid SQL query using the provided schema.

Schema:
countries(CountryId, CountryName, Continent->continents.ContId) | car_makers(Id, Maker, FullName, Country->countries.CountryId) | model_list(ModelId, Maker->car_makers.Id, Model) | car_names(MakeId, Model->model_list.Model, Make) | cars_data(Id->car_names.MakeId, MPG, Cylinders, Edispl, Horsepower, Weight, Accelerate, Year)

Question:
What is the horsepower of the car with the largest accelerate?

SQL:

2026-07-31 14:57:48,797 [INFO   ]   >> OUTPUT : SELECT T2.Horsepower FROM cars_data AS T1 JOIN car_names AS T2 ON T1.Make  =  T2.Make WHERE T1.Accelerate  =  (SELECT max(Accelerate) FROM cars_data)
2026-07-31 14:57:51,956 [INFO   ] [inference] generate_sql  latency_sec=3.1396  input_tokens=151  output_tokens=58
2026-07-31 14:57:51,956 [INFO   ]   >> INPUT  : Translate the natural language question into a valid SQL query using the provided schema.

Schema:
countries(CountryId, CountryName, Continent->continents.ContId) | car_makers(Id, Maker, FullName, Country->countries.CountryId) | model_list(ModelId, Maker->car_makers.Id, Model) | car_names(MakeId, Model->model_list.Model, Make) | cars_data(Id->car_names.MakeId, MPG, Cylinders, Edispl, Horsepower, Weight, Accelerate, Year)

Question:
What is the horsepower of the car with the greatest accelerate?

SQL:

2026-07-31 14:57:51,956 [INFO   ]   >> OUTPUT : SELECT T2.Horsepower FROM cars_data AS T1 JOIN car_names AS T2 ON T1.Make  =  T2.Make WHERE T1.Accelerate  =  (SELECT max(Accelerate) FROM cars_data)
2026-07-31 14:57:56,451 [INFO   ] [inference] generate_sql  latency_sec=4.4815  input_tokens=156  output_tokens=68
2026-07-31 14:57:56,451 [INFO   ]   >> INPUT  : Translate the natural language question into a valid SQL query using the provided schema.

Schema:
countries(CountryId, CountryName, Continent->continents.ContId) | car_makers(Id, Maker, FullName, Country->countries.CountryId) | model_list(ModelId, Maker->car_makers.Id, Model) | car_names(MakeId, Model->model_list.Model, Make) | cars_data(Id->car_names.MakeId, MPG, Cylinders, Edispl, Horsepower, Weight, Accelerate, Year)

Question:
For model volvo, how many cylinders does the car with the least accelerate have?

SQL:

2026-07-31 14:57:56,451 [INFO   ]   >> OUTPUT : SELECT avg(T2.cylinders) FROM cars_data AS T1 JOIN model_list AS T2 ON T1.model  =  T2.model WHERE T1.model  =  "volvo" GROUP BY T2.model ORDER BY avg(T2.cylinders) LIMIT 1
2026-07-31 14:57:59,675 [INFO   ] [inference] generate_sql  latency_sec=3.2116  input_tokens=156  output_tokens=68
2026-07-31 14:57:59,676 [INFO   ]   >> INPUT  : Translate the natural language question into a valid SQL query using the provided schema.

Schema:
countries(CountryId, CountryName, Continent->continents.ContId) | car_makers(Id, Maker, FullName, Country->countries.CountryId) | model_list(ModelId, Maker->car_makers.Id, Model) | car_names(MakeId, Model->model_list.Model, Make) | cars_data(Id->car_names.MakeId, MPG, Cylinders, Edispl, Horsepower, Weight, Accelerate, Year)

Question:
For a volvo model, how many cylinders does the version with least accelerate have?

SQL:

2026-07-31 14:57:59,676 [INFO   ]   >> OUTPUT : SELECT avg(T2.cylinders) FROM cars_data AS T1 JOIN model_list AS T2 ON T1.model  =  T2.model WHERE T1.model  =  "volvo" GROUP BY T2.model ORDER BY avg(T2.cylinders) LIMIT 1
2026-07-31 14:58:03,475 [INFO   ] [inference] generate_sql  latency_sec=3.7873  input_tokens=154  output_tokens=37
2026-07-31 14:58:03,475 [INFO   ]   >> INPUT  : Translate the natural language question into a valid SQL query using the provided schema.

Schema:
countries(CountryId, CountryName, Continent->continents.ContId) | car_makers(Id, Maker, FullName, Country->countries.CountryId) | model_list(ModelId, Maker->car_makers.Id, Model) | car_names(MakeId, Model->model_list.Model, Make) | cars_data(Id->car_names.MakeId, MPG, Cylinders, Edispl, Horsepower, Weight, Accelerate, Year)

Question:
How many cars have a larger accelerate than the car with the largest horsepower?

SQL:

2026-07-31 14:58:03,475 [INFO   ]   >> OUTPUT : SELECT count(*) FROM cars WHERE acceleration  >  (SELECT max(accelerate) FROM cars WHERE horsepower  >  (SELECT max(horsepower) FROM cars))
2026-07-31 14:58:05,792 [INFO   ] [inference] generate_sql  latency_sec=2.3043  input_tokens=157  output_tokens=23
2026-07-31 14:58:05,793 [INFO   ]   >> INPUT  : Translate the natural language question into a valid SQL query using the provided schema.

Schema:
countries(CountryId, CountryName, Continent->continents.ContId) | car_makers(Id, Maker, FullName, Country->countries.CountryId) | model_list(ModelId, Maker->car_makers.Id, Model) | car_names(MakeId, Model->model_list.Model, Make) | cars_data(Id->car_names.MakeId, MPG, Cylinders, Edispl, Horsepower, Weight, Accelerate, Year)

Question:
What is the number of cars with a greater accelerate than the one with the most horsepower?

SQL:

2026-07-31 14:58:05,793 [INFO   ]   >> OUTPUT : SELECT count(*) FROM cars WHERE accelerate  >  (SELECT max(accelerate) FROM cars)
2026-07-31 14:58:08,689 [INFO   ] [inference] generate_sql  latency_sec=2.8835  input_tokens=157  output_tokens=49
2026-07-31 14:58:08,689 [INFO   ]   >> INPUT  : Translate the natural language question into a valid SQL query using the provided schema.

Schema:
continents(ContId, Continent) | countries(CountryId, CountryName, Continent->continents.ContId) | car_makers(Id, Maker, FullName, Country->countries.CountryId) | model_list(ModelId, Maker->car_makers.Id, Model) | car_names(MakeId, Model->model_list.Model, Make) | cars_data(Id->car_names.MakeId, MPG, Cylinders, Edispl, Horsepower, Weight, Accelerate, Year)

Question:
How many countries has more than 2 car makers ?

SQL:

2026-07-31 14:58:08,689 [INFO   ]   >> OUTPUT : SELECT count(*) FROM countries AS T1 JOIN car_makers AS T2 ON T1.countryid  =  T2.countryid GROUP BY T1.countryid HAVING count(*)  >  2
2026-07-31 14:58:09,897 [INFO   ] [inference] generate_sql  latency_sec=1.1894  input_tokens=160  output_tokens=13
2026-07-31 14:58:09,897 [INFO   ]   >> INPUT  : Translate the natural language question into a valid SQL query using the provided schema.

Schema:
continents(ContId, Continent) | countries(CountryId, CountryName, Continent->continents.ContId) | car_makers(Id, Maker, FullName, Country->countries.CountryId) | model_list(ModelId, Maker->car_makers.Id, Model) | car_names(MakeId, Model->model_list.Model, Make) | cars_data(Id->car_names.MakeId, MPG, Cylinders, Edispl, Horsepower, Weight, Accelerate, Year)

Question:
What is the number of countries with more than 2 car makers ?

SQL:

2026-07-31 14:58:09,897 [INFO   ]   >> OUTPUT : SELECT count(*) FROM countries WHERE maker  >  2
2026-07-31 14:58:10,815 [INFO   ] [inference] generate_sql  latency_sec=0.8939  input_tokens=147  output_tokens=15
2026-07-31 14:58:10,816 [INFO   ]   >> INPUT  : Translate the natural language question into a valid SQL query using the provided schema.

Schema:
countries(CountryId, CountryName, Continent->continents.ContId) | car_makers(Id, Maker, FullName, Country->countries.CountryId) | model_list(ModelId, Maker->car_makers.Id, Model) | car_names(MakeId, Model->model_list.Model, Make) | cars_data(Id->car_names.MakeId, MPG, Cylinders, Edispl, Horsepower, Weight, Accelerate, Year)

Question:
How many cars has over 6 cylinders?

SQL:

2026-07-31 14:58:10,816 [INFO   ]   >> OUTPUT : SELECT count(*) FROM cars_data WHERE cylinders  >  6
2026-07-31 14:58:11,664 [INFO   ] [inference] generate_sql  latency_sec=0.8331  input_tokens=152  output_tokens=16
2026-07-31 14:58:11,665 [INFO   ]   >> INPUT  : Translate the natural language question into a valid SQL query using the provided schema.

Schema:
countries(CountryId, CountryName, Continent->continents.ContId) | car_makers(Id, Maker, FullName, Country->countries.CountryId) | model_list(ModelId, Maker->car_makers.Id, Model) | car_names(MakeId, Model->model_list.Model, Make) | cars_data(Id->car_names.MakeId, MPG, Cylinders, Edispl, Horsepower, Weight, Accelerate, Year)

Question:
What is the number of carsw ith over 6 cylinders?

SQL:

2026-07-31 14:58:11,665 [INFO   ]   >> OUTPUT : SELECT count(*) FROM cars_data WHERE cylinders  >=  6
2026-07-31 14:58:14,424 [INFO   ] [inference] generate_sql  latency_sec=2.7476  input_tokens=153  output_tokens=58
2026-07-31 14:58:14,425 [INFO   ]   >> INPUT  : Translate the natural language question into a valid SQL query using the provided schema.

Schema:
countries(CountryId, CountryName, Continent->continents.ContId) | car_makers(Id, Maker, FullName, Country->countries.CountryId) | model_list(ModelId, Maker->car_makers.Id, Model) | car_names(MakeId, Model->model_list.Model, Make) | cars_data(Id->car_names.MakeId, MPG, Cylinders, Edispl, Horsepower, Weight, Accelerate, Year)

Question:
For the cars with 4 cylinders, which model has the largest horsepower?

SQL:

2026-07-31 14:58:14,425 [INFO   ]   >> OUTPUT : SELECT T2.Model FROM cars_data AS T1 JOIN model_list AS T2 ON T1.Model  =  T2.Model WHERE T1.weight  =  4 GROUP BY T2.Model ORDER BY count(*) DESC LIMIT 1
2026-07-31 14:58:17,288 [INFO   ] [inference] generate_sql  latency_sec=2.8506  input_tokens=154  output_tokens=53
2026-07-31 14:58:17,288 [INFO   ]   >> INPUT  : Translate the natural language question into a valid SQL query using the provided schema.

Schema:
countries(CountryId, CountryName, Continent->continents.ContId) | car_makers(Id, Maker, FullName, Country->countries.CountryId) | model_list(ModelId, Maker->car_makers.Id, Model) | car_names(MakeId, Model->model_list.Model, Make) | cars_data(Id->car_names.MakeId, MPG, Cylinders, Edispl, Horsepower, Weight, Accelerate, Year)

Question:
For all of the 4 cylinder cars, which model has the most horsepower?

SQL:

2026-07-31 14:58:17,288 [INFO   ]   >> OUTPUT : SELECT T1.model FROM cars_data AS T1 JOIN model_list AS T2 ON T1.model  =  T2.model GROUP BY T2.model ORDER BY sum(T2.weight) DESC LIMIT 4
2026-07-31 14:58:21,670 [INFO   ] [inference] generate_sql  latency_sec=4.3696  input_tokens=167  output_tokens=87
2026-07-31 14:58:21,670 [INFO   ]   >> INPUT  : Translate the natural language question into a valid SQL query using the provided schema.

Schema:
countries(CountryId, CountryName, Continent->continents.ContId) | car_makers(Id, Maker, FullName, Country->countries.CountryId) | model_list(ModelId, Maker->car_makers.Id, Model) | car_names(MakeId, Model->model_list.Model, Make) | cars_data(Id->car_names.MakeId, MPG, Cylinders, Edispl, Horsepower, Weight, Accelerate, Year)

Question:
Among the cars with more than lowest horsepower, which ones do not have more than 3 cylinders? List the car makeid and make name.

SQL:

2026-07-31 14:58:21,670 [INFO   ]   >> OUTPUT : SELECT T1.Make ,  T1.MakeName FROM car_makers AS T1 JOIN cars_data AS T2 ON T1.id  =  T2.maker JOIN countries AS T3 ON T3.countryid  =  T2.countryid WHERE T3.contid  >  3 GROUP BY T1.maker HAVING count(*)  >=  3
2026-07-31 14:58:25,052 [INFO   ] [inference] generate_sql  latency_sec=3.3618  input_tokens=167  output_tokens=58
2026-07-31 14:58:25,052 [INFO   ]   >> INPUT  : Translate the natural language question into a valid SQL query using the provided schema.

Schema:
countries(CountryId, CountryName, Continent->continents.ContId) | car_makers(Id, Maker, FullName, Country->countries.CountryId) | model_list(ModelId, Maker->car_makers.Id, Model) | car_names(MakeId, Model->model_list.Model, Make) | cars_data(Id->car_names.MakeId, MPG, Cylinders, Edispl, Horsepower, Weight, Accelerate, Year)

Question:
Among the cars that do not have the minimum horsepower , what are the make ids and names of all those with less than 4 cylinders ?

SQL:

2026-07-31 14:58:25,052 [INFO   ]   >> OUTPUT : SELECT T1.Make ,  T1.Model FROM cars AS T1 JOIN model_list AS T2 ON T1.Model  =  T2.Model WHERE T2.Weight  <  4 GROUP BY T1.Make ,  T1.Model
2026-07-31 14:58:27,681 [INFO   ] [inference] generate_sql  latency_sec=2.6168  input_tokens=157  output_tokens=45
2026-07-31 14:58:27,682 [INFO   ]   >> INPUT  : Translate the natural language question into a valid SQL query using the provided schema.

Schema:
countries(CountryId, CountryName, Continent->continents.ContId) | car_makers(Id, Maker, FullName, Country->countries.CountryId) | model_list(ModelId, Maker->car_makers.Id, Model) | car_names(MakeId, Model->model_list.Model, Make) | cars_data(Id->car_names.MakeId, MPG, Cylinders, Edispl, Horsepower, Weight, Accelerate, Year)

Question:
What is the maximum miles per gallon of the car with 8 cylinders or produced before 1980 ?

SQL:

2026-07-31 14:58:27,682 [INFO   ]   >> OUTPUT : SELECT max(T2.weight) FROM cars_data AS T1 JOIN model_list AS T2 ON T1.model  =  T2.model WHERE T1.year  <  1980
2026-07-31 14:58:29,759 [INFO   ] [inference] generate_sql  latency_sec=2.0654  input_tokens=159  output_tokens=45
2026-07-31 14:58:29,760 [INFO   ]   >> INPUT  : Translate the natural language question into a valid SQL query using the provided schema.

Schema:
countries(CountryId, CountryName, Continent->continents.ContId) | car_makers(Id, Maker, FullName, Country->countries.CountryId) | model_list(ModelId, Maker->car_makers.Id, Model) | car_names(MakeId, Model->model_list.Model, Make) | cars_data(Id->car_names.MakeId, MPG, Cylinders, Edispl, Horsepower, Weight, Accelerate, Year)

Question:
What is the maximum mpg of the cars that had 8 cylinders or that were produced before 1980 ?

SQL:

2026-07-31 14:58:29,760 [INFO   ]   >> OUTPUT : SELECT max(T2.weight) FROM cars_data AS T1 JOIN model_list AS T2 ON T1.model  =  T2.model WHERE T1.year  <  1980
2026-07-31 14:58:35,266 [INFO   ] [inference] generate_sql  latency_sec=5.4939  input_tokens=156  output_tokens=108
2026-07-31 14:58:35,266 [INFO   ]   >> INPUT  : Translate the natural language question into a valid SQL query using the provided schema.

Schema:
countries(CountryId, CountryName, Continent->continents.ContId) | car_makers(Id, Maker, FullName, Country->countries.CountryId) | model_list(ModelId, Maker->car_makers.Id, Model) | car_names(MakeId, Model->model_list.Model, Make) | cars_data(Id->car_names.MakeId, MPG, Cylinders, Edispl, Horsepower, Weight, Accelerate, Year)

Question:
Which models are lighter than 3500 but not built by the 'Ford Motor Company'?

SQL:

2026-07-31 14:58:35,266 [INFO   ]   >> OUTPUT : SELECT T2.Model FROM countries AS T1 JOIN car_makers AS T2 ON T1.Countryid  =  T2.Countryid WHERE T1.countryname  =  'Ford Motor Company' EXCEPT SELECT T2.Model FROM countries AS T1 JOIN car_makers AS T2 ON T1.Countryid  =  T2.Countryid WHERE T1.countryname  =  'Ford Motor Company' AND T2.Maker  =  'Ford Motor Company'
2026-07-31 14:58:38,882 [INFO   ] [inference] generate_sql  latency_sec=3.5978  input_tokens=161  output_tokens=59
2026-07-31 14:58:38,882 [INFO   ]   >> INPUT  : Translate the natural language question into a valid SQL query using the provided schema.

Schema:
countries(CountryId, CountryName, Continent->continents.ContId) | car_makers(Id, Maker, FullName, Country->countries.CountryId) | model_list(ModelId, Maker->car_makers.Id, Model) | car_names(MakeId, Model->model_list.Model, Make) | cars_data(Id->car_names.MakeId, MPG, Cylinders, Edispl, Horsepower, Weight, Accelerate, Year)

Question:
What are the different models wthat are lighter than 3500 but were not built by the Ford Motor Company?

SQL:

2026-07-31 14:58:38,882 [INFO   ]   >> OUTPUT : SELECT DISTINCT T1.Model FROM countries AS T1 JOIN car_makers AS T2 ON T1.CountryId  =  T2.Country WHERE T2.Maker  =  "Ford Motor Company" AND T2.weight  >  3500
2026-07-31 14:58:40,818 [INFO   ] [inference] generate_sql  latency_sec=1.9234  input_tokens=163  output_tokens=41
2026-07-31 14:58:40,818 [INFO   ]   >> INPUT  : Translate the natural language question into a valid SQL query using the provided schema.

Schema:
continents(ContId, Continent) | countries(CountryId, CountryName, Continent->continents.ContId) | car_makers(Id, Maker, FullName, Country->countries.CountryId) | model_list(ModelId, Maker->car_makers.Id, Model) | car_names(MakeId, Model->model_list.Model, Make) | cars_data(Id->car_names.MakeId, MPG, Cylinders, Edispl, Horsepower, Weight, Accelerate, Year)

Question:
What are the name of the countries where there is not a single car maker?

SQL:

2026-07-31 14:58:40,818 [INFO   ]   >> OUTPUT : SELECT countryname FROM countries EXCEPT SELECT T1.countryname FROM countries AS T1 JOIN car_makers AS T2 ON T1.countryid  =  T2.countryid
2026-07-31 14:58:41,757 [INFO   ] [inference] generate_sql  latency_sec=0.9267  input_tokens=159  output_tokens=20
2026-07-31 14:58:41,757 [INFO   ]   >> INPUT  : Translate the natural language question into a valid SQL query using the provided schema.

Schema:
continents(ContId, Continent) | countries(CountryId, CountryName, Continent->continents.ContId) | car_makers(Id, Maker, FullName, Country->countries.CountryId) | model_list(ModelId, Maker->car_makers.Id, Model) | car_names(MakeId, Model->model_list.Model, Make) | cars_data(Id->car_names.MakeId, MPG, Cylinders, Edispl, Horsepower, Weight, Accelerate, Year)

Question:
What are the names of the countries with no car makers?

SQL:

2026-07-31 14:58:41,757 [INFO   ]   >> OUTPUT : SELECT countryname FROM countries WHERE countryid NOT IN (SELECT countryid FROM car_makers)
2026-07-31 14:58:44,358 [INFO   ] [inference] generate_sql  latency_sec=2.5892  input_tokens=164  output_tokens=53
2026-07-31 14:58:44,359 [INFO   ]   >> INPUT  : Translate the natural language question into a valid SQL query using the provided schema.

Schema:
countries(CountryId, CountryName, Continent->continents.ContId) | car_makers(Id, Maker, FullName, Country->countries.CountryId) | model_list(ModelId, Maker->car_makers.Id, Model) | car_names(MakeId, Model->model_list.Model, Make) | cars_data(Id->car_names.MakeId, MPG, Cylinders, Edispl, Horsepower, Weight, Accelerate, Year)

Question:
Which are the car makers which produce at least 2 models and more than 3 car makers ? List the id and the maker .

SQL:

2026-07-31 14:58:44,359 [INFO   ]   >> OUTPUT : SELECT maker ,  count(*) FROM car_makers GROUP BY maker HAVING count(*)  >=  2 UNION SELECT maker ,  count(*) FROM car_makers GROUP BY maker HAVING count(*)  >=  3
2026-07-31 14:58:50,213 [INFO   ] [inference] generate_sql  latency_sec=5.8404  input_tokens=163  output_tokens=113
2026-07-31 14:58:50,213 [INFO   ]   >> INPUT  : Translate the natural language question into a valid SQL query using the provided schema.

Schema:
countries(CountryId, CountryName, Continent->continents.ContId) | car_makers(Id, Maker, FullName, Country->countries.CountryId) | model_list(ModelId, Maker->car_makers.Id, Model) | car_names(MakeId, Model->model_list.Model, Make) | cars_data(Id->car_names.MakeId, MPG, Cylinders, Edispl, Horsepower, Weight, Accelerate, Year)

Question:
What are the ids and makers of all car makers that produce at least 2 models and make more than 3 cars?

SQL:

2026-07-31 14:58:50,213 [INFO   ]   >> OUTPUT : SELECT T1.id ,  T1.Maker FROM car_makers AS T1 JOIN model_list AS T2 ON T1.Maker  =  T2.Model GROUP BY T1.Maker HAVING count(*)  >=  2 UNION SELECT T1.id ,  T1.Maker FROM car_makers AS T1 JOIN model_list AS T2 ON T1.Maker  =  T2.Model GROUP BY T1.Maker HAVING count(*)  >=  3
2026-07-31 14:58:54,886 [INFO   ] [inference] generate_sql  latency_sec=4.6554  input_tokens=172  output_tokens=91
2026-07-31 14:58:54,886 [INFO   ]   >> INPUT  : Translate the natural language question into a valid SQL query using the provided schema.

Schema:
continents(ContId, Continent) | countries(CountryId, CountryName, Continent->continents.ContId) | car_makers(Id, Maker, FullName, Country->countries.CountryId) | model_list(ModelId, Maker->car_makers.Id, Model) | car_names(MakeId, Model->model_list.Model, Make) | cars_data(Id->car_names.MakeId, MPG, Cylinders, Edispl, Horsepower, Weight, Accelerate, Year)

Question:
What are the id and names of the countries which have more than 3 car makers or produce the 'fiat' model?

SQL:

2026-07-31 14:58:54,886 [INFO   ]   >> OUTPUT : SELECT T1.countryid ,  T1.countryname FROM countries AS T1 JOIN car_makers AS T2 ON T1.countryid  =  T2.countryid JOIN model_list AS T3 ON T2.maker  =  T3.id WHERE T3.model  =  'fiat' GROUP BY T1.countryid HAVING count(*)  >=  3
2026-07-31 14:59:00,527 [INFO   ] [inference] generate_sql  latency_sec=5.6285  input_tokens=170  output_tokens=113
2026-07-31 14:59:00,527 [INFO   ]   >> INPUT  : Translate the natural language question into a valid SQL query using the provided schema.

Schema:
continents(ContId, Continent) | countries(CountryId, CountryName, Continent->continents.ContId) | car_makers(Id, Maker, FullName, Country->countries.CountryId) | model_list(ModelId, Maker->car_makers.Id, Model) | car_names(MakeId, Model->model_list.Model, Make) | cars_data(Id->car_names.MakeId, MPG, Cylinders, Edispl, Horsepower, Weight, Accelerate, Year)

Question:
What are the ids and names of all countries that either have more than 3 car makers or produce fiat model ?

SQL:

2026-07-31 14:59:00,527 [INFO   ]   >> OUTPUT : SELECT T1.countryid ,  T1.countryname FROM countries AS T1 JOIN car_makers AS T2 ON T1.countryid  =  T2.countryid GROUP BY T1.countryid HAVING count(*)  >=  3 UNION SELECT T1.countryid ,  T1.countryname FROM countries AS T1 JOIN car_makers AS T2 ON T1.countryid  =  T2.countryid WHERE T2.Maker  =  'fiat'
2026-07-31 14:59:02,998 [INFO   ] [inference] generate_sql  latency_sec=2.4585  input_tokens=108  output_tokens=46
2026-07-31 14:59:02,998 [INFO   ]   >> INPUT  : Translate the natural language question into a valid SQL query using the provided schema.

Schema:
airlines(uid, Airline, Abbreviation, Country) | airports(City, AirportCode, AirportName, Country, CountryAbbrev) | flights(Airline, FlightNo, SourceAirport->airports.AirportCode, DestAirport->airports.AirportCode)

Question:
Which country does Airline "JetBlue Airways" belong to?

SQL:

2026-07-31 14:59:02,998 [INFO   ]   >> OUTPUT : SELECT T1.Country FROM airlines AS T1 JOIN flights AS T2 ON T1.Airline  =  T2.SourceAirport WHERE T2.FlightNo  =  "JetBlue Airways"
2026-07-31 14:59:04,090 [INFO   ] [inference] generate_sql  latency_sec=1.0741  input_tokens=104  output_tokens=16
2026-07-31 14:59:04,092 [INFO   ]   >> INPUT  : Translate the natural language question into a valid SQL query using the provided schema.

Schema:
airlines(uid, Airline, Abbreviation, Country) | airports(City, AirportCode, AirportName, Country, CountryAbbrev) | flights(Airline, FlightNo, SourceAirport->airports.AirportCode, DestAirport->airports.AirportCode)

Question:
What country is Jetblue Airways affiliated with?

SQL:

2026-07-31 14:59:04,092 [INFO   ]   >> OUTPUT : SELECT Country FROM airlines WHERE Abbreviation  =  "Jetblue"
2026-07-31 14:59:05,215 [INFO   ] [inference] generate_sql  latency_sec=1.1006  input_tokens=108  output_tokens=18
2026-07-31 14:59:05,215 [INFO   ]   >> INPUT  : Translate the natural language question into a valid SQL query using the provided schema.

Schema:
airlines(uid, Airline, Abbreviation, Country) | airports(City, AirportCode, AirportName, Country, CountryAbbrev) | flights(Airline, FlightNo, SourceAirport->airports.AirportCode, DestAirport->airports.AirportCode)

Question:
What is the abbreviation of Airline "JetBlue Airways"?

SQL:

2026-07-31 14:59:05,215 [INFO   ]   >> OUTPUT : SELECT Abbreviation FROM airlines WHERE Airline  =  "JetBlue Airways"
2026-07-31 14:59:06,303 [INFO   ] [inference] generate_sql  latency_sec=1.069  input_tokens=104  output_tokens=18
2026-07-31 14:59:06,304 [INFO   ]   >> INPUT  : Translate the natural language question into a valid SQL query using the provided schema.

Schema:
airlines(uid, Airline, Abbreviation, Country) | airports(City, AirportCode, AirportName, Country, CountryAbbrev) | flights(Airline, FlightNo, SourceAirport->airports.AirportCode, DestAirport->airports.AirportCode)

Question:
Which abbreviation corresponds to Jetblue Airways?

SQL:

2026-07-31 14:59:06,304 [INFO   ]   >> OUTPUT : SELECT Abbreviation FROM airlines WHERE Abbreviation  =  "Jetblue"
2026-07-31 14:59:07,165 [INFO   ] [inference] generate_sql  latency_sec=0.8476  input_tokens=107  output_tokens=18
2026-07-31 14:59:07,165 [INFO   ]   >> INPUT  : Translate the natural language question into a valid SQL query using the provided schema.

Schema:
airlines(uid, Airline, Abbreviation, Country) | airports(City, AirportCode, AirportName, Country, CountryAbbrev) | flights(Airline, FlightNo, SourceAirport->airports.AirportCode, DestAirport->airports.AirportCode)

Question:
List all airline names and their abbreviations in "USA".

SQL:

2026-07-31 14:59:07,165 [INFO   ]   >> OUTPUT : SELECT airline ,  Abbreviation FROM airlines WHERE Country  =  "USA"
2026-07-31 14:59:08,045 [INFO   ] [inference] generate_sql  latency_sec=0.8677  input_tokens=109  output_tokens=19
2026-07-31 14:59:08,046 [INFO   ]   >> INPUT  : Translate the natural language question into a valid SQL query using the provided schema.

Schema:
airlines(uid, Airline, Abbreviation, Country) | airports(City, AirportCode, AirportName, Country, CountryAbbrev) | flights(Airline, FlightNo, SourceAirport->airports.AirportCode, DestAirport->airports.AirportCode)

Question:
What are the airline names and abbreviations for airlines in the USA?

SQL:

2026-07-31 14:59:08,046 [INFO   ]   >> OUTPUT : SELECT AirportName ,  Abbreviation FROM airlines WHERE Country  =  "USA"
2026-07-31 14:59:08,947 [INFO   ] [inference] generate_sql  latency_sec=0.8892  input_tokens=107  output_tokens=19
2026-07-31 14:59:08,947 [INFO   ]   >> INPUT  : Translate the natural language question into a valid SQL query using the provided schema.

Schema:
airlines(uid, Airline, Abbreviation, Country) | airports(City, AirportCode, AirportName, Country, CountryAbbrev) | flights(Airline, FlightNo, SourceAirport->airports.AirportCode, DestAirport->airports.AirportCode)

Question:
List the airport code and name in the city of Anthony.

SQL:

2026-07-31 14:59:08,948 [INFO   ]   >> OUTPUT : SELECT AirportCode ,  AirportName FROM airports WHERE City  =  "Anthony"
2026-07-31 14:59:09,841 [INFO   ] [inference] generate_sql  latency_sec=0.8811  input_tokens=110  output_tokens=19
2026-07-31 14:59:09,841 [INFO   ]   >> INPUT  : Translate the natural language question into a valid SQL query using the provided schema.

Schema:
airlines(uid, Airline, Abbreviation, Country) | airports(City, AirportCode, AirportName, Country, CountryAbbrev) | flights(Airline, FlightNo, SourceAirport->airports.AirportCode, DestAirport->airports.AirportCode)

Question:
Give the airport code and airport name corresonding to the city Anthony.

SQL:

2026-07-31 14:59:09,842 [INFO   ]   >> OUTPUT : SELECT AirportCode ,  AirportName FROM airports WHERE City  =  "Anthony"
2026-07-31 14:59:10,398 [INFO   ] [inference] generate_sql  latency_sec=0.5443  input_tokens=102  output_tokens=7
2026-07-31 14:59:10,399 [INFO   ]   >> INPUT  : Translate the natural language question into a valid SQL query using the provided schema.

Schema:
airlines(uid, Airline, Abbreviation, Country) | airports(City, AirportCode, AirportName, Country, CountryAbbrev) | flights(Airline, FlightNo, SourceAirport->airports.AirportCode, DestAirport->airports.AirportCode)

Question:
How many airlines do we have?

SQL:

2026-07-31 14:59:10,399 [INFO   ]   >> OUTPUT : SELECT count(*) FROM airlines
2026-07-31 14:59:10,783 [INFO   ] [inference] generate_sql  latency_sec=0.3717  input_tokens=103  output_tokens=7
2026-07-31 14:59:10,783 [INFO   ]   >> INPUT  : Translate the natural language question into a valid SQL query using the provided schema.

Schema:
airlines(uid, Airline, Abbreviation, Country) | airports(City, AirportCode, AirportName, Country, CountryAbbrev) | flights(Airline, FlightNo, SourceAirport->airports.AirportCode, DestAirport->airports.AirportCode)

Question:
What is the total number of airlines?

SQL:

2026-07-31 14:59:10,783 [INFO   ]   >> OUTPUT : SELECT count(*) FROM airlines
2026-07-31 14:59:11,381 [INFO   ] [inference] generate_sql  latency_sec=0.586  input_tokens=102  output_tokens=7
2026-07-31 14:59:11,381 [INFO   ]   >> INPUT  : Translate the natural language question into a valid SQL query using the provided schema.

Schema:
airlines(uid, Airline, Abbreviation, Country) | airports(City, AirportCode, AirportName, Country, CountryAbbrev) | flights(Airline, FlightNo, SourceAirport->airports.AirportCode, DestAirport->airports.AirportCode)

Question:
How many airports do we have?

SQL:

2026-07-31 14:59:11,381 [INFO   ]   >> OUTPUT : SELECT count(*) FROM airports
2026-07-31 14:59:11,799 [INFO   ] [inference] generate_sql  latency_sec=0.4049  input_tokens=103  output_tokens=7
2026-07-31 14:59:11,799 [INFO   ]   >> INPUT  : Translate the natural language question into a valid SQL query using the provided schema.

Schema:
airlines(uid, Airline, Abbreviation, Country) | airports(City, AirportCode, AirportName, Country, CountryAbbrev) | flights(Airline, FlightNo, SourceAirport->airports.AirportCode, DestAirport->airports.AirportCode)

Question:
Return the number of  airports.

SQL:

2026-07-31 14:59:11,799 [INFO   ]   >> OUTPUT : SELECT count(*) FROM airports
2026-07-31 14:59:12,169 [INFO   ] [inference] generate_sql  latency_sec=0.3579  input_tokens=102  output_tokens=7
2026-07-31 14:59:12,170 [INFO   ]   >> INPUT  : Translate the natural language question into a valid SQL query using the provided schema.

Schema:
airlines(uid, Airline, Abbreviation, Country) | airports(City, AirportCode, AirportName, Country, CountryAbbrev) | flights(Airline, FlightNo, SourceAirport->airports.AirportCode, DestAirport->airports.AirportCode)

Question:
How many flights do we have?

SQL:

2026-07-31 14:59:12,170 [INFO   ]   >> OUTPUT : SELECT count(*) FROM flights
2026-07-31 14:59:12,547 [INFO   ] [inference] generate_sql  latency_sec=0.3652  input_tokens=101  output_tokens=7
2026-07-31 14:59:12,547 [INFO   ]   >> INPUT  : Translate the natural language question into a valid SQL query using the provided schema.

Schema:
airlines(uid, Airline, Abbreviation, Country) | airports(City, AirportCode, AirportName, Country, CountryAbbrev) | flights(Airline, FlightNo, SourceAirport->airports.AirportCode, DestAirport->airports.AirportCode)

Question:
Return the number of flights.

SQL:

2026-07-31 14:59:12,547 [INFO   ]   >> OUTPUT : SELECT count(*) FROM flights
2026-07-31 14:59:14,632 [INFO   ] [inference] generate_sql  latency_sec=2.0735  input_tokens=103  output_tokens=45
2026-07-31 14:59:14,633 [INFO   ]   >> INPUT  : Translate the natural language question into a valid SQL query using the provided schema.

Schema:
airlines(uid, Airline, Abbreviation, Country) | airports(City, AirportCode, AirportName, Country, CountryAbbrev) | flights(Airline, FlightNo, SourceAirport->airports.AirportCode, DestAirport->airports.AirportCode)

Question:
Which airline has abbreviation 'UAL'?

SQL:

2026-07-31 14:59:14,633 [INFO   ]   >> OUTPUT : SELECT T1.Abbreviation FROM airlines AS T1 JOIN flights AS T2 ON T1.Airline  =  T2.Airline WHERE T2.Airline  =  'UAL'
2026-07-31 14:59:17,014 [INFO   ] [inference] generate_sql  latency_sec=2.3698  input_tokens=104  output_tokens=45
2026-07-31 14:59:17,015 [INFO   ]   >> INPUT  : Translate the natural language question into a valid SQL query using the provided schema.

Schema:
airlines(uid, Airline, Abbreviation, Country) | airports(City, AirportCode, AirportName, Country, CountryAbbrev) | flights(Airline, FlightNo, SourceAirport->airports.AirportCode, DestAirport->airports.AirportCode)

Question:
Give the airline with abbreviation 'UAL'.

SQL:

2026-07-31 14:59:17,015 [INFO   ]   >> OUTPUT : SELECT T1.Abbreviation FROM airlines AS T1 JOIN flights AS T2 ON T1.Airline  =  T2.Airline WHERE T2.Airline  =  'UAL'
2026-07-31 14:59:17,955 [INFO   ] [inference] generate_sql  latency_sec=0.924  input_tokens=102  output_tokens=15
2026-07-31 14:59:17,956 [INFO   ]   >> INPUT  : Translate the natural language question into a valid SQL query using the provided schema.

Schema:
airlines(uid, Airline, Abbreviation, Country) | airports(City, AirportCode, AirportName, Country, CountryAbbrev) | flights(Airline, FlightNo, SourceAirport->airports.AirportCode, DestAirport->airports.AirportCode)

Question:
How many airlines are from USA?

SQL:

2026-07-31 14:59:17,956 [INFO   ]   >> OUTPUT : SELECT count(*) FROM airlines WHERE Country  =  "USA";
2026-07-31 14:59:18,901 [INFO   ] [inference] generate_sql  latency_sec=0.9277  input_tokens=104  output_tokens=15
2026-07-31 14:59:18,902 [INFO   ]   >> INPUT  : Translate the natural language question into a valid SQL query using the provided schema.

Schema:
airlines(uid, Airline, Abbreviation, Country) | airports(City, AirportCode, AirportName, Country, CountryAbbrev) | flights(Airline, FlightNo, SourceAirport->airports.AirportCode, DestAirport->airports.AirportCode)

Question:
Return the number of airlines in the USA.

SQL:

2026-07-31 14:59:18,902 [INFO   ]   >> OUTPUT : SELECT count(*) FROM airlines WHERE Country  =  "USA";
2026-07-31 14:59:21,418 [INFO   ] [inference] generate_sql  latency_sec=2.4986  input_tokens=106  output_tokens=48
2026-07-31 14:59:21,419 [INFO   ]   >> INPUT  : Translate the natural language question into a valid SQL query using the provided schema.

Schema:
airlines(uid, Airline, Abbreviation, Country) | airports(City, AirportCode, AirportName, Country, CountryAbbrev) | flights(Airline, FlightNo, SourceAirport->airports.AirportCode, DestAirport->airports.AirportCode)

Question:
Which city and country is the Alton airport at?

SQL:

2026-07-31 14:59:21,419 [INFO   ]   >> OUTPUT : SELECT T1.City ,  T1.Country FROM airports AS T1 JOIN airlines AS T2 ON T1.AirportCode  =  T2.Airline WHERE AirportName  =  "Alton"
2026-07-31 14:59:22,307 [INFO   ] [inference] generate_sql  latency_sec=0.8762  input_tokens=106  output_tokens=19
2026-07-31 14:59:22,308 [INFO   ]   >> INPUT  : Translate the natural language question into a valid SQL query using the provided schema.

Schema:
airlines(uid, Airline, Abbreviation, Country) | airports(City, AirportCode, AirportName, Country, CountryAbbrev) | flights(Airline, FlightNo, SourceAirport->airports.AirportCode, DestAirport->airports.AirportCode)

Question:
Give the city and country for the Alton airport.

SQL:

2026-07-31 14:59:22,308 [INFO   ]   >> OUTPUT : SELECT AirportName ,  Country FROM airports WHERE AirportName  =  "Alton"
2026-07-31 14:59:23,053 [INFO   ] [inference] generate_sql  latency_sec=0.7322  input_tokens=106  output_tokens=16
2026-07-31 14:59:23,053 [INFO   ]   >> INPUT  : Translate the natural language question into a valid SQL query using the provided schema.

Schema:
airlines(uid, Airline, Abbreviation, Country) | airports(City, AirportCode, AirportName, Country, CountryAbbrev) | flights(Airline, FlightNo, SourceAirport->airports.AirportCode, DestAirport->airports.AirportCode)

Question:
What is the airport name for airport 'AKO'?

SQL:

2026-07-31 14:59:23,054 [INFO   ]   >> OUTPUT : SELECT AirportName FROM airports WHERE AirportName  =  'AKO'
2026-07-31 14:59:23,832 [INFO   ] [inference] generate_sql  latency_sec=0.7665  input_tokens=107  output_tokens=16
2026-07-31 14:59:23,833 [INFO   ]   >> INPUT  : Translate the natural language question into a valid SQL query using the provided schema.

Schema:
airlines(uid, Airline, Abbreviation, Country) | airports(City, AirportCode, AirportName, Country, CountryAbbrev) | flights(Airline, FlightNo, SourceAirport->airports.AirportCode, DestAirport->airports.AirportCode)

Question:
Return the name of the airport with code 'AKO'.

SQL:

2026-07-31 14:59:23,833 [INFO   ]   >> OUTPUT : SELECT AirportName FROM airports WHERE AirportCode  =  'AKO'
2026-07-31 14:59:24,626 [INFO   ] [inference] generate_sql  latency_sec=0.7811  input_tokens=106  output_tokens=16
2026-07-31 14:59:24,627 [INFO   ]   >> INPUT  : Translate the natural language question into a valid SQL query using the provided schema.

Schema:
airlines(uid, Airline, Abbreviation, Country) | airports(City, AirportCode, AirportName, Country, CountryAbbrev) | flights(Airline, FlightNo, SourceAirport->airports.AirportCode, DestAirport->airports.AirportCode)

Question:
What are airport names at City 'Aberdeen'?

SQL:

2026-07-31 14:59:24,627 [INFO   ]   >> OUTPUT : SELECT AirportName FROM airports WHERE City  =  'Aberdeen'
2026-07-31 14:59:25,395 [INFO   ] [inference] generate_sql  latency_sec=0.7554  input_tokens=104  output_tokens=16
2026-07-31 14:59:25,395 [INFO   ]   >> INPUT  : Translate the natural language question into a valid SQL query using the provided schema.

Schema:
airlines(uid, Airline, Abbreviation, Country) | airports(City, AirportCode, AirportName, Country, CountryAbbrev) | flights(Airline, FlightNo, SourceAirport->airports.AirportCode, DestAirport->airports.AirportCode)

Question:
What are the names of airports in Aberdeen?

SQL:

2026-07-31 14:59:25,395 [INFO   ]   >> OUTPUT : SELECT AirportName FROM airports WHERE AirportName  =  'Beijing'
2026-07-31 14:59:26,301 [INFO   ] [inference] generate_sql  latency_sec=0.8934  input_tokens=104  output_tokens=19
2026-07-31 14:59:26,301 [INFO   ]   >> INPUT  : Translate the natural language question into a valid SQL query using the provided schema.

Schema:
airlines(uid, Airline, Abbreviation, Country) | airports(City, AirportCode, AirportName, Country, CountryAbbrev) | flights(Airline, FlightNo, SourceAirport->airports.AirportCode, DestAirport->airports.AirportCode)

Question:
How many flights depart from 'APG'?

SQL:

2026-07-31 14:59:26,301 [INFO   ]   >> OUTPUT : SELECT count(*) FROM flights WHERE dest_airport  =  'APG';
2026-07-31 14:59:27,200 [INFO   ] [inference] generate_sql  latency_sec=0.8864  input_tokens=106  output_tokens=16
2026-07-31 14:59:27,201 [INFO   ]   >> INPUT  : Translate the natural language question into a valid SQL query using the provided schema.

Schema:
airlines(uid, Airline, Abbreviation, Country) | airports(City, AirportCode, AirportName, Country, CountryAbbrev) | flights(Airline, FlightNo, SourceAirport->airports.AirportCode, DestAirport->airports.AirportCode)

Question:
Count the number of flights departing from 'APG'.

SQL:

2026-07-31 14:59:27,201 [INFO   ]   >> OUTPUT : SELECT count(*) FROM flights WHERE airline  =  'APG'
2026-07-31 14:59:29,379 [INFO   ] [inference] generate_sql  latency_sec=2.1665  input_tokens=103  output_tokens=19
2026-07-31 14:59:29,380 [INFO   ]   >> INPUT  : Translate the natural language question into a valid SQL query using the provided schema.

Schema:
airlines(uid, Airline, Abbreviation, Country) | airports(City, AirportCode, AirportName, Country, CountryAbbrev) | flights(Airline, FlightNo, SourceAirport->airports.AirportCode, DestAirport->airports.AirportCode)

Question:
How many flights have destination ATO?

SQL:

2026-07-31 14:59:29,380 [INFO   ]   >> OUTPUT : SELECT count(*) FROM flights WHERE dest_airport  =  "ATO";
2026-07-31 14:59:31,976 [INFO   ] [inference] generate_sql  latency_sec=2.5824  input_tokens=104  output_tokens=44
2026-07-31 14:59:31,976 [INFO   ]   >> INPUT  : Translate the natural language question into a valid SQL query using the provided schema.

Schema:
airlines(uid, Airline, Abbreviation, Country) | airports(City, AirportCode, AirportName, Country, CountryAbbrev) | flights(Airline, FlightNo, SourceAirport->airports.AirportCode, DestAirport->airports.AirportCode)

Question:
Count the number of flights into ATO.

SQL:

2026-07-31 14:59:31,976 [INFO   ]   >> OUTPUT : SELECT count(*) FROM flights AS T1 JOIN airports AS T2 ON T1.sourceairport  =  T2.airportcode WHERE T2.country  =  "ATO"
2026-07-31 14:59:33,723 [INFO   ] [inference] generate_sql  latency_sec=1.729  input_tokens=103  output_tokens=28
2026-07-31 14:59:33,723 [INFO   ]   >> INPUT  : Translate the natural language question into a valid SQL query using the provided schema.

Schema:
airlines(uid, Airline, Abbreviation, Country) | airports(City, AirportCode, AirportName, Country, CountryAbbrev) | flights(Airline, FlightNo, SourceAirport->airports.AirportCode, DestAirport->airports.AirportCode)

Question:
How many flights depart from City Aberdeen?

SQL:

2026-07-31 14:59:33,723 [INFO   ]   >> OUTPUT : SELECT count(*) FROM flights WHERE city  =  'Beijing' AND dest_airport  =  'Beijing';
2026-07-31 14:59:35,143 [INFO   ] [inference] generate_sql  latency_sec=1.4082  input_tokens=104  output_tokens=19
2026-07-31 14:59:35,144 [INFO   ]   >> INPUT  : Translate the natural language question into a valid SQL query using the provided schema.

Schema:
airlines(uid, Airline, Abbreviation, Country) | airports(City, AirportCode, AirportName, Country, CountryAbbrev) | flights(Airline, FlightNo, SourceAirport->airports.AirportCode, DestAirport->airports.AirportCode)

Question:
Return the number of flights departing from Aberdeen.

SQL:

2026-07-31 14:59:35,144 [INFO   ]   >> OUTPUT : SELECT count(*) FROM flights WHERE dest_airport  =  'Beijing';
2026-07-31 14:59:37,685 [INFO   ] [inference] generate_sql  latency_sec=2.5294  input_tokens=103  output_tokens=56
2026-07-31 14:59:37,685 [INFO   ]   >> INPUT  : Translate the natural language question into a valid SQL query using the provided schema.

Schema:
airlines(uid, Airline, Abbreviation, Country) | airports(City, AirportCode, AirportName, Country, CountryAbbrev) | flights(Airline, FlightNo, SourceAirport->airports.AirportCode, DestAirport->airports.AirportCode)

Question:
How many flights arriving in Aberdeen city?

SQL:

2026-07-31 14:59:37,686 [INFO   ]   >> OUTPUT : SELECT count(*) FROM airlines AS T1 JOIN flights AS T2 ON T1.uid  =  T2.sourceairport WHERE T1.country  =  "Austria" AND T2.destinationcity  =  "Beijing"
2026-07-31 14:59:38,970 [INFO   ] [inference] generate_sql  latency_sec=1.2717  input_tokens=104  output_tokens=27
2026-07-31 14:59:38,970 [INFO   ]   >> INPUT  : Translate the natural language question into a valid SQL query using the provided schema.

Schema:
airlines(uid, Airline, Abbreviation, Country) | airports(City, AirportCode, AirportName, Country, CountryAbbrev) | flights(Airline, FlightNo, SourceAirport->airports.AirportCode, DestAirport->airports.AirportCode)

Question:
Return the number of flights arriving in Aberdeen.

SQL:

2026-07-31 14:59:38,970 [INFO   ]   >> OUTPUT : SELECT count(*) FROM flights WHERE airportname  =  'Beijing' AND airportcode  =  'Beijing';
2026-07-31 14:59:43,308 [INFO   ] [inference] generate_sql  latency_sec=4.3249  input_tokens=114  output_tokens=91
2026-07-31 14:59:43,308 [INFO   ]   >> INPUT  : Translate the natural language question into a valid SQL query using the provided schema.

Schema:
airlines(uid, Airline, Abbreviation, Country) | airports(City, AirportCode, AirportName, Country, CountryAbbrev) | flights(Airline, FlightNo, SourceAirport->airports.AirportCode, DestAirport->airports.AirportCode)

Question:
How many flights depart from City 'Aberdeen' and have destination City 'Ashley'?

SQL:

2026-07-31 14:59:43,308 [INFO   ]   >> OUTPUT : SELECT count(*) FROM flights AS T1 JOIN airports AS T2 ON T1.DestAirport  =  T2.AirportName WHERE T2.City  =  'Aberdeen' INTERSECT SELECT count(*) FROM flights AS T1 JOIN airports AS T2 ON T1.DestAirport  =  T2.AirportName WHERE T2.City  =  'Ashley'
2026-07-31 14:59:46,704 [INFO   ] [inference] generate_sql  latency_sec=3.3813  input_tokens=104  output_tokens=55
2026-07-31 14:59:46,704 [INFO   ]   >> INPUT  : Translate the natural language question into a valid SQL query using the provided schema.

Schema:
airlines(uid, Airline, Abbreviation, Country) | airports(City, AirportCode, AirportName, Country, CountryAbbrev) | flights(Airline, FlightNo, SourceAirport->airports.AirportCode, DestAirport->airports.AirportCode)

Question:
How many flights fly from Aberdeen to Ashley?

SQL:

2026-07-31 14:59:46,704 [INFO   ]   >> OUTPUT : SELECT count(*) FROM flights AS T1 JOIN airlines AS T2 ON T1.Airline  =  T2.Abbreviation WHERE T2.Country  =  "Austria" AND T1.FlightNo  =  "Best"
2026-07-31 14:59:49,063 [INFO   ] [inference] generate_sql  latency_sec=2.3407  input_tokens=107  output_tokens=45
2026-07-31 14:59:49,063 [INFO   ]   >> INPUT  : Translate the natural language question into a valid SQL query using the provided schema.

Schema:
airlines(uid, Airline, Abbreviation, Country) | airports(City, AirportCode, AirportName, Country, CountryAbbrev) | flights(Airline, FlightNo, SourceAirport->airports.AirportCode, DestAirport->airports.AirportCode)

Question:
How many flights does airline 'JetBlue Airways' have?

SQL:

2026-07-31 14:59:49,063 [INFO   ]   >> OUTPUT : SELECT count(*) FROM flights AS T1 JOIN airlines AS T2 ON T1.Airline  =  T2.Airline WHERE T2.Abbreviation  =  'JetBlue Airways'
2026-07-31 14:59:51,128 [INFO   ] [inference] generate_sql  latency_sec=2.052  input_tokens=104  output_tokens=45
2026-07-31 14:59:51,128 [INFO   ]   >> INPUT  : Translate the natural language question into a valid SQL query using the provided schema.

Schema:
airlines(uid, Airline, Abbreviation, Country) | airports(City, AirportCode, AirportName, Country, CountryAbbrev) | flights(Airline, FlightNo, SourceAirport->airports.AirportCode, DestAirport->airports.AirportCode)

Question:
Give the number of Jetblue Airways flights.

SQL:

2026-07-31 14:59:51,128 [INFO   ]   >> OUTPUT : SELECT count(*) FROM flights AS T1 JOIN airlines AS T2 ON T1.Airline  =  T2.Abbreviation WHERE T2.Abbreviation  =  "Jetblue"
2026-07-31 14:59:53,821 [INFO   ] [inference] generate_sql  latency_sec=2.6801  input_tokens=108  output_tokens=45
2026-07-31 14:59:53,821 [INFO   ]   >> INPUT  : Translate the natural language question into a valid SQL query using the provided schema.

Schema:
airlines(uid, Airline, Abbreviation, Country) | airports(City, AirportCode, AirportName, Country, CountryAbbrev) | flights(Airline, FlightNo, SourceAirport->airports.AirportCode, DestAirport->airports.AirportCode)

Question:
How many 'United Airlines' flights go to Airport 'ASY'?

SQL:

2026-07-31 14:59:53,821 [INFO   ]   >> OUTPUT : SELECT count(*) FROM flights AS T1 JOIN airlines AS T2 ON T1.Airline  =  T2.Abbreviation WHERE T2.Abbreviation  =  'United Airlines'
2026-07-31 14:59:56,547 [INFO   ] [inference] generate_sql  latency_sec=2.7124  input_tokens=108  output_tokens=43
2026-07-31 14:59:56,547 [INFO   ]   >> INPUT  : Translate the natural language question into a valid SQL query using the provided schema.

Schema:
airlines(uid, Airline, Abbreviation, Country) | airports(City, AirportCode, AirportName, Country, CountryAbbrev) | flights(Airline, FlightNo, SourceAirport->airports.AirportCode, DestAirport->airports.AirportCode)

Question:
Count the number of United Airlines flights arriving in ASY Airport.

SQL:

2026-07-31 14:59:56,547 [INFO   ]   >> OUTPUT : SELECT count(*) FROM flights AS T1 JOIN airlines AS T2 ON T1.Airline  =  T2.Abbreviation WHERE T2.Country  =  "United Airlines"
2026-07-31 15:00:00,133 [INFO   ] [inference] generate_sql  latency_sec=3.5736  input_tokens=109  output_tokens=45
2026-07-31 15:00:00,133 [INFO   ]   >> INPUT  : Translate the natural language question into a valid SQL query using the provided schema.

Schema:
airlines(uid, Airline, Abbreviation, Country) | airports(City, AirportCode, AirportName, Country, CountryAbbrev) | flights(Airline, FlightNo, SourceAirport->airports.AirportCode, DestAirport->airports.AirportCode)

Question:
How many 'United Airlines' flights depart from Airport 'AHD'?

SQL:

2026-07-31 15:00:00,133 [INFO   ]   >> OUTPUT : SELECT count(*) FROM flights AS T1 JOIN airlines AS T2 ON T1.Airline  =  T2.Abbreviation WHERE T2.Abbreviation  =  'United Airlines'
2026-07-31 15:00:03,258 [INFO   ] [inference] generate_sql  latency_sec=3.1056  input_tokens=108  output_tokens=59
2026-07-31 15:00:03,258 [INFO   ]   >> INPUT  : Translate the natural language question into a valid SQL query using the provided schema.

Schema:
airlines(uid, Airline, Abbreviation, Country) | airports(City, AirportCode, AirportName, Country, CountryAbbrev) | flights(Airline, FlightNo, SourceAirport->airports.AirportCode, DestAirport->airports.AirportCode)

Question:
Return the number of United Airlines flights leaving from AHD Airport.

SQL:

2026-07-31 15:00:03,258 [INFO   ]   >> OUTPUT : SELECT count(*) FROM flights AS T1 JOIN airlines AS T2 ON T1.Airline  =  T2.Abbreviation WHERE T2.Abbreviation  =  "United Airlines" AND T1.DestAirport  =  "AHD";
2026-07-31 15:00:05,993 [INFO   ] [inference] generate_sql  latency_sec=2.7224  input_tokens=108  output_tokens=57
2026-07-31 15:00:05,993 [INFO   ]   >> INPUT  : Translate the natural language question into a valid SQL query using the provided schema.

Schema:
airlines(uid, Airline, Abbreviation, Country) | airports(City, AirportCode, AirportName, Country, CountryAbbrev) | flights(Airline, FlightNo, SourceAirport->airports.AirportCode, DestAirport->airports.AirportCode)

Question:
How many United Airlines flights go to City 'Aberdeen'?

SQL:

2026-07-31 15:00:05,993 [INFO   ]   >> OUTPUT : SELECT count(*) FROM airlines AS T1 JOIN flights AS T2 ON T1.uid  =  T2.sourceairport WHERE T1.country  =  'United Airlines' AND T2.destinationcountry  =  'Aberdeen'
2026-07-31 15:00:08,855 [INFO   ] [inference] generate_sql  latency_sec=2.8489  input_tokens=107  output_tokens=59
2026-07-31 15:00:08,855 [INFO   ]   >> INPUT  : Translate the natural language question into a valid SQL query using the provided schema.

Schema:
airlines(uid, Airline, Abbreviation, Country) | airports(City, AirportCode, AirportName, Country, CountryAbbrev) | flights(Airline, FlightNo, SourceAirport->airports.AirportCode, DestAirport->airports.AirportCode)

Question:
Count the number of United Airlines flights that arrive in Aberdeen.

SQL:

2026-07-31 15:00:08,855 [INFO   ]   >> OUTPUT : SELECT count(*) FROM flights AS T1 JOIN airlines AS T2 ON T1.Airline  =  T2.Abbreviation WHERE T2.Abbreviation  =  "United Airlines" AND T1.DestAirport  =  "Beijing";
2026-07-31 15:00:09,751 [INFO   ] [inference] generate_sql  latency_sec=0.8822  input_tokens=104  output_tokens=18
2026-07-31 15:00:09,751 [INFO   ]   >> INPUT  : Translate the natural language question into a valid SQL query using the provided schema.

Schema:
airlines(uid, Airline, Abbreviation, Country) | airports(City, AirportCode, AirportName, Country, CountryAbbrev) | flights(Airline, FlightNo, SourceAirport->airports.AirportCode, DestAirport->airports.AirportCode)

Question:
Which city has most number of arriving flights?

SQL:

2026-07-31 15:00:09,751 [INFO   ]   >> OUTPUT : SELECT city FROM flights GROUP BY city ORDER BY count(*) DESC LIMIT 1
2026-07-31 15:00:12,435 [INFO   ] [inference] generate_sql  latency_sec=2.6711  input_tokens=104  output_tokens=49
2026-07-31 15:00:12,435 [INFO   ]   >> INPUT  : Translate the natural language question into a valid SQL query using the provided schema.

Schema:
airlines(uid, Airline, Abbreviation, Country) | airports(City, AirportCode, AirportName, Country, CountryAbbrev) | flights(Airline, FlightNo, SourceAirport->airports.AirportCode, DestAirport->airports.AirportCode)

Question:
Which city has the most frequent destination airport?

SQL:

2026-07-31 15:00:12,435 [INFO   ]   >> OUTPUT : SELECT T1.City FROM airports AS T1 JOIN flights AS T2 ON T1.AirportCode  =  T2.DestAirport GROUP BY T1.City ORDER BY count(*) DESC LIMIT 1
2026-07-31 15:00:13,789 [INFO   ] [inference] generate_sql  latency_sec=1.335  input_tokens=104  output_tokens=18
2026-07-31 15:00:13,790 [INFO   ]   >> INPUT  : Translate the natural language question into a valid SQL query using the provided schema.

Schema:
airlines(uid, Airline, Abbreviation, Country) | airports(City, AirportCode, AirportName, Country, CountryAbbrev) | flights(Airline, FlightNo, SourceAirport->airports.AirportCode, DestAirport->airports.AirportCode)

Question:
Which city has most number of departing flights?

SQL:

2026-07-31 15:00:13,790 [INFO   ]   >> OUTPUT : SELECT city FROM flights GROUP BY city ORDER BY count(*) DESC LIMIT 1
2026-07-31 15:00:15,204 [INFO   ] [inference] generate_sql  latency_sec=1.3964  input_tokens=104  output_tokens=20
2026-07-31 15:00:15,205 [INFO   ]   >> INPUT  : Translate the natural language question into a valid SQL query using the provided schema.

Schema:
airlines(uid, Airline, Abbreviation, Country) | airports(City, AirportCode, AirportName, Country, CountryAbbrev) | flights(Airline, FlightNo, SourceAirport->airports.AirportCode, DestAirport->airports.AirportCode)

Question:
Which city is the most frequent source airport?

SQL:

2026-07-31 15:00:15,205 [INFO   ]   >> OUTPUT : SELECT City FROM airports GROUP BY AirportName ORDER BY COUNT(*) DESC LIMIT 1
2026-07-31 15:00:16,150 [INFO   ] [inference] generate_sql  latency_sec=0.9326  input_tokens=109  output_tokens=20
2026-07-31 15:00:16,151 [INFO   ]   >> INPUT  : Translate the natural language question into a valid SQL query using the provided schema.

Schema:
airlines(uid, Airline, Abbreviation, Country) | airports(City, AirportCode, AirportName, Country, CountryAbbrev) | flights(Airline, FlightNo, SourceAirport->airports.AirportCode, DestAirport->airports.AirportCode)

Question:
What is the code of airport that has the highest number of flights?

SQL:

2026-07-31 15:00:16,151 [INFO   ]   >> OUTPUT : SELECT AirportCode FROM flights GROUP BY AirportCode ORDER BY count(*) DESC LIMIT 1
2026-07-31 15:00:17,158 [INFO   ] [inference] generate_sql  latency_sec=0.9939  input_tokens=108  output_tokens=20
2026-07-31 15:00:17,158 [INFO   ]   >> INPUT  : Translate the natural language question into a valid SQL query using the provided schema.

Schema:
airlines(uid, Airline, Abbreviation, Country) | airports(City, AirportCode, AirportName, Country, CountryAbbrev) | flights(Airline, FlightNo, SourceAirport->airports.AirportCode, DestAirport->airports.AirportCode)

Question:
What is the airport code of the airport with the most flights?

SQL:

2026-07-31 15:00:17,158 [INFO   ]   >> OUTPUT : SELECT AirportCode FROM airports GROUP BY AirportCode ORDER BY count(*) DESC LIMIT 1
2026-07-31 15:00:18,081 [INFO   ] [inference] generate_sql  latency_sec=0.9099  input_tokens=109  output_tokens=18
2026-07-31 15:00:18,081 [INFO   ]   >> INPUT  : Translate the natural language question into a valid SQL query using the provided schema.

Schema:
airlines(uid, Airline, Abbreviation, Country) | airports(City, AirportCode, AirportName, Country, CountryAbbrev) | flights(Airline, FlightNo, SourceAirport->airports.AirportCode, DestAirport->airports.AirportCode)

Question:
What is the code of airport that has fewest number of flights?

SQL:

2026-07-31 15:00:18,081 [INFO   ]   >> OUTPUT : SELECT AirportCode FROM airports GROUP BY AirportCode ORDER BY count(*) LIMIT 1
2026-07-31 15:00:18,977 [INFO   ] [inference] generate_sql  latency_sec=0.8833  input_tokens=106  output_tokens=18
2026-07-31 15:00:18,978 [INFO   ]   >> INPUT  : Translate the natural language question into a valid SQL query using the provided schema.

Schema:
airlines(uid, Airline, Abbreviation, Country) | airports(City, AirportCode, AirportName, Country, CountryAbbrev) | flights(Airline, FlightNo, SourceAirport->airports.AirportCode, DestAirport->airports.AirportCode)

Question:
Give the code of the airport with the least flights.

SQL:

2026-07-31 15:00:18,978 [INFO   ]   >> OUTPUT : SELECT AirportCode FROM airports GROUP BY AirportCode ORDER BY count(*) LIMIT 1
2026-07-31 15:00:19,909 [INFO   ] [inference] generate_sql  latency_sec=0.9185  input_tokens=103  output_tokens=18
2026-07-31 15:00:19,910 [INFO   ]   >> INPUT  : Translate the natural language question into a valid SQL query using the provided schema.

Schema:
airlines(uid, Airline, Abbreviation, Country) | airports(City, AirportCode, AirportName, Country, CountryAbbrev) | flights(Airline, FlightNo, SourceAirport->airports.AirportCode, DestAirport->airports.AirportCode)

Question:
Which airline has most number of flights?

SQL:

2026-07-31 15:00:19,910 [INFO   ]   >> OUTPUT : SELECT airline FROM flights GROUP BY airline ORDER BY count(*) DESC LIMIT 1
2026-07-31 15:00:20,884 [INFO   ] [inference] generate_sql  latency_sec=0.9611  input_tokens=102  output_tokens=18
2026-07-31 15:00:20,884 [INFO   ]   >> INPUT  : Translate the natural language question into a valid SQL query using the provided schema.

Schema:
airlines(uid, Airline, Abbreviation, Country) | airports(City, AirportCode, AirportName, Country, CountryAbbrev) | flights(Airline, FlightNo, SourceAirport->airports.AirportCode, DestAirport->airports.AirportCode)

Question:
What airline serves the most flights?

SQL:

2026-07-31 15:00:20,884 [INFO   ]   >> OUTPUT : SELECT airline FROM flights GROUP BY airline ORDER BY count(*) DESC LIMIT 1
2026-07-31 15:00:21,903 [INFO   ] [inference] generate_sql  latency_sec=1.0052  input_tokens=112  output_tokens=20
2026-07-31 15:00:21,903 [INFO   ]   >> INPUT  : Translate the natural language question into a valid SQL query using the provided schema.

Schema:
airlines(uid, Airline, Abbreviation, Country) | airports(City, AirportCode, AirportName, Country, CountryAbbrev) | flights(Airline, FlightNo, SourceAirport->airports.AirportCode, DestAirport->airports.AirportCode)

Question:
Find the abbreviation and country of the airline that has fewest number of flights?

SQL:

2026-07-31 15:00:21,903 [INFO   ]   >> OUTPUT : SELECT abbreviation ,  country FROM airlines GROUP BY airline ORDER BY count(*) LIMIT 1
2026-07-31 15:00:24,508 [INFO   ] [inference] generate_sql  latency_sec=2.5913  input_tokens=117  output_tokens=54
2026-07-31 15:00:24,508 [INFO   ]   >> INPUT  : Translate the natural language question into a valid SQL query using the provided schema.

Schema:
airlines(uid, Airline, Abbreviation, Country) | airports(City, AirportCode, AirportName, Country, CountryAbbrev) | flights(Airline, FlightNo, SourceAirport->airports.AirportCode, DestAirport->airports.AirportCode)

Question:
What is the abbreviation of the airilne has the fewest flights and what country is it in?

SQL:

2026-07-31 15:00:24,508 [INFO   ]   >> OUTPUT : SELECT T1.Abbreviation ,  T2.Country FROM airlines AS T1 JOIN flights AS T2 ON T1.Airline  =  T2.Airline GROUP BY T2.Airline ORDER BY count(*) LIMIT 1
2026-07-31 15:00:27,294 [INFO   ] [inference] generate_sql  latency_sec=2.7725  input_tokens=109  output_tokens=48
2026-07-31 15:00:27,295 [INFO   ]   >> INPUT  : Translate the natural language question into a valid SQL query using the provided schema.

Schema:
airlines(uid, Airline, Abbreviation, Country) | airports(City, AirportCode, AirportName, Country, CountryAbbrev) | flights(Airline, FlightNo, SourceAirport->airports.AirportCode, DestAirport->airports.AirportCode)

Question:
What are airlines that have some flight departing from airport 'AHD'?

SQL:

2026-07-31 15:00:27,295 [INFO   ]   >> OUTPUT : SELECT T1.Abbreviation FROM airlines AS T1 JOIN flights AS T2 ON T1.Airline  =  T2.DestAirport WHERE T2.AirportName  =  'AHD'
2026-07-31 15:00:30,145 [INFO   ] [inference] generate_sql  latency_sec=2.8302  input_tokens=106  output_tokens=48
2026-07-31 15:00:30,145 [INFO   ]   >> INPUT  : Translate the natural language question into a valid SQL query using the provided schema.

Schema:
airlines(uid, Airline, Abbreviation, Country) | airports(City, AirportCode, AirportName, Country, CountryAbbrev) | flights(Airline, FlightNo, SourceAirport->airports.AirportCode, DestAirport->airports.AirportCode)

Question:
Which airlines have a flight with source airport AHD?

SQL:

2026-07-31 15:00:30,145 [INFO   ]   >> OUTPUT : SELECT T1.Abbreviation FROM airlines AS T1 JOIN flights AS T2 ON T1.Airline  =  T2.SourceAirport WHERE T2.AirportName  =  "AHD"
2026-07-31 15:00:32,339 [INFO   ] [inference] generate_sql  latency_sec=2.1801  input_tokens=108  output_tokens=45
2026-07-31 15:00:32,340 [INFO   ]   >> INPUT  : Translate the natural language question into a valid SQL query using the provided schema.

Schema:
airlines(uid, Airline, Abbreviation, Country) | airports(City, AirportCode, AirportName, Country, CountryAbbrev) | flights(Airline, FlightNo, SourceAirport->airports.AirportCode, DestAirport->airports.AirportCode)

Question:
What are airlines that have flights arriving at airport 'AHD'?

SQL:

2026-07-31 15:00:32,340 [INFO   ]   >> OUTPUT : SELECT T1.Aircraft FROM airlines AS T1 JOIN flights AS T2 ON T1.Aircraft  =  T2.Airline WHERE T2.Airport  =  'AHD'
2026-07-31 15:00:34,705 [INFO   ] [inference] generate_sql  latency_sec=2.3522  input_tokens=106  output_tokens=48
2026-07-31 15:00:34,705 [INFO   ]   >> INPUT  : Translate the natural language question into a valid SQL query using the provided schema.

Schema:
airlines(uid, Airline, Abbreviation, Country) | airports(City, AirportCode, AirportName, Country, CountryAbbrev) | flights(Airline, FlightNo, SourceAirport->airports.AirportCode, DestAirport->airports.AirportCode)

Question:
Which airlines have a flight with destination airport AHD?

SQL:

2026-07-31 15:00:34,705 [INFO   ]   >> OUTPUT : SELECT T1.Abbreviation FROM airlines AS T1 JOIN flights AS T2 ON T1.Airline  =  T2.DestAirport WHERE T2.DestAirport  =  'AHD'
2026-07-31 15:00:39,418 [INFO   ] [inference] generate_sql  latency_sec=4.6997  input_tokens=113  output_tokens=99
2026-07-31 15:00:39,418 [INFO   ]   >> INPUT  : Translate the natural language question into a valid SQL query using the provided schema.

Schema:
airlines(uid, Airline, Abbreviation, Country) | airports(City, AirportCode, AirportName, Country, CountryAbbrev) | flights(Airline, FlightNo, SourceAirport->airports.AirportCode, DestAirport->airports.AirportCode)

Question:
Find all airlines that have flights from both airports 'APG' and 'CVO'.

SQL:

2026-07-31 15:00:39,418 [INFO   ]   >> OUTPUT : SELECT T1.Abbreviation FROM airlines AS T1 JOIN flights AS T2 ON T1.Airline  =  T2.SourceAirport WHERE T2.AirportCode  =  'APG' INTERSECT SELECT T1.Abbreviation FROM airlines AS T1 JOIN flights AS T2 ON T1.Airline  =  T2.DestinationAirport WHERE T2.AirportCode  =  'CVO'
2026-07-31 15:00:44,925 [INFO   ] [inference] generate_sql  latency_sec=5.4865  input_tokens=109  output_tokens=99
2026-07-31 15:00:44,925 [INFO   ]   >> INPUT  : Translate the natural language question into a valid SQL query using the provided schema.

Schema:
airlines(uid, Airline, Abbreviation, Country) | airports(City, AirportCode, AirportName, Country, CountryAbbrev) | flights(Airline, FlightNo, SourceAirport->airports.AirportCode, DestAirport->airports.AirportCode)

Question:
Which airlines have departing flights from both APG and CVO airports?

SQL:

2026-07-31 15:00:44,926 [INFO   ]   >> OUTPUT : SELECT T1.Abbreviation FROM airlines AS T1 JOIN flights AS T2 ON T1.Airline  =  T2.SourceAirport WHERE T2.AirportCode  =  "APG" INTERSECT SELECT T1.Abbreviation FROM airlines AS T1 JOIN flights AS T2 ON T1.Airline  =  T2.DestinationAirport WHERE T2.AirportCode  =  "CVO"
2026-07-31 15:00:49,459 [INFO   ] [inference] generate_sql  latency_sec=4.5201  input_tokens=114  output_tokens=98
2026-07-31 15:00:49,459 [INFO   ]   >> INPUT  : Translate the natural language question into a valid SQL query using the provided schema.

Schema:
airlines(uid, Airline, Abbreviation, Country) | airports(City, AirportCode, AirportName, Country, CountryAbbrev) | flights(Airline, FlightNo, SourceAirport->airports.AirportCode, DestAirport->airports.AirportCode)

Question:
Find all airlines that have flights from airport 'CVO' but not from 'APG'.

SQL:

2026-07-31 15:00:49,459 [INFO   ]   >> OUTPUT : SELECT T1.Abbreviation FROM airlines AS T1 JOIN flights AS T2 ON T1.Airline  =  T2.SourceAirport WHERE T2.AirportName  =  'CVO' EXCEPT SELECT T1.Abbreviation FROM airlines AS T1 JOIN flights AS T2 ON T1.Airline  =  T2.DestinationAirport WHERE T2.AirportName  =  'APG'
2026-07-31 15:00:54,230 [INFO   ] [inference] generate_sql  latency_sec=4.7585  input_tokens=109  output_tokens=93
2026-07-31 15:00:54,231 [INFO   ]   >> INPUT  : Translate the natural language question into a valid SQL query using the provided schema.

Schema:
airlines(uid, Airline, Abbreviation, Country) | airports(City, AirportCode, AirportName, Country, CountryAbbrev) | flights(Airline, FlightNo, SourceAirport->airports.AirportCode, DestAirport->airports.AirportCode)

Question:
Which airlines have departures from CVO but not from APG airports?

SQL:

2026-07-31 15:00:54,231 [INFO   ]   >> OUTPUT : SELECT T1.Abbreviation FROM airlines AS T1 JOIN flights AS T2 ON T1.uid  =  T2.airline WHERE T2.sourceAirport  =  'CVO' EXCEPT SELECT T1.Abbreviation FROM airlines AS T1 JOIN flights AS T2 ON T1.uid  =  T2.airline WHERE T2.sourceAirport  =  'APG'
2026-07-31 15:00:55,672 [INFO   ] [inference] generate_sql  latency_sec=1.4233  input_tokens=105  output_tokens=20
2026-07-31 15:00:55,673 [INFO   ]   >> INPUT  : Translate the natural language question into a valid SQL query using the provided schema.

Schema:
airlines(uid, Airline, Abbreviation, Country) | airports(City, AirportCode, AirportName, Country, CountryAbbrev) | flights(Airline, FlightNo, SourceAirport->airports.AirportCode, DestAirport->airports.AirportCode)

Question:
Find all airlines that have at least 10 flights.

SQL:

2026-07-31 15:00:55,673 [INFO   ]   >> OUTPUT : SELECT * FROM airlines WHERE flights LIKE '%' AND count(*)  >=  10
2026-07-31 15:00:58,533 [INFO   ] [inference] generate_sql  latency_sec=2.8426  input_tokens=103  output_tokens=51
2026-07-31 15:00:58,533 [INFO   ]   >> INPUT  : Translate the natural language question into a valid SQL query using the provided schema.

Schema:
airlines(uid, Airline, Abbreviation, Country) | airports(City, AirportCode, AirportName, Country, CountryAbbrev) | flights(Airline, FlightNo, SourceAirport->airports.AirportCode, DestAirport->airports.AirportCode)

Question:
Which airlines have at least 10 flights?

SQL:

2026-07-31 15:00:58,533 [INFO   ]   >> OUTPUT : SELECT T1.Abbreviation FROM airlines AS T1 JOIN flights AS T2 ON T1.uid  =  T2.airline GROUP BY T1.Abbreviation HAVING count(*)  >=  10
2026-07-31 15:01:00,575 [INFO   ] [inference] generate_sql  latency_sec=2.0292  input_tokens=105  output_tokens=42
2026-07-31 15:01:00,576 [INFO   ]   >> INPUT  : Translate the natural language question into a valid SQL query using the provided schema.

Schema:
airlines(uid, Airline, Abbreviation, Country) | airports(City, AirportCode, AirportName, Country, CountryAbbrev) | flights(Airline, FlightNo, SourceAirport->airports.AirportCode, DestAirport->airports.AirportCode)

Question:
Find all airlines that have fewer than 200 flights.

SQL:

2026-07-31 15:01:00,576 [INFO   ]   >> OUTPUT : SELECT T1.Abbreviation FROM airlines AS T1 JOIN flights AS T2 ON T1.uid  =  T2.airline WHERE T2.flightno  <  200
2026-07-31 15:01:02,528 [INFO   ] [inference] generate_sql  latency_sec=1.9389  input_tokens=103  output_tokens=42
2026-07-31 15:01:02,528 [INFO   ]   >> INPUT  : Translate the natural language question into a valid SQL query using the provided schema.

Schema:
airlines(uid, Airline, Abbreviation, Country) | airports(City, AirportCode, AirportName, Country, CountryAbbrev) | flights(Airline, FlightNo, SourceAirport->airports.AirportCode, DestAirport->airports.AirportCode)

Question:
Which airlines have less than 200 flights?

SQL:

2026-07-31 15:01:02,528 [INFO   ]   >> OUTPUT : SELECT T1.Abbreviation FROM airlines AS T1 JOIN flights AS T2 ON T1.uid  =  T2.airline WHERE T2.flightno  <  200
2026-07-31 15:01:03,278 [INFO   ] [inference] generate_sql  latency_sec=0.7373  input_tokens=106  output_tokens=15
2026-07-31 15:01:03,278 [INFO   ]   >> INPUT  : Translate the natural language question into a valid SQL query using the provided schema.

Schema:
airlines(uid, Airline, Abbreviation, Country) | airports(City, AirportCode, AirportName, Country, CountryAbbrev) | flights(Airline, FlightNo, SourceAirport->airports.AirportCode, DestAirport->airports.AirportCode)

Question:
What are flight numbers of Airline "United Airlines"?

SQL:

2026-07-31 15:01:03,278 [INFO   ]   >> OUTPUT : SELECT FlightNo FROM flights WHERE airline  =  "United Airlines"
2026-07-31 15:01:04,045 [INFO   ] [inference] generate_sql  latency_sec=0.7535  input_tokens=104  output_tokens=16
2026-07-31 15:01:04,045 [INFO   ]   >> INPUT  : Translate the natural language question into a valid SQL query using the provided schema.

Schema:
airlines(uid, Airline, Abbreviation, Country) | airports(City, AirportCode, AirportName, Country, CountryAbbrev) | flights(Airline, FlightNo, SourceAirport->airports.AirportCode, DestAirport->airports.AirportCode)

Question:
Which flight numbers correspond to United Airlines flights?

SQL:

2026-07-31 15:01:04,045 [INFO   ]   >> OUTPUT : SELECT FlightNo FROM flights WHERE Airline  =  "United Airlines"
2026-07-31 15:01:04,833 [INFO   ] [inference] generate_sql  latency_sec=0.775  input_tokens=108  output_tokens=17
2026-07-31 15:01:04,833 [INFO   ]   >> INPUT  : Translate the natural language question into a valid SQL query using the provided schema.

Schema:
airlines(uid, Airline, Abbreviation, Country) | airports(City, AirportCode, AirportName, Country, CountryAbbrev) | flights(Airline, FlightNo, SourceAirport->airports.AirportCode, DestAirport->airports.AirportCode)

Question:
What are flight numbers of flights departing from Airport "APG"?

SQL:

2026-07-31 15:01:04,833 [INFO   ]   >> OUTPUT : SELECT FlightNo FROM flights WHERE DestinationAirport  =  "APG"
2026-07-31 15:01:05,642 [INFO   ] [inference] generate_sql  latency_sec=0.7958  input_tokens=106  output_tokens=17
2026-07-31 15:01:05,642 [INFO   ]   >> INPUT  : Translate the natural language question into a valid SQL query using the provided schema.

Schema:
airlines(uid, Airline, Abbreviation, Country) | airports(City, AirportCode, AirportName, Country, CountryAbbrev) | flights(Airline, FlightNo, SourceAirport->airports.AirportCode, DestAirport->airports.AirportCode)

Question:
Give the flight numbers of flights leaving from APG.

SQL:

2026-07-31 15:01:05,642 [INFO   ]   >> OUTPUT : SELECT FlightNo FROM flights WHERE DestAirport  =  "APG"
2026-07-31 15:01:06,488 [INFO   ] [inference] generate_sql  latency_sec=0.83  input_tokens=108  output_tokens=16
2026-07-31 15:01:06,489 [INFO   ]   >> INPUT  : Translate the natural language question into a valid SQL query using the provided schema.

Schema:
airlines(uid, Airline, Abbreviation, Country) | airports(City, AirportCode, AirportName, Country, CountryAbbrev) | flights(Airline, FlightNo, SourceAirport->airports.AirportCode, DestAirport->airports.AirportCode)

Question:
What are flight numbers of flights arriving at Airport "APG"?

SQL:

2026-07-31 15:01:06,489 [INFO   ]   >> OUTPUT : SELECT FlightNo FROM flights WHERE AirportName  =  "APG"
2026-07-31 15:01:07,436 [INFO   ] [inference] generate_sql  latency_sec=0.9343  input_tokens=106  output_tokens=17
2026-07-31 15:01:07,437 [INFO   ]   >> INPUT  : Translate the natural language question into a valid SQL query using the provided schema.

Schema:
airlines(uid, Airline, Abbreviation, Country) | airports(City, AirportCode, AirportName, Country, CountryAbbrev) | flights(Airline, FlightNo, SourceAirport->airports.AirportCode, DestAirport->airports.AirportCode)

Question:
Give the flight numbers of flights landing at APG.

SQL:

2026-07-31 15:01:07,437 [INFO   ]   >> OUTPUT : SELECT FlightNo FROM flights WHERE DestinationAirport  =  "APG"
2026-07-31 15:01:08,489 [INFO   ] [inference] generate_sql  latency_sec=1.0337  input_tokens=110  output_tokens=16
2026-07-31 15:01:08,489 [INFO   ]   >> INPUT  : Translate the natural language question into a valid SQL query using the provided schema.

Schema:
airlines(uid, Airline, Abbreviation, Country) | airports(City, AirportCode, AirportName, Country, CountryAbbrev) | flights(Airline, FlightNo, SourceAirport->airports.AirportCode, DestAirport->airports.AirportCode)

Question:
What are flight numbers of flights departing from City "Aberdeen "?

SQL:

2026-07-31 15:01:08,490 [INFO   ]   >> OUTPUT : SELECT FlightNo FROM flights WHERE City  =  "Aberdeen "
2026-07-31 15:01:12,056 [INFO   ] [inference] generate_sql  latency_sec=3.5472  input_tokens=105  output_tokens=59
2026-07-31 15:01:12,056 [INFO   ]   >> INPUT  : Translate the natural language question into a valid SQL query using the provided schema.

Schema:
airlines(uid, Airline, Abbreviation, Country) | airports(City, AirportCode, AirportName, Country, CountryAbbrev) | flights(Airline, FlightNo, SourceAirport->airports.AirportCode, DestAirport->airports.AirportCode)

Question:
Give the flight numbers of flights leaving from Aberdeen.

SQL:

2026-07-31 15:01:12,056 [INFO   ]   >> OUTPUT : SELECT T1.FlightNo FROM flights AS T1 JOIN airlines AS T2 ON T1.Airline  =  T2.Abbreviation WHERE T2.Country  =  "Austria" WHERE T1.DestAirport  =  "Beijing";
2026-07-31 15:01:12,847 [INFO   ] [inference] generate_sql  latency_sec=0.7683  input_tokens=109  output_tokens=16
2026-07-31 15:01:12,847 [INFO   ]   >> INPUT  : Translate the natural language question into a valid SQL query using the provided schema.

Schema:
airlines(uid, Airline, Abbreviation, Country) | airports(City, AirportCode, AirportName, Country, CountryAbbrev) | flights(Airline, FlightNo, SourceAirport->airports.AirportCode, DestAirport->airports.AirportCode)

Question:
What are flight numbers of flights arriving at City "Aberdeen"?

SQL:

2026-07-31 15:01:12,847 [INFO   ]   >> OUTPUT : SELECT FlightNo FROM flights WHERE City  =  "Aberdeen"
2026-07-31 15:01:15,549 [INFO   ] [inference] generate_sql  latency_sec=2.6893  input_tokens=105  output_tokens=59
2026-07-31 15:01:15,549 [INFO   ]   >> INPUT  : Translate the natural language question into a valid SQL query using the provided schema.

Schema:
airlines(uid, Airline, Abbreviation, Country) | airports(City, AirportCode, AirportName, Country, CountryAbbrev) | flights(Airline, FlightNo, SourceAirport->airports.AirportCode, DestAirport->airports.AirportCode)

Question:
Give the flight numbers of flights arriving in Aberdeen.

SQL:

2026-07-31 15:01:15,549 [INFO   ]   >> OUTPUT : SELECT T1.FlightNo FROM flights AS T1 JOIN airlines AS T2 ON T1.Airline  =  T2.Abbreviation WHERE T2.Country  =  "Austria" WHERE T1.DestAirport  =  "Beijing";
2026-07-31 15:01:18,264 [INFO   ] [inference] generate_sql  latency_sec=2.7012  input_tokens=111  output_tokens=57
2026-07-31 15:01:18,264 [INFO   ]   >> INPUT  : Translate the natural language question into a valid SQL query using the provided schema.

Schema:
airlines(uid, Airline, Abbreviation, Country) | airports(City, AirportCode, AirportName, Country, CountryAbbrev) | flights(Airline, FlightNo, SourceAirport->airports.AirportCode, DestAirport->airports.AirportCode)

Question:
Find the number of flights landing in the city of Aberdeen or Abilene.

SQL:

2026-07-31 15:01:18,264 [INFO   ]   >> OUTPUT : SELECT count(*) FROM flights AS T1 JOIN airlines AS T2 ON T1.Airline  =  T2.Abbreviation WHERE T2.Country  =  "Abelene" OR T1.City  =  "Beaver City"
2026-07-31 15:01:19,626 [INFO   ] [inference] generate_sql  latency_sec=1.3495  input_tokens=106  output_tokens=27
2026-07-31 15:01:19,626 [INFO   ]   >> INPUT  : Translate the natural language question into a valid SQL query using the provided schema.

Schema:
airlines(uid, Airline, Abbreviation, Country) | airports(City, AirportCode, AirportName, Country, CountryAbbrev) | flights(Airline, FlightNo, SourceAirport->airports.AirportCode, DestAirport->airports.AirportCode)

Question:
How many flights land in Aberdeen or Abilene?

SQL:

2026-07-31 15:01:19,626 [INFO   ]   >> OUTPUT : SELECT count(*) FROM flights WHERE airline  =  'Abelene' OR airline  =  'Aberdeen'
2026-07-31 15:01:21,904 [INFO   ] [inference] generate_sql  latency_sec=2.2654  input_tokens=110  output_tokens=42
2026-07-31 15:01:21,904 [INFO   ]   >> INPUT  : Translate the natural language question into a valid SQL query using the provided schema.

Schema:
airlines(uid, Airline, Abbreviation, Country) | airports(City, AirportCode, AirportName, Country, CountryAbbrev) | flights(Airline, FlightNo, SourceAirport->airports.AirportCode, DestAirport->airports.AirportCode)

Question:
Find the name of airports which do not have any flight in and out.

SQL:

2026-07-31 15:01:21,904 [INFO   ]   >> OUTPUT : SELECT AirportName FROM airports EXCEPT SELECT T1.AirportName FROM flights AS T1 JOIN airports AS T2 ON T1.AirportCode  =  T2.AirportCode
2026-07-31 15:01:24,364 [INFO   ] [inference] generate_sql  latency_sec=2.4409  input_tokens=105  output_tokens=38
2026-07-31 15:01:24,364 [INFO   ]   >> INPUT  : Translate the natural language question into a valid SQL query using the provided schema.

Schema:
airlines(uid, Airline, Abbreviation, Country) | airports(City, AirportCode, AirportName, Country, CountryAbbrev) | flights(Airline, FlightNo, SourceAirport->airports.AirportCode, DestAirport->airports.AirportCode)

Question:
Which airports do not have departing or arriving flights?

SQL:

2026-07-31 15:01:24,364 [INFO   ]   >> OUTPUT : SELECT Airport FROM airlines EXCEPT SELECT T1.Airport FROM flights AS T1 JOIN airlines AS T2 ON T1.Airline  =  T2.Airline
2026-07-31 15:01:24,965 [INFO   ] [inference] generate_sql  latency_sec=0.583  input_tokens=131  output_tokens=7
2026-07-31 15:01:24,966 [INFO   ]   >> INPUT  : Translate the natural language question into a valid SQL query using the provided schema.

Schema:
employee(Employee_ID, Name, Age, City) | shop(Shop_ID, Name, Location, District, Number_products, Manager_name) | hiring(Shop_ID->shop.Shop_ID, Employee_ID->employee.Employee_ID, Start_from, Is_full_time) | evaluation(Employee_ID->employee.Employee_ID, Year_awarded, Bonus)

Question:
How many employees are there?

SQL:

2026-07-31 15:01:24,966 [INFO   ]   >> OUTPUT : SELECT count(*) FROM employee
2026-07-31 15:01:25,379 [INFO   ] [inference] generate_sql  latency_sec=0.3888  input_tokens=130  output_tokens=7
2026-07-31 15:01:25,379 [INFO   ]   >> INPUT  : Translate the natural language question into a valid SQL query using the provided schema.

Schema:
employee(Employee_ID, Name, Age, City) | shop(Shop_ID, Name, Location, District, Number_products, Manager_name) | hiring(Shop_ID->shop.Shop_ID, Employee_ID->employee.Employee_ID, Start_from, Is_full_time) | evaluation(Employee_ID->employee.Employee_ID, Year_awarded, Bonus)

Question:
Count the number of employees

SQL:

2026-07-31 15:01:25,379 [INFO   ]   >> OUTPUT : SELECT count(*) FROM employee
2026-07-31 15:01:25,830 [INFO   ] [inference] generate_sql  latency_sec=0.4384  input_tokens=135  output_tokens=9
2026-07-31 15:01:25,830 [INFO   ]   >> INPUT  : Translate the natural language question into a valid SQL query using the provided schema.

Schema:
employee(Employee_ID, Name, Age, City) | shop(Shop_ID, Name, Location, District, Number_products, Manager_name) | hiring(Shop_ID->shop.Shop_ID, Employee_ID->employee.Employee_ID, Start_from, Is_full_time) | evaluation(Employee_ID->employee.Employee_ID, Year_awarded, Bonus)

Question:
Sort employee names by their age in ascending order.

SQL:

2026-07-31 15:01:25,830 [INFO   ]   >> OUTPUT : SELECT name FROM employee ORDER BY age ASC
2026-07-31 15:01:28,175 [INFO   ] [inference] generate_sql  latency_sec=2.3313  input_tokens=138  output_tokens=12
2026-07-31 15:01:28,175 [INFO   ]   >> INPUT  : Translate the natural language question into a valid SQL query using the provided schema.

Schema:
employee(Employee_ID, Name, Age, City) | shop(Shop_ID, Name, Location, District, Number_products, Manager_name) | hiring(Shop_ID->shop.Shop_ID, Employee_ID->employee.Employee_ID, Start_from, Is_full_time) | evaluation(Employee_ID->employee.Employee_ID, Year_awarded, Bonus)

Question:
List the names of employees and sort in ascending order of age.

SQL:

2026-07-31 15:01:28,175 [INFO   ]   >> OUTPUT : SELECT name ,  age FROM employee ORDER BY age ASC
2026-07-31 15:01:28,842 [INFO   ] [inference] generate_sql  latency_sec=0.6546  input_tokens=135  output_tokens=13
2026-07-31 15:01:28,842 [INFO   ]   >> INPUT  : Translate the natural language question into a valid SQL query using the provided schema.

Schema:
employee(Employee_ID, Name, Age, City) | shop(Shop_ID, Name, Location, District, Number_products, Manager_name) | hiring(Shop_ID->shop.Shop_ID, Employee_ID->employee.Employee_ID, Start_from, Is_full_time) | evaluation(Employee_ID->employee.Employee_ID, Year_awarded, Bonus)

Question:
What is the number of employees from each city?

SQL:

2026-07-31 15:01:28,843 [INFO   ]   >> OUTPUT : SELECT city ,  count(*) FROM employee GROUP BY city
2026-07-31 15:01:29,486 [INFO   ] [inference] generate_sql  latency_sec=0.6307  input_tokens=134  output_tokens=13
2026-07-31 15:01:29,487 [INFO   ]   >> INPUT  : Translate the natural language question into a valid SQL query using the provided schema.

Schema:
employee(Employee_ID, Name, Age, City) | shop(Shop_ID, Name, Location, District, Number_products, Manager_name) | hiring(Shop_ID->shop.Shop_ID, Employee_ID->employee.Employee_ID, Start_from, Is_full_time) | evaluation(Employee_ID->employee.Employee_ID, Year_awarded, Bonus)

Question:
Count the number of employees for each city.

SQL:

2026-07-31 15:01:29,487 [INFO   ]   >> OUTPUT : SELECT city ,  count(*) FROM employee GROUP BY city
2026-07-31 15:01:30,638 [INFO   ] [inference] generate_sql  latency_sec=1.1381  input_tokens=138  output_tokens=24
2026-07-31 15:01:30,639 [INFO   ]   >> INPUT  : Translate the natural language question into a valid SQL query using the provided schema.

Schema:
employee(Employee_ID, Name, Age, City) | shop(Shop_ID, Name, Location, District, Number_products, Manager_name) | hiring(Shop_ID->shop.Shop_ID, Employee_ID->employee.Employee_ID, Start_from, Is_full_time) | evaluation(Employee_ID->employee.Employee_ID, Year_awarded, Bonus)

Question:
Which cities do more than one employee under age 30 come from?

SQL:

2026-07-31 15:01:30,639 [INFO   ]   >> OUTPUT : SELECT city FROM employee WHERE age  >  30 GROUP BY city HAVING count(*)  >  1
2026-07-31 15:01:31,842 [INFO   ] [inference] generate_sql  latency_sec=1.1909  input_tokens=138  output_tokens=24
2026-07-31 15:01:31,843 [INFO   ]   >> INPUT  : Translate the natural language question into a valid SQL query using the provided schema.

Schema:
employee(Employee_ID, Name, Age, City) | shop(Shop_ID, Name, Location, District, Number_products, Manager_name) | hiring(Shop_ID->shop.Shop_ID, Employee_ID->employee.Employee_ID, Start_from, Is_full_time) | evaluation(Employee_ID->employee.Employee_ID, Year_awarded, Bonus)

Question:
Find the cities that have more than one employee under age 30.

SQL:

2026-07-31 15:01:31,843 [INFO   ]   >> OUTPUT : SELECT city FROM employee WHERE age  >  30 GROUP BY city HAVING count(*)  >  1
2026-07-31 15:01:32,570 [INFO   ] [inference] generate_sql  latency_sec=0.714  input_tokens=134  output_tokens=15
2026-07-31 15:01:32,571 [INFO   ]   >> INPUT  : Translate the natural language question into a valid SQL query using the provided schema.

Schema:
employee(Employee_ID, Name, Age, City) | shop(Shop_ID, Name, Location, District, Number_products, Manager_name) | hiring(Shop_ID->shop.Shop_ID, Employee_ID->employee.Employee_ID, Start_from, Is_full_time) | evaluation(Employee_ID->employee.Employee_ID, Year_awarded, Bonus)

Question:
Find the number of shops in each location.

SQL:

2026-07-31 15:01:32,571 [INFO   ]   >> OUTPUT : SELECT count(*) ,  LOCATION FROM shop GROUP BY LOCATION
2026-07-31 15:01:33,315 [INFO   ] [inference] generate_sql  latency_sec=0.7317  input_tokens=134  output_tokens=15
2026-07-31 15:01:33,316 [INFO   ]   >> INPUT  : Translate the natural language question into a valid SQL query using the provided schema.

Schema:
employee(Employee_ID, Name, Age, City) | shop(Shop_ID, Name, Location, District, Number_products, Manager_name) | hiring(Shop_ID->shop.Shop_ID, Employee_ID->employee.Employee_ID, Start_from, Is_full_time) | evaluation(Employee_ID->employee.Employee_ID, Year_awarded, Bonus)

Question:
How many shops are there in each location?

SQL:

2026-07-31 15:01:33,316 [INFO   ]   >> OUTPUT : SELECT LOCATION ,  count(*) FROM shop GROUP BY LOCATION
2026-07-31 15:01:34,629 [INFO   ] [inference] generate_sql  latency_sec=1.2999  input_tokens=142  output_tokens=29
2026-07-31 15:01:34,629 [INFO   ]   >> INPUT  : Translate the natural language question into a valid SQL query using the provided schema.

Schema:
employee(Employee_ID, Name, Age, City) | shop(Shop_ID, Name, Location, District, Number_products, Manager_name) | hiring(Shop_ID->shop.Shop_ID, Employee_ID->employee.Employee_ID, Start_from, Is_full_time) | evaluation(Employee_ID->employee.Employee_ID, Year_awarded, Bonus)

Question:
Find the manager name and district of the shop whose number of products is the largest.

SQL:

2026-07-31 15:01:34,629 [INFO   ]   >> OUTPUT : SELECT manager_name ,  district FROM shop WHERE number_products  =  (SELECT max(number_products) FROM shop)
2026-07-31 15:01:38,295 [INFO   ] [inference] generate_sql  latency_sec=3.6528  input_tokens=143  output_tokens=61
2026-07-31 15:01:38,295 [INFO   ]   >> INPUT  : Translate the natural language question into a valid SQL query using the provided schema.

Schema:
employee(Employee_ID, Name, Age, City) | shop(Shop_ID, Name, Location, District, Number_products, Manager_name) | hiring(Shop_ID->shop.Shop_ID, Employee_ID->employee.Employee_ID, Start_from, Is_full_time) | evaluation(Employee_ID->employee.Employee_ID, Year_awarded, Bonus)

Question:
What are the manager name and district of the shop that sells the largest number of products?

SQL:

2026-07-31 15:01:38,295 [INFO   ]   >> OUTPUT : SELECT T1.Manager_name ,  T1.District FROM employee AS T1 JOIN shop AS T2 ON T1.Employee_ID  =  T2.Manager_ID GROUP BY T1.Employee_ID ORDER BY count(*) DESC LIMIT 1
2026-07-31 15:01:39,430 [INFO   ] [inference] generate_sql  latency_sec=1.1168  input_tokens=137  output_tokens=18
2026-07-31 15:01:39,431 [INFO   ]   >> INPUT  : Translate the natural language question into a valid SQL query using the provided schema.

Schema:
employee(Employee_ID, Name, Age, City) | shop(Shop_ID, Name, Location, District, Number_products, Manager_name) | hiring(Shop_ID->shop.Shop_ID, Employee_ID->employee.Employee_ID, Start_from, Is_full_time) | evaluation(Employee_ID->employee.Employee_ID, Year_awarded, Bonus)

Question:
find the minimum and maximum number of products of all stores.

SQL:

2026-07-31 15:01:39,431 [INFO   ]   >> OUTPUT : SELECT min(Number_products) ,  max(Number_products) FROM shop
2026-07-31 15:01:40,331 [INFO   ] [inference] generate_sql  latency_sec=0.8874  input_tokens=139  output_tokens=18
2026-07-31 15:01:40,332 [INFO   ]   >> INPUT  : Translate the natural language question into a valid SQL query using the provided schema.

Schema:
employee(Employee_ID, Name, Age, City) | shop(Shop_ID, Name, Location, District, Number_products, Manager_name) | hiring(Shop_ID->shop.Shop_ID, Employee_ID->employee.Employee_ID, Start_from, Is_full_time) | evaluation(Employee_ID->employee.Employee_ID, Year_awarded, Bonus)

Question:
What are the minimum and maximum number of products across all the shops?

SQL:

2026-07-31 15:01:40,332 [INFO   ]   >> OUTPUT : SELECT min(Number_products) ,  max(Number_products) FROM shop
2026-07-31 15:01:41,620 [INFO   ] [inference] generate_sql  latency_sec=1.274  input_tokens=143  output_tokens=20
2026-07-31 15:01:41,620 [INFO   ]   >> INPUT  : Translate the natural language question into a valid SQL query using the provided schema.

Schema:
employee(Employee_ID, Name, Age, City) | shop(Shop_ID, Name, Location, District, Number_products, Manager_name) | hiring(Shop_ID->shop.Shop_ID, Employee_ID->employee.Employee_ID, Start_from, Is_full_time) | evaluation(Employee_ID->employee.Employee_ID, Year_awarded, Bonus)

Question:
Return the name, location and district of all shops in descending order of number of products.

SQL:

2026-07-31 15:01:41,620 [INFO   ]   >> OUTPUT : SELECT name ,  LOCATION ,  district FROM shop ORDER BY number_products DESC
2026-07-31 15:01:44,442 [INFO   ] [inference] generate_sql  latency_sec=2.8088  input_tokens=148  output_tokens=56
2026-07-31 15:01:44,442 [INFO   ]   >> INPUT  : Translate the natural language question into a valid SQL query using the provided schema.

Schema:
employee(Employee_ID, Name, Age, City) | shop(Shop_ID, Name, Location, District, Number_products, Manager_name) | hiring(Shop_ID->shop.Shop_ID, Employee_ID->employee.Employee_ID, Start_from, Is_full_time) | evaluation(Employee_ID->employee.Employee_ID, Year_awarded, Bonus)

Question:
Sort all the shops by number products in descending order, and return the name, location and district of each shop.

SQL:

2026-07-31 15:01:44,442 [INFO   ]   >> OUTPUT : SELECT T1.name ,  T1.location ,  T1.District FROM shop AS T1 JOIN employee AS T2 ON T1.Manager_name  =  T2.Employee_ID ORDER BY T2.Number_products DESC
2026-07-31 15:01:49,969 [INFO   ] [inference] generate_sql  latency_sec=5.5147  input_tokens=142  output_tokens=98
2026-07-31 15:01:49,969 [INFO   ]   >> INPUT  : Translate the natural language question into a valid SQL query using the provided schema.

Schema:
employee(Employee_ID, Name, Age, City) | shop(Shop_ID, Name, Location, District, Number_products, Manager_name) | hiring(Shop_ID->shop.Shop_ID, Employee_ID->employee.Employee_ID, Start_from, Is_full_time) | evaluation(Employee_ID->employee.Employee_ID, Year_awarded, Bonus)

Question:
Find the names of stores whose number products is more than the average number of products.

SQL:

2026-07-31 15:01:49,969 [INFO   ]   >> OUTPUT : SELECT T1.name FROM shop AS T1 JOIN employee AS T2 ON T1.manager_name  =  T2.employee_id GROUP BY T1.number_products HAVING avg(T1.number_products)  >=  (SELECT avg(T1.number_products) FROM shop AS T1 JOIN employee AS T2 ON T1.manager_name  =  T2.employee_id)
2026-07-31 15:01:55,300 [INFO   ] [inference] generate_sql  latency_sec=5.3115  input_tokens=141  output_tokens=98
2026-07-31 15:01:55,301 [INFO   ]   >> INPUT  : Translate the natural language question into a valid SQL query using the provided schema.

Schema:
employee(Employee_ID, Name, Age, City) | shop(Shop_ID, Name, Location, District, Number_products, Manager_name) | hiring(Shop_ID->shop.Shop_ID, Employee_ID->employee.Employee_ID, Start_from, Is_full_time) | evaluation(Employee_ID->employee.Employee_ID, Year_awarded, Bonus)

Question:
Which shops' number products is above the average? Give me the shop names.

SQL:

2026-07-31 15:01:55,301 [INFO   ]   >> OUTPUT : SELECT T1.Name FROM shop AS T1 JOIN employee AS T2 ON T1.Manager_name  =  T2.Employee_ID GROUP BY T1.Number_products HAVING avg(T1.Number_products)  >=  (SELECT avg(T1.Number_products) FROM shop AS T1 JOIN employee AS T2 ON T1.Manager_name  =  T2.Employee_ID)
2026-07-31 15:01:57,863 [INFO   ] [inference] generate_sql  latency_sec=2.5491  input_tokens=140  output_tokens=54
2026-07-31 15:01:57,863 [INFO   ]   >> INPUT  : Translate the natural language question into a valid SQL query using the provided schema.

Schema:
employee(Employee_ID, Name, Age, City) | shop(Shop_ID, Name, Location, District, Number_products, Manager_name) | hiring(Shop_ID->shop.Shop_ID, Employee_ID->employee.Employee_ID, Start_from, Is_full_time) | evaluation(Employee_ID->employee.Employee_ID, Year_awarded, Bonus)

Question:
find the name of employee who was awarded the most times in the evaluation.

SQL:

2026-07-31 15:01:57,863 [INFO   ]   >> OUTPUT : SELECT T1.name FROM employee AS T1 JOIN evaluation AS T2 ON T1.employee_id  =  T2.employee_id GROUP BY T2.employee_id ORDER BY count(*) DESC LIMIT 1
2026-07-31 15:02:00,359 [INFO   ] [inference] generate_sql  latency_sec=2.483  input_tokens=140  output_tokens=54
2026-07-31 15:02:00,360 [INFO   ]   >> INPUT  : Translate the natural language question into a valid SQL query using the provided schema.

Schema:
employee(Employee_ID, Name, Age, City) | shop(Shop_ID, Name, Location, District, Number_products, Manager_name) | hiring(Shop_ID->shop.Shop_ID, Employee_ID->employee.Employee_ID, Start_from, Is_full_time) | evaluation(Employee_ID->employee.Employee_ID, Year_awarded, Bonus)

Question:
Which employee received the most awards in evaluations? Give me the employee name.

SQL:

2026-07-31 15:02:00,360 [INFO   ]   >> OUTPUT : SELECT T1.Name FROM employee AS T1 JOIN evaluation AS T2 ON T1.Employee_ID  =  T2.Employee_ID GROUP BY T1.Employee_ID ORDER BY count(*) DESC LIMIT 1
2026-07-31 15:02:02,919 [INFO   ] [inference] generate_sql  latency_sec=2.5461  input_tokens=139  output_tokens=55
2026-07-31 15:02:02,920 [INFO   ]   >> INPUT  : Translate the natural language question into a valid SQL query using the provided schema.

Schema:
employee(Employee_ID, Name, Age, City) | shop(Shop_ID, Name, Location, District, Number_products, Manager_name) | hiring(Shop_ID->shop.Shop_ID, Employee_ID->employee.Employee_ID, Start_from, Is_full_time) | evaluation(Employee_ID->employee.Employee_ID, Year_awarded, Bonus)

Question:
Find the name of the employee who got the highest one time bonus.

SQL:

2026-07-31 15:02:02,920 [INFO   ]   >> OUTPUT : SELECT T1.Name FROM employee AS T1 JOIN evaluation AS T2 ON T1.Employee_ID  =  T2.Employee_ID GROUP BY T1.Employee_ID ORDER BY T2.Bonus DESC LIMIT 1
2026-07-31 15:02:06,644 [INFO   ] [inference] generate_sql  latency_sec=3.7111  input_tokens=138  output_tokens=58
2026-07-31 15:02:06,644 [INFO   ]   >> INPUT  : Translate the natural language question into a valid SQL query using the provided schema.

Schema:
employee(Employee_ID, Name, Age, City) | shop(Shop_ID, Name, Location, District, Number_products, Manager_name) | hiring(Shop_ID->shop.Shop_ID, Employee_ID->employee.Employee_ID, Start_from, Is_full_time) | evaluation(Employee_ID->employee.Employee_ID, Year_awarded, Bonus)

Question:
Which employee received the biggest bonus? Give me the employee name.

SQL:

2026-07-31 15:02:06,644 [INFO   ]   >> OUTPUT : SELECT T1.Name FROM employee AS T1 JOIN evaluation AS T2 ON T1.Employee_ID  =  T2.Employee_ID GROUP BY T2.Employee_ID ORDER BY sum(T2.Bonus) DESC LIMIT 1
2026-07-31 15:02:08,714 [INFO   ] [inference] generate_sql  latency_sec=2.0478  input_tokens=139  output_tokens=41
2026-07-31 15:02:08,714 [INFO   ]   >> INPUT  : Translate the natural language question into a valid SQL query using the provided schema.

Schema:
employee(Employee_ID, Name, Age, City) | shop(Shop_ID, Name, Location, District, Number_products, Manager_name) | hiring(Shop_ID->shop.Shop_ID, Employee_ID->employee.Employee_ID, Start_from, Is_full_time) | evaluation(Employee_ID->employee.Employee_ID, Year_awarded, Bonus)

Question:
Find the names of employees who never won any award in the evaluation.

SQL:

2026-07-31 15:02:08,715 [INFO   ]   >> OUTPUT : SELECT name FROM employee EXCEPT SELECT T1.name FROM employee AS T1 JOIN evaluation AS T2 ON T1.employee_id  =  T2.employee_id
2026-07-31 15:02:10,568 [INFO   ] [inference] generate_sql  latency_sec=1.8399  input_tokens=138  output_tokens=41
2026-07-31 15:02:10,568 [INFO   ]   >> INPUT  : Translate the natural language question into a valid SQL query using the provided schema.

Schema:
employee(Employee_ID, Name, Age, City) | shop(Shop_ID, Name, Location, District, Number_products, Manager_name) | hiring(Shop_ID->shop.Shop_ID, Employee_ID->employee.Employee_ID, Start_from, Is_full_time) | evaluation(Employee_ID->employee.Employee_ID, Year_awarded, Bonus)

Question:
What are the names of the employees who never received any evaluation?

SQL:

2026-07-31 15:02:10,568 [INFO   ]   >> OUTPUT : SELECT name FROM employee EXCEPT SELECT T1.name FROM employee AS T1 JOIN evaluation AS T2 ON T1.employee_id  =  T2.employee_id
2026-07-31 15:02:12,939 [INFO   ] [inference] generate_sql  latency_sec=2.3554  input_tokens=141  output_tokens=51
2026-07-31 15:02:12,939 [INFO   ]   >> INPUT  : Translate the natural language question into a valid SQL query using the provided schema.

Schema:
employee(Employee_ID, Name, Age, City) | shop(Shop_ID, Name, Location, District, Number_products, Manager_name) | hiring(Shop_ID->shop.Shop_ID, Employee_ID->employee.Employee_ID, Start_from, Is_full_time) | evaluation(Employee_ID->employee.Employee_ID, Year_awarded, Bonus)

Question:
What is the name of the shop that is hiring the largest number of employees?

SQL:

2026-07-31 15:02:12,939 [INFO   ]   >> OUTPUT : SELECT T1.name FROM employee AS T1 JOIN shop AS T2 ON T1.employee_id  =  T2.employee_id GROUP BY T2.name ORDER BY count(*) DESC LIMIT 1
2026-07-31 15:02:15,301 [INFO   ] [inference] generate_sql  latency_sec=2.3491  input_tokens=138  output_tokens=51
2026-07-31 15:02:15,302 [INFO   ]   >> INPUT  : Translate the natural language question into a valid SQL query using the provided schema.

Schema:
employee(Employee_ID, Name, Age, City) | shop(Shop_ID, Name, Location, District, Number_products, Manager_name) | hiring(Shop_ID->shop.Shop_ID, Employee_ID->employee.Employee_ID, Start_from, Is_full_time) | evaluation(Employee_ID->employee.Employee_ID, Year_awarded, Bonus)

Question:
Which shop has the most employees? Give me the shop name.

SQL:

2026-07-31 15:02:15,302 [INFO   ]   >> OUTPUT : SELECT T1.name FROM employee AS T1 JOIN shop AS T2 ON T1.employee_id  =  T2.employee_id GROUP BY T2.name ORDER BY count(*) DESC LIMIT 1
2026-07-31 15:02:16,291 [INFO   ] [inference] generate_sql  latency_sec=0.9766  input_tokens=138  output_tokens=19
2026-07-31 15:02:16,292 [INFO   ]   >> INPUT  : Translate the natural language question into a valid SQL query using the provided schema.

Schema:
employee(Employee_ID, Name, Age, City) | shop(Shop_ID, Name, Location, District, Number_products, Manager_name) | hiring(Shop_ID->shop.Shop_ID, Employee_ID->employee.Employee_ID, Start_from, Is_full_time) | evaluation(Employee_ID->employee.Employee_ID, Year_awarded, Bonus)

Question:
Find the name of the shops that do not hire any employee.

SQL:

2026-07-31 15:02:16,292 [INFO   ]   >> OUTPUT : SELECT name FROM shop WHERE shop_id NOT IN (SELECT shop_id FROM hiring)
2026-07-31 15:02:17,400 [INFO   ] [inference] generate_sql  latency_sec=1.0947  input_tokens=136  output_tokens=19
2026-07-31 15:02:17,401 [INFO   ]   >> INPUT  : Translate the natural language question into a valid SQL query using the provided schema.

Schema:
employee(Employee_ID, Name, Age, City) | shop(Shop_ID, Name, Location, District, Number_products, Manager_name) | hiring(Shop_ID->shop.Shop_ID, Employee_ID->employee.Employee_ID, Start_from, Is_full_time) | evaluation(Employee_ID->employee.Employee_ID, Year_awarded, Bonus)

Question:
Which shops run with no employees? Find the shop names

SQL:

2026-07-31 15:02:17,401 [INFO   ]   >> OUTPUT : SELECT name FROM shop WHERE shop_id NOT IN (SELECT shop_id FROM employee)
2026-07-31 15:02:20,182 [INFO   ] [inference] generate_sql  latency_sec=2.7627  input_tokens=142  output_tokens=46
2026-07-31 15:02:20,182 [INFO   ]   >> INPUT  : Translate the natural language question into a valid SQL query using the provided schema.

Schema:
employee(Employee_ID, Name, Age, City) | shop(Shop_ID, Name, Location, District, Number_products, Manager_name) | hiring(Shop_ID->shop.Shop_ID, Employee_ID->employee.Employee_ID, Start_from, Is_full_time) | evaluation(Employee_ID->employee.Employee_ID, Year_awarded, Bonus)

Question:
Find the number of employees hired in each shop; show the shop name as well.

SQL:

2026-07-31 15:02:20,182 [INFO   ]   >> OUTPUT : SELECT T1.name ,  count(*) FROM employee AS T1 JOIN shop AS T2 ON T1.employee_id  =  T2.employee_id GROUP BY T2.name
2026-07-31 15:02:22,560 [INFO   ] [inference] generate_sql  latency_sec=2.3596  input_tokens=143  output_tokens=43
2026-07-31 15:02:22,560 [INFO   ]   >> INPUT  : Translate the natural language question into a valid SQL query using the provided schema.

Schema:
employee(Employee_ID, Name, Age, City) | shop(Shop_ID, Name, Location, District, Number_products, Manager_name) | hiring(Shop_ID->shop.Shop_ID, Employee_ID->employee.Employee_ID, Start_from, Is_full_time) | evaluation(Employee_ID->employee.Employee_ID, Year_awarded, Bonus)

Question:
For each shop, return the number of employees working there and the name of the shop.

SQL:

2026-07-31 15:02:22,561 [INFO   ]   >> OUTPUT : SELECT number_of_employees ,  T1.name FROM employee AS T1 JOIN shop AS T2 ON T1.employee_id  =  T2.employee_id
2026-07-31 15:02:22,946 [INFO   ] [inference] generate_sql  latency_sec=0.373  input_tokens=134  output_tokens=8
2026-07-31 15:02:22,947 [INFO   ]   >> INPUT  : Translate the natural language question into a valid SQL query using the provided schema.

Schema:
employee(Employee_ID, Name, Age, City) | shop(Shop_ID, Name, Location, District, Number_products, Manager_name) | hiring(Shop_ID->shop.Shop_ID, Employee_ID->employee.Employee_ID, Start_from, Is_full_time) | evaluation(Employee_ID->employee.Employee_ID, Year_awarded, Bonus)

Question:
What is total bonus given in all evaluations?

SQL:

2026-07-31 15:02:22,947 [INFO   ]   >> OUTPUT : SELECT sum(Bonus) FROM evaluation
2026-07-31 15:02:23,344 [INFO   ] [inference] generate_sql  latency_sec=0.3846  input_tokens=137  output_tokens=8
2026-07-31 15:02:23,345 [INFO   ]   >> INPUT  : Translate the natural language question into a valid SQL query using the provided schema.

Schema:
employee(Employee_ID, Name, Age, City) | shop(Shop_ID, Name, Location, District, Number_products, Manager_name) | hiring(Shop_ID->shop.Shop_ID, Employee_ID->employee.Employee_ID, Start_from, Is_full_time) | evaluation(Employee_ID->employee.Employee_ID, Year_awarded, Bonus)

Question:
Find the total amount of bonus given in all the evaluations.

SQL:

2026-07-31 15:02:23,345 [INFO   ]   >> OUTPUT : SELECT sum(Bonus) FROM evaluation
2026-07-31 15:02:23,726 [INFO   ] [inference] generate_sql  latency_sec=0.3687  input_tokens=133  output_tokens=7
2026-07-31 15:02:23,726 [INFO   ]   >> INPUT  : Translate the natural language question into a valid SQL query using the provided schema.

Schema:
employee(Employee_ID, Name, Age, City) | shop(Shop_ID, Name, Location, District, Number_products, Manager_name) | hiring(Shop_ID->shop.Shop_ID, Employee_ID->employee.Employee_ID, Start_from, Is_full_time) | evaluation(Employee_ID->employee.Employee_ID, Year_awarded, Bonus)

Question:
Give me all the information about hiring.

SQL:

2026-07-31 15:02:23,726 [INFO   ]   >> OUTPUT : SELECT * FROM HIRING
2026-07-31 15:02:25,688 [INFO   ] [inference] generate_sql  latency_sec=1.9492  input_tokens=133  output_tokens=7
2026-07-31 15:02:25,689 [INFO   ]   >> INPUT  : Translate the natural language question into a valid SQL query using the provided schema.

Schema:
employee(Employee_ID, Name, Age, City) | shop(Shop_ID, Name, Location, District, Number_products, Manager_name) | hiring(Shop_ID->shop.Shop_ID, Employee_ID->employee.Employee_ID, Start_from, Is_full_time) | evaluation(Employee_ID->employee.Employee_ID, Year_awarded, Bonus)

Question:
What is all the information about hiring?

SQL:

2026-07-31 15:02:25,689 [INFO   ]   >> OUTPUT : SELECT * FROM HIRING
2026-07-31 15:02:27,127 [INFO   ] [inference] generate_sql  latency_sec=1.424  input_tokens=143  output_tokens=28
2026-07-31 15:02:27,127 [INFO   ]   >> INPUT  : Translate the natural language question into a valid SQL query using the provided schema.

Schema:
employee(Employee_ID, Name, Age, City) | shop(Shop_ID, Name, Location, District, Number_products, Manager_name) | hiring(Shop_ID->shop.Shop_ID, Employee_ID->employee.Employee_ID, Start_from, Is_full_time) | evaluation(Employee_ID->employee.Employee_ID, Year_awarded, Bonus)

Question:
Which district has both stores with less than 3000 products and stores with more than 10000 products?

SQL:

2026-07-31 15:02:27,127 [INFO   ]   >> OUTPUT : SELECT District FROM shop WHERE Number_products  <  3000 INTERSECT SELECT District FROM shop WHERE Number_products  >  10000
2026-07-31 15:02:28,878 [INFO   ] [inference] generate_sql  latency_sec=1.737  input_tokens=147  output_tokens=28
2026-07-31 15:02:28,879 [INFO   ]   >> INPUT  : Translate the natural language question into a valid SQL query using the provided schema.

Schema:
employee(Employee_ID, Name, Age, City) | shop(Shop_ID, Name, Location, District, Number_products, Manager_name) | hiring(Shop_ID->shop.Shop_ID, Employee_ID->employee.Employee_ID, Start_from, Is_full_time) | evaluation(Employee_ID->employee.Employee_ID, Year_awarded, Bonus)

Question:
Find the districts in which there are both shops selling less than 3000 products and shops selling more than 10000 products.

SQL:

2026-07-31 15:02:28,879 [INFO   ]   >> OUTPUT : SELECT District FROM shop WHERE Number_products  <  3000 INTERSECT SELECT District FROM shop WHERE Number_products  >  10000
2026-07-31 15:02:29,477 [INFO   ] [inference] generate_sql  latency_sec=0.5846  input_tokens=133  output_tokens=13
2026-07-31 15:02:29,477 [INFO   ]   >> INPUT  : Translate the natural language question into a valid SQL query using the provided schema.

Schema:
employee(Employee_ID, Name, Age, City) | shop(Shop_ID, Name, Location, District, Number_products, Manager_name) | hiring(Shop_ID->shop.Shop_ID, Employee_ID->employee.Employee_ID, Start_from, Is_full_time) | evaluation(Employee_ID->employee.Employee_ID, Year_awarded, Bonus)

Question:
How many different store locations are there?

SQL:

2026-07-31 15:02:29,477 [INFO   ]   >> OUTPUT : SELECT count(DISTINCT LOCATION) FROM shop
2026-07-31 15:02:30,072 [INFO   ] [inference] generate_sql  latency_sec=0.5828  input_tokens=133  output_tokens=13
2026-07-31 15:02:30,073 [INFO   ]   >> INPUT  : Translate the natural language question into a valid SQL query using the provided schema.

Schema:
employee(Employee_ID, Name, Age, City) | shop(Shop_ID, Name, Location, District, Number_products, Manager_name) | hiring(Shop_ID->shop.Shop_ID, Employee_ID->employee.Employee_ID, Start_from, Is_full_time) | evaluation(Employee_ID->employee.Employee_ID, Year_awarded, Bonus)

Question:
Count the number of distinct store locations.

SQL:

2026-07-31 15:02:30,073 [INFO   ]   >> OUTPUT : SELECT count(DISTINCT LOCATION) FROM shop
2026-07-31 15:02:30,515 [INFO   ] [inference] generate_sql  latency_sec=0.429  input_tokens=162  output_tokens=7
2026-07-31 15:02:30,515 [INFO   ]   >> INPUT  : Translate the natural language question into a valid SQL query using the provided schema.

Schema:
Ref_Template_Types(Template_Type_Code, Template_Type_Description) | Templates(Template_ID, Version_Number, Template_Type_Code->Ref_Template_Types.Template_Type_Code, Date_Effective_From, Date_Effective_To, Template_Details) | Documents(Document_ID, Template_ID->Templates.Template_ID, Document_Name, Document_Description, Other_Details) | Paragraphs(Paragraph_ID, Document_ID->Documents.Document_ID, Paragraph_Text, Other_Details)

Question:
How many documents do we have?

SQL:

2026-07-31 15:02:30,515 [INFO   ]   >> OUTPUT : SELECT count(*) FROM Documents
2026-07-31 15:02:30,922 [INFO   ] [inference] generate_sql  latency_sec=0.3945  input_tokens=161  output_tokens=7
2026-07-31 15:02:30,923 [INFO   ]   >> INPUT  : Translate the natural language question into a valid SQL query using the provided schema.

Schema:
Ref_Template_Types(Template_Type_Code, Template_Type_Description) | Templates(Template_ID, Version_Number, Template_Type_Code->Ref_Template_Types.Template_Type_Code, Date_Effective_From, Date_Effective_To, Template_Details) | Documents(Document_ID, Template_ID->Templates.Template_ID, Document_Name, Document_Description, Other_Details) | Paragraphs(Paragraph_ID, Document_ID->Documents.Document_ID, Paragraph_Text, Other_Details)

Question:
Count the number of documents.

SQL:

2026-07-31 15:02:30,923 [INFO   ]   >> OUTPUT : SELECT count(*) FROM Documents
2026-07-31 15:02:32,015 [INFO   ] [inference] generate_sql  latency_sec=1.0697  input_tokens=169  output_tokens=17
2026-07-31 15:02:32,015 [INFO   ]   >> INPUT  : Translate the natural language question into a valid SQL query using the provided schema.

Schema:
Ref_Template_Types(Template_Type_Code, Template_Type_Description) | Templates(Template_ID, Version_Number, Template_Type_Code->Ref_Template_Types.Template_Type_Code, Date_Effective_From, Date_Effective_To, Template_Details) | Documents(Document_ID, Template_ID->Templates.Template_ID, Document_Name, Document_Description, Other_Details) | Paragraphs(Paragraph_ID, Document_ID->Documents.Document_ID, Paragraph_Text, Other_Details)

Question:
List document IDs, document names, and document descriptions for all documents.

SQL:

2026-07-31 15:02:32,015 [INFO   ]   >> OUTPUT : SELECT document_id ,  document_name ,  document_description FROM documents
2026-07-31 15:02:33,107 [INFO   ] [inference] generate_sql  latency_sec=1.0705  input_tokens=169  output_tokens=17
2026-07-31 15:02:33,107 [INFO   ]   >> INPUT  : Translate the natural language question into a valid SQL query using the provided schema.

Schema:
Ref_Template_Types(Template_Type_Code, Template_Type_Description) | Templates(Template_ID, Version_Number, Template_Type_Code->Ref_Template_Types.Template_Type_Code, Date_Effective_From, Date_Effective_To, Template_Details) | Documents(Document_ID, Template_ID->Templates.Template_ID, Document_Name, Document_Description, Other_Details) | Paragraphs(Paragraph_ID, Document_ID->Documents.Document_ID, Paragraph_Text, Other_Details)

Question:
What are the ids, names, and descriptions for all documents?

SQL:

2026-07-31 15:02:33,107 [INFO   ]   >> OUTPUT : SELECT document_id ,  document_name ,  document_description FROM documents
2026-07-31 15:02:34,490 [INFO   ] [inference] generate_sql  latency_sec=1.3635  input_tokens=176  output_tokens=21
2026-07-31 15:02:34,491 [INFO   ]   >> INPUT  : Translate the natural language question into a valid SQL query using the provided schema.

Schema:
Ref_Template_Types(Template_Type_Code, Template_Type_Description) | Templates(Template_ID, Version_Number, Template_Type_Code->Ref_Template_Types.Template_Type_Code, Date_Effective_From, Date_Effective_To, Template_Details) | Documents(Document_ID, Template_ID->Templates.Template_ID, Document_Name, Document_Description, Other_Details) | Paragraphs(Paragraph_ID, Document_ID->Documents.Document_ID, Paragraph_Text, Other_Details)

Question:
What is the document name and template id for document with description with the letter 'w' in it?

SQL:

2026-07-31 15:02:34,491 [INFO   ]   >> OUTPUT : SELECT document_name ,  template_id FROM documents WHERE document_description LIKE 'w%'
2026-07-31 15:02:35,611 [INFO   ] [inference] generate_sql  latency_sec=1.097  input_tokens=173  output_tokens=22
2026-07-31 15:02:35,611 [INFO   ]   >> INPUT  : Translate the natural language question into a valid SQL query using the provided schema.

Schema:
Ref_Template_Types(Template_Type_Code, Template_Type_Description) | Templates(Template_ID, Version_Number, Template_Type_Code->Ref_Template_Types.Template_Type_Code, Date_Effective_From, Date_Effective_To, Template_Details) | Documents(Document_ID, Template_ID->Templates.Template_ID, Document_Name, Document_Description, Other_Details) | Paragraphs(Paragraph_ID, Document_ID->Documents.Document_ID, Paragraph_Text, Other_Details)

Question:
Return the names and template ids for documents that contain the letter w in their description.

SQL:

2026-07-31 15:02:35,611 [INFO   ]   >> OUTPUT : SELECT document_name ,  template_id FROM documents WHERE document_description LIKE '%w%'
2026-07-31 15:02:36,969 [INFO   ] [inference] generate_sql  latency_sec=1.3407  input_tokens=173  output_tokens=29
2026-07-31 15:02:36,969 [INFO   ]   >> INPUT  : Translate the natural language question into a valid SQL query using the provided schema.

Schema:
Ref_Template_Types(Template_Type_Code, Template_Type_Description) | Templates(Template_ID, Version_Number, Template_Type_Code->Ref_Template_Types.Template_Type_Code, Date_Effective_From, Date_Effective_To, Template_Details) | Documents(Document_ID, Template_ID->Templates.Template_ID, Document_Name, Document_Description, Other_Details) | Paragraphs(Paragraph_ID, Document_ID->Documents.Document_ID, Paragraph_Text, Other_Details)

Question:
What is the document id, template id and description for document named "Robbin CV"?

SQL:

2026-07-31 15:02:36,969 [INFO   ]   >> OUTPUT : SELECT document_id ,  template_id ,  document_details FROM Documents WHERE document_name  =  "Robbin CV"
2026-07-31 15:02:38,526 [INFO   ] [inference] generate_sql  latency_sec=1.5436  input_tokens=175  output_tokens=29
2026-07-31 15:02:38,527 [INFO   ]   >> INPUT  : Translate the natural language question into a valid SQL query using the provided schema.

Schema:
Ref_Template_Types(Template_Type_Code, Template_Type_Description) | Templates(Template_ID, Version_Number, Template_Type_Code->Ref_Template_Types.Template_Type_Code, Date_Effective_From, Date_Effective_To, Template_Details) | Documents(Document_ID, Template_ID->Templates.Template_ID, Document_Name, Document_Description, Other_Details) | Paragraphs(Paragraph_ID, Document_ID->Documents.Document_ID, Paragraph_Text, Other_Details)

Question:
Return the document id, template id, and description for the document with the name Robbin CV.

SQL:

2026-07-31 15:02:38,527 [INFO   ]   >> OUTPUT : SELECT document_id ,  template_id ,  document_details FROM Documents WHERE document_name  =  "Robbin CV"
2026-07-31 15:02:40,778 [INFO   ] [inference] generate_sql  latency_sec=2.2381  input_tokens=164  output_tokens=49
2026-07-31 15:02:40,778 [INFO   ]   >> INPUT  : Translate the natural language question into a valid SQL query using the provided schema.

Schema:
Ref_Template_Types(Template_Type_Code, Template_Type_Description) | Templates(Template_ID, Version_Number, Template_Type_Code->Ref_Template_Types.Template_Type_Code, Date_Effective_From, Date_Effective_To, Template_Details) | Documents(Document_ID, Template_ID->Templates.Template_ID, Document_Name, Document_Description, Other_Details) | Paragraphs(Paragraph_ID, Document_ID->Documents.Document_ID, Paragraph_Text, Other_Details)

Question:
How many different templates do all document use?

SQL:

2026-07-31 15:02:40,778 [INFO   ]   >> OUTPUT : SELECT count(DISTINCT T1.Template_Type_Code) FROM Templates AS T1 JOIN Documents AS T2 ON T1.Template_Type_Code  =  T2.Template_Type_Code
2026-07-31 15:02:41,580 [INFO   ] [inference] generate_sql  latency_sec=0.7888  input_tokens=165  output_tokens=16
2026-07-31 15:02:41,580 [INFO   ]   >> INPUT  : Translate the natural language question into a valid SQL query using the provided schema.

Schema:
Ref_Template_Types(Template_Type_Code, Template_Type_Description) | Templates(Template_ID, Version_Number, Template_Type_Code->Ref_Template_Types.Template_Type_Code, Date_Effective_From, Date_Effective_To, Template_Details) | Documents(Document_ID, Template_ID->Templates.Template_ID, Document_Name, Document_Description, Other_Details) | Paragraphs(Paragraph_ID, Document_ID->Documents.Document_ID, Paragraph_Text, Other_Details)

Question:
Count the number of different templates used for documents.

SQL:

2026-07-31 15:02:41,580 [INFO   ]   >> OUTPUT : SELECT count(DISTINCT template_type_code) FROM documents
2026-07-31 15:02:44,159 [INFO   ] [inference] generate_sql  latency_sec=2.5646  input_tokens=169  output_tokens=56
2026-07-31 15:02:44,159 [INFO   ]   >> INPUT  : Translate the natural language question into a valid SQL query using the provided schema.

Schema:
Ref_Template_Types(Template_Type_Code, Template_Type_Description) | Templates(Template_ID, Version_Number, Template_Type_Code->Ref_Template_Types.Template_Type_Code, Date_Effective_From, Date_Effective_To, Template_Details) | Documents(Document_ID, Template_ID->Templates.Template_ID, Document_Name, Document_Description, Other_Details) | Paragraphs(Paragraph_ID, Document_ID->Documents.Document_ID, Paragraph_Text, Other_Details)

Question:
How many documents are using the template with type code 'PPT'?

SQL:

2026-07-31 15:02:44,159 [INFO   ]   >> OUTPUT : SELECT count(*) FROM Documents AS T1 JOIN Ref_Template_Types AS T2 ON T1.Template_Type_Code  =  T2.Template_Type_Code WHERE T2.Template_Type_Code  =  "PPT"
2026-07-31 15:02:47,396 [INFO   ] [inference] generate_sql  latency_sec=3.2236  input_tokens=168  output_tokens=54
2026-07-31 15:02:47,396 [INFO   ]   >> INPUT  : Translate the natural language question into a valid SQL query using the provided schema.

Schema:
Ref_Template_Types(Template_Type_Code, Template_Type_Description) | Templates(Template_ID, Version_Number, Template_Type_Code->Ref_Template_Types.Template_Type_Code, Date_Effective_From, Date_Effective_To, Template_Details) | Documents(Document_ID, Template_ID->Templates.Template_ID, Document_Name, Document_Description, Other_Details) | Paragraphs(Paragraph_ID, Document_ID->Documents.Document_ID, Paragraph_Text, Other_Details)

Question:
Count the number of documents that use the PPT template type.

SQL:

2026-07-31 15:02:47,396 [INFO   ]   >> OUTPUT : SELECT count(*) FROM Documents AS T1 JOIN Ref_Template_Types AS T2 ON T1.Template_ID  =  T2.Template_Type_Code WHERE T2.Template_Type_Description  =  "PPT"
2026-07-31 15:02:48,859 [INFO   ] [inference] generate_sql  latency_sec=1.4435  input_tokens=168  output_tokens=21
2026-07-31 15:02:48,860 [INFO   ]   >> INPUT  : Translate the natural language question into a valid SQL query using the provided schema.

Schema:
Ref_Template_Types(Template_Type_Code, Template_Type_Description) | Templates(Template_ID, Version_Number, Template_Type_Code->Ref_Template_Types.Template_Type_Code, Date_Effective_From, Date_Effective_To, Template_Details) | Documents(Document_ID, Template_ID->Templates.Template_ID, Document_Name, Document_Description, Other_Details) | Paragraphs(Paragraph_ID, Document_ID->Documents.Document_ID, Paragraph_Text, Other_Details)

Question:
Show all template ids and number of documents using each template.

SQL:

2026-07-31 15:02:48,860 [INFO   ]   >> OUTPUT : SELECT template_type_code ,  count(*) FROM documents GROUP BY template_type_code
2026-07-31 15:02:51,263 [INFO   ] [inference] generate_sql  latency_sec=2.3891  input_tokens=176  output_tokens=50
2026-07-31 15:02:51,263 [INFO   ]   >> INPUT  : Translate the natural language question into a valid SQL query using the provided schema.

Schema:
Ref_Template_Types(Template_Type_Code, Template_Type_Description) | Templates(Template_ID, Version_Number, Template_Type_Code->Ref_Template_Types.Template_Type_Code, Date_Effective_From, Date_Effective_To, Template_Details) | Documents(Document_ID, Template_ID->Templates.Template_ID, Document_Name, Document_Description, Other_Details) | Paragraphs(Paragraph_ID, Document_ID->Documents.Document_ID, Paragraph_Text, Other_Details)

Question:
What are all different template ids used for documents, and how many times were each of them used?

SQL:

2026-07-31 15:02:51,263 [INFO   ]   >> OUTPUT : SELECT T1.template_id ,  count(*) FROM documents AS T1 JOIN ref_template_types AS T2 ON T1.template_id = T2.template_id GROUP BY T1.template_id
2026-07-31 15:02:52,865 [INFO   ] [inference] generate_sql  latency_sec=1.5884  input_tokens=171  output_tokens=33
2026-07-31 15:02:52,865 [INFO   ]   >> INPUT  : Translate the natural language question into a valid SQL query using the provided schema.

Schema:
Ref_Template_Types(Template_Type_Code, Template_Type_Description) | Templates(Template_ID, Version_Number, Template_Type_Code->Ref_Template_Types.Template_Type_Code, Date_Effective_From, Date_Effective_To, Template_Details) | Documents(Document_ID, Template_ID->Templates.Template_ID, Document_Name, Document_Description, Other_Details) | Paragraphs(Paragraph_ID, Document_ID->Documents.Document_ID, Paragraph_Text, Other_Details)

Question:
What is the id and type code for the template used by the most documents?

SQL:

2026-07-31 15:02:52,865 [INFO   ]   >> OUTPUT : SELECT template_type_code ,  template_type_description FROM documents GROUP BY template_type_code ORDER BY count(*) DESC LIMIT 1
2026-07-31 15:02:54,460 [INFO   ] [inference] generate_sql  latency_sec=1.5812  input_tokens=174  output_tokens=33
2026-07-31 15:02:54,460 [INFO   ]   >> INPUT  : Translate the natural language question into a valid SQL query using the provided schema.

Schema:
Ref_Template_Types(Template_Type_Code, Template_Type_Description) | Templates(Template_ID, Version_Number, Template_Type_Code->Ref_Template_Types.Template_Type_Code, Date_Effective_From, Date_Effective_To, Template_Details) | Documents(Document_ID, Template_ID->Templates.Template_ID, Document_Name, Document_Description, Other_Details) | Paragraphs(Paragraph_ID, Document_ID->Documents.Document_ID, Paragraph_Text, Other_Details)

Question:
Return the id and type code of the template that is used for the greatest number of documents.

SQL:

2026-07-31 15:02:54,460 [INFO   ]   >> OUTPUT : SELECT template_type_code ,  template_type_description FROM documents GROUP BY template_type_code ORDER BY count(*) DESC LIMIT 1
2026-07-31 15:02:56,988 [INFO   ] [inference] generate_sql  latency_sec=2.5116  input_tokens=170  output_tokens=54
2026-07-31 15:02:56,988 [INFO   ]   >> INPUT  : Translate the natural language question into a valid SQL query using the provided schema.

Schema:
Ref_Template_Types(Template_Type_Code, Template_Type_Description) | Templates(Template_ID, Version_Number, Template_Type_Code->Ref_Template_Types.Template_Type_Code, Date_Effective_From, Date_Effective_To, Template_Details) | Documents(Document_ID, Template_ID->Templates.Template_ID, Document_Name, Document_Description, Other_Details) | Paragraphs(Paragraph_ID, Document_ID->Documents.Document_ID, Paragraph_Text, Other_Details)

Question:
Show ids for all templates that are used by more than one document.

SQL:

2026-07-31 15:02:56,988 [INFO   ]   >> OUTPUT : SELECT T1.Template_ID FROM Templates AS T1 JOIN Documents AS T2 ON T1.Template_ID  =  T2.Template_ID GROUP BY T1.Template_ID HAVING count(*)  >  1
2026-07-31 15:02:59,694 [INFO   ] [inference] generate_sql  latency_sec=2.6931  input_tokens=172  output_tokens=54
2026-07-31 15:02:59,694 [INFO   ]   >> INPUT  : Translate the natural language question into a valid SQL query using the provided schema.

Schema:
Ref_Template_Types(Template_Type_Code, Template_Type_Description) | Templates(Template_ID, Version_Number, Template_Type_Code->Ref_Template_Types.Template_Type_Code, Date_Effective_From, Date_Effective_To, Template_Details) | Documents(Document_ID, Template_ID->Templates.Template_ID, Document_Name, Document_Description, Other_Details) | Paragraphs(Paragraph_ID, Document_ID->Documents.Document_ID, Paragraph_Text, Other_Details)

Question:
What are the template ids of any templates used in more than a single document?

SQL:

2026-07-31 15:02:59,694 [INFO   ]   >> OUTPUT : SELECT T1.Template_ID FROM Templates AS T1 JOIN Documents AS T2 ON T1.Template_ID  =  T2.Template_ID GROUP BY T1.Template_ID HAVING count(*)  >  1
2026-07-31 15:03:01,586 [INFO   ] [inference] generate_sql  latency_sec=1.8687  input_tokens=167  output_tokens=31
2026-07-31 15:03:01,587 [INFO   ]   >> INPUT  : Translate the natural language question into a valid SQL query using the provided schema.

Schema:
Ref_Template_Types(Template_Type_Code, Template_Type_Description) | Templates(Template_ID, Version_Number, Template_Type_Code->Ref_Template_Types.Template_Type_Code, Date_Effective_From, Date_Effective_To, Template_Details) | Documents(Document_ID, Template_ID->Templates.Template_ID, Document_Name, Document_Description, Other_Details) | Paragraphs(Paragraph_ID, Document_ID->Documents.Document_ID, Paragraph_Text, Other_Details)

Question:
Show ids for all templates not used by any document.

SQL:

2026-07-31 15:03:01,587 [INFO   ]   >> OUTPUT : SELECT template_type_code FROM ref_template_types WHERE template_type_code NOT IN (SELECT template_type_code FROM documents)
2026-07-31 15:03:03,345 [INFO   ] [inference] generate_sql  latency_sec=1.7378  input_tokens=170  output_tokens=31
2026-07-31 15:03:03,345 [INFO   ]   >> INPUT  : Translate the natural language question into a valid SQL query using the provided schema.

Schema:
Ref_Template_Types(Template_Type_Code, Template_Type_Description) | Templates(Template_ID, Version_Number, Template_Type_Code->Ref_Template_Types.Template_Type_Code, Date_Effective_From, Date_Effective_To, Template_Details) | Documents(Document_ID, Template_ID->Templates.Template_ID, Document_Name, Document_Description, Other_Details) | Paragraphs(Paragraph_ID, Document_ID->Documents.Document_ID, Paragraph_Text, Other_Details)

Question:
What are the ids for templates that are not used in any documents?

SQL:

2026-07-31 15:03:03,345 [INFO   ]   >> OUTPUT : SELECT template_type_code FROM ref_template_types WHERE template_type_code NOT IN (SELECT template_type_code FROM documents)
2026-07-31 15:03:03,874 [INFO   ] [inference] generate_sql  latency_sec=0.5159  input_tokens=162  output_tokens=11
2026-07-31 15:03:03,874 [INFO   ]   >> INPUT  : Translate the natural language question into a valid SQL query using the provided schema.

Schema:
Ref_Template_Types(Template_Type_Code, Template_Type_Description) | Templates(Template_ID, Version_Number, Template_Type_Code->Ref_Template_Types.Template_Type_Code, Date_Effective_From, Date_Effective_To, Template_Details) | Documents(Document_ID, Template_ID->Templates.Template_ID, Document_Name, Document_Description, Other_Details) | Paragraphs(Paragraph_ID, Document_ID->Documents.Document_ID, Paragraph_Text, Other_Details)

Question:
How many templates do we have?

SQL:

2026-07-31 15:03:03,874 [INFO   ]   >> OUTPUT : SELECT count(*) FROM Ref_Template_Types
2026-07-31 15:03:04,423 [INFO   ] [inference] generate_sql  latency_sec=0.5358  input_tokens=161  output_tokens=11
2026-07-31 15:03:04,423 [INFO   ]   >> INPUT  : Translate the natural language question into a valid SQL query using the provided schema.

Schema:
Ref_Template_Types(Template_Type_Code, Template_Type_Description) | Templates(Template_ID, Version_Number, Template_Type_Code->Ref_Template_Types.Template_Type_Code, Date_Effective_From, Date_Effective_To, Template_Details) | Documents(Document_ID, Template_ID->Templates.Template_ID, Document_Name, Document_Description, Other_Details) | Paragraphs(Paragraph_ID, Document_ID->Documents.Document_ID, Paragraph_Text, Other_Details)

Question:
Count the number of templates.

SQL:

2026-07-31 15:03:04,424 [INFO   ]   >> OUTPUT : SELECT count(*) FROM Ref_Template_Types
2026-07-31 15:03:05,594 [INFO   ] [inference] generate_sql  latency_sec=1.1573  input_tokens=171  output_tokens=25
2026-07-31 15:03:05,594 [INFO   ]   >> INPUT  : Translate the natural language question into a valid SQL query using the provided schema.

Schema:
Ref_Template_Types(Template_Type_Code, Template_Type_Description) | Templates(Template_ID, Version_Number, Template_Type_Code->Ref_Template_Types.Template_Type_Code, Date_Effective_From, Date_Effective_To, Template_Details) | Documents(Document_ID, Template_ID->Templates.Template_ID, Document_Name, Document_Description, Other_Details) | Paragraphs(Paragraph_ID, Document_ID->Documents.Document_ID, Paragraph_Text, Other_Details)

Question:
Show template ids, version numbers, and template type codes for all templates.

SQL:

2026-07-31 15:03:05,594 [INFO   ]   >> OUTPUT : SELECT template_type_code ,  version_number ,  template_type_code FROM Ref_template_types
2026-07-31 15:03:06,755 [INFO   ] [inference] generate_sql  latency_sec=1.1473  input_tokens=171  output_tokens=25
2026-07-31 15:03:06,755 [INFO   ]   >> INPUT  : Translate the natural language question into a valid SQL query using the provided schema.

Schema:
Ref_Template_Types(Template_Type_Code, Template_Type_Description) | Templates(Template_ID, Version_Number, Template_Type_Code->Ref_Template_Types.Template_Type_Code, Date_Effective_From, Date_Effective_To, Template_Details) | Documents(Document_ID, Template_ID->Templates.Template_ID, Document_Name, Document_Description, Other_Details) | Paragraphs(Paragraph_ID, Document_ID->Documents.Document_ID, Paragraph_Text, Other_Details)

Question:
What are the ids, version numbers, and type codes for each template?

SQL:

2026-07-31 15:03:06,755 [INFO   ]   >> OUTPUT : SELECT template_type_code ,  version_number ,  template_type_code FROM Ref_template_types
2026-07-31 15:03:07,414 [INFO   ] [inference] generate_sql  latency_sec=0.6456  input_tokens=165  output_tokens=13
2026-07-31 15:03:07,414 [INFO   ]   >> INPUT  : Translate the natural language question into a valid SQL query using the provided schema.

Schema:
Ref_Template_Types(Template_Type_Code, Template_Type_Description) | Templates(Template_ID, Version_Number, Template_Type_Code->Ref_Template_Types.Template_Type_Code, Date_Effective_From, Date_Effective_To, Template_Details) | Documents(Document_ID, Template_ID->Templates.Template_ID, Document_Name, Document_Description, Other_Details) | Paragraphs(Paragraph_ID, Document_ID->Documents.Document_ID, Paragraph_Text, Other_Details)

Question:
Show all distinct template type codes for all templates.

SQL:

2026-07-31 15:03:07,414 [INFO   ]   >> OUTPUT : SELECT Template_Type_Code FROM Ref_Template_Types
2026-07-31 15:03:08,304 [INFO   ] [inference] generate_sql  latency_sec=0.8777  input_tokens=163  output_tokens=17
2026-07-31 15:03:08,305 [INFO   ]   >> INPUT  : Translate the natural language question into a valid SQL query using the provided schema.

Schema:
Ref_Template_Types(Template_Type_Code, Template_Type_Description) | Templates(Template_ID, Version_Number, Template_Type_Code->Ref_Template_Types.Template_Type_Code, Date_Effective_From, Date_Effective_To, Template_Details) | Documents(Document_ID, Template_ID->Templates.Template_ID, Document_Name, Document_Description, Other_Details) | Paragraphs(Paragraph_ID, Document_ID->Documents.Document_ID, Paragraph_Text, Other_Details)

Question:
What are the different template type codes?

SQL:

2026-07-31 15:03:08,305 [INFO   ]   >> OUTPUT : SELECT DISTINCT Template_Type_Code FROM Ref_Template_Types
2026-07-31 15:03:10,130 [INFO   ] [inference] generate_sql  latency_sec=1.8102  input_tokens=171  output_tokens=39
2026-07-31 15:03:10,130 [INFO   ]   >> INPUT  : Translate the natural language question into a valid SQL query using the provided schema.

Schema:
Ref_Template_Types(Template_Type_Code, Template_Type_Description) | Templates(Template_ID, Version_Number, Template_Type_Code->Ref_Template_Types.Template_Type_Code, Date_Effective_From, Date_Effective_To, Template_Details) | Documents(Document_ID, Template_ID->Templates.Template_ID, Document_Name, Document_Description, Other_Details) | Paragraphs(Paragraph_ID, Document_ID->Documents.Document_ID, Paragraph_Text, Other_Details)

Question:
What are the ids of templates with template type code PP or PPT?

SQL:

2026-07-31 15:03:10,130 [INFO   ]   >> OUTPUT : SELECT template_type_code FROM ref_template_types WHERE template_type_code  =  "PPT" OR template_type_code  =  "PPP"
2026-07-31 15:03:11,989 [INFO   ] [inference] generate_sql  latency_sec=1.8442  input_tokens=170  output_tokens=39
2026-07-31 15:03:11,989 [INFO   ]   >> INPUT  : Translate the natural language question into a valid SQL query using the provided schema.

Schema:
Ref_Template_Types(Template_Type_Code, Template_Type_Description) | Templates(Template_ID, Version_Number, Template_Type_Code->Ref_Template_Types.Template_Type_Code, Date_Effective_From, Date_Effective_To, Template_Details) | Documents(Document_ID, Template_ID->Templates.Template_ID, Document_Name, Document_Description, Other_Details) | Paragraphs(Paragraph_ID, Document_ID->Documents.Document_ID, Paragraph_Text, Other_Details)

Question:
Return the ids of templates that have the code PP or PPT.

SQL:

2026-07-31 15:03:11,989 [INFO   ]   >> OUTPUT : SELECT template_type_code FROM ref_template_types WHERE template_type_code  =  "PPT" OR template_type_code  =  "PPP"
2026-07-31 15:03:13,238 [INFO   ] [inference] generate_sql  latency_sec=1.2353  input_tokens=164  output_tokens=23
2026-07-31 15:03:13,239 [INFO   ]   >> INPUT  : Translate the natural language question into a valid SQL query using the provided schema.

Schema:
Ref_Template_Types(Template_Type_Code, Template_Type_Description) | Templates(Template_ID, Version_Number, Template_Type_Code->Ref_Template_Types.Template_Type_Code, Date_Effective_From, Date_Effective_To, Template_Details) | Documents(Document_ID, Template_ID->Templates.Template_ID, Document_Name, Document_Description, Other_Details) | Paragraphs(Paragraph_ID, Document_ID->Documents.Document_ID, Paragraph_Text, Other_Details)

Question:
How many templates have template type code CV?

SQL:

2026-07-31 15:03:13,239 [INFO   ]   >> OUTPUT : SELECT count(*) FROM Ref_Template_Types WHERE Template_Type_Code  =  "CV"
2026-07-31 15:03:16,656 [INFO   ] [inference] generate_sql  latency_sec=3.3954  input_tokens=165  output_tokens=56
2026-07-31 15:03:16,657 [INFO   ]   >> INPUT  : Translate the natural language question into a valid SQL query using the provided schema.

Schema:
Ref_Template_Types(Template_Type_Code, Template_Type_Description) | Templates(Template_ID, Version_Number, Template_Type_Code->Ref_Template_Types.Template_Type_Code, Date_Effective_From, Date_Effective_To, Template_Details) | Documents(Document_ID, Template_ID->Templates.Template_ID, Document_Name, Document_Description, Other_Details) | Paragraphs(Paragraph_ID, Document_ID->Documents.Document_ID, Paragraph_Text, Other_Details)

Question:
Count the number of templates of the type CV.

SQL:

2026-07-31 15:03:16,657 [INFO   ]   >> OUTPUT : SELECT count(*) FROM Ref_Template_Types AS T1 JOIN Templates AS T2 ON T1.Template_Type_Code  =  T2.Template_Type_Code WHERE T1.Template_Type_Code  =  "CV"
2026-07-31 15:03:19,749 [INFO   ] [inference] generate_sql  latency_sec=3.0791  input_tokens=174  output_tokens=67
2026-07-31 15:03:19,749 [INFO   ]   >> INPUT  : Translate the natural language question into a valid SQL query using the provided schema.

Schema:
Ref_Template_Types(Template_Type_Code, Template_Type_Description) | Templates(Template_ID, Version_Number, Template_Type_Code->Ref_Template_Types.Template_Type_Code, Date_Effective_From, Date_Effective_To, Template_Details) | Documents(Document_ID, Template_ID->Templates.Template_ID, Document_Name, Document_Description, Other_Details) | Paragraphs(Paragraph_ID, Document_ID->Documents.Document_ID, Paragraph_Text, Other_Details)

Question:
What is the version number and template type code for the template with version number later than 5?

SQL:

2026-07-31 15:03:19,749 [INFO   ]   >> OUTPUT : SELECT T2.Template_Type_Code ,  T1.Template_Type_Description FROM Templates AS T1 JOIN Ref_Template_Types AS T2 ON T1.Template_Type_Code  =  T2.Template_Type_Code WHERE T1.Version_Number  >  5
2026-07-31 15:03:20,958 [INFO   ] [inference] generate_sql  latency_sec=1.1941  input_tokens=173  output_tokens=22
2026-07-31 15:03:20,959 [INFO   ]   >> INPUT  : Translate the natural language question into a valid SQL query using the provided schema.

Schema:
Ref_Template_Types(Template_Type_Code, Template_Type_Description) | Templates(Template_ID, Version_Number, Template_Type_Code->Ref_Template_Types.Template_Type_Code, Date_Effective_From, Date_Effective_To, Template_Details) | Documents(Document_ID, Template_ID->Templates.Template_ID, Document_Name, Document_Description, Other_Details) | Paragraphs(Paragraph_ID, Document_ID->Documents.Document_ID, Paragraph_Text, Other_Details)

Question:
Return the version numbers and template type codes of templates with a version number greater than 5.

SQL:

2026-07-31 15:03:20,959 [INFO   ]   >> OUTPUT : SELECT version_number ,  template_type_code FROM templates WHERE version_number  >  5
2026-07-31 15:03:22,123 [INFO   ] [inference] generate_sql  latency_sec=1.1505  input_tokens=167  output_tokens=21
2026-07-31 15:03:22,123 [INFO   ]   >> INPUT  : Translate the natural language question into a valid SQL query using the provided schema.

Schema:
Ref_Template_Types(Template_Type_Code, Template_Type_Description) | Templates(Template_ID, Version_Number, Template_Type_Code->Ref_Template_Types.Template_Type_Code, Date_Effective_From, Date_Effective_To, Template_Details) | Documents(Document_ID, Template_ID->Templates.Template_ID, Document_Name, Document_Description, Other_Details) | Paragraphs(Paragraph_ID, Document_ID->Documents.Document_ID, Paragraph_Text, Other_Details)

Question:
Show all template type codes and number of templates for each.

SQL:

2026-07-31 15:03:22,123 [INFO   ]   >> OUTPUT : SELECT template_type_code ,  count(*) FROM templates GROUP BY template_type_code
2026-07-31 15:03:23,345 [INFO   ] [inference] generate_sql  latency_sec=1.2074  input_tokens=171  output_tokens=25
2026-07-31 15:03:23,345 [INFO   ]   >> INPUT  : Translate the natural language question into a valid SQL query using the provided schema.

Schema:
Ref_Template_Types(Template_Type_Code, Template_Type_Description) | Templates(Template_ID, Version_Number, Template_Type_Code->Ref_Template_Types.Template_Type_Code, Date_Effective_From, Date_Effective_To, Template_Details) | Documents(Document_ID, Template_ID->Templates.Template_ID, Document_Name, Document_Description, Other_Details) | Paragraphs(Paragraph_ID, Document_ID->Documents.Document_ID, Paragraph_Text, Other_Details)

Question:
What are the different template type codes, and how many templates correspond to each?

SQL:

2026-07-31 15:03:23,345 [INFO   ]   >> OUTPUT : SELECT template_type_code ,  count(*) FROM ref_template_types GROUP BY template_type_code
2026-07-31 15:03:24,752 [INFO   ] [inference] generate_sql  latency_sec=1.3932  input_tokens=165  output_tokens=30
2026-07-31 15:03:24,752 [INFO   ]   >> INPUT  : Translate the natural language question into a valid SQL query using the provided schema.

Schema:
Ref_Template_Types(Template_Type_Code, Template_Type_Description) | Templates(Template_ID, Version_Number, Template_Type_Code->Ref_Template_Types.Template_Type_Code, Date_Effective_From, Date_Effective_To, Template_Details) | Documents(Document_ID, Template_ID->Templates.Template_ID, Document_Name, Document_Description, Other_Details) | Paragraphs(Paragraph_ID, Document_ID->Documents.Document_ID, Paragraph_Text, Other_Details)

Question:
Which template type code has most number of templates?

SQL:

2026-07-31 15:03:24,752 [INFO   ]   >> OUTPUT : SELECT template_type_code FROM ref_template_types GROUP BY template_type_code ORDER BY count(*) DESC LIMIT 1
2026-07-31 15:03:26,172 [INFO   ] [inference] generate_sql  latency_sec=1.406  input_tokens=170  output_tokens=30
2026-07-31 15:03:26,172 [INFO   ]   >> INPUT  : Translate the natural language question into a valid SQL query using the provided schema.

Schema:
Ref_Template_Types(Template_Type_Code, Template_Type_Description) | Templates(Template_ID, Version_Number, Template_Type_Code->Ref_Template_Types.Template_Type_Code, Date_Effective_From, Date_Effective_To, Template_Details) | Documents(Document_ID, Template_ID->Templates.Template_ID, Document_Name, Document_Description, Other_Details) | Paragraphs(Paragraph_ID, Document_ID->Documents.Document_ID, Paragraph_Text, Other_Details)

Question:
Return the type code of the template type that the most templates belong to.

SQL:

2026-07-31 15:03:26,172 [INFO   ]   >> OUTPUT : SELECT template_type_code FROM ref_template_types GROUP BY template_type_code ORDER BY count(*) DESC LIMIT 1
2026-07-31 15:03:28,047 [INFO   ] [inference] generate_sql  latency_sec=1.8625  input_tokens=166  output_tokens=30
2026-07-31 15:03:28,048 [INFO   ]   >> INPUT  : Translate the natural language question into a valid SQL query using the provided schema.

Schema:
Ref_Template_Types(Template_Type_Code, Template_Type_Description) | Templates(Template_ID, Version_Number, Template_Type_Code->Ref_Template_Types.Template_Type_Code, Date_Effective_From, Date_Effective_To, Template_Details) | Documents(Document_ID, Template_ID->Templates.Template_ID, Document_Name, Document_Description, Other_Details) | Paragraphs(Paragraph_ID, Document_ID->Documents.Document_ID, Paragraph_Text, Other_Details)

Question:
Show all template type codes with less than three templates.

SQL:

2026-07-31 15:03:28,048 [INFO   ]   >> OUTPUT : SELECT template_type_code FROM ref_template_types GROUP BY template_type_code HAVING count(*)  <  3
2026-07-31 15:03:30,084 [INFO   ] [inference] generate_sql  latency_sec=2.0168  input_tokens=169  output_tokens=31
2026-07-31 15:03:30,084 [INFO   ]   >> INPUT  : Translate the natural language question into a valid SQL query using the provided schema.

Schema:
Ref_Template_Types(Template_Type_Code, Template_Type_Description) | Templates(Template_ID, Version_Number, Template_Type_Code->Ref_Template_Types.Template_Type_Code, Date_Effective_From, Date_Effective_To, Template_Details) | Documents(Document_ID, Template_ID->Templates.Template_ID, Document_Name, Document_Description, Other_Details) | Paragraphs(Paragraph_ID, Document_ID->Documents.Document_ID, Paragraph_Text, Other_Details)

Question:
What are the codes of template types that have fewer than 3 templates?

SQL:

2026-07-31 15:03:30,084 [INFO   ]   >> OUTPUT : SELECT template_type_code FROM ref_template_types GROUP BY template_type_code HAVING count(*)  <=  3
2026-07-31 15:03:31,223 [INFO   ] [inference] generate_sql  latency_sec=1.1144  input_tokens=166  output_tokens=21
2026-07-31 15:03:31,224 [INFO   ]   >> INPUT  : Translate the natural language question into a valid SQL query using the provided schema.

Schema:
Ref_Template_Types(Template_Type_Code, Template_Type_Description) | Templates(Template_ID, Version_Number, Template_Type_Code->Ref_Template_Types.Template_Type_Code, Date_Effective_From, Date_Effective_To, Template_Details) | Documents(Document_ID, Template_ID->Templates.Template_ID, Document_Name, Document_Description, Other_Details) | Paragraphs(Paragraph_ID, Document_ID->Documents.Document_ID, Paragraph_Text, Other_Details)

Question:
What the smallest version number and its template type code?

SQL:

2026-07-31 15:03:31,224 [INFO   ]   >> OUTPUT : SELECT min(Version_Number) ,  Template_Type_Code FROM Ref_Template_Types
2026-07-31 15:03:32,579 [INFO   ] [inference] generate_sql  latency_sec=1.3335  input_tokens=169  output_tokens=28
2026-07-31 15:03:32,579 [INFO   ]   >> INPUT  : Translate the natural language question into a valid SQL query using the provided schema.

Schema:
Ref_Template_Types(Template_Type_Code, Template_Type_Description) | Templates(Template_ID, Version_Number, Template_Type_Code->Ref_Template_Types.Template_Type_Code, Date_Effective_From, Date_Effective_To, Template_Details) | Documents(Document_ID, Template_ID->Templates.Template_ID, Document_Name, Document_Description, Other_Details) | Paragraphs(Paragraph_ID, Document_ID->Documents.Document_ID, Paragraph_Text, Other_Details)

Question:
Return the lowest version number, along with its corresponding template type code.

SQL:

2026-07-31 15:03:32,580 [INFO   ]   >> OUTPUT : SELECT template_type_code ,  template_type_description FROM Ref_template_types ORDER BY version_number LIMIT 1
2026-07-31 15:03:34,810 [INFO   ] [inference] generate_sql  latency_sec=2.2169  input_tokens=174  output_tokens=45
2026-07-31 15:03:34,810 [INFO   ]   >> INPUT  : Translate the natural language question into a valid SQL query using the provided schema.

Schema:
Ref_Template_Types(Template_Type_Code, Template_Type_Description) | Templates(Template_ID, Version_Number, Template_Type_Code->Ref_Template_Types.Template_Type_Code, Date_Effective_From, Date_Effective_To, Template_Details) | Documents(Document_ID, Template_ID->Templates.Template_ID, Document_Name, Document_Description, Other_Details) | Paragraphs(Paragraph_ID, Document_ID->Documents.Document_ID, Paragraph_Text, Other_Details)

Question:
What is the template type code of the template used by document with the name "Data base"?

SQL:

2026-07-31 15:03:34,810 [INFO   ]   >> OUTPUT : SELECT template_type_code FROM templates AS t1 JOIN documents AS t2 ON t1.template_id  =  t2.template_id WHERE document_name  =  "Data base"
2026-07-31 15:03:37,704 [INFO   ] [inference] generate_sql  latency_sec=2.8802  input_tokens=173  output_tokens=59
2026-07-31 15:03:37,704 [INFO   ]   >> INPUT  : Translate the natural language question into a valid SQL query using the provided schema.

Schema:
Ref_Template_Types(Template_Type_Code, Template_Type_Description) | Templates(Template_ID, Version_Number, Template_Type_Code->Ref_Template_Types.Template_Type_Code, Date_Effective_From, Date_Effective_To, Template_Details) | Documents(Document_ID, Template_ID->Templates.Template_ID, Document_Name, Document_Description, Other_Details) | Paragraphs(Paragraph_ID, Document_ID->Documents.Document_ID, Paragraph_Text, Other_Details)

Question:
Return the template type code of the template that is used by a document named Data base.

SQL:

2026-07-31 15:03:37,704 [INFO   ]   >> OUTPUT : SELECT T1.Template_Type_Code FROM Ref_Template_Types AS T1 JOIN Documents AS T2 ON T1.Template_Type_Code  =  T2.Template_Type_Code WHERE T2.Document_Name  =  "Data base"
2026-07-31 15:03:40,178 [INFO   ] [inference] generate_sql  latency_sec=2.4598  input_tokens=168  output_tokens=50
2026-07-31 15:03:40,178 [INFO   ]   >> INPUT  : Translate the natural language question into a valid SQL query using the provided schema.

Schema:
Ref_Template_Types(Template_Type_Code, Template_Type_Description) | Templates(Template_ID, Version_Number, Template_Type_Code->Ref_Template_Types.Template_Type_Code, Date_Effective_From, Date_Effective_To, Template_Details) | Documents(Document_ID, Template_ID->Templates.Template_ID, Document_Name, Document_Description, Other_Details) | Paragraphs(Paragraph_ID, Document_ID->Documents.Document_ID, Paragraph_Text, Other_Details)

Question:
Show all document names using templates with template type code BK.

SQL:

2026-07-31 15:03:40,178 [INFO   ]   >> OUTPUT : SELECT document_name FROM documents AS T1 JOIN templates AS T2 ON T1.template_id  =  T2.template_type_code WHERE T2.template_type_code  =  "BK"
2026-07-31 15:03:41,419 [INFO   ] [inference] generate_sql  latency_sec=1.2263  input_tokens=170  output_tokens=20
2026-07-31 15:03:41,419 [INFO   ]   >> INPUT  : Translate the natural language question into a valid SQL query using the provided schema.

Schema:
Ref_Template_Types(Template_Type_Code, Template_Type_Description) | Templates(Template_ID, Version_Number, Template_Type_Code->Ref_Template_Types.Template_Type_Code, Date_Effective_From, Date_Effective_To, Template_Details) | Documents(Document_ID, Template_ID->Templates.Template_ID, Document_Name, Document_Description, Other_Details) | Paragraphs(Paragraph_ID, Document_ID->Documents.Document_ID, Paragraph_Text, Other_Details)

Question:
What are the names of documents that use templates with the code BK?

SQL:

2026-07-31 15:03:41,419 [INFO   ]   >> OUTPUT : SELECT document_name FROM Documents WHERE template_type_code  =  "BK"
2026-07-31 15:03:44,654 [INFO   ] [inference] generate_sql  latency_sec=3.2158  input_tokens=169  output_tokens=53
2026-07-31 15:03:44,654 [INFO   ]   >> INPUT  : Translate the natural language question into a valid SQL query using the provided schema.

Schema:
Ref_Template_Types(Template_Type_Code, Template_Type_Description) | Templates(Template_ID, Version_Number, Template_Type_Code->Ref_Template_Types.Template_Type_Code, Date_Effective_From, Date_Effective_To, Template_Details) | Documents(Document_ID, Template_ID->Templates.Template_ID, Document_Name, Document_Description, Other_Details) | Paragraphs(Paragraph_ID, Document_ID->Documents.Document_ID, Paragraph_Text, Other_Details)

Question:
Show all template type codes and the number of documents using each type.

SQL:

2026-07-31 15:03:44,654 [INFO   ]   >> OUTPUT : SELECT Template_Type_Code ,  count(*) FROM Documents AS T1 JOIN Ref_Template_Types AS T2 ON T1.Template_ID  =  T2.Template_ID GROUP BY T2.Template_Type_Code
2026-07-31 15:03:47,257 [INFO   ] [inference] generate_sql  latency_sec=2.5889  input_tokens=171  output_tokens=54
2026-07-31 15:03:47,257 [INFO   ]   >> INPUT  : Translate the natural language question into a valid SQL query using the provided schema.

Schema:
Ref_Template_Types(Template_Type_Code, Template_Type_Description) | Templates(Template_ID, Version_Number, Template_Type_Code->Ref_Template_Types.Template_Type_Code, Date_Effective_From, Date_Effective_To, Template_Details) | Documents(Document_ID, Template_ID->Templates.Template_ID, Document_Name, Document_Description, Other_Details) | Paragraphs(Paragraph_ID, Document_ID->Documents.Document_ID, Paragraph_Text, Other_Details)

Question:
What are the different template type codes, and how many documents use each type?

SQL:

2026-07-31 15:03:47,257 [INFO   ]   >> OUTPUT : SELECT template_type_code ,  count(*) FROM documents AS t1 JOIN ref_template_types AS t2 ON t1.template_type_code  =  t2.template_type_code GROUP BY template_type_code
2026-07-31 15:03:48,472 [INFO   ] [inference] generate_sql  latency_sec=1.2021  input_tokens=167  output_tokens=26
2026-07-31 15:03:48,472 [INFO   ]   >> INPUT  : Translate the natural language question into a valid SQL query using the provided schema.

Schema:
Ref_Template_Types(Template_Type_Code, Template_Type_Description) | Templates(Template_ID, Version_Number, Template_Type_Code->Ref_Template_Types.Template_Type_Code, Date_Effective_From, Date_Effective_To, Template_Details) | Documents(Document_ID, Template_ID->Templates.Template_ID, Document_Name, Document_Description, Other_Details) | Paragraphs(Paragraph_ID, Document_ID->Documents.Document_ID, Paragraph_Text, Other_Details)

Question:
Which template type code is used by most number of documents?

SQL:

2026-07-31 15:03:48,473 [INFO   ]   >> OUTPUT : SELECT template_type_code FROM documents GROUP BY template_type_code ORDER BY count(*) DESC LIMIT 1
2026-07-31 15:03:49,766 [INFO   ] [inference] generate_sql  latency_sec=1.278  input_tokens=170  output_tokens=26
2026-07-31 15:03:49,766 [INFO   ]   >> INPUT  : Translate the natural language question into a valid SQL query using the provided schema.

Schema:
Ref_Template_Types(Template_Type_Code, Template_Type_Description) | Templates(Template_ID, Version_Number, Template_Type_Code->Ref_Template_Types.Template_Type_Code, Date_Effective_From, Date_Effective_To, Template_Details) | Documents(Document_ID, Template_ID->Templates.Template_ID, Document_Name, Document_Description, Other_Details) | Paragraphs(Paragraph_ID, Document_ID->Documents.Document_ID, Paragraph_Text, Other_Details)

Question:
Return the code of the template type that is most commonly used in documents.

SQL:

2026-07-31 15:03:49,766 [INFO   ]   >> OUTPUT : SELECT template_type_code FROM documents GROUP BY template_type_code ORDER BY count(*) DESC LIMIT 1
2026-07-31 15:03:52,198 [INFO   ] [inference] generate_sql  latency_sec=2.419  input_tokens=168  output_tokens=52
2026-07-31 15:03:52,199 [INFO   ]   >> INPUT  : Translate the natural language question into a valid SQL query using the provided schema.

Schema:
Ref_Template_Types(Template_Type_Code, Template_Type_Description) | Templates(Template_ID, Version_Number, Template_Type_Code->Ref_Template_Types.Template_Type_Code, Date_Effective_From, Date_Effective_To, Template_Details) | Documents(Document_ID, Template_ID->Templates.Template_ID, Document_Name, Document_Description, Other_Details) | Paragraphs(Paragraph_ID, Document_ID->Documents.Document_ID, Paragraph_Text, Other_Details)

Question:
Show all template type codes that are not used by any document.

SQL:

2026-07-31 15:03:52,199 [INFO   ]   >> OUTPUT : SELECT Template_Type_Code FROM Ref_Template_Types EXCEPT SELECT T1.Template_Type_Code FROM Documents AS T1 JOIN Templates AS T2 ON T1.Template_ID  =  T2.Template_ID
2026-07-31 15:03:53,726 [INFO   ] [inference] generate_sql  latency_sec=1.5132  input_tokens=170  output_tokens=31
2026-07-31 15:03:53,726 [INFO   ]   >> INPUT  : Translate the natural language question into a valid SQL query using the provided schema.

Schema:
Ref_Template_Types(Template_Type_Code, Template_Type_Description) | Templates(Template_ID, Version_Number, Template_Type_Code->Ref_Template_Types.Template_Type_Code, Date_Effective_From, Date_Effective_To, Template_Details) | Documents(Document_ID, Template_ID->Templates.Template_ID, Document_Name, Document_Description, Other_Details) | Paragraphs(Paragraph_ID, Document_ID->Documents.Document_ID, Paragraph_Text, Other_Details)

Question:
What are the codes of template types that are not used for any document?

SQL:

2026-07-31 15:03:53,726 [INFO   ]   >> OUTPUT : SELECT template_type_code FROM ref_template_types WHERE template_type_code NOT IN (SELECT template_type_code FROM documents)
2026-07-31 15:03:54,853 [INFO   ] [inference] generate_sql  latency_sec=1.1141  input_tokens=163  output_tokens=20
2026-07-31 15:03:54,854 [INFO   ]   >> INPUT  : Translate the natural language question into a valid SQL query using the provided schema.

Schema:
Ref_Template_Types(Template_Type_Code, Template_Type_Description) | Templates(Template_ID, Version_Number, Template_Type_Code->Ref_Template_Types.Template_Type_Code, Date_Effective_From, Date_Effective_To, Template_Details) | Documents(Document_ID, Template_ID->Templates.Template_ID, Document_Name, Document_Description, Other_Details) | Paragraphs(Paragraph_ID, Document_ID->Documents.Document_ID, Paragraph_Text, Other_Details)

Question:
Show all template type codes and descriptions.

SQL:

2026-07-31 15:03:54,854 [INFO   ]   >> OUTPUT : SELECT Template_Type_Code ,  Template_Type_Description FROM Ref_Template_Types
2026-07-31 15:03:56,124 [INFO   ] [inference] generate_sql  latency_sec=1.2508  input_tokens=167  output_tokens=20
2026-07-31 15:03:56,125 [INFO   ]   >> INPUT  : Translate the natural language question into a valid SQL query using the provided schema.

Schema:
Ref_Template_Types(Template_Type_Code, Template_Type_Description) | Templates(Template_ID, Version_Number, Template_Type_Code->Ref_Template_Types.Template_Type_Code, Date_Effective_From, Date_Effective_To, Template_Details) | Documents(Document_ID, Template_ID->Templates.Template_ID, Document_Name, Document_Description, Other_Details) | Paragraphs(Paragraph_ID, Document_ID->Documents.Document_ID, Paragraph_Text, Other_Details)

Question:
What are the type codes and descriptions for all template types?

SQL:

2026-07-31 15:03:56,125 [INFO   ]   >> OUTPUT : SELECT Template_Type_Code ,  Template_Type_Description FROM Ref_Template_Types
2026-07-31 15:03:57,903 [INFO   ] [inference] generate_sql  latency_sec=1.7585  input_tokens=168  output_tokens=25
2026-07-31 15:03:57,903 [INFO   ]   >> INPUT  : Translate the natural language question into a valid SQL query using the provided schema.

Schema:
Ref_Template_Types(Template_Type_Code, Template_Type_Description) | Templates(Template_ID, Version_Number, Template_Type_Code->Ref_Template_Types.Template_Type_Code, Date_Effective_From, Date_Effective_To, Template_Details) | Documents(Document_ID, Template_ID->Templates.Template_ID, Document_Name, Document_Description, Other_Details) | Paragraphs(Paragraph_ID, Document_ID->Documents.Document_ID, Paragraph_Text, Other_Details)

Question:
What is the template type descriptions for template type code "AD".

SQL:

2026-07-31 15:03:57,903 [INFO   ]   >> OUTPUT : SELECT Template_Type_Description FROM Ref_Template_Types WHERE Template_Type_Code  =  "AD"
2026-07-31 15:03:59,359 [INFO   ] [inference] generate_sql  latency_sec=1.4318  input_tokens=169  output_tokens=25
2026-07-31 15:03:59,360 [INFO   ]   >> INPUT  : Translate the natural language question into a valid SQL query using the provided schema.

Schema:
Ref_Template_Types(Template_Type_Code, Template_Type_Description) | Templates(Template_ID, Version_Number, Template_Type_Code->Ref_Template_Types.Template_Type_Code, Date_Effective_From, Date_Effective_To, Template_Details) | Documents(Document_ID, Template_ID->Templates.Template_ID, Document_Name, Document_Description, Other_Details) | Paragraphs(Paragraph_ID, Document_ID->Documents.Document_ID, Paragraph_Text, Other_Details)

Question:
Return the template type description of the template type with the code AD.

SQL:

2026-07-31 15:03:59,360 [INFO   ]   >> OUTPUT : SELECT Template_Type_Description FROM Ref_Template_Types WHERE Template_Type_Code  =  "AD"
2026-07-31 15:04:00,550 [INFO   ] [inference] generate_sql  latency_sec=1.175  input_tokens=168  output_tokens=25
2026-07-31 15:04:00,551 [INFO   ]   >> INPUT  : Translate the natural language question into a valid SQL query using the provided schema.

Schema:
Ref_Template_Types(Template_Type_Code, Template_Type_Description) | Templates(Template_ID, Version_Number, Template_Type_Code->Ref_Template_Types.Template_Type_Code, Date_Effective_From, Date_Effective_To, Template_Details) | Documents(Document_ID, Template_ID->Templates.Template_ID, Document_Name, Document_Description, Other_Details) | Paragraphs(Paragraph_ID, Document_ID->Documents.Document_ID, Paragraph_Text, Other_Details)

Question:
What is the template type code for template type description "Book".

SQL:

2026-07-31 15:04:00,551 [INFO   ]   >> OUTPUT : SELECT Template_Type_Code FROM Ref_Template_Types WHERE Template_Type_Description  =  "Book"
2026-07-31 15:04:01,705 [INFO   ] [inference] generate_sql  latency_sec=1.1343  input_tokens=169  output_tokens=25
2026-07-31 15:04:01,706 [INFO   ]   >> INPUT  : Translate the natural language question into a valid SQL query using the provided schema.

Schema:
Ref_Template_Types(Template_Type_Code, Template_Type_Description) | Templates(Template_ID, Version_Number, Template_Type_Code->Ref_Template_Types.Template_Type_Code, Date_Effective_From, Date_Effective_To, Template_Details) | Documents(Document_ID, Template_ID->Templates.Template_ID, Document_Name, Document_Description, Other_Details) | Paragraphs(Paragraph_ID, Document_ID->Documents.Document_ID, Paragraph_Text, Other_Details)

Question:
Return the type code of the template type with the description "Book".

SQL:

2026-07-31 15:04:01,706 [INFO   ]   >> OUTPUT : SELECT Template_Type_Code FROM Ref_Template_Types WHERE Template_Type_Description  =  "Book"
2026-07-31 15:04:03,583 [INFO   ] [inference] generate_sql  latency_sec=1.8641  input_tokens=171  output_tokens=39
2026-07-31 15:04:03,583 [INFO   ]   >> INPUT  : Translate the natural language question into a valid SQL query using the provided schema.

Schema:
Ref_Template_Types(Template_Type_Code, Template_Type_Description) | Templates(Template_ID, Version_Number, Template_Type_Code->Ref_Template_Types.Template_Type_Code, Date_Effective_From, Date_Effective_To, Template_Details) | Documents(Document_ID, Template_ID->Templates.Template_ID, Document_Name, Document_Description, Other_Details) | Paragraphs(Paragraph_ID, Document_ID->Documents.Document_ID, Paragraph_Text, Other_Details)

Question:
What are the distinct template type descriptions for the templates ever used by any document?

SQL:

2026-07-31 15:04:03,583 [INFO   ]   >> OUTPUT : SELECT DISTINCT Template_Type_Description FROM Templates AS T1 JOIN Documents AS T2 ON T1.Template_ID  =  T2.Template_ID
2026-07-31 15:04:05,857 [INFO   ] [inference] generate_sql  latency_sec=2.2595  input_tokens=169  output_tokens=49
2026-07-31 15:04:05,857 [INFO   ]   >> INPUT  : Translate the natural language question into a valid SQL query using the provided schema.

Schema:
Ref_Template_Types(Template_Type_Code, Template_Type_Description) | Templates(Template_ID, Version_Number, Template_Type_Code->Ref_Template_Types.Template_Type_Code, Date_Effective_From, Date_Effective_To, Template_Details) | Documents(Document_ID, Template_ID->Templates.Template_ID, Document_Name, Document_Description, Other_Details) | Paragraphs(Paragraph_ID, Document_ID->Documents.Document_ID, Paragraph_Text, Other_Details)

Question:
Return the different descriptions for templates that have been used in a document.

SQL:

2026-07-31 15:04:05,857 [INFO   ]   >> OUTPUT : SELECT DISTINCT T1.Template_Type_Description FROM Ref_Template_Types AS T1 JOIN Documents AS T2 ON T1.Template_Type_Code  =  T2.Template_Type_Code
2026-07-31 15:04:07,121 [INFO   ] [inference] generate_sql  latency_sec=1.251  input_tokens=169  output_tokens=26
2026-07-31 15:04:07,121 [INFO   ]   >> INPUT  : Translate the natural language question into a valid SQL query using the provided schema.

Schema:
Ref_Template_Types(Template_Type_Code, Template_Type_Description) | Templates(Template_ID, Version_Number, Template_Type_Code->Ref_Template_Types.Template_Type_Code, Date_Effective_From, Date_Effective_To, Template_Details) | Documents(Document_ID, Template_ID->Templates.Template_ID, Document_Name, Document_Description, Other_Details) | Paragraphs(Paragraph_ID, Document_ID->Documents.Document_ID, Paragraph_Text, Other_Details)

Question:
What are the template ids with template type description "Presentation".

SQL:

2026-07-31 15:04:07,121 [INFO   ]   >> OUTPUT : SELECT template_type_code FROM ref_template_types WHERE template_type_description  =  "Presentation"
2026-07-31 15:04:08,458 [INFO   ] [inference] generate_sql  latency_sec=1.3227  input_tokens=169  output_tokens=24
2026-07-31 15:04:08,458 [INFO   ]   >> INPUT  : Translate the natural language question into a valid SQL query using the provided schema.

Schema:
Ref_Template_Types(Template_Type_Code, Template_Type_Description) | Templates(Template_ID, Version_Number, Template_Type_Code->Ref_Template_Types.Template_Type_Code, Date_Effective_From, Date_Effective_To, Template_Details) | Documents(Document_ID, Template_ID->Templates.Template_ID, Document_Name, Document_Description, Other_Details) | Paragraphs(Paragraph_ID, Document_ID->Documents.Document_ID, Paragraph_Text, Other_Details)

Question:
Return the ids corresponding to templates with the description 'Presentation'.

SQL:

2026-07-31 15:04:08,458 [INFO   ]   >> OUTPUT : SELECT Template_ID FROM Ref_Template_Types WHERE Template_Type_Description  =  "Presentation"
2026-07-31 15:04:09,101 [INFO   ] [inference] generate_sql  latency_sec=0.6236  input_tokens=161  output_tokens=7
2026-07-31 15:04:09,102 [INFO   ]   >> INPUT  : Translate the natural language question into a valid SQL query using the provided schema.

Schema:
Ref_Template_Types(Template_Type_Code, Template_Type_Description) | Templates(Template_ID, Version_Number, Template_Type_Code->Ref_Template_Types.Template_Type_Code, Date_Effective_From, Date_Effective_To, Template_Details) | Documents(Document_ID, Template_ID->Templates.Template_ID, Document_Name, Document_Description, Other_Details) | Paragraphs(Paragraph_ID, Document_ID->Documents.Document_ID, Paragraph_Text, Other_Details)

Question:
How many paragraphs in total?

SQL:

2026-07-31 15:04:09,102 [INFO   ]   >> OUTPUT : SELECT count(*) FROM paragraphs
2026-07-31 15:04:09,723 [INFO   ] [inference] generate_sql  latency_sec=0.602  input_tokens=161  output_tokens=7
2026-07-31 15:04:09,724 [INFO   ]   >> INPUT  : Translate the natural language question into a valid SQL query using the provided schema.

Schema:
Ref_Template_Types(Template_Type_Code, Template_Type_Description) | Templates(Template_ID, Version_Number, Template_Type_Code->Ref_Template_Types.Template_Type_Code, Date_Effective_From, Date_Effective_To, Template_Details) | Documents(Document_ID, Template_ID->Templates.Template_ID, Document_Name, Document_Description, Other_Details) | Paragraphs(Paragraph_ID, Document_ID->Documents.Document_ID, Paragraph_Text, Other_Details)

Question:
Count the number of paragraphs.

SQL:

2026-07-31 15:04:09,724 [INFO   ]   >> OUTPUT : SELECT count(*) FROM paragraphs
2026-07-31 15:04:12,496 [INFO   ] [inference] generate_sql  latency_sec=2.7522  input_tokens=167  output_tokens=43
2026-07-31 15:04:12,496 [INFO   ]   >> INPUT  : Translate the natural language question into a valid SQL query using the provided schema.

Schema:
Ref_Template_Types(Template_Type_Code, Template_Type_Description) | Templates(Template_ID, Version_Number, Template_Type_Code->Ref_Template_Types.Template_Type_Code, Date_Effective_From, Date_Effective_To, Template_Details) | Documents(Document_ID, Template_ID->Templates.Template_ID, Document_Name, Document_Description, Other_Details) | Paragraphs(Paragraph_ID, Document_ID->Documents.Document_ID, Paragraph_Text, Other_Details)

Question:
How many paragraphs for the document with name 'Summer Show'?

SQL:

2026-07-31 15:04:12,496 [INFO   ]   >> OUTPUT : SELECT count(*) FROM Documents AS T1 JOIN paragraphs AS T2 ON T1.document_id  =  T2.document_id WHERE document_name  =  'Summer Show'
2026-07-31 15:04:14,497 [INFO   ] [inference] generate_sql  latency_sec=1.9874  input_tokens=168  output_tokens=43
2026-07-31 15:04:14,497 [INFO   ]   >> INPUT  : Translate the natural language question into a valid SQL query using the provided schema.

Schema:
Ref_Template_Types(Template_Type_Code, Template_Type_Description) | Templates(Template_ID, Version_Number, Template_Type_Code->Ref_Template_Types.Template_Type_Code, Date_Effective_From, Date_Effective_To, Template_Details) | Documents(Document_ID, Template_ID->Templates.Template_ID, Document_Name, Document_Description, Other_Details) | Paragraphs(Paragraph_ID, Document_ID->Documents.Document_ID, Paragraph_Text, Other_Details)

Question:
Count the number of paragraphs in the document named 'Summer Show'.

SQL:

2026-07-31 15:04:14,497 [INFO   ]   >> OUTPUT : SELECT count(*) FROM Documents AS T1 JOIN paragraphs AS T2 ON T1.document_id  =  T2.document_id WHERE document_name  =  'Summer Show'
2026-07-31 15:04:15,518 [INFO   ] [inference] generate_sql  latency_sec=1.0076  input_tokens=167  output_tokens=20
2026-07-31 15:04:15,519 [INFO   ]   >> INPUT  : Translate the natural language question into a valid SQL query using the provided schema.

Schema:
Ref_Template_Types(Template_Type_Code, Template_Type_Description) | Templates(Template_ID, Version_Number, Template_Type_Code->Ref_Template_Types.Template_Type_Code, Date_Effective_From, Date_Effective_To, Template_Details) | Documents(Document_ID, Template_ID->Templates.Template_ID, Document_Name, Document_Description, Other_Details) | Paragraphs(Paragraph_ID, Document_ID->Documents.Document_ID, Paragraph_Text, Other_Details)

Question:
Show paragraph details for paragraph with text 'Korea ' .

SQL:

2026-07-31 15:04:15,519 [INFO   ]   >> OUTPUT : SELECT Other_Details FROM Paragraphs WHERE Document_Name  =  'Korea'
2026-07-31 15:04:16,555 [INFO   ] [inference] generate_sql  latency_sec=1.0225  input_tokens=171  output_tokens=21
2026-07-31 15:04:16,556 [INFO   ]   >> INPUT  : Translate the natural language question into a valid SQL query using the provided schema.

Schema:
Ref_Template_Types(Template_Type_Code, Template_Type_Description) | Templates(Template_ID, Version_Number, Template_Type_Code->Ref_Template_Types.Template_Type_Code, Date_Effective_From, Date_Effective_To, Template_Details) | Documents(Document_ID, Template_ID->Templates.Template_ID, Document_Name, Document_Description, Other_Details) | Paragraphs(Paragraph_ID, Document_ID->Documents.Document_ID, Paragraph_Text, Other_Details)

Question:
What are the details for the paragraph that includes the text 'Korea ' ?

SQL:

2026-07-31 15:04:16,556 [INFO   ]   >> OUTPUT : SELECT Other_Details FROM Paragraphs WHERE Paragraph_Text LIKE '%Korea%'
2026-07-31 15:04:17,698 [INFO   ] [inference] generate_sql  latency_sec=1.127  input_tokens=172  output_tokens=24
2026-07-31 15:04:17,699 [INFO   ]   >> INPUT  : Translate the natural language question into a valid SQL query using the provided schema.

Schema:
Ref_Template_Types(Template_Type_Code, Template_Type_Description) | Templates(Template_ID, Version_Number, Template_Type_Code->Ref_Template_Types.Template_Type_Code, Date_Effective_From, Date_Effective_To, Template_Details) | Documents(Document_ID, Template_ID->Templates.Template_ID, Document_Name, Document_Description, Other_Details) | Paragraphs(Paragraph_ID, Document_ID->Documents.Document_ID, Paragraph_Text, Other_Details)

Question:
Show all paragraph ids and texts for the document with name 'Welcome to NY'.

SQL:

2026-07-31 15:04:17,699 [INFO   ]   >> OUTPUT : SELECT document_id ,  document_name FROM documents WHERE document_name  =  'Welcome to NY'
2026-07-31 15:04:18,822 [INFO   ] [inference] generate_sql  latency_sec=1.1093  input_tokens=173  output_tokens=24
2026-07-31 15:04:18,823 [INFO   ]   >> INPUT  : Translate the natural language question into a valid SQL query using the provided schema.

Schema:
Ref_Template_Types(Template_Type_Code, Template_Type_Description) | Templates(Template_ID, Version_Number, Template_Type_Code->Ref_Template_Types.Template_Type_Code, Date_Effective_From, Date_Effective_To, Template_Details) | Documents(Document_ID, Template_ID->Templates.Template_ID, Document_Name, Document_Description, Other_Details) | Paragraphs(Paragraph_ID, Document_ID->Documents.Document_ID, Paragraph_Text, Other_Details)

Question:
What are the ids and texts of paragraphs in the document titled 'Welcome to NY'?

SQL:

2026-07-31 15:04:18,823 [INFO   ]   >> OUTPUT : SELECT document_id ,  document_text FROM paragraphs WHERE document_name  =  'Welcome to NY'
2026-07-31 15:04:20,895 [INFO   ] [inference] generate_sql  latency_sec=2.0587  input_tokens=166  output_tokens=43
2026-07-31 15:04:20,895 [INFO   ]   >> INPUT  : Translate the natural language question into a valid SQL query using the provided schema.

Schema:
Ref_Template_Types(Template_Type_Code, Template_Type_Description) | Templates(Template_ID, Version_Number, Template_Type_Code->Ref_Template_Types.Template_Type_Code, Date_Effective_From, Date_Effective_To, Template_Details) | Documents(Document_ID, Template_ID->Templates.Template_ID, Document_Name, Document_Description, Other_Details) | Paragraphs(Paragraph_ID, Document_ID->Documents.Document_ID, Paragraph_Text, Other_Details)

Question:
Show all paragraph texts for the document "Customer reviews".

SQL:

2026-07-31 15:04:20,895 [INFO   ]   >> OUTPUT : SELECT document_name FROM Documents AS T1 JOIN paragraphs AS T2 ON T1.document_id  =  T2.document_id WHERE document_name  =  "Customer reviews"
2026-07-31 15:04:23,444 [INFO   ] [inference] generate_sql  latency_sec=2.5344  input_tokens=170  output_tokens=46
2026-07-31 15:04:23,444 [INFO   ]   >> INPUT  : Translate the natural language question into a valid SQL query using the provided schema.

Schema:
Ref_Template_Types(Template_Type_Code, Template_Type_Description) | Templates(Template_ID, Version_Number, Template_Type_Code->Ref_Template_Types.Template_Type_Code, Date_Effective_From, Date_Effective_To, Template_Details) | Documents(Document_ID, Template_ID->Templates.Template_ID, Document_Name, Document_Description, Other_Details) | Paragraphs(Paragraph_ID, Document_ID->Documents.Document_ID, Paragraph_Text, Other_Details)

Question:
What are the paragraph texts for the document with the name 'Customer reviews'?

SQL:

2026-07-31 15:04:23,444 [INFO   ]   >> OUTPUT : SELECT T1.document_description FROM Documents AS T1 JOIN paragraphs AS T2 ON T1.document_id  =  T2.document_id WHERE document_name  =  'Customer reviews'
2026-07-31 15:04:24,957 [INFO   ] [inference] generate_sql  latency_sec=1.492  input_tokens=174  output_tokens=22
2026-07-31 15:04:24,958 [INFO   ]   >> INPUT  : Translate the natural language question into a valid SQL query using the provided schema.

Schema:
Ref_Template_Types(Template_Type_Code, Template_Type_Description) | Templates(Template_ID, Version_Number, Template_Type_Code->Ref_Template_Types.Template_Type_Code, Date_Effective_From, Date_Effective_To, Template_Details) | Documents(Document_ID, Template_ID->Templates.Template_ID, Document_Name, Document_Description, Other_Details) | Paragraphs(Paragraph_ID, Document_ID->Documents.Document_ID, Paragraph_Text, Other_Details)

Question:
Show all document ids and the number of paragraphs in each document. Order by document id.

SQL:

2026-07-31 15:04:24,958 [INFO   ]   >> OUTPUT : SELECT document_id ,  count(*) FROM paragraphs GROUP BY document_id ORDER BY document_id
2026-07-31 15:04:26,455 [INFO   ] [inference] generate_sql  latency_sec=1.4775  input_tokens=175  output_tokens=22
2026-07-31 15:04:26,456 [INFO   ]   >> INPUT  : Translate the natural language question into a valid SQL query using the provided schema.

Schema:
Ref_Template_Types(Template_Type_Code, Template_Type_Description) | Templates(Template_ID, Version_Number, Template_Type_Code->Ref_Template_Types.Template_Type_Code, Date_Effective_From, Date_Effective_To, Template_Details) | Documents(Document_ID, Template_ID->Templates.Template_ID, Document_Name, Document_Description, Other_Details) | Paragraphs(Paragraph_ID, Document_ID->Documents.Document_ID, Paragraph_Text, Other_Details)

Question:
Return the different document ids along with the number of paragraphs corresponding to each, ordered by id.

SQL:

2026-07-31 15:04:26,456 [INFO   ]   >> OUTPUT : SELECT document_id ,  count(*) FROM paragraphs GROUP BY document_id ORDER BY document_id
2026-07-31 15:04:27,764 [INFO   ] [inference] generate_sql  latency_sec=1.2943  input_tokens=171  output_tokens=22
2026-07-31 15:04:27,765 [INFO   ]   >> INPUT  : Translate the natural language question into a valid SQL query using the provided schema.

Schema:
Ref_Template_Types(Template_Type_Code, Template_Type_Description) | Templates(Template_ID, Version_Number, Template_Type_Code->Ref_Template_Types.Template_Type_Code, Date_Effective_From, Date_Effective_To, Template_Details) | Documents(Document_ID, Template_ID->Templates.Template_ID, Document_Name, Document_Description, Other_Details) | Paragraphs(Paragraph_ID, Document_ID->Documents.Document_ID, Paragraph_Text, Other_Details)

Question:
Show all document ids, names and the number of paragraphs in each document.

SQL:

2026-07-31 15:04:27,765 [INFO   ]   >> OUTPUT : SELECT document_id ,  document_name ,  count(*) FROM documents GROUP BY document_id
2026-07-31 15:04:29,029 [INFO   ] [inference] generate_sql  latency_sec=1.2507  input_tokens=176  output_tokens=22
2026-07-31 15:04:29,029 [INFO   ]   >> INPUT  : Translate the natural language question into a valid SQL query using the provided schema.

Schema:
Ref_Template_Types(Template_Type_Code, Template_Type_Description) | Templates(Template_ID, Version_Number, Template_Type_Code->Ref_Template_Types.Template_Type_Code, Date_Effective_From, Date_Effective_To, Template_Details) | Documents(Document_ID, Template_ID->Templates.Template_ID, Document_Name, Document_Description, Other_Details) | Paragraphs(Paragraph_ID, Document_ID->Documents.Document_ID, Paragraph_Text, Other_Details)

Question:
What are the ids and names of each document, as well as the number of paragraphs in each?

SQL:

2026-07-31 15:04:29,029 [INFO   ]   >> OUTPUT : SELECT document_id ,  document_name ,  count(*) FROM documents GROUP BY document_id
2026-07-31 15:04:30,151 [INFO   ] [inference] generate_sql  latency_sec=1.1091  input_tokens=166  output_tokens=23
2026-07-31 15:04:30,152 [INFO   ]   >> INPUT  : Translate the natural language question into a valid SQL query using the provided schema.

Schema:
Ref_Template_Types(Template_Type_Code, Template_Type_Description) | Templates(Template_ID, Version_Number, Template_Type_Code->Ref_Template_Types.Template_Type_Code, Date_Effective_From, Date_Effective_To, Template_Details) | Documents(Document_ID, Template_ID->Templates.Template_ID, Document_Name, Document_Description, Other_Details) | Paragraphs(Paragraph_ID, Document_ID->Documents.Document_ID, Paragraph_Text, Other_Details)

Question:
List all document ids with at least two paragraphs.

SQL:

2026-07-31 15:04:30,152 [INFO   ]   >> OUTPUT : SELECT document_id FROM paragraphs GROUP BY document_id HAVING count(*)  >=  2
2026-07-31 15:04:31,235 [INFO   ] [inference] generate_sql  latency_sec=1.0676  input_tokens=169  output_tokens=23
2026-07-31 15:04:31,236 [INFO   ]   >> INPUT  : Translate the natural language question into a valid SQL query using the provided schema.

Schema:
Ref_Template_Types(Template_Type_Code, Template_Type_Description) | Templates(Template_ID, Version_Number, Template_Type_Code->Ref_Template_Types.Template_Type_Code, Date_Effective_From, Date_Effective_To, Template_Details) | Documents(Document_ID, Template_ID->Templates.Template_ID, Document_Name, Document_Description, Other_Details) | Paragraphs(Paragraph_ID, Document_ID->Documents.Document_ID, Paragraph_Text, Other_Details)

Question:
What are the ids of documents that have 2 or more paragraphs?

SQL:

2026-07-31 15:04:31,236 [INFO   ]   >> OUTPUT : SELECT document_id FROM paragraphs GROUP BY document_id HAVING count(*)  >=  2
2026-07-31 15:04:32,360 [INFO   ] [inference] generate_sql  latency_sec=1.1105  input_tokens=168  output_tokens=22
2026-07-31 15:04:32,361 [INFO   ]   >> INPUT  : Translate the natural language question into a valid SQL query using the provided schema.

Schema:
Ref_Template_Types(Template_Type_Code, Template_Type_Description) | Templates(Template_ID, Version_Number, Template_Type_Code->Ref_Template_Types.Template_Type_Code, Date_Effective_From, Date_Effective_To, Template_Details) | Documents(Document_ID, Template_ID->Templates.Template_ID, Document_Name, Document_Description, Other_Details) | Paragraphs(Paragraph_ID, Document_ID->Documents.Document_ID, Paragraph_Text, Other_Details)

Question:
What is the document id and name with greatest number of paragraphs?

SQL:

2026-07-31 15:04:32,361 [INFO   ]   >> OUTPUT : SELECT document_id ,  document_name FROM documents ORDER BY count(*) DESC LIMIT 1
2026-07-31 15:04:33,614 [INFO   ] [inference] generate_sql  latency_sec=1.2392  input_tokens=168  output_tokens=27
2026-07-31 15:04:33,614 [INFO   ]   >> INPUT  : Translate the natural language question into a valid SQL query using the provided schema.

Schema:
Ref_Template_Types(Template_Type_Code, Template_Type_Description) | Templates(Template_ID, Version_Number, Template_Type_Code->Ref_Template_Types.Template_Type_Code, Date_Effective_From, Date_Effective_To, Template_Details) | Documents(Document_ID, Template_ID->Templates.Template_ID, Document_Name, Document_Description, Other_Details) | Paragraphs(Paragraph_ID, Document_ID->Documents.Document_ID, Paragraph_Text, Other_Details)

Question:
Return the id and name of the document with the most paragraphs.

SQL:

2026-07-31 15:04:33,614 [INFO   ]   >> OUTPUT : SELECT document_id ,  document_name FROM paragraphs GROUP BY document_id ORDER BY count(*) DESC LIMIT 1
2026-07-31 15:04:34,575 [INFO   ] [inference] generate_sql  latency_sec=0.9442  input_tokens=166  output_tokens=20
2026-07-31 15:04:34,576 [INFO   ]   >> INPUT  : Translate the natural language question into a valid SQL query using the provided schema.

Schema:
Ref_Template_Types(Template_Type_Code, Template_Type_Description) | Templates(Template_ID, Version_Number, Template_Type_Code->Ref_Template_Types.Template_Type_Code, Date_Effective_From, Date_Effective_To, Template_Details) | Documents(Document_ID, Template_ID->Templates.Template_ID, Document_Name, Document_Description, Other_Details) | Paragraphs(Paragraph_ID, Document_ID->Documents.Document_ID, Paragraph_Text, Other_Details)

Question:
What is the document id with least number of paragraphs?

SQL:

2026-07-31 15:04:34,576 [INFO   ]   >> OUTPUT : SELECT document_id FROM paragraphs GROUP BY document_id ORDER BY count(*) LIMIT 1
2026-07-31 15:04:35,502 [INFO   ] [inference] generate_sql  latency_sec=0.912  input_tokens=167  output_tokens=20
2026-07-31 15:04:35,503 [INFO   ]   >> INPUT  : Translate the natural language question into a valid SQL query using the provided schema.

Schema:
Ref_Template_Types(Template_Type_Code, Template_Type_Description) | Templates(Template_ID, Version_Number, Template_Type_Code->Ref_Template_Types.Template_Type_Code, Date_Effective_From, Date_Effective_To, Template_Details) | Documents(Document_ID, Template_ID->Templates.Template_ID, Document_Name, Document_Description, Other_Details) | Paragraphs(Paragraph_ID, Document_ID->Documents.Document_ID, Paragraph_Text, Other_Details)

Question:
Return the id of the document with the fewest paragraphs.

SQL:

2026-07-31 15:04:35,503 [INFO   ]   >> OUTPUT : SELECT document_id FROM paragraphs GROUP BY document_id ORDER BY count(*) LIMIT 1
2026-07-31 15:04:36,643 [INFO   ] [inference] generate_sql  latency_sec=1.1268  input_tokens=166  output_tokens=22
2026-07-31 15:04:36,644 [INFO   ]   >> INPUT  : Translate the natural language question into a valid SQL query using the provided schema.

Schema:
Ref_Template_Types(Template_Type_Code, Template_Type_Description) | Templates(Template_ID, Version_Number, Template_Type_Code->Ref_Template_Types.Template_Type_Code, Date_Effective_From, Date_Effective_To, Template_Details) | Documents(Document_ID, Template_ID->Templates.Template_ID, Document_Name, Document_Description, Other_Details) | Paragraphs(Paragraph_ID, Document_ID->Documents.Document_ID, Paragraph_Text, Other_Details)

Question:
What is the document id with 1 to 2 paragraphs?

SQL:

2026-07-31 15:04:36,644 [INFO   ]   >> OUTPUT : SELECT document_id FROM paragraphs GROUP BY document_id HAVING count(*)  =  1
2026-07-31 15:04:37,728 [INFO   ] [inference] generate_sql  latency_sec=1.0634  input_tokens=169  output_tokens=17
2026-07-31 15:04:37,729 [INFO   ]   >> INPUT  : Translate the natural language question into a valid SQL query using the provided schema.

Schema:
Ref_Template_Types(Template_Type_Code, Template_Type_Description) | Templates(Template_ID, Version_Number, Template_Type_Code->Ref_Template_Types.Template_Type_Code, Date_Effective_From, Date_Effective_To, Template_Details) | Documents(Document_ID, Template_ID->Templates.Template_ID, Document_Name, Document_Description, Other_Details) | Paragraphs(Paragraph_ID, Document_ID->Documents.Document_ID, Paragraph_Text, Other_Details)

Question:
Give the ids of documents that have between one and two paragraphs.

SQL:

2026-07-31 15:04:37,729 [INFO   ]   >> OUTPUT : SELECT document_id FROM Documents WHERE paragraph_count BETWEEN 1 AND 2
2026-07-31 15:04:40,168 [INFO   ] [inference] generate_sql  latency_sec=2.4182  input_tokens=169  output_tokens=36
2026-07-31 15:04:40,169 [INFO   ]   >> INPUT  : Translate the natural language question into a valid SQL query using the provided schema.

Schema:
Ref_Template_Types(Template_Type_Code, Template_Type_Description) | Templates(Template_ID, Version_Number, Template_Type_Code->Ref_Template_Types.Template_Type_Code, Date_Effective_From, Date_Effective_To, Template_Details) | Documents(Document_ID, Template_ID->Templates.Template_ID, Document_Name, Document_Description, Other_Details) | Paragraphs(Paragraph_ID, Document_ID->Documents.Document_ID, Paragraph_Text, Other_Details)

Question:
Show the document id with paragraph text 'Brazil' and 'Ireland'.

SQL:

2026-07-31 15:04:40,169 [INFO   ]   >> OUTPUT : SELECT document_id FROM paragraphs WHERE paragraph_text  =  'Brazil' INTERSECT SELECT document_id FROM paragraphs WHERE paragraph_text  =  'Ireland'
2026-07-31 15:04:42,004 [INFO   ] [inference] generate_sql  latency_sec=1.8109  input_tokens=174  output_tokens=36
2026-07-31 15:04:42,004 [INFO   ]   >> INPUT  : Translate the natural language question into a valid SQL query using the provided schema.

Schema:
Ref_Template_Types(Template_Type_Code, Template_Type_Description) | Templates(Template_ID, Version_Number, Template_Type_Code->Ref_Template_Types.Template_Type_Code, Date_Effective_From, Date_Effective_To, Template_Details) | Documents(Document_ID, Template_ID->Templates.Template_ID, Document_Name, Document_Description, Other_Details) | Paragraphs(Paragraph_ID, Document_ID->Documents.Document_ID, Paragraph_Text, Other_Details)

Question:
What are the ids of documents that contain the paragraph text 'Brazil' and 'Ireland'?

SQL:

2026-07-31 15:04:42,004 [INFO   ]   >> OUTPUT : SELECT document_id FROM documents WHERE document_name  =  'Brazil' INTERSECT SELECT document_id FROM documents WHERE document_name  =  'Ireland'
2026-07-31 15:04:42,665 [INFO   ] [inference] generate_sql  latency_sec=0.6455  input_tokens=96  output_tokens=7
2026-07-31 15:04:42,665 [INFO   ]   >> INPUT  : Translate the natural language question into a valid SQL query using the provided schema.

Schema:
course(Course_ID, Staring_Date, Course) | teacher(Teacher_ID, Name, Age, Hometown) | course_arrange(Course_ID->course.Course_ID, Teacher_ID->teacher.Teacher_ID, Grade)

Question:
How many teachers are there?

SQL:

2026-07-31 15:04:42,665 [INFO   ]   >> OUTPUT : SELECT count(*) FROM teacher
2026-07-31 15:04:43,088 [INFO   ] [inference] generate_sql  latency_sec=0.4098  input_tokens=98  output_tokens=7
2026-07-31 15:04:43,089 [INFO   ]   >> INPUT  : Translate the natural language question into a valid SQL query using the provided schema.

Schema:
course(Course_ID, Staring_Date, Course) | teacher(Teacher_ID, Name, Age, Hometown) | course_arrange(Course_ID->course.Course_ID, Teacher_ID->teacher.Teacher_ID, Grade)

Question:
What is the total count of teachers?

SQL:

2026-07-31 15:04:43,089 [INFO   ]   >> OUTPUT : SELECT count(*) FROM teacher
2026-07-31 15:04:45,296 [INFO   ] [inference] generate_sql  latency_sec=2.1938  input_tokens=101  output_tokens=9
2026-07-31 15:04:45,296 [INFO   ]   >> INPUT  : Translate the natural language question into a valid SQL query using the provided schema.

Schema:
course(Course_ID, Staring_Date, Course) | teacher(Teacher_ID, Name, Age, Hometown) | course_arrange(Course_ID->course.Course_ID, Teacher_ID->teacher.Teacher_ID, Grade)

Question:
List the names of teachers in ascending order of age.

SQL:

2026-07-31 15:04:45,297 [INFO   ]   >> OUTPUT : SELECT Name FROM teacher ORDER BY Age ASC
2026-07-31 15:04:47,352 [INFO   ] [inference] generate_sql  latency_sec=2.0409  input_tokens=102  output_tokens=45
2026-07-31 15:04:47,353 [INFO   ]   >> INPUT  : Translate the natural language question into a valid SQL query using the provided schema.

Schema:
course(Course_ID, Staring_Date, Course) | teacher(Teacher_ID, Name, Age, Hometown) | course_arrange(Course_ID->course.Course_ID, Teacher_ID->teacher.Teacher_ID, Grade)

Question:
What are the names of the teachers ordered by ascending age?

SQL:

2026-07-31 15:04:47,353 [INFO   ]   >> OUTPUT : SELECT T1.Name FROM teacher AS T1 JOIN course_arrange AS T2 ON T1.Teacher_ID  =  T2.Teacher_ID ORDER BY T2.Grade ASC
2026-07-31 15:04:49,429 [INFO   ] [inference] generate_sql  latency_sec=2.0623  input_tokens=99  output_tokens=45
2026-07-31 15:04:49,429 [INFO   ]   >> INPUT  : Translate the natural language question into a valid SQL query using the provided schema.

Schema:
course(Course_ID, Staring_Date, Course) | teacher(Teacher_ID, Name, Age, Hometown) | course_arrange(Course_ID->course.Course_ID, Teacher_ID->teacher.Teacher_ID, Grade)

Question:
What are the age and hometown of teachers?

SQL:

2026-07-31 15:04:49,429 [INFO   ]   >> OUTPUT : SELECT T1.age ,  T1.Hometown FROM teacher AS T1 JOIN course_arrange AS T2 ON T1.Teacher_ID  =  T2.Teacher_ID
2026-07-31 15:04:51,876 [INFO   ] [inference] generate_sql  latency_sec=2.433  input_tokens=100  output_tokens=45
2026-07-31 15:04:51,876 [INFO   ]   >> INPUT  : Translate the natural language question into a valid SQL query using the provided schema.

Schema:
course(Course_ID, Staring_Date, Course) | teacher(Teacher_ID, Name, Age, Hometown) | course_arrange(Course_ID->course.Course_ID, Teacher_ID->teacher.Teacher_ID, Grade)

Question:
What is the age and hometown of every teacher?

SQL:

2026-07-31 15:04:51,876 [INFO   ]   >> OUTPUT : SELECT T1.age ,  T1.Hometown FROM teacher AS T1 JOIN course_arrange AS T2 ON T1.Teacher_ID  =  T2.Teacher_ID
2026-07-31 15:04:54,911 [INFO   ] [inference] generate_sql  latency_sec=3.0097  input_tokens=106  output_tokens=15
2026-07-31 15:04:54,912 [INFO   ]   >> INPUT  : Translate the natural language question into a valid SQL query using the provided schema.

Schema:
course(Course_ID, Staring_Date, Course) | teacher(Teacher_ID, Name, Age, Hometown) | course_arrange(Course_ID->course.Course_ID, Teacher_ID->teacher.Teacher_ID, Grade)

Question:
List the name of teachers whose hometown is not `` Little Lever Urban District '' .

SQL:

2026-07-31 15:04:54,912 [INFO   ]   >> OUTPUT : SELECT Name FROM teacher WHERE Hometown != 'Little Lever Urban District ''
2026-07-31 15:04:57,191 [INFO   ] [inference] generate_sql  latency_sec=2.2638  input_tokens=108  output_tokens=48
2026-07-31 15:04:57,191 [INFO   ]   >> INPUT  : Translate the natural language question into a valid SQL query using the provided schema.

Schema:
course(Course_ID, Staring_Date, Course) | teacher(Teacher_ID, Name, Age, Hometown) | course_arrange(Course_ID->course.Course_ID, Teacher_ID->teacher.Teacher_ID, Grade)

Question:
What are the names of the teachers whose hometown is not `` Little Lever Urban District '' ?

SQL:

2026-07-31 15:04:57,191 [INFO   ]   >> OUTPUT : SELECT T2.Name FROM course AS T1 JOIN teacher AS T2 ON T1.Teacher_ID  =  T2.Teacher_ID WHERE T1.Hometown != 'Little Lever Urban District ''
2026-07-31 15:04:59,930 [INFO   ] [inference] generate_sql  latency_sec=2.725  input_tokens=101  output_tokens=17
2026-07-31 15:04:59,931 [INFO   ]   >> INPUT  : Translate the natural language question into a valid SQL query using the provided schema.

Schema:
course(Course_ID, Staring_Date, Course) | teacher(Teacher_ID, Name, Age, Hometown) | course_arrange(Course_ID->course.Course_ID, Teacher_ID->teacher.Teacher_ID, Grade)

Question:
Show the name of teachers aged either 32 or 33?

SQL:

2026-07-31 15:04:59,931 [INFO   ]   >> OUTPUT : SELECT Name FROM teacher WHERE Age  =  32 OR Age  =  33
2026-07-31 15:05:02,589 [INFO   ] [inference] generate_sql  latency_sec=2.6431  input_tokens=105  output_tokens=56
2026-07-31 15:05:02,589 [INFO   ]   >> INPUT  : Translate the natural language question into a valid SQL query using the provided schema.

Schema:
course(Course_ID, Staring_Date, Course) | teacher(Teacher_ID, Name, Age, Hometown) | course_arrange(Course_ID->course.Course_ID, Teacher_ID->teacher.Teacher_ID, Grade)

Question:
What are the names of the teachers who are aged either 32 or 33?

SQL:

2026-07-31 15:05:02,589 [INFO   ]   >> OUTPUT : SELECT T1.Name FROM teacher AS T1 JOIN course_arrange AS T2 ON T1.Teacher_ID  =  T2.Teacher_ID WHERE T2.Grade  =  32 OR T2.Grade  =  33
2026-07-31 15:05:03,540 [INFO   ] [inference] generate_sql  latency_sec=0.9349  input_tokens=99  output_tokens=20
2026-07-31 15:05:03,540 [INFO   ]   >> INPUT  : Translate the natural language question into a valid SQL query using the provided schema.

Schema:
course(Course_ID, Staring_Date, Course) | teacher(Teacher_ID, Name, Age, Hometown) | course_arrange(Course_ID->course.Course_ID, Teacher_ID->teacher.Teacher_ID, Grade)

Question:
What is the hometown of the youngest teacher?

SQL:

2026-07-31 15:05:03,540 [INFO   ]   >> OUTPUT : SELECT Hometown FROM teacher WHERE Age  =  (SELECT max(Age) FROM teacher)
2026-07-31 15:05:06,370 [INFO   ] [inference] generate_sql  latency_sec=2.8154  input_tokens=97  output_tokens=49
2026-07-31 15:05:06,370 [INFO   ]   >> INPUT  : Translate the natural language question into a valid SQL query using the provided schema.

Schema:
course(Course_ID, Staring_Date, Course) | teacher(Teacher_ID, Name, Age, Hometown) | course_arrange(Course_ID->course.Course_ID, Teacher_ID->teacher.Teacher_ID, Grade)

Question:
Where is the youngest teacher from?

SQL:

2026-07-31 15:05:06,370 [INFO   ]   >> OUTPUT : SELECT T1.Name FROM teacher AS T1 JOIN course_arrange AS T2 ON T1.Teacher_ID  =  T2.Teacher_ID ORDER BY T2.Grade DESC LIMIT 1
2026-07-31 15:05:07,570 [INFO   ] [inference] generate_sql  latency_sec=1.1802  input_tokens=104  output_tokens=16
2026-07-31 15:05:07,571 [INFO   ]   >> INPUT  : Translate the natural language question into a valid SQL query using the provided schema.

Schema:
course(Course_ID, Staring_Date, Course) | teacher(Teacher_ID, Name, Age, Hometown) | course_arrange(Course_ID->course.Course_ID, Teacher_ID->teacher.Teacher_ID, Grade)

Question:
Show different hometown of teachers and the number of teachers from each hometown.

SQL:

2026-07-31 15:05:07,571 [INFO   ]   >> OUTPUT : SELECT Hometown ,  COUNT(*) FROM teacher GROUP BY Hometown
2026-07-31 15:05:08,841 [INFO   ] [inference] generate_sql  latency_sec=1.2506  input_tokens=100  output_tokens=16
2026-07-31 15:05:08,842 [INFO   ]   >> INPUT  : Translate the natural language question into a valid SQL query using the provided schema.

Schema:
course(Course_ID, Staring_Date, Course) | teacher(Teacher_ID, Name, Age, Hometown) | course_arrange(Course_ID->course.Course_ID, Teacher_ID->teacher.Teacher_ID, Grade)

Question:
For each hometown, how many teachers are there?

SQL:

2026-07-31 15:05:08,842 [INFO   ]   >> OUTPUT : SELECT Hometown ,  COUNT(*) FROM teacher GROUP BY Hometown
2026-07-31 15:05:09,999 [INFO   ] [inference] generate_sql  latency_sec=1.143  input_tokens=98  output_tokens=21
2026-07-31 15:05:10,000 [INFO   ]   >> INPUT  : Translate the natural language question into a valid SQL query using the provided schema.

Schema:
course(Course_ID, Staring_Date, Course) | teacher(Teacher_ID, Name, Age, Hometown) | course_arrange(Course_ID->course.Course_ID, Teacher_ID->teacher.Teacher_ID, Grade)

Question:
List the most common hometown of teachers.

SQL:

2026-07-31 15:05:10,000 [INFO   ]   >> OUTPUT : SELECT Hometown FROM teacher GROUP BY Hometown ORDER BY COUNT(*) DESC LIMIT 1
2026-07-31 15:05:11,066 [INFO   ] [inference] generate_sql  latency_sec=1.0506  input_tokens=101  output_tokens=21
2026-07-31 15:05:11,067 [INFO   ]   >> INPUT  : Translate the natural language question into a valid SQL query using the provided schema.

Schema:
course(Course_ID, Staring_Date, Course) | teacher(Teacher_ID, Name, Age, Hometown) | course_arrange(Course_ID->course.Course_ID, Teacher_ID->teacher.Teacher_ID, Grade)

Question:
What is the most commmon hometowns for teachers?

SQL:

2026-07-31 15:05:11,067 [INFO   ]   >> OUTPUT : SELECT Hometown FROM teacher GROUP BY Hometown ORDER BY COUNT(*) DESC LIMIT 1
2026-07-31 15:05:12,141 [INFO   ] [inference] generate_sql  latency_sec=1.0612  input_tokens=101  output_tokens=22
2026-07-31 15:05:12,142 [INFO   ]   >> INPUT  : Translate the natural language question into a valid SQL query using the provided schema.

Schema:
course(Course_ID, Staring_Date, Course) | teacher(Teacher_ID, Name, Age, Hometown) | course_arrange(Course_ID->course.Course_ID, Teacher_ID->teacher.Teacher_ID, Grade)

Question:
Show the hometowns shared by at least two teachers.

SQL:

2026-07-31 15:05:12,142 [INFO   ]   >> OUTPUT : SELECT Hometown FROM teacher GROUP BY Hometown HAVING COUNT(*)  >=  2
2026-07-31 15:05:14,722 [INFO   ] [inference] generate_sql  latency_sec=2.5665  input_tokens=103  output_tokens=57
2026-07-31 15:05:14,722 [INFO   ]   >> INPUT  : Translate the natural language question into a valid SQL query using the provided schema.

Schema:
course(Course_ID, Staring_Date, Course) | teacher(Teacher_ID, Name, Age, Hometown) | course_arrange(Course_ID->course.Course_ID, Teacher_ID->teacher.Teacher_ID, Grade)

Question:
What are the towns from which at least two teachers come from?

SQL:

2026-07-31 15:05:14,722 [INFO   ]   >> OUTPUT : SELECT T1.Hometown FROM teacher AS T1 JOIN course_arrange AS T2 ON T1.Teacher_ID  =  T2.Teacher_ID GROUP BY T1.Hometown HAVING count(*)  >=  2
2026-07-31 15:05:16,840 [INFO   ] [inference] generate_sql  latency_sec=2.1032  input_tokens=103  output_tokens=44
2026-07-31 15:05:16,840 [INFO   ]   >> INPUT  : Translate the natural language question into a valid SQL query using the provided schema.

Schema:
course(Course_ID, Staring_Date, Course) | teacher(Teacher_ID, Name, Age, Hometown) | course_arrange(Course_ID->course.Course_ID, Teacher_ID->teacher.Teacher_ID, Grade)

Question:
Show names of teachers and the courses they are arranged to teach.

SQL:

2026-07-31 15:05:16,840 [INFO   ]   >> OUTPUT : SELECT T2.Name ,  T1.Course FROM course_arrange AS T1 JOIN teacher AS T2 ON T1.Teacher_ID  =  T2.Teacher_ID
2026-07-31 15:05:19,228 [INFO   ] [inference] generate_sql  latency_sec=2.3735  input_tokens=103  output_tokens=44
2026-07-31 15:05:19,228 [INFO   ]   >> INPUT  : Translate the natural language question into a valid SQL query using the provided schema.

Schema:
course(Course_ID, Staring_Date, Course) | teacher(Teacher_ID, Name, Age, Hometown) | course_arrange(Course_ID->course.Course_ID, Teacher_ID->teacher.Teacher_ID, Grade)

Question:
What is the name of each teacher and what course they teach?

SQL:

2026-07-31 15:05:19,228 [INFO   ]   >> OUTPUT : SELECT T1.Name ,  T2.Course FROM teacher AS T1 JOIN course_arrange AS T2 ON T1.Teacher_ID  =  T2.Teacher_ID
2026-07-31 15:05:22,463 [INFO   ] [inference] generate_sql  latency_sec=3.2042  input_tokens=113  output_tokens=50
2026-07-31 15:05:22,463 [INFO   ]   >> INPUT  : Translate the natural language question into a valid SQL query using the provided schema.

Schema:
course(Course_ID, Staring_Date, Course) | teacher(Teacher_ID, Name, Age, Hometown) | course_arrange(Course_ID->course.Course_ID, Teacher_ID->teacher.Teacher_ID, Grade)

Question:
Show names of teachers and the courses they are arranged to teach in ascending alphabetical order of the teacher's name.

SQL:

2026-07-31 15:05:22,463 [INFO   ]   >> OUTPUT : SELECT T2.Name ,  T1.Course FROM course_arrange AS T1 JOIN teacher AS T2 ON T1.Teacher_ID  =  T2.Teacher_ID ORDER BY T2.Name
2026-07-31 15:05:24,861 [INFO   ] [inference] generate_sql  latency_sec=2.3822  input_tokens=114  output_tokens=50
2026-07-31 15:05:24,861 [INFO   ]   >> INPUT  : Translate the natural language question into a valid SQL query using the provided schema.

Schema:
course(Course_ID, Staring_Date, Course) | teacher(Teacher_ID, Name, Age, Hometown) | course_arrange(Course_ID->course.Course_ID, Teacher_ID->teacher.Teacher_ID, Grade)

Question:
What are the names of the teachers and the courses they teach in ascending alphabetical order by the name of the teacher?

SQL:

2026-07-31 15:05:24,861 [INFO   ]   >> OUTPUT : SELECT T2.Name ,  T1.Course FROM course_arrange AS T1 JOIN teacher AS T2 ON T1.Teacher_ID  =  T2.Teacher_ID ORDER BY T2.Name
2026-07-31 15:05:26,875 [INFO   ] [inference] generate_sql  latency_sec=2.0007  input_tokens=101  output_tokens=44
2026-07-31 15:05:26,875 [INFO   ]   >> INPUT  : Translate the natural language question into a valid SQL query using the provided schema.

Schema:
course(Course_ID, Staring_Date, Course) | teacher(Teacher_ID, Name, Age, Hometown) | course_arrange(Course_ID->course.Course_ID, Teacher_ID->teacher.Teacher_ID, Grade)

Question:
Show the name of the teacher for the math course.

SQL:

2026-07-31 15:05:26,875 [INFO   ]   >> OUTPUT : SELECT T2.Name FROM course AS T1 JOIN teacher AS T2 ON T1.Course_ID  =  T2.Course_ID WHERE T1.Course  =  'Math'
2026-07-31 15:05:30,064 [INFO   ] [inference] generate_sql  latency_sec=3.175  input_tokens=102  output_tokens=44
2026-07-31 15:05:30,064 [INFO   ]   >> INPUT  : Translate the natural language question into a valid SQL query using the provided schema.

Schema:
course(Course_ID, Staring_Date, Course) | teacher(Teacher_ID, Name, Age, Hometown) | course_arrange(Course_ID->course.Course_ID, Teacher_ID->teacher.Teacher_ID, Grade)

Question:
What are the names of the people who teach math courses?

SQL:

2026-07-31 15:05:30,065 [INFO   ]   >> OUTPUT : SELECT T1.Name FROM course AS T1 JOIN teacher AS T2 ON T1.Course_ID  =  T2.Course_ID WHERE T2.Name  =  'Math'
2026-07-31 15:05:32,650 [INFO   ] [inference] generate_sql  latency_sec=2.5721  input_tokens=102  output_tokens=49
2026-07-31 15:05:32,651 [INFO   ]   >> INPUT  : Translate the natural language question into a valid SQL query using the provided schema.

Schema:
course(Course_ID, Staring_Date, Course) | teacher(Teacher_ID, Name, Age, Hometown) | course_arrange(Course_ID->course.Course_ID, Teacher_ID->teacher.Teacher_ID, Grade)

Question:
Show names of teachers and the number of courses they teach.

SQL:

2026-07-31 15:05:32,651 [INFO   ]   >> OUTPUT : SELECT T1.Name ,  count(*) FROM teacher AS T1 JOIN course_arrange AS T2 ON T1.Teacher_ID  =  T2.Teacher_ID GROUP BY T1.Name
2026-07-31 15:05:35,964 [INFO   ] [inference] generate_sql  latency_sec=3.2828  input_tokens=105  output_tokens=49
2026-07-31 15:05:35,965 [INFO   ]   >> INPUT  : Translate the natural language question into a valid SQL query using the provided schema.

Schema:
course(Course_ID, Staring_Date, Course) | teacher(Teacher_ID, Name, Age, Hometown) | course_arrange(Course_ID->course.Course_ID, Teacher_ID->teacher.Teacher_ID, Grade)

Question:
What are the names of the teachers and how many courses do they teach?

SQL:

2026-07-31 15:05:35,965 [INFO   ]   >> OUTPUT : SELECT T2.Name ,  count(*) FROM course_arrange AS T1 JOIN teacher AS T2 ON T1.Teacher_ID  =  T2.Teacher_ID GROUP BY T2.Name
2026-07-31 15:05:38,703 [INFO   ] [inference] generate_sql  latency_sec=2.714  input_tokens=101  output_tokens=55
2026-07-31 15:05:38,703 [INFO   ]   >> INPUT  : Translate the natural language question into a valid SQL query using the provided schema.

Schema:
course(Course_ID, Staring_Date, Course) | teacher(Teacher_ID, Name, Age, Hometown) | course_arrange(Course_ID->course.Course_ID, Teacher_ID->teacher.Teacher_ID, Grade)

Question:
Show names of teachers that teach at least two courses.

SQL:

2026-07-31 15:05:38,703 [INFO   ]   >> OUTPUT : SELECT T1.Name FROM teacher AS T1 JOIN course_arrange AS T2 ON T1.Teacher_ID  =  T2.Teacher_ID GROUP BY T1.Name HAVING count(*)  >=  2
2026-07-31 15:05:41,387 [INFO   ] [inference] generate_sql  latency_sec=2.6701  input_tokens=104  output_tokens=55
2026-07-31 15:05:41,387 [INFO   ]   >> INPUT  : Translate the natural language question into a valid SQL query using the provided schema.

Schema:
course(Course_ID, Staring_Date, Course) | teacher(Teacher_ID, Name, Age, Hometown) | course_arrange(Course_ID->course.Course_ID, Teacher_ID->teacher.Teacher_ID, Grade)

Question:
What are the names of the teachers who teach at least two courses?

SQL:

2026-07-31 15:05:41,387 [INFO   ]   >> OUTPUT : SELECT T1.Name FROM teacher AS T1 JOIN course_arrange AS T2 ON T1.Teacher_ID  =  T2.Teacher_ID GROUP BY T1.Name HAVING count(*)  >=  2
2026-07-31 15:05:43,117 [INFO   ] [inference] generate_sql  latency_sec=1.7153  input_tokens=104  output_tokens=22
2026-07-31 15:05:43,117 [INFO   ]   >> INPUT  : Translate the natural language question into a valid SQL query using the provided schema.

Schema:
course(Course_ID, Staring_Date, Course) | teacher(Teacher_ID, Name, Age, Hometown) | course_arrange(Course_ID->course.Course_ID, Teacher_ID->teacher.Teacher_ID, Grade)

Question:
List the names of teachers who have not been arranged to teach courses.

SQL:

2026-07-31 15:05:43,117 [INFO   ]   >> OUTPUT : SELECT Name FROM teacher WHERE Teacher_ID NOT IN (SELECT Teacher_ID FROM course_arrange)
2026-07-31 15:05:45,592 [INFO   ] [inference] generate_sql  latency_sec=2.4603  input_tokens=104  output_tokens=53
2026-07-31 15:05:45,592 [INFO   ]   >> INPUT  : Translate the natural language question into a valid SQL query using the provided schema.

Schema:
course(Course_ID, Staring_Date, Course) | teacher(Teacher_ID, Name, Age, Hometown) | course_arrange(Course_ID->course.Course_ID, Teacher_ID->teacher.Teacher_ID, Grade)

Question:
What are the names of the teachers whose courses have not been arranged?

SQL:

2026-07-31 15:05:45,592 [INFO   ]   >> OUTPUT : SELECT T2.Name FROM course AS T1 JOIN teacher AS T2 ON T1.Course_ID  =  T2.Course_ID WHERE T1.Course_ID NOT IN (SELECT Course_ID FROM course_arrange)
2026-07-31 15:05:46,456 [INFO   ] [inference] generate_sql  latency_sec=0.8484  input_tokens=114  output_tokens=13
2026-07-31 15:05:46,457 [INFO   ]   >> INPUT  : Translate the natural language question into a valid SQL query using the provided schema.

Schema:
museum(Museum_ID, Name, Num_of_Staff, Open_Year) | visitor(ID, Name, Level_of_membership, Age) | visit(Museum_ID->museum.Museum_ID, visitor_ID->visitor.ID, Num_of_Ticket, Total_spent)

Question:
How many visitors below age 30 are there?

SQL:

2026-07-31 15:05:46,457 [INFO   ]   >> OUTPUT : SELECT count(*) FROM visitor WHERE age  <  30
2026-07-31 15:05:51,129 [INFO   ] [inference] generate_sql  latency_sec=4.6508  input_tokens=131  output_tokens=80
2026-07-31 15:05:51,130 [INFO   ]   >> INPUT  : Translate the natural language question into a valid SQL query using the provided schema.

Schema:
museum(Museum_ID, Name, Num_of_Staff, Open_Year) | visitor(ID, Name, Level_of_membership, Age) | visit(Museum_ID->museum.Museum_ID, visitor_ID->visitor.ID, Num_of_Ticket, Total_spent)

Question:
Find the names of the visitors whose membership level is higher than 4, and order the results by the level from high to low.

SQL:

2026-07-31 15:05:51,130 [INFO   ]   >> OUTPUT : SELECT T1.Name FROM visitor AS T1 JOIN visit AS T2 ON T1.ID  =  T2.visitor_ID JOIN museum AS T3 ON T2.Museum_ID  =  T3.Museum_ID WHERE T3.Open_Year  >  4 ORDER BY T1.Level_of_membership DESC
2026-07-31 15:05:52,060 [INFO   ] [inference] generate_sql  latency_sec=0.9166  input_tokens=122  output_tokens=19
2026-07-31 15:05:52,061 [INFO   ]   >> INPUT  : Translate the natural language question into a valid SQL query using the provided schema.

Schema:
museum(Museum_ID, Name, Num_of_Staff, Open_Year) | visitor(ID, Name, Level_of_membership, Age) | visit(Museum_ID->museum.Museum_ID, visitor_ID->visitor.ID, Num_of_Ticket, Total_spent)

Question:
What is the average age of the visitors whose membership level is not higher than 4?

SQL:

2026-07-31 15:05:52,061 [INFO   ]   >> OUTPUT : SELECT avg(age) FROM visitor WHERE level_of_membership  >  4
2026-07-31 15:05:54,830 [INFO   ] [inference] generate_sql  latency_sec=2.7525  input_tokens=132  output_tokens=60
2026-07-31 15:05:54,830 [INFO   ]   >> INPUT  : Translate the natural language question into a valid SQL query using the provided schema.

Schema:
museum(Museum_ID, Name, Num_of_Staff, Open_Year) | visitor(ID, Name, Level_of_membership, Age) | visit(Museum_ID->museum.Museum_ID, visitor_ID->visitor.ID, Num_of_Ticket, Total_spent)

Question:
Find the name and membership level of the visitors whose membership level is higher than 4, and sort by their age from old to young.

SQL:

2026-07-31 15:05:54,830 [INFO   ]   >> OUTPUT : SELECT T1.Name ,  T1.Level_of_membership FROM visitor AS T1 JOIN museum AS T2 ON T1.ID  =  T2.Museum_ID WHERE T2.Open_Year  >  4 ORDER BY T1.Age
2026-07-31 15:05:57,806 [INFO   ] [inference] generate_sql  latency_sec=2.9625  input_tokens=120  output_tokens=63
2026-07-31 15:05:57,807 [INFO   ]   >> INPUT  : Translate the natural language question into a valid SQL query using the provided schema.

Schema:
museum(Museum_ID, Name, Num_of_Staff, Open_Year) | visitor(ID, Name, Level_of_membership, Age) | visit(Museum_ID->museum.Museum_ID, visitor_ID->visitor.ID, Num_of_Ticket, Total_spent)

Question:
Find the id and name of the museum that has the most staff members?

SQL:

2026-07-31 15:05:57,807 [INFO   ]   >> OUTPUT : SELECT T1.Museum_ID ,  T1.Name FROM museum AS T1 JOIN visitor AS T2 ON T1.Museum_ID  =  T2.Museum_ID GROUP BY T1.Museum_ID ORDER BY count(*) DESC LIMIT 1
2026-07-31 15:05:58,770 [INFO   ] [inference] generate_sql  latency_sec=0.948  input_tokens=121  output_tokens=20
2026-07-31 15:05:58,771 [INFO   ]   >> INPUT  : Translate the natural language question into a valid SQL query using the provided schema.

Schema:
museum(Museum_ID, Name, Num_of_Staff, Open_Year) | visitor(ID, Name, Level_of_membership, Age) | visit(Museum_ID->museum.Museum_ID, visitor_ID->visitor.ID, Num_of_Ticket, Total_spent)

Question:
Find the average number of staff working for the museums that were open before 2009.

SQL:

2026-07-31 15:05:58,771 [INFO   ]   >> OUTPUT : SELECT avg(num_of_staff) FROM museum WHERE open_year  <  2009
2026-07-31 15:05:59,917 [INFO   ] [inference] generate_sql  latency_sec=1.1319  input_tokens=120  output_tokens=24
2026-07-31 15:05:59,918 [INFO   ]   >> INPUT  : Translate the natural language question into a valid SQL query using the provided schema.

Schema:
museum(Museum_ID, Name, Num_of_Staff, Open_Year) | visitor(ID, Name, Level_of_membership, Age) | visit(Museum_ID->museum.Museum_ID, visitor_ID->visitor.ID, Num_of_Ticket, Total_spent)

Question:
What are the opening year and staff number of the museum named Plaza Museum?

SQL:

2026-07-31 15:05:59,918 [INFO   ]   >> OUTPUT : SELECT Open_Year ,  Num_of_Staff FROM museum WHERE Name  =  "Plaza Museum"
2026-07-31 15:06:05,125 [INFO   ] [inference] generate_sql  latency_sec=5.1921  input_tokens=126  output_tokens=90
2026-07-31 15:06:05,125 [INFO   ]   >> INPUT  : Translate the natural language question into a valid SQL query using the provided schema.

Schema:
museum(Museum_ID, Name, Num_of_Staff, Open_Year) | visitor(ID, Name, Level_of_membership, Age) | visit(Museum_ID->museum.Museum_ID, visitor_ID->visitor.ID, Num_of_Ticket, Total_spent)

Question:
find the names of museums which have more staff than the minimum staff number of all museums opened after 2010.

SQL:

2026-07-31 15:06:05,125 [INFO   ]   >> OUTPUT : SELECT T2.name FROM museum AS T1 JOIN visit AS T2 ON T1.Museum_ID  =  T2.Museum_ID JOIN visit AS T3 ON T3.Museum_ID  =  T2.Museum_ID WHERE T3.Open_Year  >  2010 GROUP BY T2.Museum_ID HAVING count(*)  >=  2
2026-07-31 15:06:08,164 [INFO   ] [inference] generate_sql  latency_sec=3.025  input_tokens=122  output_tokens=65
2026-07-31 15:06:08,164 [INFO   ]   >> INPUT  : Translate the natural language question into a valid SQL query using the provided schema.

Schema:
museum(Museum_ID, Name, Num_of_Staff, Open_Year) | visitor(ID, Name, Level_of_membership, Age) | visit(Museum_ID->museum.Museum_ID, visitor_ID->visitor.ID, Num_of_Ticket, Total_spent)

Question:
find the id, name and age for visitors who visited some museums more than once.

SQL:

2026-07-31 15:06:08,164 [INFO   ]   >> OUTPUT : SELECT T1.ID ,  T1.Name ,  T1.Age FROM VISITOR AS T1 JOIN museum AS T2 ON T1.Museum_ID  =  T2.Museum_ID GROUP BY T1.ID HAVING count(*)  >  1
2026-07-31 15:06:11,851 [INFO   ] [inference] generate_sql  latency_sec=3.6728  input_tokens=131  output_tokens=78
2026-07-31 15:06:11,851 [INFO   ]   >> INPUT  : Translate the natural language question into a valid SQL query using the provided schema.

Schema:
museum(Museum_ID, Name, Num_of_Staff, Open_Year) | visitor(ID, Name, Level_of_membership, Age) | visit(Museum_ID->museum.Museum_ID, visitor_ID->visitor.ID, Num_of_Ticket, Total_spent)

Question:
What are the id, name and membership level of visitors who have spent the largest amount of money in total in all museum tickets?

SQL:

2026-07-31 15:06:11,851 [INFO   ]   >> OUTPUT : SELECT T1.ID ,  T1.Name ,  T1.Level_of_membership FROM visit AS T1 JOIN museum AS T2 ON T1.Museum_ID  =  T2.Museum_ID GROUP BY T1.Museum_ID ORDER BY sum(T1.Total_spent) DESC LIMIT 1
2026-07-31 15:06:15,029 [INFO   ] [inference] generate_sql  latency_sec=3.1642  input_tokens=118  output_tokens=63
2026-07-31 15:06:15,029 [INFO   ]   >> INPUT  : Translate the natural language question into a valid SQL query using the provided schema.

Schema:
museum(Museum_ID, Name, Num_of_Staff, Open_Year) | visitor(ID, Name, Level_of_membership, Age) | visit(Museum_ID->museum.Museum_ID, visitor_ID->visitor.ID, Num_of_Ticket, Total_spent)

Question:
What are the id and name of the museum visited most times?

SQL:

2026-07-31 15:06:15,029 [INFO   ]   >> OUTPUT : SELECT T1.Museum_ID ,  T1.Name FROM museum AS T1 JOIN visit AS T2 ON T1.Museum_ID  =  T2.Museum_ID GROUP BY T1.Museum_ID ORDER BY count(*) DESC LIMIT 1
2026-07-31 15:06:16,331 [INFO   ] [inference] generate_sql  latency_sec=1.2822  input_tokens=118  output_tokens=21
2026-07-31 15:06:16,332 [INFO   ]   >> INPUT  : Translate the natural language question into a valid SQL query using the provided schema.

Schema:
museum(Museum_ID, Name, Num_of_Staff, Open_Year) | visitor(ID, Name, Level_of_membership, Age) | visit(Museum_ID->museum.Museum_ID, visitor_ID->visitor.ID, Num_of_Ticket, Total_spent)

Question:
What is the name of the museum that had no visitor yet?

SQL:

2026-07-31 15:06:16,332 [INFO   ]   >> OUTPUT : SELECT Name FROM museum WHERE Museum_ID NOT IN (SELECT Museum_ID FROM VISITOR)
2026-07-31 15:06:19,492 [INFO   ] [inference] generate_sql  latency_sec=3.1398  input_tokens=121  output_tokens=60
2026-07-31 15:06:19,492 [INFO   ]   >> INPUT  : Translate the natural language question into a valid SQL query using the provided schema.

Schema:
museum(Museum_ID, Name, Num_of_Staff, Open_Year) | visitor(ID, Name, Level_of_membership, Age) | visit(Museum_ID->museum.Museum_ID, visitor_ID->visitor.ID, Num_of_Ticket, Total_spent)

Question:
Find the name and age of the visitor who bought the most tickets at once.

SQL:

2026-07-31 15:06:19,492 [INFO   ]   >> OUTPUT : SELECT T2.name ,  T1.age FROM visit AS T1 JOIN museum AS T2 ON T1.museum_id  =  T2.museum_id GROUP BY T1.museum_id ORDER BY count(*) DESC LIMIT 1
2026-07-31 15:06:20,804 [INFO   ] [inference] generate_sql  latency_sec=1.2974  input_tokens=119  output_tokens=24
2026-07-31 15:06:20,804 [INFO   ]   >> INPUT  : Translate the natural language question into a valid SQL query using the provided schema.

Schema:
museum(Museum_ID, Name, Num_of_Staff, Open_Year) | visitor(ID, Name, Level_of_membership, Age) | visit(Museum_ID->museum.Museum_ID, visitor_ID->visitor.ID, Num_of_Ticket, Total_spent)

Question:
What are the average and maximum number of tickets bought in all visits?

SQL:

2026-07-31 15:06:20,804 [INFO   ]   >> OUTPUT : SELECT avg(Num_of_Ticket) ,  max(Num_of_Ticket) FROM visit
2026-07-31 15:06:21,998 [INFO   ] [inference] generate_sql  latency_sec=1.1781  input_tokens=120  output_tokens=24
2026-07-31 15:06:21,999 [INFO   ]   >> INPUT  : Translate the natural language question into a valid SQL query using the provided schema.

Schema:
museum(Museum_ID, Name, Num_of_Staff, Open_Year) | visitor(ID, Name, Level_of_membership, Age) | visit(Museum_ID->museum.Museum_ID, visitor_ID->visitor.ID, Num_of_Ticket, Total_spent)

Question:
What is the total ticket expense of the visitors whose membership level is 1?

SQL:

2026-07-31 15:06:21,999 [INFO   ]   >> OUTPUT : SELECT sum(total_spent) FROM VISITOR WHERE level_of_membership  =  1
2026-07-31 15:06:26,496 [INFO   ] [inference] generate_sql  latency_sec=4.482  input_tokens=127  output_tokens=98
2026-07-31 15:06:26,496 [INFO   ]   >> INPUT  : Translate the natural language question into a valid SQL query using the provided schema.

Schema:
museum(Museum_ID, Name, Num_of_Staff, Open_Year) | visitor(ID, Name, Level_of_membership, Age) | visit(Museum_ID->museum.Museum_ID, visitor_ID->visitor.ID, Num_of_Ticket, Total_spent)

Question:
What is the name of the visitor who visited both a museum opened before 2009 and a museum opened after 2011?

SQL:

2026-07-31 15:06:26,496 [INFO   ]   >> OUTPUT : SELECT T2.name FROM museum AS T1 JOIN VISITOR AS T2 ON T1.Museum_ID  =  T2.Museum_ID WHERE T1.Open_Year  <  2009 INTERSECT SELECT T2.name FROM museum AS T1 JOIN VISITOR AS T2 ON T1.Museum_ID  =  T2.Museum_ID WHERE T1.Open_Year  >  2011
2026-07-31 15:06:29,888 [INFO   ] [inference] generate_sql  latency_sec=3.378  input_tokens=120  output_tokens=60
2026-07-31 15:06:29,888 [INFO   ]   >> INPUT  : Translate the natural language question into a valid SQL query using the provided schema.

Schema:
museum(Museum_ID, Name, Num_of_Staff, Open_Year) | visitor(ID, Name, Level_of_membership, Age) | visit(Museum_ID->museum.Museum_ID, visitor_ID->visitor.ID, Num_of_Ticket, Total_spent)

Question:
Find the number of visitors who did not visit any museum opened after 2010.

SQL:

2026-07-31 15:06:29,888 [INFO   ]   >> OUTPUT : SELECT count(*) FROM visitor WHERE visitor_id NOT IN (SELECT T1.id FROM museum AS T1 JOIN visit AS T2 ON T1.Museum_ID  =  T2.Museum_ID WHERE T2.Open_Year  >  2010)
2026-07-31 15:06:31,583 [INFO   ] [inference] generate_sql  latency_sec=1.6753  input_tokens=116  output_tokens=23
2026-07-31 15:06:31,583 [INFO   ]   >> INPUT  : Translate the natural language question into a valid SQL query using the provided schema.

Schema:
museum(Museum_ID, Name, Num_of_Staff, Open_Year) | visitor(ID, Name, Level_of_membership, Age) | visit(Museum_ID->museum.Museum_ID, visitor_ID->visitor.ID, Num_of_Ticket, Total_spent)

Question:
How many museums were opened after 2013 or before 2008?

SQL:

2026-07-31 15:06:31,584 [INFO   ]   >> OUTPUT : SELECT count(*) FROM museum WHERE open_year  >  2013 OR open_year  <  2008
2026-07-31 15:06:32,066 [INFO   ] [inference] generate_sql  latency_sec=0.4681  input_tokens=231  output_tokens=7
2026-07-31 15:06:32,066 [INFO   ]   >> INPUT  : Translate the natural language question into a valid SQL query using the provided schema.

Schema:
players(player_id, first_name, last_name, hand, birth_date, country_code) | matches(best_of, draw_size, loser_age, loser_entry, loser_hand, loser_ht, loser_id->players.player_id, loser_ioc, loser_name, loser_rank, loser_rank_points, loser_seed, match_num, minutes, round, score, surface, tourney_date, tourney_id, tourney_level, tourney_name, winner_age, winner_entry, winner_hand, winner_ht, winner_id->players.player_id, winner_ioc, winner_name, winner_rank, winner_rank_points, winner_seed, year) | rankings(ranking_date, ranking, player_id->players.player_id, ranking_points, tours)

Question:
Find the total number of players.

SQL:

2026-07-31 15:06:32,066 [INFO   ]   >> OUTPUT : SELECT count(*) FROM players
2026-07-31 15:06:32,543 [INFO   ] [inference] generate_sql  latency_sec=0.4623  input_tokens=230  output_tokens=7
2026-07-31 15:06:32,543 [INFO   ]   >> INPUT  : Translate the natural language question into a valid SQL query using the provided schema.

Schema:
players(player_id, first_name, last_name, hand, birth_date, country_code) | matches(best_of, draw_size, loser_age, loser_entry, loser_hand, loser_ht, loser_id->players.player_id, loser_ioc, loser_name, loser_rank, loser_rank_points, loser_seed, match_num, minutes, round, score, surface, tourney_date, tourney_id, tourney_level, tourney_name, winner_age, winner_entry, winner_hand, winner_ht, winner_id->players.player_id, winner_ioc, winner_name, winner_rank, winner_rank_points, winner_seed, year) | rankings(ranking_date, ranking, player_id->players.player_id, ranking_points, tours)

Question:
How many players are there?

SQL:

2026-07-31 15:06:32,543 [INFO   ]   >> OUTPUT : SELECT count(*) FROM players
2026-07-31 15:06:33,017 [INFO   ] [inference] generate_sql  latency_sec=0.4601  input_tokens=231  output_tokens=7
2026-07-31 15:06:33,018 [INFO   ]   >> INPUT  : Translate the natural language question into a valid SQL query using the provided schema.

Schema:
players(player_id, first_name, last_name, hand, birth_date, country_code) | matches(best_of, draw_size, loser_age, loser_entry, loser_hand, loser_ht, loser_id->players.player_id, loser_ioc, loser_name, loser_rank, loser_rank_points, loser_seed, match_num, minutes, round, score, surface, tourney_date, tourney_id, tourney_level, tourney_name, winner_age, winner_entry, winner_hand, winner_ht, winner_id->players.player_id, winner_ioc, winner_name, winner_rank, winner_rank_points, winner_seed, year) | rankings(ranking_date, ranking, player_id->players.player_id, ranking_points, tours)

Question:
Find the total number of matches.

SQL:

2026-07-31 15:06:33,018 [INFO   ]   >> OUTPUT : SELECT count(*) FROM matches
2026-07-31 15:06:33,488 [INFO   ] [inference] generate_sql  latency_sec=0.4565  input_tokens=230  output_tokens=7
2026-07-31 15:06:33,488 [INFO   ]   >> INPUT  : Translate the natural language question into a valid SQL query using the provided schema.

Schema:
players(player_id, first_name, last_name, hand, birth_date, country_code) | matches(best_of, draw_size, loser_age, loser_entry, loser_hand, loser_ht, loser_id->players.player_id, loser_ioc, loser_name, loser_rank, loser_rank_points, loser_seed, match_num, minutes, round, score, surface, tourney_date, tourney_id, tourney_level, tourney_name, winner_age, winner_entry, winner_hand, winner_ht, winner_id->players.player_id, winner_ioc, winner_name, winner_rank, winner_rank_points, winner_seed, year) | rankings(ranking_date, ranking, player_id->players.player_id, ranking_points, tours)

Question:
Count the number of matches.

SQL:

2026-07-31 15:06:33,488 [INFO   ]   >> OUTPUT : SELECT count(*) FROM matches
2026-07-31 15:06:36,150 [INFO   ] [inference] generate_sql  latency_sec=2.6428  input_tokens=241  output_tokens=56
2026-07-31 15:06:36,150 [INFO   ]   >> INPUT  : Translate the natural language question into a valid SQL query using the provided schema.

Schema:
players(player_id, first_name, last_name, hand, birth_date, country_code) | matches(best_of, draw_size, loser_age, loser_entry, loser_hand, loser_ht, loser_id->players.player_id, loser_ioc, loser_name, loser_rank, loser_rank_points, loser_seed, match_num, minutes, round, score, surface, tourney_date, tourney_id, tourney_level, tourney_name, winner_age, winner_entry, winner_hand, winner_ht, winner_id->players.player_id, winner_ioc, winner_name, winner_rank, winner_rank_points, winner_seed, year) | rankings(ranking_date, ranking, player_id->players.player_id, ranking_points, tours)

Question:
List the first name and birth date of all players from the country with code USA.

SQL:

2026-07-31 15:06:36,150 [INFO   ]   >> OUTPUT : SELECT T1.first_name ,  T1.birth_date FROM players AS T1 JOIN countries AS T2 ON T1.country_code  =  T2.country_code WHERE T2.country_name  =  'USA'
2026-07-31 15:06:37,194 [INFO   ] [inference] generate_sql  latency_sec=1.0302  input_tokens=238  output_tokens=22
2026-07-31 15:06:37,195 [INFO   ]   >> INPUT  : Translate the natural language question into a valid SQL query using the provided schema.

Schema:
players(player_id, first_name, last_name, hand, birth_date, country_code) | matches(best_of, draw_size, loser_age, loser_entry, loser_hand, loser_ht, loser_id->players.player_id, loser_ioc, loser_name, loser_rank, loser_rank_points, loser_seed, match_num, minutes, round, score, surface, tourney_date, tourney_id, tourney_level, tourney_name, winner_age, winner_entry, winner_hand, winner_ht, winner_id->players.player_id, winner_ioc, winner_name, winner_rank, winner_rank_points, winner_seed, year) | rankings(ranking_date, ranking, player_id->players.player_id, ranking_points, tours)

Question:
What are the first names and birth dates of players from the USA?

SQL:

2026-07-31 15:06:37,195 [INFO   ]   >> OUTPUT : SELECT first_name ,  birth_date FROM players WHERE country_code  =  "USA"
2026-07-31 15:06:39,553 [INFO   ] [inference] generate_sql  latency_sec=2.3431  input_tokens=236  output_tokens=20
2026-07-31 15:06:39,553 [INFO   ]   >> INPUT  : Translate the natural language question into a valid SQL query using the provided schema.

Schema:
players(player_id, first_name, last_name, hand, birth_date, country_code) | matches(best_of, draw_size, loser_age, loser_entry, loser_hand, loser_ht, loser_id->players.player_id, loser_ioc, loser_name, loser_rank, loser_rank_points, loser_seed, match_num, minutes, round, score, surface, tourney_date, tourney_id, tourney_level, tourney_name, winner_age, winner_entry, winner_hand, winner_ht, winner_id->players.player_id, winner_ioc, winner_name, winner_rank, winner_rank_points, winner_seed, year) | rankings(ranking_date, ranking, player_id->players.player_id, ranking_points, tours)

Question:
Find the average age of losers and winners of all matches.

SQL:

2026-07-31 15:06:39,553 [INFO   ]   >> OUTPUT : SELECT avg(loser_age) ,  avg(winner_age) FROM matches
2026-07-31 15:06:42,218 [INFO   ] [inference] generate_sql  latency_sec=2.6517  input_tokens=236  output_tokens=45
2026-07-31 15:06:42,219 [INFO   ]   >> INPUT  : Translate the natural language question into a valid SQL query using the provided schema.

Schema:
players(player_id, first_name, last_name, hand, birth_date, country_code) | matches(best_of, draw_size, loser_age, loser_entry, loser_hand, loser_ht, loser_id->players.player_id, loser_ioc, loser_name, loser_rank, loser_rank_points, loser_seed, match_num, minutes, round, score, surface, tourney_date, tourney_id, tourney_level, tourney_name, winner_age, winner_entry, winner_hand, winner_ht, winner_id->players.player_id, winner_ioc, winner_name, winner_rank, winner_rank_points, winner_seed, year) | rankings(ranking_date, ranking, player_id->players.player_id, ranking_points, tours)

Question:
What are the average ages of losers and winners across matches?

SQL:

2026-07-31 15:06:42,219 [INFO   ]   >> OUTPUT : SELECT avg(loser_age) ,  avg(winner_age) FROM players AS T1 JOIN matches AS T2 ON T1.player_id  =  T2.winner_id
2026-07-31 15:06:43,069 [INFO   ] [inference] generate_sql  latency_sec=0.8292  input_tokens=234  output_tokens=10
2026-07-31 15:06:43,069 [INFO   ]   >> INPUT  : Translate the natural language question into a valid SQL query using the provided schema.

Schema:
players(player_id, first_name, last_name, hand, birth_date, country_code) | matches(best_of, draw_size, loser_age, loser_entry, loser_hand, loser_ht, loser_id->players.player_id, loser_ioc, loser_name, loser_rank, loser_rank_points, loser_seed, match_num, minutes, round, score, surface, tourney_date, tourney_id, tourney_level, tourney_name, winner_age, winner_entry, winner_hand, winner_ht, winner_id->players.player_id, winner_ioc, winner_name, winner_rank, winner_rank_points, winner_seed, year) | rankings(ranking_date, ranking, player_id->players.player_id, ranking_points, tours)

Question:
Find the average rank of winners in all matches.

SQL:

2026-07-31 15:06:43,069 [INFO   ]   >> OUTPUT : SELECT avg(winner_rank) FROM matches
2026-07-31 15:06:43,901 [INFO   ] [inference] generate_sql  latency_sec=0.8091  input_tokens=235  output_tokens=10
2026-07-31 15:06:43,901 [INFO   ]   >> INPUT  : Translate the natural language question into a valid SQL query using the provided schema.

Schema:
players(player_id, first_name, last_name, hand, birth_date, country_code) | matches(best_of, draw_size, loser_age, loser_entry, loser_hand, loser_ht, loser_id->players.player_id, loser_ioc, loser_name, loser_rank, loser_rank_points, loser_seed, match_num, minutes, round, score, surface, tourney_date, tourney_id, tourney_level, tourney_name, winner_age, winner_entry, winner_hand, winner_ht, winner_id->players.player_id, winner_ioc, winner_name, winner_rank, winner_rank_points, winner_seed, year) | rankings(ranking_date, ranking, player_id->players.player_id, ranking_points, tours)

Question:
What is the average rank for winners in all matches?

SQL:

2026-07-31 15:06:43,901 [INFO   ]   >> OUTPUT : SELECT avg(winner_rank) FROM matches
2026-07-31 15:06:44,797 [INFO   ] [inference] generate_sql  latency_sec=0.8743  input_tokens=234  output_tokens=11
2026-07-31 15:06:44,797 [INFO   ]   >> INPUT  : Translate the natural language question into a valid SQL query using the provided schema.

Schema:
players(player_id, first_name, last_name, hand, birth_date, country_code) | matches(best_of, draw_size, loser_age, loser_entry, loser_hand, loser_ht, loser_id->players.player_id, loser_ioc, loser_name, loser_rank, loser_rank_points, loser_seed, match_num, minutes, round, score, surface, tourney_date, tourney_id, tourney_level, tourney_name, winner_age, winner_entry, winner_hand, winner_ht, winner_id->players.player_id, winner_ioc, winner_name, winner_rank, winner_rank_points, winner_seed, year) | rankings(ranking_date, ranking, player_id->players.player_id, ranking_points, tours)

Question:
Find the highest rank of losers in all matches.

SQL:

2026-07-31 15:06:44,797 [INFO   ]   >> OUTPUT : SELECT max(loser_rank) FROM matches
2026-07-31 15:06:47,450 [INFO   ] [inference] generate_sql  latency_sec=2.6325  input_tokens=235  output_tokens=50
2026-07-31 15:06:47,450 [INFO   ]   >> INPUT  : Translate the natural language question into a valid SQL query using the provided schema.

Schema:
players(player_id, first_name, last_name, hand, birth_date, country_code) | matches(best_of, draw_size, loser_age, loser_entry, loser_hand, loser_ht, loser_id->players.player_id, loser_ioc, loser_name, loser_rank, loser_rank_points, loser_seed, match_num, minutes, round, score, surface, tourney_date, tourney_id, tourney_level, tourney_name, winner_age, winner_entry, winner_hand, winner_ht, winner_id->players.player_id, winner_ioc, winner_name, winner_rank, winner_rank_points, winner_seed, year) | rankings(ranking_date, ranking, player_id->players.player_id, ranking_points, tours)

Question:
What is the best rank of losers across all matches?

SQL:

2026-07-31 15:06:47,450 [INFO   ]   >> OUTPUT : SELECT T1.loser_rank FROM matches AS T1 JOIN players AS T2 ON T1.loser_id  =  T2.player_id WHERE T2.country_code  =  "USA"
2026-07-31 15:06:48,156 [INFO   ] [inference] generate_sql  latency_sec=0.6912  input_tokens=235  output_tokens=14
2026-07-31 15:06:48,156 [INFO   ]   >> INPUT  : Translate the natural language question into a valid SQL query using the provided schema.

Schema:
players(player_id, first_name, last_name, hand, birth_date, country_code) | matches(best_of, draw_size, loser_age, loser_entry, loser_hand, loser_ht, loser_id->players.player_id, loser_ioc, loser_name, loser_rank, loser_rank_points, loser_seed, match_num, minutes, round, score, surface, tourney_date, tourney_id, tourney_level, tourney_name, winner_age, winner_entry, winner_hand, winner_ht, winner_id->players.player_id, winner_ioc, winner_name, winner_rank, winner_rank_points, winner_seed, year) | rankings(ranking_date, ranking, player_id->players.player_id, ranking_points, tours)

Question:
find the number of distinct country codes of all players.

SQL:

2026-07-31 15:06:48,156 [INFO   ]   >> OUTPUT : SELECT count(DISTINCT country_code) FROM players
2026-07-31 15:06:48,909 [INFO   ] [inference] generate_sql  latency_sec=0.7297  input_tokens=233  output_tokens=14
2026-07-31 15:06:48,909 [INFO   ]   >> INPUT  : Translate the natural language question into a valid SQL query using the provided schema.

Schema:
players(player_id, first_name, last_name, hand, birth_date, country_code) | matches(best_of, draw_size, loser_age, loser_entry, loser_hand, loser_ht, loser_id->players.player_id, loser_ioc, loser_name, loser_rank, loser_rank_points, loser_seed, match_num, minutes, round, score, surface, tourney_date, tourney_id, tourney_level, tourney_name, winner_age, winner_entry, winner_hand, winner_ht, winner_id->players.player_id, winner_ioc, winner_name, winner_rank, winner_rank_points, winner_seed, year) | rankings(ranking_date, ranking, player_id->players.player_id, ranking_points, tours)

Question:
How many distinct countries do players come from?

SQL:

2026-07-31 15:06:48,909 [INFO   ]   >> OUTPUT : SELECT count(DISTINCT country_code) FROM players
2026-07-31 15:06:51,776 [INFO   ] [inference] generate_sql  latency_sec=2.8521  input_tokens=233  output_tokens=40
2026-07-31 15:06:51,776 [INFO   ]   >> INPUT  : Translate the natural language question into a valid SQL query using the provided schema.

Schema:
players(player_id, first_name, last_name, hand, birth_date, country_code) | matches(best_of, draw_size, loser_age, loser_entry, loser_hand, loser_ht, loser_id->players.player_id, loser_ioc, loser_name, loser_rank, loser_rank_points, loser_seed, match_num, minutes, round, score, surface, tourney_date, tourney_id, tourney_level, tourney_name, winner_age, winner_entry, winner_hand, winner_ht, winner_id->players.player_id, winner_ioc, winner_name, winner_rank, winner_rank_points, winner_seed, year) | rankings(ranking_date, ranking, player_id->players.player_id, ranking_points, tours)

Question:
Find the number of distinct name of losers.

SQL:

2026-07-31 15:06:51,776 [INFO   ]   >> OUTPUT : SELECT count(DISTINCT loser_name) FROM players AS T1 JOIN matches AS T2 ON T1.player_id  =  T2.loser_id
2026-07-31 15:06:52,530 [INFO   ] [inference] generate_sql  latency_sec=0.7399  input_tokens=232  output_tokens=14
2026-07-31 15:06:52,530 [INFO   ]   >> INPUT  : Translate the natural language question into a valid SQL query using the provided schema.

Schema:
players(player_id, first_name, last_name, hand, birth_date, country_code) | matches(best_of, draw_size, loser_age, loser_entry, loser_hand, loser_ht, loser_id->players.player_id, loser_ioc, loser_name, loser_rank, loser_rank_points, loser_seed, match_num, minutes, round, score, surface, tourney_date, tourney_id, tourney_level, tourney_name, winner_age, winner_entry, winner_hand, winner_ht, winner_id->players.player_id, winner_ioc, winner_name, winner_rank, winner_rank_points, winner_seed, year) | rankings(ranking_date, ranking, player_id->players.player_id, ranking_points, tours)

Question:
How many different loser names are there?

SQL:

2026-07-31 15:06:52,531 [INFO   ]   >> OUTPUT : SELECT count(DISTINCT loser_name) FROM players
2026-07-31 15:06:55,183 [INFO   ] [inference] generate_sql  latency_sec=2.6375  input_tokens=237  output_tokens=57
2026-07-31 15:06:55,183 [INFO   ]   >> INPUT  : Translate the natural language question into a valid SQL query using the provided schema.

Schema:
players(player_id, first_name, last_name, hand, birth_date, country_code) | matches(best_of, draw_size, loser_age, loser_entry, loser_hand, loser_ht, loser_id->players.player_id, loser_ioc, loser_name, loser_rank, loser_rank_points, loser_seed, match_num, minutes, round, score, surface, tourney_date, tourney_id, tourney_level, tourney_name, winner_age, winner_entry, winner_hand, winner_ht, winner_id->players.player_id, winner_ioc, winner_name, winner_rank, winner_rank_points, winner_seed, year) | rankings(ranking_date, ranking, player_id->players.player_id, ranking_points, tours)

Question:
Find the name of tourney that has more than 10 matches.

SQL:

2026-07-31 15:06:55,183 [INFO   ]   >> OUTPUT : SELECT T1.tourney_name FROM tournaments AS T1 JOIN matches AS T2 ON T1.tourney_id  =  T2.tourney_id GROUP BY T1.tourney_id HAVING count(*)  >  10
2026-07-31 15:06:58,770 [INFO   ] [inference] generate_sql  latency_sec=3.5721  input_tokens=237  output_tokens=57
2026-07-31 15:06:58,770 [INFO   ]   >> INPUT  : Translate the natural language question into a valid SQL query using the provided schema.

Schema:
players(player_id, first_name, last_name, hand, birth_date, country_code) | matches(best_of, draw_size, loser_age, loser_entry, loser_hand, loser_ht, loser_id->players.player_id, loser_ioc, loser_name, loser_rank, loser_rank_points, loser_seed, match_num, minutes, round, score, surface, tourney_date, tourney_id, tourney_level, tourney_name, winner_age, winner_entry, winner_hand, winner_ht, winner_id->players.player_id, winner_ioc, winner_name, winner_rank, winner_rank_points, winner_seed, year) | rankings(ranking_date, ranking, player_id->players.player_id, ranking_points, tours)

Question:
What are the names of tournaments that have more than 10 matches?

SQL:

2026-07-31 15:06:58,770 [INFO   ]   >> OUTPUT : SELECT T1.tourney_name FROM tournaments AS T1 JOIN matches AS T2 ON T1.tourney_id  =  T2.tourney_id GROUP BY T1.tourney_id HAVING count(*)  >  10
2026-07-31 15:07:01,210 [INFO   ] [inference] generate_sql  latency_sec=2.417  input_tokens=238  output_tokens=46
2026-07-31 15:07:01,210 [INFO   ]   >> INPUT  : Translate the natural language question into a valid SQL query using the provided schema.

Schema:
players(player_id, first_name, last_name, hand, birth_date, country_code) | matches(best_of, draw_size, loser_age, loser_entry, loser_hand, loser_ht, loser_id->players.player_id, loser_ioc, loser_name, loser_rank, loser_rank_points, loser_seed, match_num, minutes, round, score, surface, tourney_date, tourney_id, tourney_level, tourney_name, winner_age, winner_entry, winner_hand, winner_ht, winner_id->players.player_id, winner_ioc, winner_name, winner_rank, winner_rank_points, winner_seed, year) | rankings(ranking_date, ranking, player_id->players.player_id, ranking_points, tours)

Question:
List the names of all winners who played in both 2013 and 2016.

SQL:

2026-07-31 15:07:01,210 [INFO   ]   >> OUTPUT : SELECT T1.winner_name FROM rankings AS T1 JOIN players AS T2 ON T1.winner_id  =  T2.player_id WHERE T2.year BETWEEN 2013 AND 2016
2026-07-31 15:07:05,441 [INFO   ] [inference] generate_sql  latency_sec=4.2161  input_tokens=238  output_tokens=90
2026-07-31 15:07:05,441 [INFO   ]   >> INPUT  : Translate the natural language question into a valid SQL query using the provided schema.

Schema:
players(player_id, first_name, last_name, hand, birth_date, country_code) | matches(best_of, draw_size, loser_age, loser_entry, loser_hand, loser_ht, loser_id->players.player_id, loser_ioc, loser_name, loser_rank, loser_rank_points, loser_seed, match_num, minutes, round, score, surface, tourney_date, tourney_id, tourney_level, tourney_name, winner_age, winner_entry, winner_hand, winner_ht, winner_id->players.player_id, winner_ioc, winner_name, winner_rank, winner_rank_points, winner_seed, year) | rankings(ranking_date, ranking, player_id->players.player_id, ranking_points, tours)

Question:
What are the names of players who won in both 2013 and 2016?

SQL:

2026-07-31 15:07:05,441 [INFO   ]   >> OUTPUT : SELECT T1.player_name FROM players AS T1 JOIN matches AS T2 ON T1.player_id  =  T2.winner_id WHERE T2.year  =  2013 INTERSECT SELECT T1.player_name FROM players AS T1 JOIN matches AS T2 ON T1.player_id  =  T2.winner_id WHERE T2.year  =  2016
2026-07-31 15:07:07,513 [INFO   ] [inference] generate_sql  latency_sec=2.0572  input_tokens=239  output_tokens=19
2026-07-31 15:07:07,514 [INFO   ]   >> INPUT  : Translate the natural language question into a valid SQL query using the provided schema.

Schema:
players(player_id, first_name, last_name, hand, birth_date, country_code) | matches(best_of, draw_size, loser_age, loser_entry, loser_hand, loser_ht, loser_id->players.player_id, loser_ioc, loser_name, loser_rank, loser_rank_points, loser_seed, match_num, minutes, round, score, surface, tourney_date, tourney_id, tourney_level, tourney_name, winner_age, winner_entry, winner_hand, winner_ht, winner_id->players.player_id, winner_ioc, winner_name, winner_rank, winner_rank_points, winner_seed, year) | rankings(ranking_date, ranking, player_id->players.player_id, ranking_points, tours)

Question:
List the number of all matches who played in years of 2013 or 2016.

SQL:

2026-07-31 15:07:07,514 [INFO   ]   >> OUTPUT : SELECT count(*) FROM matches WHERE YEAR  =  2013 OR YEAR  =  2016
2026-07-31 15:07:09,768 [INFO   ] [inference] generate_sql  latency_sec=2.2403  input_tokens=234  output_tokens=19
2026-07-31 15:07:09,769 [INFO   ]   >> INPUT  : Translate the natural language question into a valid SQL query using the provided schema.

Schema:
players(player_id, first_name, last_name, hand, birth_date, country_code) | matches(best_of, draw_size, loser_age, loser_entry, loser_hand, loser_ht, loser_id->players.player_id, loser_ioc, loser_name, loser_rank, loser_rank_points, loser_seed, match_num, minutes, round, score, surface, tourney_date, tourney_id, tourney_level, tourney_name, winner_age, winner_entry, winner_hand, winner_ht, winner_id->players.player_id, winner_ioc, winner_name, winner_rank, winner_rank_points, winner_seed, year) | rankings(ranking_date, ranking, player_id->players.player_id, ranking_points, tours)

Question:
How many matches were played in 2013 or 2016?

SQL:

2026-07-31 15:07:09,769 [INFO   ]   >> OUTPUT : SELECT count(*) FROM matches WHERE YEAR  =  2013 OR YEAR  =  2016
2026-07-31 15:07:16,328 [INFO   ] [inference] generate_sql  latency_sec=6.5374  input_tokens=248  output_tokens=119
2026-07-31 15:07:16,329 [INFO   ]   >> INPUT  : Translate the natural language question into a valid SQL query using the provided schema.

Schema:
players(player_id, first_name, last_name, hand, birth_date, country_code) | matches(best_of, draw_size, loser_age, loser_entry, loser_hand, loser_ht, loser_id->players.player_id, loser_ioc, loser_name, loser_rank, loser_rank_points, loser_seed, match_num, minutes, round, score, surface, tourney_date, tourney_id, tourney_level, tourney_name, winner_age, winner_entry, winner_hand, winner_ht, winner_id->players.player_id, winner_ioc, winner_name, winner_rank, winner_rank_points, winner_seed, year) | rankings(ranking_date, ranking, player_id->players.player_id, ranking_points, tours)

Question:
What are the country code and first name of the players who won in both tourney WTA Championships and Australian Open?

SQL:

2026-07-31 15:07:16,329 [INFO   ]   >> OUTPUT : SELECT T1.country_code ,  T1.first_name FROM players AS T1 JOIN matches AS T2 ON T1.player_id  =  T2.winner_id WHERE T2.tourney_name  =  'WTA Championships' INTERSECT SELECT T1.country_code ,  T1.first_name FROM players AS T1 JOIN matches AS T2 ON T1.player_id  =  T2.winner_id WHERE T2.tourney_name  =  'Australian Open'
2026-07-31 15:07:21,820 [INFO   ] [inference] generate_sql  latency_sec=5.4769  input_tokens=246  output_tokens=117
2026-07-31 15:07:21,820 [INFO   ]   >> INPUT  : Translate the natural language question into a valid SQL query using the provided schema.

Schema:
players(player_id, first_name, last_name, hand, birth_date, country_code) | matches(best_of, draw_size, loser_age, loser_entry, loser_hand, loser_ht, loser_id->players.player_id, loser_ioc, loser_name, loser_rank, loser_rank_points, loser_seed, match_num, minutes, round, score, surface, tourney_date, tourney_id, tourney_level, tourney_name, winner_age, winner_entry, winner_hand, winner_ht, winner_id->players.player_id, winner_ioc, winner_name, winner_rank, winner_rank_points, winner_seed, year) | rankings(ranking_date, ranking, player_id->players.player_id, ranking_points, tours)

Question:
What are the first names and country codes for players who won both the WTA Championships and the Australian Open?

SQL:

2026-07-31 15:07:21,820 [INFO   ]   >> OUTPUT : SELECT T1.first_name ,  T1.country_code FROM players AS T1 JOIN matches AS T2 ON T1.player_id  =  T2.winner_id WHERE T2.best_of  =  "WTA" INTERSECT SELECT T1.first_name ,  T1.country_code FROM players AS T1 JOIN matches AS T2 ON T1.player_id  =  T2.loser_id WHERE T2.best_of  =  "Australian Open"
2026-07-31 15:07:25,149 [INFO   ] [inference] generate_sql  latency_sec=3.3152  input_tokens=236  output_tokens=22
2026-07-31 15:07:25,149 [INFO   ]   >> INPUT  : Translate the natural language question into a valid SQL query using the provided schema.

Schema:
players(player_id, first_name, last_name, hand, birth_date, country_code) | matches(best_of, draw_size, loser_age, loser_entry, loser_hand, loser_ht, loser_id->players.player_id, loser_ioc, loser_name, loser_rank, loser_rank_points, loser_seed, match_num, minutes, round, score, surface, tourney_date, tourney_id, tourney_level, tourney_name, winner_age, winner_entry, winner_hand, winner_ht, winner_id->players.player_id, winner_ioc, winner_name, winner_rank, winner_rank_points, winner_seed, year) | rankings(ranking_date, ranking, player_id->players.player_id, ranking_points, tours)

Question:
Find the first name and country code of the oldest player.

SQL:

2026-07-31 15:07:25,149 [INFO   ]   >> OUTPUT : SELECT first_name ,  country_code FROM players ORDER BY birth_date DESC LIMIT 1
2026-07-31 15:07:28,606 [INFO   ] [inference] generate_sql  latency_sec=3.4339  input_tokens=237  output_tokens=22
2026-07-31 15:07:28,607 [INFO   ]   >> INPUT  : Translate the natural language question into a valid SQL query using the provided schema.

Schema:
players(player_id, first_name, last_name, hand, birth_date, country_code) | matches(best_of, draw_size, loser_age, loser_entry, loser_hand, loser_ht, loser_id->players.player_id, loser_ioc, loser_name, loser_rank, loser_rank_points, loser_seed, match_num, minutes, round, score, surface, tourney_date, tourney_id, tourney_level, tourney_name, winner_age, winner_entry, winner_hand, winner_ht, winner_id->players.player_id, winner_ioc, winner_name, winner_rank, winner_rank_points, winner_seed, year) | rankings(ranking_date, ranking, player_id->players.player_id, ranking_points, tours)

Question:
What is the first name and country code of the oldest player?

SQL:

2026-07-31 15:07:28,607 [INFO   ]   >> OUTPUT : SELECT first_name ,  country_code FROM players ORDER BY birth_date DESC LIMIT 1
2026-07-31 15:07:31,132 [INFO   ] [inference] generate_sql  latency_sec=2.5052  input_tokens=240  output_tokens=18
2026-07-31 15:07:31,133 [INFO   ]   >> INPUT  : Translate the natural language question into a valid SQL query using the provided schema.

Schema:
players(player_id, first_name, last_name, hand, birth_date, country_code) | matches(best_of, draw_size, loser_age, loser_entry, loser_hand, loser_ht, loser_id->players.player_id, loser_ioc, loser_name, loser_rank, loser_rank_points, loser_seed, match_num, minutes, round, score, surface, tourney_date, tourney_id, tourney_level, tourney_name, winner_age, winner_entry, winner_hand, winner_ht, winner_id->players.player_id, winner_ioc, winner_name, winner_rank, winner_rank_points, winner_seed, year) | rankings(ranking_date, ranking, player_id->players.player_id, ranking_points, tours)

Question:
List the first and last name of all players in the order of birth date.

SQL:

2026-07-31 15:07:31,133 [INFO   ]   >> OUTPUT : SELECT first_name ,  last_name FROM players ORDER BY birth_date ASC
2026-07-31 15:07:34,313 [INFO   ] [inference] generate_sql  latency_sec=3.1597  input_tokens=238  output_tokens=63
2026-07-31 15:07:34,313 [INFO   ]   >> INPUT  : Translate the natural language question into a valid SQL query using the provided schema.

Schema:
players(player_id, first_name, last_name, hand, birth_date, country_code) | matches(best_of, draw_size, loser_age, loser_entry, loser_hand, loser_ht, loser_id->players.player_id, loser_ioc, loser_name, loser_rank, loser_rank_points, loser_seed, match_num, minutes, round, score, surface, tourney_date, tourney_id, tourney_level, tourney_name, winner_age, winner_entry, winner_hand, winner_ht, winner_id->players.player_id, winner_ioc, winner_name, winner_rank, winner_rank_points, winner_seed, year) | rankings(ranking_date, ranking, player_id->players.player_id, ranking_points, tours)

Question:
What are the full names of all players, sorted by birth date?

SQL:

2026-07-31 15:07:34,313 [INFO   ]   >> OUTPUT : SELECT DISTINCT T1.first_name ,  T1.last_name FROM players AS T1 JOIN matches AS T2 ON T1.player_id  =  T2.player_id GROUP BY T1.player_id ORDER BY T2.birth_date
2026-07-31 15:07:35,569 [INFO   ] [inference] generate_sql  latency_sec=1.2395  input_tokens=246  output_tokens=25
2026-07-31 15:07:35,570 [INFO   ]   >> INPUT  : Translate the natural language question into a valid SQL query using the provided schema.

Schema:
players(player_id, first_name, last_name, hand, birth_date, country_code) | matches(best_of, draw_size, loser_age, loser_entry, loser_hand, loser_ht, loser_id->players.player_id, loser_ioc, loser_name, loser_rank, loser_rank_points, loser_seed, match_num, minutes, round, score, surface, tourney_date, tourney_id, tourney_level, tourney_name, winner_age, winner_entry, winner_hand, winner_ht, winner_id->players.player_id, winner_ioc, winner_name, winner_rank, winner_rank_points, winner_seed, year) | rankings(ranking_date, ranking, player_id->players.player_id, ranking_points, tours)

Question:
List the first and last name of all players who are left / L hand in the order of birth date.

SQL:

2026-07-31 15:07:35,570 [INFO   ]   >> OUTPUT : SELECT first_name ,  last_name FROM players WHERE hand  =  "L" ORDER BY birth_date
2026-07-31 15:07:38,363 [INFO   ] [inference] generate_sql  latency_sec=2.7794  input_tokens=241  output_tokens=53
2026-07-31 15:07:38,363 [INFO   ]   >> INPUT  : Translate the natural language question into a valid SQL query using the provided schema.

Schema:
players(player_id, first_name, last_name, hand, birth_date, country_code) | matches(best_of, draw_size, loser_age, loser_entry, loser_hand, loser_ht, loser_id->players.player_id, loser_ioc, loser_name, loser_rank, loser_rank_points, loser_seed, match_num, minutes, round, score, surface, tourney_date, tourney_id, tourney_level, tourney_name, winner_age, winner_entry, winner_hand, winner_ht, winner_id->players.player_id, winner_ioc, winner_name, winner_rank, winner_rank_points, winner_seed, year) | rankings(ranking_date, ranking, player_id->players.player_id, ranking_points, tours)

Question:
What are the full names of all left handed players, in order of birth date?

SQL:

2026-07-31 15:07:38,364 [INFO   ]   >> OUTPUT : SELECT T2.first_name ,  T2.last_name FROM players AS T1 JOIN matches AS T2 ON T1.player_id  =  T2.loser_id ORDER BY T1.birth_date ASC
2026-07-31 15:07:42,037 [INFO   ] [inference] generate_sql  latency_sec=3.6492  input_tokens=242  output_tokens=61
2026-07-31 15:07:42,037 [INFO   ]   >> INPUT  : Translate the natural language question into a valid SQL query using the provided schema.

Schema:
players(player_id, first_name, last_name, hand, birth_date, country_code) | matches(best_of, draw_size, loser_age, loser_entry, loser_hand, loser_ht, loser_id->players.player_id, loser_ioc, loser_name, loser_rank, loser_rank_points, loser_seed, match_num, minutes, round, score, surface, tourney_date, tourney_id, tourney_level, tourney_name, winner_age, winner_entry, winner_hand, winner_ht, winner_id->players.player_id, winner_ioc, winner_name, winner_rank, winner_rank_points, winner_seed, year) | rankings(ranking_date, ranking, player_id->players.player_id, ranking_points, tours)

Question:
Find the first name and country code of the player who did the most number of tours.

SQL:

2026-07-31 15:07:42,037 [INFO   ]   >> OUTPUT : SELECT T1.first_name ,  T1.country_code FROM players AS T1 JOIN matches AS T2 ON T1.player_id  =  T2.player_id GROUP BY T1.player_id ORDER BY count(*) DESC LIMIT 1
2026-07-31 15:07:44,988 [INFO   ] [inference] generate_sql  latency_sec=2.9362  input_tokens=240  output_tokens=61
2026-07-31 15:07:44,988 [INFO   ]   >> INPUT  : Translate the natural language question into a valid SQL query using the provided schema.

Schema:
players(player_id, first_name, last_name, hand, birth_date, country_code) | matches(best_of, draw_size, loser_age, loser_entry, loser_hand, loser_ht, loser_id->players.player_id, loser_ioc, loser_name, loser_rank, loser_rank_points, loser_seed, match_num, minutes, round, score, surface, tourney_date, tourney_id, tourney_level, tourney_name, winner_age, winner_entry, winner_hand, winner_ht, winner_id->players.player_id, winner_ioc, winner_name, winner_rank, winner_rank_points, winner_seed, year) | rankings(ranking_date, ranking, player_id->players.player_id, ranking_points, tours)

Question:
What is the first name and country code of the player with the most tours?

SQL:

2026-07-31 15:07:44,988 [INFO   ]   >> OUTPUT : SELECT T1.first_name ,  T1.country_code FROM players AS T1 JOIN matches AS T2 ON T1.player_id  =  T2.player_id GROUP BY T1.player_id ORDER BY count(*) DESC LIMIT 1
2026-07-31 15:07:46,180 [INFO   ] [inference] generate_sql  latency_sec=1.1767  input_tokens=235  output_tokens=18
2026-07-31 15:07:46,180 [INFO   ]   >> INPUT  : Translate the natural language question into a valid SQL query using the provided schema.

Schema:
players(player_id, first_name, last_name, hand, birth_date, country_code) | matches(best_of, draw_size, loser_age, loser_entry, loser_hand, loser_ht, loser_id->players.player_id, loser_ioc, loser_name, loser_rank, loser_rank_points, loser_seed, match_num, minutes, round, score, surface, tourney_date, tourney_id, tourney_level, tourney_name, winner_age, winner_entry, winner_hand, winner_ht, winner_id->players.player_id, winner_ioc, winner_name, winner_rank, winner_rank_points, winner_seed, year) | rankings(ranking_date, ranking, player_id->players.player_id, ranking_points, tours)

Question:
Find the year that has the most number of matches.

SQL:

2026-07-31 15:07:46,180 [INFO   ]   >> OUTPUT : SELECT year FROM matches GROUP BY year ORDER BY count(*) DESC LIMIT 1
2026-07-31 15:07:47,113 [INFO   ] [inference] generate_sql  latency_sec=0.9177  input_tokens=231  output_tokens=18
2026-07-31 15:07:47,113 [INFO   ]   >> INPUT  : Translate the natural language question into a valid SQL query using the provided schema.

Schema:
players(player_id, first_name, last_name, hand, birth_date, country_code) | matches(best_of, draw_size, loser_age, loser_entry, loser_hand, loser_ht, loser_id->players.player_id, loser_ioc, loser_name, loser_rank, loser_rank_points, loser_seed, match_num, minutes, round, score, surface, tourney_date, tourney_id, tourney_level, tourney_name, winner_age, winner_entry, winner_hand, winner_ht, winner_id->players.player_id, winner_ioc, winner_name, winner_rank, winner_rank_points, winner_seed, year) | rankings(ranking_date, ranking, player_id->players.player_id, ranking_points, tours)

Question:
Which year had the most matches?

SQL:

2026-07-31 15:07:47,113 [INFO   ]   >> OUTPUT : SELECT year FROM matches GROUP BY year ORDER BY count(*) DESC LIMIT 1
2026-07-31 15:07:50,124 [INFO   ] [inference] generate_sql  latency_sec=2.996  input_tokens=239  output_tokens=63
2026-07-31 15:07:50,124 [INFO   ]   >> INPUT  : Translate the natural language question into a valid SQL query using the provided schema.

Schema:
players(player_id, first_name, last_name, hand, birth_date, country_code) | matches(best_of, draw_size, loser_age, loser_entry, loser_hand, loser_ht, loser_id->players.player_id, loser_ioc, loser_name, loser_rank, loser_rank_points, loser_seed, match_num, minutes, round, score, surface, tourney_date, tourney_id, tourney_level, tourney_name, winner_age, winner_entry, winner_hand, winner_ht, winner_id->players.player_id, winner_ioc, winner_name, winner_rank, winner_rank_points, winner_seed, year) | rankings(ranking_date, ranking, player_id->players.player_id, ranking_points, tours)

Question:
Find the name and rank points of the winner who won the most times.

SQL:

2026-07-31 15:07:50,125 [INFO   ]   >> OUTPUT : SELECT T1.winner_name ,  T1.winner_rank_points FROM rankings AS T1 JOIN players AS T2 ON T1.winner_id  =  T2.player_id GROUP BY T1.winner_id ORDER BY count(*) DESC LIMIT 1
2026-07-31 15:07:53,510 [INFO   ] [inference] generate_sql  latency_sec=3.3712  input_tokens=248  output_tokens=58
2026-07-31 15:07:53,511 [INFO   ]   >> INPUT  : Translate the natural language question into a valid SQL query using the provided schema.

Schema:
players(player_id, first_name, last_name, hand, birth_date, country_code) | matches(best_of, draw_size, loser_age, loser_entry, loser_hand, loser_ht, loser_id->players.player_id, loser_ioc, loser_name, loser_rank, loser_rank_points, loser_seed, match_num, minutes, round, score, surface, tourney_date, tourney_id, tourney_level, tourney_name, winner_age, winner_entry, winner_hand, winner_ht, winner_id->players.player_id, winner_ioc, winner_name, winner_rank, winner_rank_points, winner_seed, year) | rankings(ranking_date, ranking, player_id->players.player_id, ranking_points, tours)

Question:
What is the name of the winner who has won the most matches, and how many rank points does this player have?

SQL:

2026-07-31 15:07:53,511 [INFO   ]   >> OUTPUT : SELECT T1.winner_name ,  count(*) FROM players AS T1 JOIN matches AS T2 ON T1.winner_id  =  T2.winner_id GROUP BY T1.winner_id ORDER BY count(*) DESC LIMIT 1
2026-07-31 15:07:56,895 [INFO   ] [inference] generate_sql  latency_sec=3.3629  input_tokens=245  output_tokens=61
2026-07-31 15:07:56,895 [INFO   ]   >> INPUT  : Translate the natural language question into a valid SQL query using the provided schema.

Schema:
players(player_id, first_name, last_name, hand, birth_date, country_code) | matches(best_of, draw_size, loser_age, loser_entry, loser_hand, loser_ht, loser_id->players.player_id, loser_ioc, loser_name, loser_rank, loser_rank_points, loser_seed, match_num, minutes, round, score, surface, tourney_date, tourney_id, tourney_level, tourney_name, winner_age, winner_entry, winner_hand, winner_ht, winner_id->players.player_id, winner_ioc, winner_name, winner_rank, winner_rank_points, winner_seed, year) | rankings(ranking_date, ranking, player_id->players.player_id, ranking_points, tours)

Question:
Find the name of the winner who has the highest rank points and participated in the Australian Open tourney.

SQL:

2026-07-31 15:07:56,895 [INFO   ]   >> OUTPUT : SELECT T1.winner_name FROM rankings AS T1 JOIN players AS T2 ON T1.winner_id  =  T2.player_id WHERE T2.country_code  =  "Australia" ORDER BY T1.ranking_points DESC LIMIT 1
2026-07-31 15:08:00,033 [INFO   ] [inference] generate_sql  latency_sec=3.1236  input_tokens=244  output_tokens=65
2026-07-31 15:08:00,034 [INFO   ]   >> INPUT  : Translate the natural language question into a valid SQL query using the provided schema.

Schema:
players(player_id, first_name, last_name, hand, birth_date, country_code) | matches(best_of, draw_size, loser_age, loser_entry, loser_hand, loser_ht, loser_id->players.player_id, loser_ioc, loser_name, loser_rank, loser_rank_points, loser_seed, match_num, minutes, round, score, surface, tourney_date, tourney_id, tourney_level, tourney_name, winner_age, winner_entry, winner_hand, winner_ht, winner_id->players.player_id, winner_ioc, winner_name, winner_rank, winner_rank_points, winner_seed, year) | rankings(ranking_date, ranking, player_id->players.player_id, ranking_points, tours)

Question:
What is the name of the winner with the most rank points who participated in the Australian Open tournament?

SQL:

2026-07-31 15:08:00,034 [INFO   ]   >> OUTPUT : SELECT T1.winner_name FROM players AS T1 JOIN rankings AS T2 ON T1.winner_id  =  T2.winner_id WHERE T2.round  =  "Australian Open" GROUP BY T1.winner_name ORDER BY count(*) DESC LIMIT 1
2026-07-31 15:08:03,340 [INFO   ] [inference] generate_sql  latency_sec=3.2918  input_tokens=242  output_tokens=65
2026-07-31 15:08:03,341 [INFO   ]   >> INPUT  : Translate the natural language question into a valid SQL query using the provided schema.

Schema:
players(player_id, first_name, last_name, hand, birth_date, country_code) | matches(best_of, draw_size, loser_age, loser_entry, loser_hand, loser_ht, loser_id->players.player_id, loser_ioc, loser_name, loser_rank, loser_rank_points, loser_seed, match_num, minutes, round, score, surface, tourney_date, tourney_id, tourney_level, tourney_name, winner_age, winner_entry, winner_hand, winner_ht, winner_id->players.player_id, winner_ioc, winner_name, winner_rank, winner_rank_points, winner_seed, year) | rankings(ranking_date, ranking, player_id->players.player_id, ranking_points, tours)

Question:
find the names of loser and winner who played in the match with greatest number of minutes.

SQL:

2026-07-31 15:08:03,341 [INFO   ]   >> OUTPUT : SELECT T1.loser_name ,  T2.winner_name FROM players AS T1 JOIN matches AS T2 ON T1.loser_id  =  T2.loser_id GROUP BY T2.loser_id ORDER BY count(*) DESC LIMIT 1
2026-07-31 15:08:06,678 [INFO   ] [inference] generate_sql  latency_sec=3.3228  input_tokens=240  output_tokens=56
2026-07-31 15:08:06,678 [INFO   ]   >> INPUT  : Translate the natural language question into a valid SQL query using the provided schema.

Schema:
players(player_id, first_name, last_name, hand, birth_date, country_code) | matches(best_of, draw_size, loser_age, loser_entry, loser_hand, loser_ht, loser_id->players.player_id, loser_ioc, loser_name, loser_rank, loser_rank_points, loser_seed, match_num, minutes, round, score, surface, tourney_date, tourney_id, tourney_level, tourney_name, winner_age, winner_entry, winner_hand, winner_ht, winner_id->players.player_id, winner_ioc, winner_name, winner_rank, winner_rank_points, winner_seed, year) | rankings(ranking_date, ranking, player_id->players.player_id, ranking_points, tours)

Question:
What are the names of the winner and loser who played in the longest match?

SQL:

2026-07-31 15:08:06,678 [INFO   ]   >> OUTPUT : SELECT T1.winner_name ,  T1.loser_name FROM players AS T1 JOIN matches AS T2 ON T1.player_id  =  T2.winner_id ORDER BY T2.minutes DESC LIMIT 1
2026-07-31 15:08:09,889 [INFO   ] [inference] generate_sql  latency_sec=3.1825  input_tokens=236  output_tokens=52
2026-07-31 15:08:09,889 [INFO   ]   >> INPUT  : Translate the natural language question into a valid SQL query using the provided schema.

Schema:
players(player_id, first_name, last_name, hand, birth_date, country_code) | matches(best_of, draw_size, loser_age, loser_entry, loser_hand, loser_ht, loser_id->players.player_id, loser_ioc, loser_name, loser_rank, loser_rank_points, loser_seed, match_num, minutes, round, score, surface, tourney_date, tourney_id, tourney_level, tourney_name, winner_age, winner_entry, winner_hand, winner_ht, winner_id->players.player_id, winner_ioc, winner_name, winner_rank, winner_rank_points, winner_seed, year) | rankings(ranking_date, ranking, player_id->players.player_id, ranking_points, tours)

Question:
Find the average ranking for each player and their first name.

SQL:

2026-07-31 15:08:09,889 [INFO   ]   >> OUTPUT : SELECT avg(T1.ranking) ,  T2.first_name FROM players AS T1 JOIN rankings AS T2 ON T1.player_id  =  T2.player_id GROUP BY T2.player_id
2026-07-31 15:08:12,402 [INFO   ] [inference] generate_sql  latency_sec=2.4902  input_tokens=238  output_tokens=53
2026-07-31 15:08:12,402 [INFO   ]   >> INPUT  : Translate the natural language question into a valid SQL query using the provided schema.

Schema:
players(player_id, first_name, last_name, hand, birth_date, country_code) | matches(best_of, draw_size, loser_age, loser_entry, loser_hand, loser_ht, loser_id->players.player_id, loser_ioc, loser_name, loser_rank, loser_rank_points, loser_seed, match_num, minutes, round, score, surface, tourney_date, tourney_id, tourney_level, tourney_name, winner_age, winner_entry, winner_hand, winner_ht, winner_id->players.player_id, winner_ioc, winner_name, winner_rank, winner_rank_points, winner_seed, year) | rankings(ranking_date, ranking, player_id->players.player_id, ranking_points, tours)

Question:
What are the first names of all players, and their average rankings?

SQL:

2026-07-31 15:08:12,402 [INFO   ]   >> OUTPUT : SELECT T1.first_name ,  avg(T2.ranking) FROM players AS T1 JOIN rankings AS T2 ON T1.player_id  =  T2.player_id GROUP BY T1.player_id
2026-07-31 15:08:15,279 [INFO   ] [inference] generate_sql  latency_sec=2.8617  input_tokens=237  output_tokens=53
2026-07-31 15:08:15,280 [INFO   ]   >> INPUT  : Translate the natural language question into a valid SQL query using the provided schema.

Schema:
players(player_id, first_name, last_name, hand, birth_date, country_code) | matches(best_of, draw_size, loser_age, loser_entry, loser_hand, loser_ht, loser_id->players.player_id, loser_ioc, loser_name, loser_rank, loser_rank_points, loser_seed, match_num, minutes, round, score, surface, tourney_date, tourney_id, tourney_level, tourney_name, winner_age, winner_entry, winner_hand, winner_ht, winner_id->players.player_id, winner_ioc, winner_name, winner_rank, winner_rank_points, winner_seed, year) | rankings(ranking_date, ranking, player_id->players.player_id, ranking_points, tours)

Question:
Find the total ranking points for each player and their first name.

SQL:

2026-07-31 15:08:15,280 [INFO   ]   >> OUTPUT : SELECT T1.first_name ,  T2.first_name ,  T1.total_ranking_points FROM players AS T1 JOIN rankings AS T2 ON T1.player_id  =  T2.player_id
2026-07-31 15:08:17,839 [INFO   ] [inference] generate_sql  latency_sec=2.5443  input_tokens=239  output_tokens=54
2026-07-31 15:08:17,839 [INFO   ]   >> INPUT  : Translate the natural language question into a valid SQL query using the provided schema.

Schema:
players(player_id, first_name, last_name, hand, birth_date, country_code) | matches(best_of, draw_size, loser_age, loser_entry, loser_hand, loser_ht, loser_id->players.player_id, loser_ioc, loser_name, loser_rank, loser_rank_points, loser_seed, match_num, minutes, round, score, surface, tourney_date, tourney_id, tourney_level, tourney_name, winner_age, winner_entry, winner_hand, winner_ht, winner_id->players.player_id, winner_ioc, winner_name, winner_rank, winner_rank_points, winner_seed, year) | rankings(ranking_date, ranking, player_id->players.player_id, ranking_points, tours)

Question:
What are the first names of all players, and their total ranking points?

SQL:

2026-07-31 15:08:17,839 [INFO   ]   >> OUTPUT : SELECT T1.first_name ,  sum(T2.ranking_points) FROM players AS T1 JOIN rankings AS T2 ON T1.player_id  =  T2.player_id GROUP BY T1.player_id
2026-07-31 15:08:18,721 [INFO   ] [inference] generate_sql  latency_sec=0.868  input_tokens=233  output_tokens=17
2026-07-31 15:08:18,721 [INFO   ]   >> INPUT  : Translate the natural language question into a valid SQL query using the provided schema.

Schema:
players(player_id, first_name, last_name, hand, birth_date, country_code) | matches(best_of, draw_size, loser_age, loser_entry, loser_hand, loser_ht, loser_id->players.player_id, loser_ioc, loser_name, loser_rank, loser_rank_points, loser_seed, match_num, minutes, round, score, surface, tourney_date, tourney_id, tourney_level, tourney_name, winner_age, winner_entry, winner_hand, winner_ht, winner_id->players.player_id, winner_ioc, winner_name, winner_rank, winner_rank_points, winner_seed, year) | rankings(ranking_date, ranking, player_id->players.player_id, ranking_points, tours)

Question:
find the number of players for each country.

SQL:

2026-07-31 15:08:18,721 [INFO   ]   >> OUTPUT : SELECT count(*) ,  country_code FROM players GROUP BY country_code
2026-07-31 15:08:19,756 [INFO   ] [inference] generate_sql  latency_sec=1.0194  input_tokens=232  output_tokens=17
2026-07-31 15:08:19,756 [INFO   ]   >> INPUT  : Translate the natural language question into a valid SQL query using the provided schema.

Schema:
players(player_id, first_name, last_name, hand, birth_date, country_code) | matches(best_of, draw_size, loser_age, loser_entry, loser_hand, loser_ht, loser_id->players.player_id, loser_ioc, loser_name, loser_rank, loser_rank_points, loser_seed, match_num, minutes, round, score, surface, tourney_date, tourney_id, tourney_level, tourney_name, winner_age, winner_entry, winner_hand, winner_ht, winner_id->players.player_id, winner_ioc, winner_name, winner_rank, winner_rank_points, winner_seed, year) | rankings(ranking_date, ranking, player_id->players.player_id, ranking_points, tours)

Question:
How many players are from each country?

SQL:

2026-07-31 15:08:19,757 [INFO   ]   >> OUTPUT : SELECT country_code ,  count(*) FROM players GROUP BY country_code
2026-07-31 15:08:21,211 [INFO   ] [inference] generate_sql  latency_sec=1.4342  input_tokens=238  output_tokens=22
2026-07-31 15:08:21,212 [INFO   ]   >> INPUT  : Translate the natural language question into a valid SQL query using the provided schema.

Schema:
players(player_id, first_name, last_name, hand, birth_date, country_code) | matches(best_of, draw_size, loser_age, loser_entry, loser_hand, loser_ht, loser_id->players.player_id, loser_ioc, loser_name, loser_rank, loser_rank_points, loser_seed, match_num, minutes, round, score, surface, tourney_date, tourney_id, tourney_level, tourney_name, winner_age, winner_entry, winner_hand, winner_ht, winner_id->players.player_id, winner_ioc, winner_name, winner_rank, winner_rank_points, winner_seed, year) | rankings(ranking_date, ranking, player_id->players.player_id, ranking_points, tours)

Question:
find the code of the country where has the greatest number of players.

SQL:

2026-07-31 15:08:21,212 [INFO   ]   >> OUTPUT : SELECT country_code FROM players GROUP BY country_code ORDER BY count(*) DESC LIMIT 1
2026-07-31 15:08:22,664 [INFO   ] [inference] generate_sql  latency_sec=1.4316  input_tokens=236  output_tokens=22
2026-07-31 15:08:22,664 [INFO   ]   >> INPUT  : Translate the natural language question into a valid SQL query using the provided schema.

Schema:
players(player_id, first_name, last_name, hand, birth_date, country_code) | matches(best_of, draw_size, loser_age, loser_entry, loser_hand, loser_ht, loser_id->players.player_id, loser_ioc, loser_name, loser_rank, loser_rank_points, loser_seed, match_num, minutes, round, score, surface, tourney_date, tourney_id, tourney_level, tourney_name, winner_age, winner_entry, winner_hand, winner_ht, winner_id->players.player_id, winner_ioc, winner_name, winner_rank, winner_rank_points, winner_seed, year) | rankings(ranking_date, ranking, player_id->players.player_id, ranking_points, tours)

Question:
What is the code of the country with the most players?

SQL:

2026-07-31 15:08:22,664 [INFO   ]   >> OUTPUT : SELECT country_code FROM players GROUP BY country_code ORDER BY count(*) DESC LIMIT 1
2026-07-31 15:08:23,676 [INFO   ] [inference] generate_sql  latency_sec=0.987  input_tokens=236  output_tokens=15
2026-07-31 15:08:23,677 [INFO   ]   >> INPUT  : Translate the natural language question into a valid SQL query using the provided schema.

Schema:
players(player_id, first_name, last_name, hand, birth_date, country_code) | matches(best_of, draw_size, loser_age, loser_entry, loser_hand, loser_ht, loser_id->players.player_id, loser_ioc, loser_name, loser_rank, loser_rank_points, loser_seed, match_num, minutes, round, score, surface, tourney_date, tourney_id, tourney_level, tourney_name, winner_age, winner_entry, winner_hand, winner_ht, winner_id->players.player_id, winner_ioc, winner_name, winner_rank, winner_rank_points, winner_seed, year) | rankings(ranking_date, ranking, player_id->players.player_id, ranking_points, tours)

Question:
Find the codes of countries that have more than 50 players.

SQL:

2026-07-31 15:08:23,677 [INFO   ]   >> OUTPUT : SELECT country_code FROM players WHERE count(*)  >  50
2026-07-31 15:08:24,716 [INFO   ] [inference] generate_sql  latency_sec=1.0255  input_tokens=236  output_tokens=15
2026-07-31 15:08:24,717 [INFO   ]   >> INPUT  : Translate the natural language question into a valid SQL query using the provided schema.

Schema:
players(player_id, first_name, last_name, hand, birth_date, country_code) | matches(best_of, draw_size, loser_age, loser_entry, loser_hand, loser_ht, loser_id->players.player_id, loser_ioc, loser_name, loser_rank, loser_rank_points, loser_seed, match_num, minutes, round, score, surface, tourney_date, tourney_id, tourney_level, tourney_name, winner_age, winner_entry, winner_hand, winner_ht, winner_id->players.player_id, winner_ioc, winner_name, winner_rank, winner_rank_points, winner_seed, year) | rankings(ranking_date, ranking, player_id->players.player_id, ranking_points, tours)

Question:
What are the codes of countries with more than 50 players?

SQL:

2026-07-31 15:08:24,717 [INFO   ]   >> OUTPUT : SELECT country_code FROM players WHERE country_code  >  50
2026-07-31 15:08:27,209 [INFO   ] [inference] generate_sql  latency_sec=2.4749  input_tokens=235  output_tokens=51
2026-07-31 15:08:27,209 [INFO   ]   >> INPUT  : Translate the natural language question into a valid SQL query using the provided schema.

Schema:
players(player_id, first_name, last_name, hand, birth_date, country_code) | matches(best_of, draw_size, loser_age, loser_entry, loser_hand, loser_ht, loser_id->players.player_id, loser_ioc, loser_name, loser_rank, loser_rank_points, loser_seed, match_num, minutes, round, score, surface, tourney_date, tourney_id, tourney_level, tourney_name, winner_age, winner_entry, winner_hand, winner_ht, winner_id->players.player_id, winner_ioc, winner_name, winner_rank, winner_rank_points, winner_seed, year) | rankings(ranking_date, ranking, player_id->players.player_id, ranking_points, tours)

Question:
Find the total number of tours for each ranking date.

SQL:

2026-07-31 15:08:27,209 [INFO   ]   >> OUTPUT : SELECT T1.tourney_date ,  count(*) FROM tournaments AS T1 JOIN rankings AS T2 ON T1.tourney_date = T2.tourney_date GROUP BY T1.tourney_date
2026-07-31 15:08:29,836 [INFO   ] [inference] generate_sql  latency_sec=2.6097  input_tokens=235  output_tokens=51
2026-07-31 15:08:29,836 [INFO   ]   >> INPUT  : Translate the natural language question into a valid SQL query using the provided schema.

Schema:
players(player_id, first_name, last_name, hand, birth_date, country_code) | matches(best_of, draw_size, loser_age, loser_entry, loser_hand, loser_ht, loser_id->players.player_id, loser_ioc, loser_name, loser_rank, loser_rank_points, loser_seed, match_num, minutes, round, score, surface, tourney_date, tourney_id, tourney_level, tourney_name, winner_age, winner_entry, winner_hand, winner_ht, winner_id->players.player_id, winner_ioc, winner_name, winner_rank, winner_rank_points, winner_seed, year) | rankings(ranking_date, ranking, player_id->players.player_id, ranking_points, tours)

Question:
How many total tours were there for each ranking date?

SQL:

2026-07-31 15:08:29,836 [INFO   ]   >> OUTPUT : SELECT T1.tourney_date ,  count(*) FROM tournaments AS T1 JOIN rankings AS T2 ON T1.tourney_date = T2.tourney_date GROUP BY T1.tourney_date
2026-07-31 15:08:30,563 [INFO   ] [inference] generate_sql  latency_sec=0.7129  input_tokens=234  output_tokens=13
2026-07-31 15:08:30,563 [INFO   ]   >> INPUT  : Translate the natural language question into a valid SQL query using the provided schema.

Schema:
players(player_id, first_name, last_name, hand, birth_date, country_code) | matches(best_of, draw_size, loser_age, loser_entry, loser_hand, loser_ht, loser_id->players.player_id, loser_ioc, loser_name, loser_rank, loser_rank_points, loser_seed, match_num, minutes, round, score, surface, tourney_date, tourney_id, tourney_level, tourney_name, winner_age, winner_entry, winner_hand, winner_ht, winner_id->players.player_id, winner_ioc, winner_name, winner_rank, winner_rank_points, winner_seed, year) | rankings(ranking_date, ranking, player_id->players.player_id, ranking_points, tours)

Question:
Find the number of matches happened in each year.

SQL:

2026-07-31 15:08:30,563 [INFO   ]   >> OUTPUT : SELECT count(*) ,  year FROM matches GROUP BY year
2026-07-31 15:08:31,279 [INFO   ] [inference] generate_sql  latency_sec=0.701  input_tokens=233  output_tokens=13
2026-07-31 15:08:31,279 [INFO   ]   >> INPUT  : Translate the natural language question into a valid SQL query using the provided schema.

Schema:
players(player_id, first_name, last_name, hand, birth_date, country_code) | matches(best_of, draw_size, loser_age, loser_entry, loser_hand, loser_ht, loser_id->players.player_id, loser_ioc, loser_name, loser_rank, loser_rank_points, loser_seed, match_num, minutes, round, score, surface, tourney_date, tourney_id, tourney_level, tourney_name, winner_age, winner_entry, winner_hand, winner_ht, winner_id->players.player_id, winner_ioc, winner_name, winner_rank, winner_rank_points, winner_seed, year) | rankings(ranking_date, ranking, player_id->players.player_id, ranking_points, tours)

Question:
How many matches were played in each year?

SQL:

2026-07-31 15:08:31,279 [INFO   ]   >> OUTPUT : SELECT year ,  count(*) FROM matches GROUP BY year
2026-07-31 15:08:34,808 [INFO   ] [inference] generate_sql  latency_sec=3.5149  input_tokens=238  output_tokens=55
2026-07-31 15:08:34,808 [INFO   ]   >> INPUT  : Translate the natural language question into a valid SQL query using the provided schema.

Schema:
players(player_id, first_name, last_name, hand, birth_date, country_code) | matches(best_of, draw_size, loser_age, loser_entry, loser_hand, loser_ht, loser_id->players.player_id, loser_ioc, loser_name, loser_rank, loser_rank_points, loser_seed, match_num, minutes, round, score, surface, tourney_date, tourney_id, tourney_level, tourney_name, winner_age, winner_entry, winner_hand, winner_ht, winner_id->players.player_id, winner_ioc, winner_name, winner_rank, winner_rank_points, winner_seed, year) | rankings(ranking_date, ranking, player_id->players.player_id, ranking_points, tours)

Question:
Find the name and rank of the 3 youngest winners across all matches.

SQL:

2026-07-31 15:08:34,809 [INFO   ]   >> OUTPUT : SELECT T1.winner_name ,  T1.winner_rank FROM players AS T1 JOIN matches AS T2 ON T1.winner_id  =  T2.winner_id ORDER BY T2.minutes DESC LIMIT 3
2026-07-31 15:08:38,621 [INFO   ] [inference] generate_sql  latency_sec=3.7915  input_tokens=239  output_tokens=63
2026-07-31 15:08:38,622 [INFO   ]   >> INPUT  : Translate the natural language question into a valid SQL query using the provided schema.

Schema:
players(player_id, first_name, last_name, hand, birth_date, country_code) | matches(best_of, draw_size, loser_age, loser_entry, loser_hand, loser_ht, loser_id->players.player_id, loser_ioc, loser_name, loser_rank, loser_rank_points, loser_seed, match_num, minutes, round, score, surface, tourney_date, tourney_id, tourney_level, tourney_name, winner_age, winner_entry, winner_hand, winner_ht, winner_id->players.player_id, winner_ioc, winner_name, winner_rank, winner_rank_points, winner_seed, year) | rankings(ranking_date, ranking, player_id->players.player_id, ranking_points, tours)

Question:
What are the names and ranks of the three youngest winners across all matches?

SQL:

2026-07-31 15:08:38,622 [INFO   ]   >> OUTPUT : SELECT T1.winner_name ,  T1.winner_rank FROM players AS T1 JOIN matches AS T2 ON T1.winner_id  =  T2.winner_id GROUP BY T1.winner_id ORDER BY T2.minutes DESC LIMIT 3
2026-07-31 15:08:44,176 [INFO   ] [inference] generate_sql  latency_sec=5.539  input_tokens=240  output_tokens=110
2026-07-31 15:08:44,176 [INFO   ]   >> INPUT  : Translate the natural language question into a valid SQL query using the provided schema.

Schema:
players(player_id, first_name, last_name, hand, birth_date, country_code) | matches(best_of, draw_size, loser_age, loser_entry, loser_hand, loser_ht, loser_id->players.player_id, loser_ioc, loser_name, loser_rank, loser_rank_points, loser_seed, match_num, minutes, round, score, surface, tourney_date, tourney_id, tourney_level, tourney_name, winner_age, winner_entry, winner_hand, winner_ht, winner_id->players.player_id, winner_ioc, winner_name, winner_rank, winner_rank_points, winner_seed, year) | rankings(ranking_date, ranking, player_id->players.player_id, ranking_points, tours)

Question:
How many different winners both participated in the WTA Championships and were left handed?

SQL:

2026-07-31 15:08:44,176 [INFO   ]   >> OUTPUT : SELECT count(DISTINCT T1.winner_id) FROM players AS T1 JOIN rankings AS T2 ON T1.winner_id  =  T2.player_id WHERE T2.round  =  "WTA" UNION SELECT count(DISTINCT T1.winner_id) FROM players AS T1 JOIN rankings AS T2 ON T1.winner_id  =  T2.loser_id WHERE T2.round  =  "WTA"
2026-07-31 15:08:47,006 [INFO   ] [inference] generate_sql  latency_sec=2.8151  input_tokens=239  output_tokens=57
2026-07-31 15:08:47,006 [INFO   ]   >> INPUT  : Translate the natural language question into a valid SQL query using the provided schema.

Schema:
players(player_id, first_name, last_name, hand, birth_date, country_code) | matches(best_of, draw_size, loser_age, loser_entry, loser_hand, loser_ht, loser_id->players.player_id, loser_ioc, loser_name, loser_rank, loser_rank_points, loser_seed, match_num, minutes, round, score, surface, tourney_date, tourney_id, tourney_level, tourney_name, winner_age, winner_entry, winner_hand, winner_ht, winner_id->players.player_id, winner_ioc, winner_name, winner_rank, winner_rank_points, winner_seed, year) | rankings(ranking_date, ranking, player_id->players.player_id, ranking_points, tours)

Question:
Find the number of left handed winners who participated in the WTA Championships.

SQL:

2026-07-31 15:08:47,007 [INFO   ]   >> OUTPUT : SELECT count(*) FROM players AS T1 JOIN matches AS T2 ON T1.player_id  =  T2.winner_id WHERE T1.country_code  =  "WTA" AND T2.match_num  =  1
2026-07-31 15:08:51,475 [INFO   ] [inference] generate_sql  latency_sec=4.4514  input_tokens=247  output_tokens=70
2026-07-31 15:08:51,475 [INFO   ]   >> INPUT  : Translate the natural language question into a valid SQL query using the provided schema.

Schema:
players(player_id, first_name, last_name, hand, birth_date, country_code) | matches(best_of, draw_size, loser_age, loser_entry, loser_hand, loser_ht, loser_id->players.player_id, loser_ioc, loser_name, loser_rank, loser_rank_points, loser_seed, match_num, minutes, round, score, surface, tourney_date, tourney_id, tourney_level, tourney_name, winner_age, winner_entry, winner_hand, winner_ht, winner_id->players.player_id, winner_ioc, winner_name, winner_rank, winner_rank_points, winner_seed, year) | rankings(ranking_date, ranking, player_id->players.player_id, ranking_points, tours)

Question:
Find the first name, country code and birth date of the winner who has the highest rank points in all matches.

SQL:

2026-07-31 15:08:51,475 [INFO   ]   >> OUTPUT : SELECT T1.first_name ,  T1.country_code ,  T1.birth_date FROM players AS T1 JOIN matches AS T2 ON T1.player_id  =  T2.winner_id GROUP BY T1.player_id ORDER BY T2.round DESC LIMIT 1
2026-07-31 15:08:54,928 [INFO   ] [inference] generate_sql  latency_sec=3.438  input_tokens=249  output_tokens=69
2026-07-31 15:08:54,928 [INFO   ]   >> INPUT  : Translate the natural language question into a valid SQL query using the provided schema.

Schema:
players(player_id, first_name, last_name, hand, birth_date, country_code) | matches(best_of, draw_size, loser_age, loser_entry, loser_hand, loser_ht, loser_id->players.player_id, loser_ioc, loser_name, loser_rank, loser_rank_points, loser_seed, match_num, minutes, round, score, surface, tourney_date, tourney_id, tourney_level, tourney_name, winner_age, winner_entry, winner_hand, winner_ht, winner_id->players.player_id, winner_ioc, winner_name, winner_rank, winner_rank_points, winner_seed, year) | rankings(ranking_date, ranking, player_id->players.player_id, ranking_points, tours)

Question:
What is the first name, country code, and birth date of the player with the most winner rank points across all matches?

SQL:

2026-07-31 15:08:54,928 [INFO   ]   >> OUTPUT : SELECT T1.first_name ,  T1.country_code ,  T1.birth_date FROM players AS T1 JOIN matches AS T2 ON T1.player_id  =  T2.winner_id GROUP BY T1.player_id ORDER BY count(*) DESC LIMIT 1
2026-07-31 15:08:55,678 [INFO   ] [inference] generate_sql  latency_sec=0.735  input_tokens=234  output_tokens=13
2026-07-31 15:08:55,678 [INFO   ]   >> INPUT  : Translate the natural language question into a valid SQL query using the provided schema.

Schema:
players(player_id, first_name, last_name, hand, birth_date, country_code) | matches(best_of, draw_size, loser_age, loser_entry, loser_hand, loser_ht, loser_id->players.player_id, loser_ioc, loser_name, loser_rank, loser_rank_points, loser_seed, match_num, minutes, round, score, surface, tourney_date, tourney_id, tourney_level, tourney_name, winner_age, winner_entry, winner_hand, winner_ht, winner_id->players.player_id, winner_ioc, winner_name, winner_rank, winner_rank_points, winner_seed, year) | rankings(ranking_date, ranking, player_id->players.player_id, ranking_points, tours)

Question:
Find the number of players for each hand type.

SQL:

2026-07-31 15:08:55,678 [INFO   ]   >> OUTPUT : SELECT hand ,  count(*) FROM players GROUP BY hand
2026-07-31 15:08:56,426 [INFO   ] [inference] generate_sql  latency_sec=0.7343  input_tokens=234  output_tokens=13
2026-07-31 15:08:56,427 [INFO   ]   >> INPUT  : Translate the natural language question into a valid SQL query using the provided schema.

Schema:
players(player_id, first_name, last_name, hand, birth_date, country_code) | matches(best_of, draw_size, loser_age, loser_entry, loser_hand, loser_ht, loser_id->players.player_id, loser_ioc, loser_name, loser_rank, loser_rank_points, loser_seed, match_num, minutes, round, score, surface, tourney_date, tourney_id, tourney_level, tourney_name, winner_age, winner_entry, winner_hand, winner_ht, winner_id->players.player_id, winner_ioc, winner_name, winner_rank, winner_rank_points, winner_seed, year) | rankings(ranking_date, ranking, player_id->players.player_id, ranking_points, tours)

Question:
How many players are there for each hand type?

SQL:

2026-07-31 15:08:56,427 [INFO   ]   >> OUTPUT : SELECT hand ,  count(*) FROM players GROUP BY hand
2026-07-31 15:08:57,263 [INFO   ] [inference] generate_sql  latency_sec=0.8214  input_tokens=122  output_tokens=16
2026-07-31 15:08:57,264 [INFO   ]   >> INPUT  : Translate the natural language question into a valid SQL query using the provided schema.

Schema:
battle(id, name, date, bulgarian_commander, latin_commander, result) | ship(lost_in_battle->battle.id, id, name, tonnage, ship_type, location, disposition_of_ship) | death(caused_by_ship_id->ship.id, id, note, killed, injured)

Question:
How many ships ended up being 'Captured'?

SQL:

2026-07-31 15:08:57,264 [INFO   ]   >> OUTPUT : SELECT count(*) FROM ship WHERE name  =  'Captured';
2026-07-31 15:08:58,117 [INFO   ] [inference] generate_sql  latency_sec=0.8375  input_tokens=131  output_tokens=15
2026-07-31 15:08:58,117 [INFO   ]   >> INPUT  : Translate the natural language question into a valid SQL query using the provided schema.

Schema:
battle(id, name, date, bulgarian_commander, latin_commander, result) | ship(lost_in_battle->battle.id, id, name, tonnage, ship_type, location, disposition_of_ship) | death(caused_by_ship_id->ship.id, id, note, killed, injured)

Question:
List the name and tonnage ordered by in descending alphaetical order for the names.

SQL:

2026-07-31 15:08:58,117 [INFO   ]   >> OUTPUT : SELECT name ,  tonnage FROM battle ORDER BY name DESC
2026-07-31 15:08:58,858 [INFO   ] [inference] generate_sql  latency_sec=0.7262  input_tokens=123  output_tokens=11
2026-07-31 15:08:58,859 [INFO   ]   >> INPUT  : Translate the natural language question into a valid SQL query using the provided schema.

Schema:
battle(id, name, date, bulgarian_commander, latin_commander, result) | ship(lost_in_battle->battle.id, id, name, tonnage, ship_type, location, disposition_of_ship) | death(caused_by_ship_id->ship.id, id, note, killed, injured)

Question:
List the name, date and result of each battle.

SQL:

2026-07-31 15:08:58,859 [INFO   ]   >> OUTPUT : SELECT name ,  date ,  result FROM battle
2026-07-31 15:09:01,987 [INFO   ] [inference] generate_sql  latency_sec=3.1131  input_tokens=123  output_tokens=56
2026-07-31 15:09:01,987 [INFO   ]   >> INPUT  : Translate the natural language question into a valid SQL query using the provided schema.

Schema:
battle(id, name, date, bulgarian_commander, latin_commander, result) | ship(lost_in_battle->battle.id, id, name, tonnage, ship_type, location, disposition_of_ship) | death(caused_by_ship_id->ship.id, id, note, killed, injured)

Question:
What is maximum and minimum death toll caused each time?

SQL:

2026-07-31 15:09:01,988 [INFO   ]   >> OUTPUT : SELECT max(T1.injured) ,  min(T1.injured) FROM death AS T1 JOIN battle AS T2 ON T1.caused_by_ship_id  =  T2.id GROUP BY T2.id
2026-07-31 15:09:03,122 [INFO   ] [inference] generate_sql  latency_sec=1.1112  input_tokens=123  output_tokens=15
2026-07-31 15:09:03,122 [INFO   ]   >> INPUT  : Translate the natural language question into a valid SQL query using the provided schema.

Schema:
battle(id, name, date, bulgarian_commander, latin_commander, result) | ship(lost_in_battle->battle.id, id, name, tonnage, ship_type, location, disposition_of_ship) | death(caused_by_ship_id->ship.id, id, note, killed, injured)

Question:
What is the average number of injuries caused each time?

SQL:

2026-07-31 15:09:03,122 [INFO   ]   >> OUTPUT : SELECT avg(injured) ,  name FROM death GROUP BY name
2026-07-31 15:09:06,829 [INFO   ] [inference] generate_sql  latency_sec=3.6855  input_tokens=130  output_tokens=63
2026-07-31 15:09:06,829 [INFO   ]   >> INPUT  : Translate the natural language question into a valid SQL query using the provided schema.

Schema:
battle(id, name, date, bulgarian_commander, latin_commander, result) | ship(lost_in_battle->battle.id, id, name, tonnage, ship_type, location, disposition_of_ship) | death(caused_by_ship_id->ship.id, id, note, killed, injured)

Question:
What are the death and injury situations caused by the ship with tonnage 't'?

SQL:

2026-07-31 15:09:06,829 [INFO   ]   >> OUTPUT : SELECT T1.note ,  T1.injured FROM death AS T1 JOIN ship AS T2 ON T1.caused_by_ship_id = T2.id WHERE T2.ship_type = 't' AND T2.tonnage = 't'
2026-07-31 15:09:09,629 [INFO   ] [inference] generate_sql  latency_sec=2.784  input_tokens=134  output_tokens=21
2026-07-31 15:09:09,630 [INFO   ]   >> INPUT  : Translate the natural language question into a valid SQL query using the provided schema.

Schema:
battle(id, name, date, bulgarian_commander, latin_commander, result) | ship(lost_in_battle->battle.id, id, name, tonnage, ship_type, location, disposition_of_ship) | death(caused_by_ship_id->ship.id, id, note, killed, injured)

Question:
What are the name and results of the battles when the bulgarian commander is not 'Boril'

SQL:

2026-07-31 15:09:09,630 [INFO   ]   >> OUTPUT : SELECT name ,  result FROM battle WHERE bulgarian_commander != 'Boril'
2026-07-31 15:09:12,181 [INFO   ] [inference] generate_sql  latency_sec=2.5347  input_tokens=134  output_tokens=53
2026-07-31 15:09:12,181 [INFO   ]   >> INPUT  : Translate the natural language question into a valid SQL query using the provided schema.

Schema:
battle(id, name, date, bulgarian_commander, latin_commander, result) | ship(lost_in_battle->battle.id, id, name, tonnage, ship_type, location, disposition_of_ship) | death(caused_by_ship_id->ship.id, id, note, killed, injured)

Question:
What are the different ids and names of the battles that lost any 'Brig' type shipes?

SQL:

2026-07-31 15:09:12,181 [INFO   ]   >> OUTPUT : SELECT DISTINCT T1.id ,  T1.name FROM battle AS T1 JOIN ship AS T2 ON T1.id  =  T2.id WHERE T2.ship_type  =  "Brig"
2026-07-31 15:09:14,993 [INFO   ] [inference] generate_sql  latency_sec=2.7974  input_tokens=133  output_tokens=58
2026-07-31 15:09:14,993 [INFO   ]   >> INPUT  : Translate the natural language question into a valid SQL query using the provided schema.

Schema:
battle(id, name, date, bulgarian_commander, latin_commander, result) | ship(lost_in_battle->battle.id, id, name, tonnage, ship_type, location, disposition_of_ship) | death(caused_by_ship_id->ship.id, id, note, killed, injured)

Question:
What are the ids and names of the battles that led to more than 10 people killed in total.

SQL:

2026-07-31 15:09:14,993 [INFO   ]   >> OUTPUT : SELECT T1.id ,  T1.name FROM battle AS T1 JOIN death AS T2 ON T1.id  =  T2.caused_by_ship_id GROUP BY T1.id HAVING count(*)  >  10
2026-07-31 15:09:19,101 [INFO   ] [inference] generate_sql  latency_sec=4.0866  input_tokens=125  output_tokens=58
2026-07-31 15:09:19,101 [INFO   ]   >> INPUT  : Translate the natural language question into a valid SQL query using the provided schema.

Schema:
battle(id, name, date, bulgarian_commander, latin_commander, result) | ship(lost_in_battle->battle.id, id, name, tonnage, ship_type, location, disposition_of_ship) | death(caused_by_ship_id->ship.id, id, note, killed, injured)

Question:
What is the ship id and name that caused most total injuries?

SQL:

2026-07-31 15:09:19,101 [INFO   ]   >> OUTPUT : SELECT T1.id ,  T1.name FROM ship AS T1 JOIN death AS T2 ON T1.id  =  T2.caused_by_ship_id GROUP BY T1.id ORDER BY count(*) DESC LIMIT 1
2026-07-31 15:09:21,065 [INFO   ] [inference] generate_sql  latency_sec=1.9494  input_tokens=140  output_tokens=39
2026-07-31 15:09:21,066 [INFO   ]   >> INPUT  : Translate the natural language question into a valid SQL query using the provided schema.

Schema:
battle(id, name, date, bulgarian_commander, latin_commander, result) | ship(lost_in_battle->battle.id, id, name, tonnage, ship_type, location, disposition_of_ship) | death(caused_by_ship_id->ship.id, id, note, killed, injured)

Question:
What are the distinct battle names which are between bulgarian commander 'Kaloyan' and latin commander 'Baldwin I'?

SQL:

2026-07-31 15:09:21,066 [INFO   ]   >> OUTPUT : SELECT DISTINCT name FROM battle WHERE bulgarian_commander  =  'Kaloyan' AND latin_commander  =  'Baldwin I'
2026-07-31 15:09:21,716 [INFO   ] [inference] generate_sql  latency_sec=0.6281  input_tokens=122  output_tokens=12
2026-07-31 15:09:21,717 [INFO   ]   >> INPUT  : Translate the natural language question into a valid SQL query using the provided schema.

Schema:
battle(id, name, date, bulgarian_commander, latin_commander, result) | ship(lost_in_battle->battle.id, id, name, tonnage, ship_type, location, disposition_of_ship) | death(caused_by_ship_id->ship.id, id, note, killed, injured)

Question:
How many different results are there for the battles?

SQL:

2026-07-31 15:09:21,717 [INFO   ]   >> OUTPUT : SELECT count(DISTINCT result) FROM battle
2026-07-31 15:09:22,819 [INFO   ] [inference] generate_sql  latency_sec=1.0864  input_tokens=127  output_tokens=23
2026-07-31 15:09:22,819 [INFO   ]   >> INPUT  : Translate the natural language question into a valid SQL query using the provided schema.

Schema:
battle(id, name, date, bulgarian_commander, latin_commander, result) | ship(lost_in_battle->battle.id, id, name, tonnage, ship_type, location, disposition_of_ship) | death(caused_by_ship_id->ship.id, id, note, killed, injured)

Question:
How many battles did not lose any ship with tonnage '225'?

SQL:

2026-07-31 15:09:22,819 [INFO   ]   >> OUTPUT : SELECT count(*) FROM battle WHERE result  =  'No' AND tonnage  =  225
2026-07-31 15:09:27,955 [INFO   ] [inference] generate_sql  latency_sec=5.12  input_tokens=141  output_tokens=100
2026-07-31 15:09:27,955 [INFO   ]   >> INPUT  : Translate the natural language question into a valid SQL query using the provided schema.

Schema:
battle(id, name, date, bulgarian_commander, latin_commander, result) | ship(lost_in_battle->battle.id, id, name, tonnage, ship_type, location, disposition_of_ship) | death(caused_by_ship_id->ship.id, id, note, killed, injured)

Question:
List the name and date the battle that has lost the ship named 'Lettice' and the ship named 'HMS Atalanta'

SQL:

2026-07-31 15:09:27,955 [INFO   ]   >> OUTPUT : SELECT T1.name ,  T1.date FROM battle AS T1 JOIN ship AS T2 ON T1.id  =  T2.id WHERE T2.name  =  'Lettice' INTERSECT SELECT T1.name ,  T1.date FROM battle AS T1 JOIN ship AS T2 ON T1.id  =  T2.id WHERE T2.name  =  'HMS Atalanta'
2026-07-31 15:09:29,922 [INFO   ] [inference] generate_sql  latency_sec=1.9489  input_tokens=134  output_tokens=26
2026-07-31 15:09:29,923 [INFO   ]   >> INPUT  : Translate the natural language question into a valid SQL query using the provided schema.

Schema:
battle(id, name, date, bulgarian_commander, latin_commander, result) | ship(lost_in_battle->battle.id, id, name, tonnage, ship_type, location, disposition_of_ship) | death(caused_by_ship_id->ship.id, id, note, killed, injured)

Question:
Show names, results and bulgarian commanders of the battles with no ships lost in the 'English Channel'.

SQL:

2026-07-31 15:09:29,923 [INFO   ]   >> OUTPUT : SELECT name ,  bulgarian_commander FROM battle WHERE lost_in_battle  =  'English Channel'
2026-07-31 15:09:34,144 [INFO   ] [inference] generate_sql  latency_sec=4.2003  input_tokens=127  output_tokens=47
2026-07-31 15:09:34,144 [INFO   ]   >> INPUT  : Translate the natural language question into a valid SQL query using the provided schema.

Schema:
battle(id, name, date, bulgarian_commander, latin_commander, result) | ship(lost_in_battle->battle.id, id, name, tonnage, ship_type, location, disposition_of_ship) | death(caused_by_ship_id->ship.id, id, note, killed, injured)

Question:
What are the notes of the death events which has substring 'East'?

SQL:

2026-07-31 15:09:34,144 [INFO   ]   >> OUTPUT : SELECT T1.note FROM death AS T1 JOIN ship AS T2 ON T1.caused_by_ship_id  =  T2.id WHERE T2.name LIKE '%East%'
2026-07-31 15:09:37,094 [INFO   ] [inference] generate_sql  latency_sec=2.9352  input_tokens=277  output_tokens=59
2026-07-31 15:09:37,094 [INFO   ]   >> INPUT  : Translate the natural language question into a valid SQL query using the provided schema.

Schema:
Addresses(address_id, line_1, line_2, line_3, city, zip_postcode, state_province_county, country, other_address_details) | Students(student_id, current_address_id->Addresses.address_id, permanent_address_id->Addresses.address_id, first_name, middle_name, last_name, cell_mobile_number, email_address, ssn, date_first_registered, date_left, other_student_details) | Student_Enrolment(student_enrolment_id, degree_program_id->Degree_Programs.degree_program_id, semester_id->Semesters.semester_id, student_id->Students.student_id, other_details) | Transcripts(transcript_id, transcript_date, other_details) | Transcript_Contents(student_course_id->Student_Enrolment_Courses.student_course_id, transcript_id->Transcripts.transcript_id)

Question:
what are all the addresses including line 1 and line 2?

SQL:

2026-07-31 15:09:37,094 [INFO   ]   >> OUTPUT : SELECT T2.address_details FROM Addresses AS T1 JOIN Addresses AS T2 ON T1.address_id = T2.address_id WHERE T1.line_1 = "line 1" AND T1.line_2 = "line 2"
2026-07-31 15:09:37,816 [INFO   ] [inference] generate_sql  latency_sec=0.7071  input_tokens=276  output_tokens=12
2026-07-31 15:09:37,816 [INFO   ]   >> INPUT  : Translate the natural language question into a valid SQL query using the provided schema.

Schema:
Addresses(address_id, line_1, line_2, line_3, city, zip_postcode, state_province_county, country, other_address_details) | Students(student_id, current_address_id->Addresses.address_id, permanent_address_id->Addresses.address_id, first_name, middle_name, last_name, cell_mobile_number, email_address, ssn, date_first_registered, date_left, other_student_details) | Student_Enrolment(student_enrolment_id, degree_program_id->Degree_Programs.degree_program_id, semester_id->Semesters.semester_id, student_id->Students.student_id, other_details) | Transcripts(transcript_id, transcript_date, other_details) | Transcript_Contents(student_course_id->Student_Enrolment_Courses.student_course_id, transcript_id->Transcripts.transcript_id)

Question:
What is the first and second line for all addresses?

SQL:

2026-07-31 15:09:37,816 [INFO   ]   >> OUTPUT : SELECT line_1 ,  line_2 FROM addresses
2026-07-31 15:09:38,277 [INFO   ] [inference] generate_sql  latency_sec=0.4455  input_tokens=221  output_tokens=8
2026-07-31 15:09:38,277 [INFO   ]   >> INPUT  : Translate the natural language question into a valid SQL query using the provided schema.

Schema:
Courses(course_id, course_name, course_description, other_details) | Sections(section_id, course_id->Courses.course_id, section_name, section_description, other_details) | Semesters(semester_id, semester_name, semester_description, other_details) | Student_Enrolment(student_enrolment_id, degree_program_id->Degree_Programs.degree_program_id, semester_id->Semesters.semester_id, student_id->Students.student_id, other_details) | Student_Enrolment_Courses(student_course_id, course_id->Courses.course_id, student_enrolment_id->Student_Enrolment.student_enrolment_id)

Question:
How many courses in total are listed?

SQL:

2026-07-31 15:09:38,277 [INFO   ]   >> OUTPUT : SELECT count(*) FROM Courses
2026-07-31 15:09:38,714 [INFO   ] [inference] generate_sql  latency_sec=0.4226  input_tokens=236  output_tokens=8
2026-07-31 15:09:38,714 [INFO   ]   >> INPUT  : Translate the natural language question into a valid SQL query using the provided schema.

Schema:
Courses(course_id, course_name, course_description, other_details) | Sections(section_id, course_id->Courses.course_id, section_name, section_description, other_details) | Student_Enrolment(student_enrolment_id, degree_program_id->Degree_Programs.degree_program_id, semester_id->Semesters.semester_id, student_id->Students.student_id, other_details) | Student_Enrolment_Courses(student_course_id, course_id->Courses.course_id, student_enrolment_id->Student_Enrolment.student_enrolment_id) | Transcript_Contents(student_course_id->Student_Enrolment_Courses.student_course_id, transcript_id->Transcripts.transcript_id)

Question:
How many courses are there?

SQL:

2026-07-31 15:09:38,714 [INFO   ]   >> OUTPUT : SELECT count(*) FROM Courses
2026-07-31 15:09:39,634 [INFO   ] [inference] generate_sql  latency_sec=0.905  input_tokens=276  output_tokens=17
2026-07-31 15:09:39,635 [INFO   ]   >> INPUT  : Translate the natural language question into a valid SQL query using the provided schema.

Schema:
Courses(course_id, course_name, course_description, other_details) | Sections(section_id, course_id->Courses.course_id, section_name, section_description, other_details) | Semesters(semester_id, semester_name, semester_description, other_details) | Student_Enrolment(student_enrolment_id, degree_program_id->Degree_Programs.degree_program_id, semester_id->Semesters.semester_id, student_id->Students.student_id, other_details) | Student_Enrolment_Courses(student_course_id, course_id->Courses.course_id, student_enrolment_id->Student_Enrolment.student_enrolment_id) | Transcripts(transcript_id, transcript_date, other_details) | Transcript_Contents(student_course_id->Student_Enrolment_Courses.student_course_id, transcript_id->Transcripts.transcript_id)

Question:
How is the math course described?

SQL:

2026-07-31 15:09:39,635 [INFO   ]   >> OUTPUT : SELECT course_description FROM courses WHERE course_name  =  "Math"
2026-07-31 15:09:40,547 [INFO   ] [inference] generate_sql  latency_sec=0.8977  input_tokens=223  output_tokens=17
2026-07-31 15:09:40,548 [INFO   ]   >> INPUT  : Translate the natural language question into a valid SQL query using the provided schema.

Schema:
Courses(course_id, course_name, course_description, other_details) | Sections(section_id, course_id->Courses.course_id, section_name, section_description, other_details) | Semesters(semester_id, semester_name, semester_description, other_details) | Student_Enrolment(student_enrolment_id, degree_program_id->Degree_Programs.degree_program_id, semester_id->Semesters.semester_id, student_id->Students.student_id, other_details) | Student_Enrolment_Courses(student_course_id, course_id->Courses.course_id, student_enrolment_id->Student_Enrolment.student_enrolment_id)

Question:
What are the descriptions for all the math courses?

SQL:

2026-07-31 15:09:40,548 [INFO   ]   >> OUTPUT : SELECT course_description FROM courses WHERE course_name  =  "Math"
2026-07-31 15:09:41,428 [INFO   ] [inference] generate_sql  latency_sec=0.8647  input_tokens=284  output_tokens=17
2026-07-31 15:09:41,428 [INFO   ]   >> INPUT  : Translate the natural language question into a valid SQL query using the provided schema.

Schema:
Addresses(address_id, line_1, line_2, line_3, city, zip_postcode, state_province_county, country, other_address_details) | Departments(department_id, department_name, department_description, other_details) | Degree_Programs(degree_program_id, department_id->Departments.department_id, degree_summary_name, degree_summary_description, other_details) | Students(student_id, current_address_id->Addresses.address_id, permanent_address_id->Addresses.address_id, first_name, middle_name, last_name, cell_mobile_number, email_address, ssn, date_first_registered, date_left, other_student_details) | Student_Enrolment(student_enrolment_id, degree_program_id->Degree_Programs.degree_program_id, semester_id->Semesters.semester_id, student_id->Students.student_id, other_details)

Question:
What is the zip code of the address in the city Port Chelsea?

SQL:

2026-07-31 15:09:41,428 [INFO   ]   >> OUTPUT : SELECT zip_postcode FROM addresses WHERE city  =  "Port Chelsea"
2026-07-31 15:09:42,325 [INFO   ] [inference] generate_sql  latency_sec=0.8822  input_tokens=279  output_tokens=17
2026-07-31 15:09:42,326 [INFO   ]   >> INPUT  : Translate the natural language question into a valid SQL query using the provided schema.

Schema:
Addresses(address_id, line_1, line_2, line_3, city, zip_postcode, state_province_county, country, other_address_details) | Departments(department_id, department_name, department_description, other_details) | Degree_Programs(degree_program_id, department_id->Departments.department_id, degree_summary_name, degree_summary_description, other_details) | Students(student_id, current_address_id->Addresses.address_id, permanent_address_id->Addresses.address_id, first_name, middle_name, last_name, cell_mobile_number, email_address, ssn, date_first_registered, date_left, other_student_details) | Student_Enrolment(student_enrolment_id, degree_program_id->Degree_Programs.degree_program_id, semester_id->Semesters.semester_id, student_id->Students.student_id, other_details)

Question:
What is the zip code for Port Chelsea?

SQL:

2026-07-31 15:09:42,326 [INFO   ]   >> OUTPUT : SELECT zip_postcode FROM addresses WHERE city  =  "Port Chelsea"
2026-07-31 15:09:46,550 [INFO   ] [inference] generate_sql  latency_sec=4.2087  input_tokens=313  output_tokens=67
2026-07-31 15:09:46,550 [INFO   ]   >> INPUT  : Translate the natural language question into a valid SQL query using the provided schema.

Schema:
Departments(department_id, department_name, department_description, other_details) | Degree_Programs(degree_program_id, department_id->Departments.department_id, degree_summary_name, degree_summary_description, other_details) | Semesters(semester_id, semester_name, semester_description, other_details) | Students(student_id, current_address_id->Addresses.address_id, permanent_address_id->Addresses.address_id, first_name, middle_name, last_name, cell_mobile_number, email_address, ssn, date_first_registered, date_left, other_student_details) | Student_Enrolment(student_enrolment_id, degree_program_id->Degree_Programs.degree_program_id, semester_id->Semesters.semester_id, student_id->Students.student_id, other_details) | Student_Enrolment_Courses(student_course_id, course_id->Courses.course_id, student_enrolment_id->Student_Enrolment.student_enrolment_id)

Question:
Which department offers th
2026-07-31 15:09:46,550 [INFO   ]   >> OUTPUT : SELECT T1.department_name ,  T1.department_id FROM departments AS T1 JOIN Degree_Programs AS T2 ON T1.department_id = T2.department_id GROUP BY T1.department_id ORDER BY count(*) DESC LIMIT 1
2026-07-31 15:09:49,933 [INFO   ] [inference] generate_sql  latency_sec=3.3592  input_tokens=314  output_tokens=67
2026-07-31 15:09:49,933 [INFO   ]   >> INPUT  : Translate the natural language question into a valid SQL query using the provided schema.

Schema:
Departments(department_id, department_name, department_description, other_details) | Degree_Programs(degree_program_id, department_id->Departments.department_id, degree_summary_name, degree_summary_description, other_details) | Semesters(semester_id, semester_name, semester_description, other_details) | Students(student_id, current_address_id->Addresses.address_id, permanent_address_id->Addresses.address_id, first_name, middle_name, last_name, cell_mobile_number, email_address, ssn, date_first_registered, date_left, other_student_details) | Student_Enrolment(student_enrolment_id, degree_program_id->Degree_Programs.degree_program_id, semester_id->Semesters.semester_id, student_id->Students.student_id, other_details) | Student_Enrolment_Courses(student_course_id, course_id->Courses.course_id, student_enrolment_id->Student_Enrolment.student_enrolment_id)

Question:
What is the name and id of
2026-07-31 15:09:49,933 [INFO   ]   >> OUTPUT : SELECT T1.department_name ,  T1.department_id FROM departments AS T1 JOIN Degree_Programs AS T2 ON T1.department_id = T2.department_id GROUP BY T1.department_id ORDER BY count(*) DESC LIMIT 1
2026-07-31 15:09:50,891 [INFO   ] [inference] generate_sql  latency_sec=0.9443  input_tokens=305  output_tokens=17
2026-07-31 15:09:50,892 [INFO   ]   >> INPUT  : Translate the natural language question into a valid SQL query using the provided schema.

Schema:
Departments(department_id, department_name, department_description, other_details) | Degree_Programs(degree_program_id, department_id->Departments.department_id, degree_summary_name, degree_summary_description, other_details) | Semesters(semester_id, semester_name, semester_description, other_details) | Students(student_id, current_address_id->Addresses.address_id, permanent_address_id->Addresses.address_id, first_name, middle_name, last_name, cell_mobile_number, email_address, ssn, date_first_registered, date_left, other_student_details) | Student_Enrolment(student_enrolment_id, degree_program_id->Degree_Programs.degree_program_id, semester_id->Semesters.semester_id, student_id->Students.student_id, other_details) | Student_Enrolment_Courses(student_course_id, course_id->Courses.course_id, student_enrolment_id->Student_Enrolment.student_enrolment_id)

Question:
How many departments offer
2026-07-31 15:09:50,892 [INFO   ]   >> OUTPUT : SELECT count(DISTINCT department_name) FROM Degree_Programs
2026-07-31 15:09:51,790 [INFO   ] [inference] generate_sql  latency_sec=0.8832  input_tokens=305  output_tokens=17
2026-07-31 15:09:51,790 [INFO   ]   >> INPUT  : Translate the natural language question into a valid SQL query using the provided schema.

Schema:
Departments(department_id, department_name, department_description, other_details) | Degree_Programs(degree_program_id, department_id->Departments.department_id, degree_summary_name, degree_summary_description, other_details) | Semesters(semester_id, semester_name, semester_description, other_details) | Students(student_id, current_address_id->Addresses.address_id, permanent_address_id->Addresses.address_id, first_name, middle_name, last_name, cell_mobile_number, email_address, ssn, date_first_registered, date_left, other_student_details) | Student_Enrolment(student_enrolment_id, degree_program_id->Degree_Programs.degree_program_id, semester_id->Semesters.semester_id, student_id->Students.student_id, other_details) | Student_Enrolment_Courses(student_course_id, course_id->Courses.course_id, student_enrolment_id->Student_Enrolment.student_enrolment_id)

Question:
How many different departm
2026-07-31 15:09:51,790 [INFO   ]   >> OUTPUT : SELECT count(DISTINCT department_name) FROM Degree_Programs
2026-07-31 15:09:52,833 [INFO   ] [inference] generate_sql  latency_sec=1.028  input_tokens=356  output_tokens=19
2026-07-31 15:09:52,833 [INFO   ]   >> INPUT  : Translate the natural language question into a valid SQL query using the provided schema.

Schema:
Courses(course_id, course_name, course_description, other_details) | Departments(department_id, department_name, department_description, other_details) | Degree_Programs(degree_program_id, department_id->Departments.department_id, degree_summary_name, degree_summary_description, other_details) | Sections(section_id, course_id->Courses.course_id, section_name, section_description, other_details) | Semesters(semester_id, semester_name, semester_description, other_details) | Students(student_id, current_address_id->Addresses.address_id, permanent_address_id->Addresses.address_id, first_name, middle_name, last_name, cell_mobile_number, email_address, ssn, date_first_registered, date_left, other_student_details) | Student_Enrolment(student_enrolment_id, degree_program_id->Degree_Programs.degree_program_id, semester_id->Semesters.semester_id, student_id->Students.student_id, other_details) | St
2026-07-31 15:09:52,833 [INFO   ]   >> OUTPUT : SELECT count(DISTINCT degree_summary_name) FROM Degree_Programs
2026-07-31 15:09:53,887 [INFO   ] [inference] generate_sql  latency_sec=1.0386  input_tokens=355  output_tokens=19
2026-07-31 15:09:53,887 [INFO   ]   >> INPUT  : Translate the natural language question into a valid SQL query using the provided schema.

Schema:
Courses(course_id, course_name, course_description, other_details) | Departments(department_id, department_name, department_description, other_details) | Degree_Programs(degree_program_id, department_id->Departments.department_id, degree_summary_name, degree_summary_description, other_details) | Sections(section_id, course_id->Courses.course_id, section_name, section_description, other_details) | Semesters(semester_id, semester_name, semester_description, other_details) | Students(student_id, current_address_id->Addresses.address_id, permanent_address_id->Addresses.address_id, first_name, middle_name, last_name, cell_mobile_number, email_address, ssn, date_first_registered, date_left, other_student_details) | Student_Enrolment(student_enrolment_id, degree_program_id->Degree_Programs.degree_program_id, semester_id->Semesters.semester_id, student_id->Students.student_id, other_details) | St
2026-07-31 15:09:53,887 [INFO   ]   >> OUTPUT : SELECT count(DISTINCT degree_summary_name) FROM Degree_Programs
2026-07-31 15:09:56,186 [INFO   ] [inference] generate_sql  latency_sec=2.2847  input_tokens=307  output_tokens=48
2026-07-31 15:09:56,186 [INFO   ]   >> INPUT  : Translate the natural language question into a valid SQL query using the provided schema.

Schema:
Departments(department_id, department_name, department_description, other_details) | Degree_Programs(degree_program_id, department_id->Departments.department_id, degree_summary_name, degree_summary_description, other_details) | Semesters(semester_id, semester_name, semester_description, other_details) | Students(student_id, current_address_id->Addresses.address_id, permanent_address_id->Addresses.address_id, first_name, middle_name, last_name, cell_mobile_number, email_address, ssn, date_first_registered, date_left, other_student_details) | Student_Enrolment(student_enrolment_id, degree_program_id->Degree_Programs.degree_program_id, semester_id->Semesters.semester_id, student_id->Students.student_id, other_details) | Student_Enrolment_Courses(student_course_id, course_id->Courses.course_id, student_enrolment_id->Student_Enrolment.student_enrolment_id)

Question:
How many degrees does the 
2026-07-31 15:09:56,186 [INFO   ]   >> OUTPUT : SELECT count(*) FROM departments AS T1 JOIN Degree_Programs AS T2 ON T1.department_id = T2.department_id WHERE T1.department_name = "Engineering";
2026-07-31 15:09:59,261 [INFO   ] [inference] generate_sql  latency_sec=3.06  input_tokens=307  output_tokens=48
2026-07-31 15:09:59,261 [INFO   ]   >> INPUT  : Translate the natural language question into a valid SQL query using the provided schema.

Schema:
Departments(department_id, department_name, department_description, other_details) | Degree_Programs(degree_program_id, department_id->Departments.department_id, degree_summary_name, degree_summary_description, other_details) | Semesters(semester_id, semester_name, semester_description, other_details) | Students(student_id, current_address_id->Addresses.address_id, permanent_address_id->Addresses.address_id, first_name, middle_name, last_name, cell_mobile_number, email_address, ssn, date_first_registered, date_left, other_student_details) | Student_Enrolment(student_enrolment_id, degree_program_id->Degree_Programs.degree_program_id, semester_id->Semesters.semester_id, student_id->Students.student_id, other_details) | Student_Enrolment_Courses(student_course_id, course_id->Courses.course_id, student_enrolment_id->Student_Enrolment.student_enrolment_id)

Question:
How many degrees does the 
2026-07-31 15:09:59,261 [INFO   ]   >> OUTPUT : SELECT count(*) FROM departments AS T1 JOIN Degree_Programs AS T2 ON T1.department_id = T2.department_id WHERE T1.department_name = "Engineering";
2026-07-31 15:10:00,108 [INFO   ] [inference] generate_sql  latency_sec=0.8259  input_tokens=224  output_tokens=12
2026-07-31 15:10:00,109 [INFO   ]   >> INPUT  : Translate the natural language question into a valid SQL query using the provided schema.

Schema:
Courses(course_id, course_name, course_description, other_details) | Sections(section_id, course_id->Courses.course_id, section_name, section_description, other_details) | Semesters(semester_id, semester_name, semester_description, other_details) | Student_Enrolment(student_enrolment_id, degree_program_id->Degree_Programs.degree_program_id, semester_id->Semesters.semester_id, student_id->Students.student_id, other_details) | Student_Enrolment_Courses(student_course_id, course_id->Courses.course_id, student_enrolment_id->Student_Enrolment.student_enrolment_id)

Question:
What are the names and descriptions of all the sections?

SQL:

2026-07-31 15:10:00,109 [INFO   ]   >> OUTPUT : SELECT section_name ,  section_description FROM sections
2026-07-31 15:10:00,964 [INFO   ] [inference] generate_sql  latency_sec=0.8339  input_tokens=224  output_tokens=12
2026-07-31 15:10:00,964 [INFO   ]   >> INPUT  : Translate the natural language question into a valid SQL query using the provided schema.

Schema:
Courses(course_id, course_name, course_description, other_details) | Sections(section_id, course_id->Courses.course_id, section_name, section_description, other_details) | Semesters(semester_id, semester_name, semester_description, other_details) | Student_Enrolment(student_enrolment_id, degree_program_id->Degree_Programs.degree_program_id, semester_id->Semesters.semester_id, student_id->Students.student_id, other_details) | Student_Enrolment_Courses(student_course_id, course_id->Courses.course_id, student_enrolment_id->Student_Enrolment.student_enrolment_id)

Question:
What are the names and descriptions for all the sections?

SQL:

2026-07-31 15:10:00,964 [INFO   ]   >> OUTPUT : SELECT section_name ,  section_description FROM sections
2026-07-31 15:10:02,377 [INFO   ] [inference] generate_sql  latency_sec=1.3972  input_tokens=227  output_tokens=28
2026-07-31 15:10:02,377 [INFO   ]   >> INPUT  : Translate the natural language question into a valid SQL query using the provided schema.

Schema:
Courses(course_id, course_name, course_description, other_details) | Sections(section_id, course_id->Courses.course_id, section_name, section_description, other_details) | Semesters(semester_id, semester_name, semester_description, other_details) | Student_Enrolment(student_enrolment_id, degree_program_id->Degree_Programs.degree_program_id, semester_id->Semesters.semester_id, student_id->Students.student_id, other_details) | Student_Enrolment_Courses(student_course_id, course_id->Courses.course_id, student_enrolment_id->Student_Enrolment.student_enrolment_id)

Question:
What are the names and id of courses having at most 2 sections?

SQL:

2026-07-31 15:10:02,377 [INFO   ]   >> OUTPUT : SELECT course_name ,  course_id FROM courses GROUP BY course_name HAVING count(*)  <=  2
2026-07-31 15:10:03,790 [INFO   ] [inference] generate_sql  latency_sec=1.3973  input_tokens=229  output_tokens=28
2026-07-31 15:10:03,790 [INFO   ]   >> INPUT  : Translate the natural language question into a valid SQL query using the provided schema.

Schema:
Courses(course_id, course_name, course_description, other_details) | Sections(section_id, course_id->Courses.course_id, section_name, section_description, other_details) | Semesters(semester_id, semester_name, semester_description, other_details) | Student_Enrolment(student_enrolment_id, degree_program_id->Degree_Programs.degree_program_id, semester_id->Semesters.semester_id, student_id->Students.student_id, other_details) | Student_Enrolment_Courses(student_course_id, course_id->Courses.course_id, student_enrolment_id->Student_Enrolment.student_enrolment_id)

Question:
What are the names and ids of every course with less than 2 sections?

SQL:

2026-07-31 15:10:03,790 [INFO   ]   >> OUTPUT : SELECT course_name ,  course_id FROM courses GROUP BY course_name HAVING count(*)  <=  2
2026-07-31 15:10:04,509 [INFO   ] [inference] generate_sql  latency_sec=0.7036  input_tokens=225  output_tokens=14
2026-07-31 15:10:04,509 [INFO   ]   >> INPUT  : Translate the natural language question into a valid SQL query using the provided schema.

Schema:
Courses(course_id, course_name, course_description, other_details) | Sections(section_id, course_id->Courses.course_id, section_name, section_description, other_details) | Semesters(semester_id, semester_name, semester_description, other_details) | Student_Enrolment(student_enrolment_id, degree_program_id->Degree_Programs.degree_program_id, semester_id->Semesters.semester_id, student_id->Students.student_id, other_details) | Student_Enrolment_Courses(student_course_id, course_id->Courses.course_id, student_enrolment_id->Student_Enrolment.student_enrolment_id)

Question:
List the section_name in reversed lexicographical order.

SQL:

2026-07-31 15:10:04,509 [INFO   ]   >> OUTPUT : SELECT section_name FROM Sections ORDER BY section_name DESC
2026-07-31 15:10:05,173 [INFO   ] [inference] generate_sql  latency_sec=0.6482  input_tokens=226  output_tokens=13
2026-07-31 15:10:05,174 [INFO   ]   >> INPUT  : Translate the natural language question into a valid SQL query using the provided schema.

Schema:
Courses(course_id, course_name, course_description, other_details) | Sections(section_id, course_id->Courses.course_id, section_name, section_description, other_details) | Semesters(semester_id, semester_name, semester_description, other_details) | Student_Enrolment(student_enrolment_id, degree_program_id->Degree_Programs.degree_program_id, semester_id->Semesters.semester_id, student_id->Students.student_id, other_details) | Student_Enrolment_Courses(student_course_id, course_id->Courses.course_id, student_enrolment_id->Student_Enrolment.student_enrolment_id)

Question:
What are the names of the sections in reverse alphabetical order?

SQL:

2026-07-31 15:10:05,174 [INFO   ]   >> OUTPUT : SELECT section_name FROM sections ORDER BY section_name ASC
2026-07-31 15:10:08,592 [INFO   ] [inference] generate_sql  latency_sec=3.4034  input_tokens=338  output_tokens=70
2026-07-31 15:10:08,592 [INFO   ]   >> INPUT  : Translate the natural language question into a valid SQL query using the provided schema.

Schema:
Addresses(address_id, line_1, line_2, line_3, city, zip_postcode, state_province_county, country, other_address_details) | Degree_Programs(degree_program_id, department_id->Departments.department_id, degree_summary_name, degree_summary_description, other_details) | Semesters(semester_id, semester_name, semester_description, other_details) | Students(student_id, current_address_id->Addresses.address_id, permanent_address_id->Addresses.address_id, first_name, middle_name, last_name, cell_mobile_number, email_address, ssn, date_first_registered, date_left, other_student_details) | Student_Enrolment(student_enrolment_id, degree_program_id->Degree_Programs.degree_program_id, semester_id->Semesters.semester_id, student_id->Students.student_id, other_details) | Student_Enrolment_Courses(student_course_id, course_id->Courses.course_id, student_enrolment_id->Student_Enrolment.student_enrolment_id)
2026-07-31 15:10:08,592 [INFO   ]   >> OUTPUT : SELECT T1.semester_name ,  T1.semester_id FROM Semesters AS T1 JOIN Students AS T2 ON T1.semester_id = T2.semester_id GROUP BY T1.semester_id ORDER BY count(*) DESC LIMIT 1
2026-07-31 15:10:12,507 [INFO   ] [inference] generate_sql  latency_sec=3.8978  input_tokens=339  output_tokens=70
2026-07-31 15:10:12,507 [INFO   ]   >> INPUT  : Translate the natural language question into a valid SQL query using the provided schema.

Schema:
Addresses(address_id, line_1, line_2, line_3, city, zip_postcode, state_province_county, country, other_address_details) | Degree_Programs(degree_program_id, department_id->Departments.department_id, degree_summary_name, degree_summary_description, other_details) | Semesters(semester_id, semester_name, semester_description, other_details) | Students(student_id, current_address_id->Addresses.address_id, permanent_address_id->Addresses.address_id, first_name, middle_name, last_name, cell_mobile_number, email_address, ssn, date_first_registered, date_left, other_student_details) | Student_Enrolment(student_enrolment_id, degree_program_id->Degree_Programs.degree_program_id, semester_id->Semesters.semester_id, student_id->Students.student_id, other_details) | Student_Enrolment_Courses(student_course_id, course_id->Courses.course_id, student_enrolment_id->Student_Enrolment.student_enrolment_id)
2026-07-31 15:10:12,508 [INFO   ]   >> OUTPUT : SELECT T1.semester_name ,  T1.semester_id FROM Semesters AS T1 JOIN Students AS T2 ON T1.semester_id = T2.semester_id GROUP BY T1.semester_id ORDER BY count(*) DESC LIMIT 1
2026-07-31 15:10:13,687 [INFO   ] [inference] generate_sql  latency_sec=1.155  input_tokens=191  output_tokens=19
2026-07-31 15:10:13,687 [INFO   ]   >> INPUT  : Translate the natural language question into a valid SQL query using the provided schema.

Schema:
Departments(department_id, department_name, department_description, other_details) | Degree_Programs(degree_program_id, department_id->Departments.department_id, degree_summary_name, degree_summary_description, other_details) | Semesters(semester_id, semester_name, semester_description, other_details) | Student_Enrolment(student_enrolment_id, degree_program_id->Degree_Programs.degree_program_id, semester_id->Semesters.semester_id, student_id->Students.student_id, other_details)

Question:
What is the description of the department whose name has the substring the computer?

SQL:

2026-07-31 15:10:13,687 [INFO   ]   >> OUTPUT : SELECT department_description FROM departments WHERE department_name LIKE '%COMPUTER%'
2026-07-31 15:10:16,506 [INFO   ] [inference] generate_sql  latency_sec=2.7933  input_tokens=190  output_tokens=55
2026-07-31 15:10:16,507 [INFO   ]   >> INPUT  : Translate the natural language question into a valid SQL query using the provided schema.

Schema:
Departments(department_id, department_name, department_description, other_details) | Degree_Programs(degree_program_id, department_id->Departments.department_id, degree_summary_name, degree_summary_description, other_details) | Semesters(semester_id, semester_name, semester_description, other_details) | Student_Enrolment(student_enrolment_id, degree_program_id->Degree_Programs.degree_program_id, semester_id->Semesters.semester_id, student_id->Students.student_id, other_details)

Question:
What is the department description for the one whose name has the word computer?

SQL:

2026-07-31 15:10:16,507 [INFO   ]   >> OUTPUT : SELECT T2.department_description FROM departments AS T1 JOIN Degree_Programs AS T2 ON T1.department_id  =  T2.department_id WHERE T1.department_name  =  'computer'
2026-07-31 15:10:20,583 [INFO   ] [inference] generate_sql  latency_sec=4.0615  input_tokens=323  output_tokens=87
2026-07-31 15:10:20,583 [INFO   ]   >> INPUT  : Translate the natural language question into a valid SQL query using the provided schema.

Schema:
Departments(department_id, department_name, department_description, other_details) | Degree_Programs(degree_program_id, department_id->Departments.department_id, degree_summary_name, degree_summary_description, other_details) | Semesters(semester_id, semester_name, semester_description, other_details) | Students(student_id, current_address_id->Addresses.address_id, permanent_address_id->Addresses.address_id, first_name, middle_name, last_name, cell_mobile_number, email_address, ssn, date_first_registered, date_left, other_student_details) | Student_Enrolment(student_enrolment_id, degree_program_id->Degree_Programs.degree_program_id, semester_id->Semesters.semester_id, student_id->Students.student_id, other_details) | Student_Enrolment_Courses(student_course_id, course_id->Courses.course_id, student_enrolment_id->Student_Enrolment.student_enrolment_id)

Question:
Who are enrolled in 2 degr
2026-07-31 15:10:20,583 [INFO   ]   >> OUTPUT : SELECT T1.first_name ,  T1.middle_name ,  T1.last_name ,  T1.degree_program_id FROM Degree_Programs AS T1 JOIN Semesters AS T2 ON T1.degree_program_id = T2.degree_program_id GROUP BY T1.degree_program_id HAVING count(*)  =  2
2026-07-31 15:10:26,785 [INFO   ] [inference] generate_sql  latency_sec=6.1864  input_tokens=328  output_tokens=112
2026-07-31 15:10:26,785 [INFO   ]   >> INPUT  : Translate the natural language question into a valid SQL query using the provided schema.

Schema:
Departments(department_id, department_name, department_description, other_details) | Degree_Programs(degree_program_id, department_id->Departments.department_id, degree_summary_name, degree_summary_description, other_details) | Semesters(semester_id, semester_name, semester_description, other_details) | Students(student_id, current_address_id->Addresses.address_id, permanent_address_id->Addresses.address_id, first_name, middle_name, last_name, cell_mobile_number, email_address, ssn, date_first_registered, date_left, other_student_details) | Student_Enrolment(student_enrolment_id, degree_program_id->Degree_Programs.degree_program_id, semester_id->Semesters.semester_id, student_id->Students.student_id, other_details) | Student_Enrolment_Courses(student_course_id, course_id->Courses.course_id, student_enrolment_id->Student_Enrolment.student_enrolment_id)

Question:
What are the first, middle
2026-07-31 15:10:26,785 [INFO   ]   >> OUTPUT : SELECT T1.first_name ,  T1.middle_name ,  T1.last_name ,  T2.student_id FROM students AS T1 JOIN student_enrolment_courses AS T2 ON T1.student_id  =  T2.student_id JOIN degree_programs AS T3 ON T2.course_id  =  T3.course_id WHERE T3.semester_id  =  2 GROUP BY T1.student_id
2026-07-31 15:10:30,783 [INFO   ] [inference] generate_sql  latency_sec=3.9752  input_tokens=361  output_tokens=74
2026-07-31 15:10:30,783 [INFO   ]   >> INPUT  : Translate the natural language question into a valid SQL query using the provided schema.

Schema:
Addresses(address_id, line_1, line_2, line_3, city, zip_postcode, state_province_county, country, other_address_details) | Departments(department_id, department_name, department_description, other_details) | Degree_Programs(degree_program_id, department_id->Departments.department_id, degree_summary_name, degree_summary_description, other_details) | Semesters(semester_id, semester_name, semester_description, other_details) | Students(student_id, current_address_id->Addresses.address_id, permanent_address_id->Addresses.address_id, first_name, middle_name, last_name, cell_mobile_number, email_address, ssn, date_first_registered, date_left, other_student_details) | Student_Enrolment(student_enrolment_id, degree_program_id->Degree_Programs.degree_program_id, semester_id->Semesters.semester_id, student_id->Students.student_id, other_details) | Student_Enrolment_Courses(student_course_id, course
2026-07-31 15:10:30,783 [INFO   ]   >> OUTPUT : SELECT T1.first_name ,  T1.middle_name ,  T1.last_name FROM Degree_Programs AS T1 JOIN Students AS T2 ON T1.degree_program_id  =  T2.degree_program_id WHERE T2.degree_summary_name  =  "Bachelor"
2026-07-31 15:10:34,254 [INFO   ] [inference] generate_sql  latency_sec=3.4554  input_tokens=361  output_tokens=68
2026-07-31 15:10:34,254 [INFO   ]   >> INPUT  : Translate the natural language question into a valid SQL query using the provided schema.

Schema:
Addresses(address_id, line_1, line_2, line_3, city, zip_postcode, state_province_county, country, other_address_details) | Departments(department_id, department_name, department_description, other_details) | Degree_Programs(degree_program_id, department_id->Departments.department_id, degree_summary_name, degree_summary_description, other_details) | Semesters(semester_id, semester_name, semester_description, other_details) | Students(student_id, current_address_id->Addresses.address_id, permanent_address_id->Addresses.address_id, first_name, middle_name, last_name, cell_mobile_number, email_address, ssn, date_first_registered, date_left, other_student_details) | Student_Enrolment(student_enrolment_id, degree_program_id->Degree_Programs.degree_program_id, semester_id->Semesters.semester_id, student_id->Students.student_id, other_details) | Student_Enrolment_Courses(student_course_id, course
2026-07-31 15:10:34,254 [INFO   ]   >> OUTPUT : SELECT T1.first_name ,  T1.middle_name ,  T1.last_name FROM Addresses AS T1 JOIN Degree_Programs AS T2 ON T1.address_id = T2.address_id WHERE T2.degree_program_name = "Bachelors"
2026-07-31 15:10:35,748 [INFO   ] [inference] generate_sql  latency_sec=1.4788  input_tokens=312  output_tokens=29
2026-07-31 15:10:35,748 [INFO   ]   >> INPUT  : Translate the natural language question into a valid SQL query using the provided schema.

Schema:
Departments(department_id, department_name, department_description, other_details) | Degree_Programs(degree_program_id, department_id->Departments.department_id, degree_summary_name, degree_summary_description, other_details) | Semesters(semester_id, semester_name, semester_description, other_details) | Students(student_id, current_address_id->Addresses.address_id, permanent_address_id->Addresses.address_id, first_name, middle_name, last_name, cell_mobile_number, email_address, ssn, date_first_registered, date_left, other_student_details) | Student_Enrolment(student_enrolment_id, degree_program_id->Degree_Programs.degree_program_id, semester_id->Semesters.semester_id, student_id->Students.student_id, other_details) | Student_Enrolment_Courses(student_course_id, course_id->Courses.course_id, student_enrolment_id->Student_Enrolment.student_enrolment_id)

Question:
Find the kind of program w
2026-07-31 15:10:35,749 [INFO   ]   >> OUTPUT : SELECT degree_program_id FROM Degree_Programs GROUP BY degree_program_id ORDER BY count(*) DESC LIMIT 1
2026-07-31 15:10:38,999 [INFO   ] [inference] generate_sql  latency_sec=3.2352  input_tokens=313  output_tokens=62
2026-07-31 15:10:38,999 [INFO   ]   >> INPUT  : Translate the natural language question into a valid SQL query using the provided schema.

Schema:
Departments(department_id, department_name, department_description, other_details) | Degree_Programs(degree_program_id, department_id->Departments.department_id, degree_summary_name, degree_summary_description, other_details) | Semesters(semester_id, semester_name, semester_description, other_details) | Students(student_id, current_address_id->Addresses.address_id, permanent_address_id->Addresses.address_id, first_name, middle_name, last_name, cell_mobile_number, email_address, ssn, date_first_registered, date_left, other_student_details) | Student_Enrolment(student_enrolment_id, degree_program_id->Degree_Programs.degree_program_id, semester_id->Semesters.semester_id, student_id->Students.student_id, other_details) | Student_Enrolment_Courses(student_course_id, course_id->Courses.course_id, student_enrolment_id->Student_Enrolment.student_enrolment_id)

Question:
What is the degree summary
2026-07-31 15:10:38,999 [INFO   ]   >> OUTPUT : SELECT T1.degree_summary_description FROM Degree_Programs AS T1 JOIN Students AS T2 ON T1.degree_program_id = T2.degree_program_id GROUP BY T1.degree_program_id ORDER BY count(*) DESC LIMIT 1
2026-07-31 15:10:43,260 [INFO   ] [inference] generate_sql  latency_sec=4.2393  input_tokens=318  output_tokens=70
2026-07-31 15:10:43,261 [INFO   ]   >> INPUT  : Translate the natural language question into a valid SQL query using the provided schema.

Schema:
Departments(department_id, department_name, department_description, other_details) | Degree_Programs(degree_program_id, department_id->Departments.department_id, degree_summary_name, degree_summary_description, other_details) | Semesters(semester_id, semester_name, semester_description, other_details) | Students(student_id, current_address_id->Addresses.address_id, permanent_address_id->Addresses.address_id, first_name, middle_name, last_name, cell_mobile_number, email_address, ssn, date_first_registered, date_left, other_student_details) | Student_Enrolment(student_enrolment_id, degree_program_id->Degree_Programs.degree_program_id, semester_id->Semesters.semester_id, student_id->Students.student_id, other_details) | Student_Enrolment_Courses(student_course_id, course_id->Courses.course_id, student_enrolment_id->Student_Enrolment.student_enrolment_id)

Question:
Find the program which mos
2026-07-31 15:10:43,261 [INFO   ]   >> OUTPUT : SELECT T1.program_id ,  T1.degree_summary_name FROM Degree_Programs AS T1 JOIN Students AS T2 ON T1.degree_program_id  =  T2.degree_program_id GROUP BY T1.program_id ORDER BY count(*) DESC LIMIT 1
2026-07-31 15:10:46,546 [INFO   ] [inference] generate_sql  latency_sec=3.2701  input_tokens=316  output_tokens=68
2026-07-31 15:10:46,546 [INFO   ]   >> INPUT  : Translate the natural language question into a valid SQL query using the provided schema.

Schema:
Departments(department_id, department_name, department_description, other_details) | Degree_Programs(degree_program_id, department_id->Departments.department_id, degree_summary_name, degree_summary_description, other_details) | Semesters(semester_id, semester_name, semester_description, other_details) | Students(student_id, current_address_id->Addresses.address_id, permanent_address_id->Addresses.address_id, first_name, middle_name, last_name, cell_mobile_number, email_address, ssn, date_first_registered, date_left, other_student_details) | Student_Enrolment(student_enrolment_id, degree_program_id->Degree_Programs.degree_program_id, semester_id->Semesters.semester_id, student_id->Students.student_id, other_details) | Student_Enrolment_Courses(student_course_id, course_id->Courses.course_id, student_enrolment_id->Student_Enrolment.student_enrolment_id)

Question:
What is the program id and
2026-07-31 15:10:46,546 [INFO   ]   >> OUTPUT : SELECT T1.program_id ,  T1.degree_summary_description FROM Degree_Programs AS T1 JOIN Students AS T2 ON T1.degree_program_id = T2.degree_program_id GROUP BY T1.program_id ORDER BY count(*) DESC LIMIT 1
2026-07-31 15:10:50,912 [INFO   ] [inference] generate_sql  latency_sec=4.3494  input_tokens=354  output_tokens=89
2026-07-31 15:10:50,912 [INFO   ]   >> INPUT  : Translate the natural language question into a valid SQL query using the provided schema.

Schema:
Addresses(address_id, line_1, line_2, line_3, city, zip_postcode, state_province_county, country, other_address_details) | Degree_Programs(degree_program_id, department_id->Departments.department_id, degree_summary_name, degree_summary_description, other_details) | Semesters(semester_id, semester_name, semester_description, other_details) | Students(student_id, current_address_id->Addresses.address_id, permanent_address_id->Addresses.address_id, first_name, middle_name, last_name, cell_mobile_number, email_address, ssn, date_first_registered, date_left, other_student_details) | Student_Enrolment(student_enrolment_id, degree_program_id->Degree_Programs.degree_program_id, semester_id->Semesters.semester_id, student_id->Students.student_id, other_details) | Student_Enrolment_Courses(student_course_id, course_id->Courses.course_id, student_enrolment_id->Student_Enrolment.student_enrolment_id)
2026-07-31 15:10:50,912 [INFO   ]   >> OUTPUT : SELECT T1.student_id ,  T1.first_name ,  T1.middle_name ,  T1.last_name ,  count(*) FROM students AS T1 JOIN student_enrolment_courses AS T2 ON T1.student_id  =  T2.student_id GROUP BY T1.student_id ORDER BY count(*) DESC LIMIT 1
2026-07-31 15:10:56,080 [INFO   ] [inference] generate_sql  latency_sec=5.1523  input_tokens=373  output_tokens=81
2026-07-31 15:10:56,080 [INFO   ]   >> INPUT  : Translate the natural language question into a valid SQL query using the provided schema.

Schema:
Addresses(address_id, line_1, line_2, line_3, city, zip_postcode, state_province_county, country, other_address_details) | Departments(department_id, department_name, department_description, other_details) | Degree_Programs(degree_program_id, department_id->Departments.department_id, degree_summary_name, degree_summary_description, other_details) | Semesters(semester_id, semester_name, semester_description, other_details) | Students(student_id, current_address_id->Addresses.address_id, permanent_address_id->Addresses.address_id, first_name, middle_name, last_name, cell_mobile_number, email_address, ssn, date_first_registered, date_left, other_student_details) | Student_Enrolment(student_enrolment_id, degree_program_id->Degree_Programs.degree_program_id, semester_id->Semesters.semester_id, student_id->Students.student_id, other_details) | Student_Enrolment_Courses(student_course_id, course
2026-07-31 15:10:56,080 [INFO   ]   >> OUTPUT : SELECT T1.first_name ,  T1.middle_name ,  T1.last_name ,  T1.student_id FROM Student_Enrolment AS T1 JOIN Students AS T2 ON T1.student_id  =  T2.student_id GROUP BY T1.student_id ORDER BY count(*) DESC LIMIT 1
2026-07-31 15:10:57,308 [INFO   ] [inference] generate_sql  latency_sec=1.2055  input_tokens=335  output_tokens=23
2026-07-31 15:10:57,308 [INFO   ]   >> INPUT  : Translate the natural language question into a valid SQL query using the provided schema.

Schema:
Addresses(address_id, line_1, line_2, line_3, city, zip_postcode, state_province_county, country, other_address_details) | Degree_Programs(degree_program_id, department_id->Departments.department_id, degree_summary_name, degree_summary_description, other_details) | Semesters(semester_id, semester_name, semester_description, other_details) | Students(student_id, current_address_id->Addresses.address_id, permanent_address_id->Addresses.address_id, first_name, middle_name, last_name, cell_mobile_number, email_address, ssn, date_first_registered, date_left, other_student_details) | Student_Enrolment(student_enrolment_id, degree_program_id->Degree_Programs.degree_program_id, semester_id->Semesters.semester_id, student_id->Students.student_id, other_details) | Student_Enrolment_Courses(student_course_id, course_id->Courses.course_id, student_enrolment_id->Student_Enrolment.student_enrolment_id)
2026-07-31 15:10:57,308 [INFO   ]   >> OUTPUT : SELECT semester_name FROM Semesters EXCEPT SELECT semester_name FROM Student_Enrolment_Courses
2026-07-31 15:10:58,817 [INFO   ] [inference] generate_sql  latency_sec=1.4921  input_tokens=348  output_tokens=29
2026-07-31 15:10:58,817 [INFO   ]   >> INPUT  : Translate the natural language question into a valid SQL query using the provided schema.

Schema:
Courses(course_id, course_name, course_description, other_details) | Degree_Programs(degree_program_id, department_id->Departments.department_id, degree_summary_name, degree_summary_description, other_details) | Semesters(semester_id, semester_name, semester_description, other_details) | Students(student_id, current_address_id->Addresses.address_id, permanent_address_id->Addresses.address_id, first_name, middle_name, last_name, cell_mobile_number, email_address, ssn, date_first_registered, date_left, other_student_details) | Student_Enrolment(student_enrolment_id, degree_program_id->Degree_Programs.degree_program_id, semester_id->Semesters.semester_id, student_id->Students.student_id, other_details) | Student_Enrolment_Courses(student_course_id, course_id->Courses.course_id, student_enrolment_id->Student_Enrolment.student_enrolment_id) | Transcript_Contents(student_course_id->Student_Enro
2026-07-31 15:10:58,817 [INFO   ]   >> OUTPUT : SELECT semester_name FROM Semesters WHERE semester_id NOT IN (SELECT semester_id FROM Student_Enrolment_Courses)
2026-07-31 15:11:01,760 [INFO   ] [inference] generate_sql  latency_sec=2.9258  input_tokens=268  output_tokens=61
2026-07-31 15:11:01,760 [INFO   ]   >> INPUT  : Translate the natural language question into a valid SQL query using the provided schema.

Schema:
Courses(course_id, course_name, course_description, other_details) | Sections(section_id, course_id->Courses.course_id, section_name, section_description, other_details) | Semesters(semester_id, semester_name, semester_description, other_details) | Student_Enrolment(student_enrolment_id, degree_program_id->Degree_Programs.degree_program_id, semester_id->Semesters.semester_id, student_id->Students.student_id, other_details) | Student_Enrolment_Courses(student_course_id, course_id->Courses.course_id, student_enrolment_id->Student_Enrolment.student_enrolment_id) | Transcript_Contents(student_course_id->Student_Enrolment_Courses.student_course_id, transcript_id->Transcripts.transcript_id)

Question:
What are all the course names of the courses which ever have students enrolled in?

SQL:

2026-07-31 15:11:01,760 [INFO   ]   >> OUTPUT : SELECT course_name FROM courses AS T1 JOIN student_enrolment_courses AS T2 ON T1.course_id  =  T2.course_id JOIN students AS T3 ON T2.student_id  =  T3.student_id
2026-07-31 15:11:04,754 [INFO   ] [inference] generate_sql  latency_sec=2.979  input_tokens=265  output_tokens=61
2026-07-31 15:11:04,754 [INFO   ]   >> INPUT  : Translate the natural language question into a valid SQL query using the provided schema.

Schema:
Courses(course_id, course_name, course_description, other_details) | Sections(section_id, course_id->Courses.course_id, section_name, section_description, other_details) | Semesters(semester_id, semester_name, semester_description, other_details) | Student_Enrolment(student_enrolment_id, degree_program_id->Degree_Programs.degree_program_id, semester_id->Semesters.semester_id, student_id->Students.student_id, other_details) | Student_Enrolment_Courses(student_course_id, course_id->Courses.course_id, student_enrolment_id->Student_Enrolment.student_enrolment_id) | Transcript_Contents(student_course_id->Student_Enrolment_Courses.student_course_id, transcript_id->Transcripts.transcript_id)

Question:
What are the names of all courses that have some students enrolled?

SQL:

2026-07-31 15:11:04,754 [INFO   ]   >> OUTPUT : SELECT course_name FROM courses AS T1 JOIN student_enrolment_courses AS T2 ON T1.course_id  =  T2.course_id JOIN students AS T3 ON T2.student_id  =  T3.student_id
2026-07-31 15:11:06,023 [INFO   ] [inference] generate_sql  latency_sec=1.2536  input_tokens=380  output_tokens=22
2026-07-31 15:11:06,024 [INFO   ]   >> INPUT  : Translate the natural language question into a valid SQL query using the provided schema.

Schema:
Courses(course_id, course_name, course_description, other_details) | Degree_Programs(degree_program_id, department_id->Departments.department_id, degree_summary_name, degree_summary_description, other_details) | Sections(section_id, course_id->Courses.course_id, section_name, section_description, other_details) | Semesters(semester_id, semester_name, semester_description, other_details) | Students(student_id, current_address_id->Addresses.address_id, permanent_address_id->Addresses.address_id, first_name, middle_name, last_name, cell_mobile_number, email_address, ssn, date_first_registered, date_left, other_student_details) | Student_Enrolment(student_enrolment_id, degree_program_id->Degree_Programs.degree_program_id, semester_id->Semesters.semester_id, student_id->Students.student_id, other_details) | Student_Enrolment_Courses(student_course_id, course_id->Courses.course_id, student_enro
2026-07-31 15:11:06,024 [INFO   ]   >> OUTPUT : SELECT course_name FROM courses GROUP BY course_name ORDER BY count(*) DESC LIMIT 1
2026-07-31 15:11:09,557 [INFO   ] [inference] generate_sql  latency_sec=3.5179  input_tokens=379  output_tokens=53
2026-07-31 15:11:09,557 [INFO   ]   >> INPUT  : Translate the natural language question into a valid SQL query using the provided schema.

Schema:
Courses(course_id, course_name, course_description, other_details) | Degree_Programs(degree_program_id, department_id->Departments.department_id, degree_summary_name, degree_summary_description, other_details) | Sections(section_id, course_id->Courses.course_id, section_name, section_description, other_details) | Semesters(semester_id, semester_name, semester_description, other_details) | Students(student_id, current_address_id->Addresses.address_id, permanent_address_id->Addresses.address_id, first_name, middle_name, last_name, cell_mobile_number, email_address, ssn, date_first_registered, date_left, other_student_details) | Student_Enrolment(student_enrolment_id, degree_program_id->Degree_Programs.degree_program_id, semester_id->Semesters.semester_id, student_id->Students.student_id, other_details) | Student_Enrolment_Courses(student_course_id, course_id->Courses.course_id, student_enro
2026-07-31 15:11:09,557 [INFO   ]   >> OUTPUT : SELECT T1.course_name FROM courses AS T1 JOIN students AS T2 ON T1.course_id  =  T2.course_id GROUP BY T1.course_id ORDER BY count(*) DESC LIMIT 1
2026-07-31 15:11:15,607 [INFO   ] [inference] generate_sql  latency_sec=6.0225  input_tokens=366  output_tokens=79
2026-07-31 15:11:15,607 [INFO   ]   >> INPUT  : Translate the natural language question into a valid SQL query using the provided schema.

Schema:
Addresses(address_id, line_1, line_2, line_3, city, zip_postcode, state_province_county, country, other_address_details) | Departments(department_id, department_name, department_description, other_details) | Degree_Programs(degree_program_id, department_id->Departments.department_id, degree_summary_name, degree_summary_description, other_details) | Semesters(semester_id, semester_name, semester_description, other_details) | Students(student_id, current_address_id->Addresses.address_id, permanent_address_id->Addresses.address_id, first_name, middle_name, last_name, cell_mobile_number, email_address, ssn, date_first_registered, date_left, other_student_details) | Student_Enrolment(student_enrolment_id, degree_program_id->Degree_Programs.degree_program_id, semester_id->Semesters.semester_id, student_id->Students.student_id, other_details) | Student_Enrolment_Courses(student_course_id, course
2026-07-31 15:11:15,607 [INFO   ]   >> OUTPUT : SELECT last_name FROM students WHERE state_province_county  =  "North Carolina" EXCEPT SELECT T1.last_name FROM students AS T1 JOIN degree_programs AS T2 ON T1.degree_program_id  =  T2.degree_program_id WHERE T2.other_details  =  "North Carolina"
2026-07-31 15:11:20,292 [INFO   ] [inference] generate_sql  latency_sec=4.6627  input_tokens=363  output_tokens=92
2026-07-31 15:11:20,293 [INFO   ]   >> INPUT  : Translate the natural language question into a valid SQL query using the provided schema.

Schema:
Addresses(address_id, line_1, line_2, line_3, city, zip_postcode, state_province_county, country, other_address_details) | Departments(department_id, department_name, department_description, other_details) | Degree_Programs(degree_program_id, department_id->Departments.department_id, degree_summary_name, degree_summary_description, other_details) | Semesters(semester_id, semester_name, semester_description, other_details) | Students(student_id, current_address_id->Addresses.address_id, permanent_address_id->Addresses.address_id, first_name, middle_name, last_name, cell_mobile_number, email_address, ssn, date_first_registered, date_left, other_student_details) | Student_Enrolment(student_enrolment_id, degree_program_id->Degree_Programs.degree_program_id, semester_id->Semesters.semester_id, student_id->Students.student_id, other_details) | Student_Enrolment_Courses(student_course_id, course
2026-07-31 15:11:20,293 [INFO   ]   >> OUTPUT : SELECT T2.last_name FROM Addresses AS T1 JOIN Students AS T2 ON T1.address_id  =  T2.current_address_id WHERE T1.country  =  "North Carolina" EXCEPT SELECT T2.last_name FROM Addresses AS T1 JOIN Degree_Programs AS T2 ON T1.address_id  =  T2.other_address_id
2026-07-31 15:11:24,441 [INFO   ] [inference] generate_sql  latency_sec=4.1262  input_tokens=201  output_tokens=69
2026-07-31 15:11:24,441 [INFO   ]   >> INPUT  : Translate the natural language question into a valid SQL query using the provided schema.

Schema:
Courses(course_id, course_name, course_description, other_details) | Sections(section_id, course_id->Courses.course_id, section_name, section_description, other_details) | Student_Enrolment_Courses(student_course_id, course_id->Courses.course_id, student_enrolment_id->Student_Enrolment.student_enrolment_id) | Transcripts(transcript_id, transcript_date, other_details) | Transcript_Contents(student_course_id->Student_Enrolment_Courses.student_course_id, transcript_id->Transcripts.transcript_id)

Question:
Show the date and id of the transcript with at least 2 course results.

SQL:

2026-07-31 15:11:24,441 [INFO   ]   >> OUTPUT : SELECT T1.transcript_date ,  T1.transcript_id FROM transcript_contents AS T1 JOIN courses AS T2 ON T1.transcript_id  =  T2.course_id GROUP BY T1.transcript_id HAVING count(*)  >=  2
2026-07-31 15:11:27,691 [INFO   ] [inference] generate_sql  latency_sec=3.2346  input_tokens=202  output_tokens=69
2026-07-31 15:11:27,691 [INFO   ]   >> INPUT  : Translate the natural language question into a valid SQL query using the provided schema.

Schema:
Courses(course_id, course_name, course_description, other_details) | Sections(section_id, course_id->Courses.course_id, section_name, section_description, other_details) | Student_Enrolment_Courses(student_course_id, course_id->Courses.course_id, student_enrolment_id->Student_Enrolment.student_enrolment_id) | Transcripts(transcript_id, transcript_date, other_details) | Transcript_Contents(student_course_id->Student_Enrolment_Courses.student_course_id, transcript_id->Transcripts.transcript_id)

Question:
What is the date and id of the transcript with at least 2 courses listed?

SQL:

2026-07-31 15:11:27,691 [INFO   ]   >> OUTPUT : SELECT T1.transcript_date ,  T1.transcript_id FROM transcript_contents AS T1 JOIN courses AS T2 ON T1.transcript_id  =  T2.course_id GROUP BY T1.transcript_date HAVING count(*)  >=  2
2026-07-31 15:11:30,603 [INFO   ] [inference] generate_sql  latency_sec=2.8963  input_tokens=341  output_tokens=59
2026-07-31 15:11:30,603 [INFO   ]   >> INPUT  : Translate the natural language question into a valid SQL query using the provided schema.

Schema:
Addresses(address_id, line_1, line_2, line_3, city, zip_postcode, state_province_county, country, other_address_details) | Degree_Programs(degree_program_id, department_id->Departments.department_id, degree_summary_name, degree_summary_description, other_details) | Semesters(semester_id, semester_name, semester_description, other_details) | Students(student_id, current_address_id->Addresses.address_id, permanent_address_id->Addresses.address_id, first_name, middle_name, last_name, cell_mobile_number, email_address, ssn, date_first_registered, date_left, other_student_details) | Student_Enrolment(student_enrolment_id, degree_program_id->Degree_Programs.degree_program_id, semester_id->Semesters.semester_id, student_id->Students.student_id, other_details) | Student_Enrolment_Courses(student_course_id, course_id->Courses.course_id, student_enrolment_id->Student_Enrolment.student_enrolment_id)
2026-07-31 15:11:30,603 [INFO   ]   >> OUTPUT : SELECT T1.phone_number FROM addresses AS T1 JOIN students AS T2 ON T1.address_id = T2.permanent_address_id WHERE T2.first_name = "Timothy" AND T2.last_name = "Ward";
2026-07-31 15:11:33,637 [INFO   ] [inference] generate_sql  latency_sec=3.0139  input_tokens=335  output_tokens=62
2026-07-31 15:11:33,637 [INFO   ]   >> INPUT  : Translate the natural language question into a valid SQL query using the provided schema.

Schema:
Addresses(address_id, line_1, line_2, line_3, city, zip_postcode, state_province_county, country, other_address_details) | Degree_Programs(degree_program_id, department_id->Departments.department_id, degree_summary_name, degree_summary_description, other_details) | Semesters(semester_id, semester_name, semester_description, other_details) | Students(student_id, current_address_id->Addresses.address_id, permanent_address_id->Addresses.address_id, first_name, middle_name, last_name, cell_mobile_number, email_address, ssn, date_first_registered, date_left, other_student_details) | Student_Enrolment(student_enrolment_id, degree_program_id->Degree_Programs.degree_program_id, semester_id->Semesters.semester_id, student_id->Students.student_id, other_details) | Student_Enrolment_Courses(student_course_id, course_id->Courses.course_id, student_enrolment_id->Student_Enrolment.student_enrolment_id)
2026-07-31 15:11:33,637 [INFO   ]   >> OUTPUT : SELECT T1.cell_mobile_number FROM Addresses AS T1 JOIN Students AS T2 ON T1.address_id = T2.permanent_address_id WHERE T2.first_name = "Timothy" AND T2.last_name = "Ward"
2026-07-31 15:11:37,077 [INFO   ] [inference] generate_sql  latency_sec=3.4236  input_tokens=398  output_tokens=52
2026-07-31 15:11:37,077 [INFO   ]   >> INPUT  : Translate the natural language question into a valid SQL query using the provided schema.

Schema:
Addresses(address_id, line_1, line_2, line_3, city, zip_postcode, state_province_county, country, other_address_details) | Courses(course_id, course_name, course_description, other_details) | Degree_Programs(degree_program_id, department_id->Departments.department_id, degree_summary_name, degree_summary_description, other_details) | Semesters(semester_id, semester_name, semester_description, other_details) | Students(student_id, current_address_id->Addresses.address_id, permanent_address_id->Addresses.address_id, first_name, middle_name, last_name, cell_mobile_number, email_address, ssn, date_first_registered, date_left, other_student_details) | Student_Enrolment(student_enrolment_id, degree_program_id->Degree_Programs.degree_program_id, semester_id->Semesters.semester_id, student_id->Students.student_id, other_details) | Student_Enrolment_Courses(student_course_id, course_id->Courses.cou
2026-07-31 15:11:37,077 [INFO   ]   >> OUTPUT : SELECT T1.first_name ,  T1.middle_name ,  T1.last_name FROM Students AS T1 JOIN Courses AS T2 ON T1.student_id  =  T2.student_id
2026-07-31 15:11:39,940 [INFO   ] [inference] generate_sql  latency_sec=2.8399  input_tokens=396  output_tokens=52
2026-07-31 15:11:39,940 [INFO   ]   >> INPUT  : Translate the natural language question into a valid SQL query using the provided schema.

Schema:
Addresses(address_id, line_1, line_2, line_3, city, zip_postcode, state_province_county, country, other_address_details) | Courses(course_id, course_name, course_description, other_details) | Degree_Programs(degree_program_id, department_id->Departments.department_id, degree_summary_name, degree_summary_description, other_details) | Semesters(semester_id, semester_name, semester_description, other_details) | Students(student_id, current_address_id->Addresses.address_id, permanent_address_id->Addresses.address_id, first_name, middle_name, last_name, cell_mobile_number, email_address, ssn, date_first_registered, date_left, other_student_details) | Student_Enrolment(student_enrolment_id, degree_program_id->Degree_Programs.degree_program_id, semester_id->Semesters.semester_id, student_id->Students.student_id, other_details) | Student_Enrolment_Courses(student_course_id, course_id->Courses.cou
2026-07-31 15:11:39,940 [INFO   ]   >> OUTPUT : SELECT T2.first_name ,  T2.middle_name ,  T2.last_name FROM Courses AS T1 JOIN Students AS T2 ON T1.student_id  =  T2.student_id
2026-07-31 15:11:45,301 [INFO   ] [inference] generate_sql  latency_sec=5.3459  input_tokens=340  output_tokens=112
2026-07-31 15:11:45,301 [INFO   ]   >> INPUT  : Translate the natural language question into a valid SQL query using the provided schema.

Schema:
Addresses(address_id, line_1, line_2, line_3, city, zip_postcode, state_province_county, country, other_address_details) | Degree_Programs(degree_program_id, department_id->Departments.department_id, degree_summary_name, degree_summary_description, other_details) | Semesters(semester_id, semester_name, semester_description, other_details) | Students(student_id, current_address_id->Addresses.address_id, permanent_address_id->Addresses.address_id, first_name, middle_name, last_name, cell_mobile_number, email_address, ssn, date_first_registered, date_left, other_student_details) | Student_Enrolment(student_enrolment_id, degree_program_id->Degree_Programs.degree_program_id, semester_id->Semesters.semester_id, student_id->Students.student_id, other_details) | Student_Enrolment_Courses(student_course_id, course_id->Courses.course_id, student_enrolment_id->Student_Enrolment.student_enrolment_id)
2026-07-31 15:11:45,301 [INFO   ]   >> OUTPUT : SELECT T1.first_name ,  T1.middle_name ,  T1.last_name FROM Addresses AS T1 JOIN Degree_Programs AS T2 ON T1.address_id  =  T2.address_id JOIN Semesters AS T3 ON T2.degree_program_id  =  T3.degree_program_id WHERE T3.semester_name  =  "Graduate School" ORDER BY T3.semester_description LIMIT 1
2026-07-31 15:11:50,086 [INFO   ] [inference] generate_sql  latency_sec=4.7688  input_tokens=357  output_tokens=84
2026-07-31 15:11:50,088 [INFO   ]   >> INPUT  : Translate the natural language question into a valid SQL query using the provided schema.

Schema:
Addresses(address_id, line_1, line_2, line_3, city, zip_postcode, state_province_county, country, other_address_details) | Departments(department_id, department_name, department_description, other_details) | Degree_Programs(degree_program_id, department_id->Departments.department_id, degree_summary_name, degree_summary_description, other_details) | Semesters(semester_id, semester_name, semester_description, other_details) | Students(student_id, current_address_id->Addresses.address_id, permanent_address_id->Addresses.address_id, first_name, middle_name, last_name, cell_mobile_number, email_address, ssn, date_first_registered, date_left, other_student_details) | Student_Enrolment(student_enrolment_id, degree_program_id->Degree_Programs.degree_program_id, semester_id->Semesters.semester_id, student_id->Students.student_id, other_details) | Student_Enrolment_Courses(student_course_id, course
2026-07-31 15:11:50,088 [INFO   ]   >> OUTPUT : SELECT T1.first_name ,  T1.middle_name ,  T1.last_name FROM Addresses AS T1 JOIN Degree_Programs AS T2 ON T1.address_id  =  T2.address_id WHERE T2.degree_summary_name  =  "Graduate" ORDER BY T2.degree_summary_description LIMIT 1
2026-07-31 15:11:53,139 [INFO   ] [inference] generate_sql  latency_sec=3.0256  input_tokens=285  output_tokens=53
2026-07-31 15:11:53,139 [INFO   ]   >> INPUT  : Translate the natural language question into a valid SQL query using the provided schema.

Schema:
Addresses(address_id, line_1, line_2, line_3, city, zip_postcode, state_province_county, country, other_address_details) | Students(student_id, current_address_id->Addresses.address_id, permanent_address_id->Addresses.address_id, first_name, middle_name, last_name, cell_mobile_number, email_address, ssn, date_first_registered, date_left, other_student_details) | Student_Enrolment(student_enrolment_id, degree_program_id->Degree_Programs.degree_program_id, semester_id->Semesters.semester_id, student_id->Students.student_id, other_details) | Transcripts(transcript_id, transcript_date, other_details) | Transcript_Contents(student_course_id->Student_Enrolment_Courses.student_course_id, transcript_id->Transcripts.transcript_id)

Question:
Whose permanent address is different from his or her current address? List his or her first name.

SQL:

2026-07-31 15:11:53,139 [INFO   ]   >> OUTPUT : SELECT T1.first_name FROM Addresses AS T1 JOIN Students AS T2 ON T1.address_id = T2.current_address_id WHERE T2.permanent_address_id != T1.address_id
2026-07-31 15:11:55,776 [INFO   ] [inference] generate_sql  latency_sec=2.6211  input_tokens=340  output_tokens=53
2026-07-31 15:11:55,776 [INFO   ]   >> INPUT  : Translate the natural language question into a valid SQL query using the provided schema.

Schema:
Addresses(address_id, line_1, line_2, line_3, city, zip_postcode, state_province_county, country, other_address_details) | Degree_Programs(degree_program_id, department_id->Departments.department_id, degree_summary_name, degree_summary_description, other_details) | Semesters(semester_id, semester_name, semester_description, other_details) | Students(student_id, current_address_id->Addresses.address_id, permanent_address_id->Addresses.address_id, first_name, middle_name, last_name, cell_mobile_number, email_address, ssn, date_first_registered, date_left, other_student_details) | Student_Enrolment(student_enrolment_id, degree_program_id->Degree_Programs.degree_program_id, semester_id->Semesters.semester_id, student_id->Students.student_id, other_details) | Student_Enrolment_Courses(student_course_id, course_id->Courses.course_id, student_enrolment_id->Student_Enrolment.student_enrolment_id)
2026-07-31 15:11:55,776 [INFO   ]   >> OUTPUT : SELECT T1.first_name FROM Addresses AS T1 JOIN Students AS T2 ON T1.address_id = T2.permanent_address_id WHERE T2.current_address_id != T1.address_id
2026-07-31 15:11:59,676 [INFO   ] [inference] generate_sql  latency_sec=3.8846  input_tokens=338  output_tokens=78
2026-07-31 15:11:59,676 [INFO   ]   >> INPUT  : Translate the natural language question into a valid SQL query using the provided schema.

Schema:
Addresses(address_id, line_1, line_2, line_3, city, zip_postcode, state_province_county, country, other_address_details) | Degree_Programs(degree_program_id, department_id->Departments.department_id, degree_summary_name, degree_summary_description, other_details) | Semesters(semester_id, semester_name, semester_description, other_details) | Students(student_id, current_address_id->Addresses.address_id, permanent_address_id->Addresses.address_id, first_name, middle_name, last_name, cell_mobile_number, email_address, ssn, date_first_registered, date_left, other_student_details) | Student_Enrolment(student_enrolment_id, degree_program_id->Degree_Programs.degree_program_id, semester_id->Semesters.semester_id, student_id->Students.student_id, other_details) | Student_Enrolment_Courses(student_course_id, course_id->Courses.course_id, student_enrolment_id->Student_Enrolment.student_enrolment_id)
2026-07-31 15:11:59,676 [INFO   ]   >> OUTPUT : SELECT T1.address_id ,  T1.line_1 ,  T1.line_2 ,  T1.line_3 FROM Addresses AS T1 JOIN Students AS T2 ON T1.address_id  =  T2.address_id GROUP BY T1.address_id ORDER BY count(*) DESC LIMIT 1
2026-07-31 15:12:03,938 [INFO   ] [inference] generate_sql  latency_sec=4.2468  input_tokens=339  output_tokens=73
2026-07-31 15:12:03,938 [INFO   ]   >> INPUT  : Translate the natural language question into a valid SQL query using the provided schema.

Schema:
Addresses(address_id, line_1, line_2, line_3, city, zip_postcode, state_province_county, country, other_address_details) | Degree_Programs(degree_program_id, department_id->Departments.department_id, degree_summary_name, degree_summary_description, other_details) | Semesters(semester_id, semester_name, semester_description, other_details) | Students(student_id, current_address_id->Addresses.address_id, permanent_address_id->Addresses.address_id, first_name, middle_name, last_name, cell_mobile_number, email_address, ssn, date_first_registered, date_left, other_student_details) | Student_Enrolment(student_enrolment_id, degree_program_id->Degree_Programs.degree_program_id, semester_id->Semesters.semester_id, student_id->Students.student_id, other_details) | Student_Enrolment_Courses(student_course_id, course_id->Courses.course_id, student_enrolment_id->Student_Enrolment.student_enrolment_id)
2026-07-31 15:12:03,938 [INFO   ]   >> OUTPUT : SELECT T1.address_id ,  T2.line_1 ,  T2.line_2 FROM Addresses AS T1 JOIN Degree_Programs AS T2 ON T1.address_id  =  T2.address_id GROUP BY T1.address_id ORDER BY count(*) DESC LIMIT 1
2026-07-31 15:12:06,813 [INFO   ] [inference] generate_sql  latency_sec=2.8495  input_tokens=228  output_tokens=44
2026-07-31 15:12:06,813 [INFO   ]   >> INPUT  : Translate the natural language question into a valid SQL query using the provided schema.

Schema:
Semesters(semester_id, semester_name, semester_description, other_details) | Student_Enrolment(student_enrolment_id, degree_program_id->Degree_Programs.degree_program_id, semester_id->Semesters.semester_id, student_id->Students.student_id, other_details) | Student_Enrolment_Courses(student_course_id, course_id->Courses.course_id, student_enrolment_id->Student_Enrolment.student_enrolment_id) | Transcripts(transcript_id, transcript_date, other_details) | Transcript_Contents(student_course_id->Student_Enrolment_Courses.student_course_id, transcript_id->Transcripts.transcript_id)

Question:
On average, when were the transcripts printed?

SQL:

2026-07-31 15:12:06,813 [INFO   ]   >> OUTPUT : SELECT avg(T2.transcript_date) FROM transcript_contents AS T1 JOIN transcripts AS T2 ON T1.transcript_id  =  T2.transcript_id
2026-07-31 15:12:07,603 [INFO   ] [inference] generate_sql  latency_sec=0.7758  input_tokens=226  output_tokens=12
2026-07-31 15:12:07,604 [INFO   ]   >> INPUT  : Translate the natural language question into a valid SQL query using the provided schema.

Schema:
Semesters(semester_id, semester_name, semester_description, other_details) | Student_Enrolment(student_enrolment_id, degree_program_id->Degree_Programs.degree_program_id, semester_id->Semesters.semester_id, student_id->Students.student_id, other_details) | Student_Enrolment_Courses(student_course_id, course_id->Courses.course_id, student_enrolment_id->Student_Enrolment.student_enrolment_id) | Transcripts(transcript_id, transcript_date, other_details) | Transcript_Contents(student_course_id->Student_Enrolment_Courses.student_course_id, transcript_id->Transcripts.transcript_id)

Question:
What is the average transcript date?

SQL:

2026-07-31 15:12:07,604 [INFO   ]   >> OUTPUT : SELECT avg(transcript_date) FROM Transcripts
2026-07-31 15:12:09,999 [INFO   ] [inference] generate_sql  latency_sec=2.3744  input_tokens=232  output_tokens=51
2026-07-31 15:12:09,999 [INFO   ]   >> INPUT  : Translate the natural language question into a valid SQL query using the provided schema.

Schema:
Semesters(semester_id, semester_name, semester_description, other_details) | Student_Enrolment(student_enrolment_id, degree_program_id->Degree_Programs.degree_program_id, semester_id->Semesters.semester_id, student_id->Students.student_id, other_details) | Student_Enrolment_Courses(student_course_id, course_id->Courses.course_id, student_enrolment_id->Student_Enrolment.student_enrolment_id) | Transcripts(transcript_id, transcript_date, other_details) | Transcript_Contents(student_course_id->Student_Enrolment_Courses.student_course_id, transcript_id->Transcripts.transcript_id)

Question:
When is the first transcript released? List the date and details.

SQL:

2026-07-31 15:12:09,999 [INFO   ]   >> OUTPUT : SELECT T1.transcript_date ,  T1.transcript_details FROM Transcripts AS T1 JOIN Transcript_Contents AS T2 ON T1.transcript_id  =  T2.transcript_id
2026-07-31 15:12:12,397 [INFO   ] [inference] generate_sql  latency_sec=2.3829  input_tokens=237  output_tokens=50
2026-07-31 15:12:12,397 [INFO   ]   >> INPUT  : Translate the natural language question into a valid SQL query using the provided schema.

Schema:
Semesters(semester_id, semester_name, semester_description, other_details) | Student_Enrolment(student_enrolment_id, degree_program_id->Degree_Programs.degree_program_id, semester_id->Semesters.semester_id, student_id->Students.student_id, other_details) | Student_Enrolment_Courses(student_course_id, course_id->Courses.course_id, student_enrolment_id->Student_Enrolment.student_enrolment_id) | Transcripts(transcript_id, transcript_date, other_details) | Transcript_Contents(student_course_id->Student_Enrolment_Courses.student_course_id, transcript_id->Transcripts.transcript_id)

Question:
What is the earliest date of a transcript release, and what details can you tell me?

SQL:

2026-07-31 15:12:12,397 [INFO   ]   >> OUTPUT : SELECT T1.transcript_date ,  T2.other_details FROM Transcripts AS T1 JOIN Transcript_Contents AS T2 ON T1.transcript_id  =  T2.transcript_id
2026-07-31 15:12:12,929 [INFO   ] [inference] generate_sql  latency_sec=0.516  input_tokens=225  output_tokens=8
2026-07-31 15:12:12,929 [INFO   ]   >> INPUT  : Translate the natural language question into a valid SQL query using the provided schema.

Schema:
Semesters(semester_id, semester_name, semester_description, other_details) | Student_Enrolment(student_enrolment_id, degree_program_id->Degree_Programs.degree_program_id, semester_id->Semesters.semester_id, student_id->Students.student_id, other_details) | Student_Enrolment_Courses(student_course_id, course_id->Courses.course_id, student_enrolment_id->Student_Enrolment.student_enrolment_id) | Transcripts(transcript_id, transcript_date, other_details) | Transcript_Contents(student_course_id->Student_Enrolment_Courses.student_course_id, transcript_id->Transcripts.transcript_id)

Question:
How many transcripts are released?

SQL:

2026-07-31 15:12:12,929 [INFO   ]   >> OUTPUT : SELECT count(*) FROM Transcripts
2026-07-31 15:12:13,396 [INFO   ] [inference] generate_sql  latency_sec=0.452  input_tokens=225  output_tokens=8
2026-07-31 15:12:13,396 [INFO   ]   >> INPUT  : Translate the natural language question into a valid SQL query using the provided schema.

Schema:
Semesters(semester_id, semester_name, semester_description, other_details) | Student_Enrolment(student_enrolment_id, degree_program_id->Degree_Programs.degree_program_id, semester_id->Semesters.semester_id, student_id->Students.student_id, other_details) | Student_Enrolment_Courses(student_course_id, course_id->Courses.course_id, student_enrolment_id->Student_Enrolment.student_enrolment_id) | Transcripts(transcript_id, transcript_date, other_details) | Transcript_Contents(student_course_id->Student_Enrolment_Courses.student_course_id, transcript_id->Transcripts.transcript_id)

Question:
How many transcripts are listed?

SQL:

2026-07-31 15:12:13,396 [INFO   ]   >> OUTPUT : SELECT count(*) FROM Transcripts
2026-07-31 15:12:16,335 [INFO   ] [inference] generate_sql  latency_sec=2.924  input_tokens=227  output_tokens=57
2026-07-31 15:12:16,335 [INFO   ]   >> INPUT  : Translate the natural language question into a valid SQL query using the provided schema.

Schema:
Semesters(semester_id, semester_name, semester_description, other_details) | Student_Enrolment(student_enrolment_id, degree_program_id->Degree_Programs.degree_program_id, semester_id->Semesters.semester_id, student_id->Students.student_id, other_details) | Student_Enrolment_Courses(student_course_id, course_id->Courses.course_id, student_enrolment_id->Student_Enrolment.student_enrolment_id) | Transcripts(transcript_id, transcript_date, other_details) | Transcript_Contents(student_course_id->Student_Enrolment_Courses.student_course_id, transcript_id->Transcripts.transcript_id)

Question:
What is the last transcript release date?

SQL:

2026-07-31 15:12:16,335 [INFO   ]   >> OUTPUT : SELECT T1.transcript_date FROM transcript_contents AS T1 JOIN courses AS T2 ON T1.transcript_id  =  T2.transcript_id WHERE T2.course_id  =  T3.course_id
2026-07-31 15:12:20,316 [INFO   ] [inference] generate_sql  latency_sec=3.959  input_tokens=226  output_tokens=69
2026-07-31 15:12:20,316 [INFO   ]   >> INPUT  : Translate the natural language question into a valid SQL query using the provided schema.

Schema:
Semesters(semester_id, semester_name, semester_description, other_details) | Student_Enrolment(student_enrolment_id, degree_program_id->Degree_Programs.degree_program_id, semester_id->Semesters.semester_id, student_id->Students.student_id, other_details) | Student_Enrolment_Courses(student_course_id, course_id->Courses.course_id, student_enrolment_id->Student_Enrolment.student_enrolment_id) | Transcripts(transcript_id, transcript_date, other_details) | Transcript_Contents(student_course_id->Student_Enrolment_Courses.student_course_id, transcript_id->Transcripts.transcript_id)

Question:
When was the last transcript released?

SQL:

2026-07-31 15:12:20,316 [INFO   ]   >> OUTPUT : SELECT T2.transcript_date FROM transcript_contents AS T1 JOIN Transcripts AS T2 ON T1.transcript_id  =  T2.transcript_id WHERE T1.transcript_date  =  (SELECT max(transcript_date) FROM transcript_contents)
2026-07-31 15:12:25,726 [INFO   ] [inference] generate_sql  latency_sec=5.3936  input_tokens=269  output_tokens=115
2026-07-31 15:12:25,726 [INFO   ]   >> INPUT  : Translate the natural language question into a valid SQL query using the provided schema.

Schema:
Courses(course_id, course_name, course_description, other_details) | Sections(section_id, course_id->Courses.course_id, section_name, section_description, other_details) | Student_Enrolment(student_enrolment_id, degree_program_id->Degree_Programs.degree_program_id, semester_id->Semesters.semester_id, student_id->Students.student_id, other_details) | Student_Enrolment_Courses(student_course_id, course_id->Courses.course_id, student_enrolment_id->Student_Enrolment.student_enrolment_id) | Transcripts(transcript_id, transcript_date, other_details) | Transcript_Contents(student_course_id->Student_Enrolment_Courses.student_course_id, transcript_id->Transcripts.transcript_id)

Question:
How many times at most can a course enrollment result show in different transcripts? Also show the course enrollment id.

SQL:

2026-07-31 15:12:25,726 [INFO   ]   >> OUTPUT : SELECT count(*) ,  T2.transcript_id FROM courses AS T1 JOIN transcript_contents AS T2 ON T1.course_id  =  T2.course_id GROUP BY T2.transcript_id HAVING count(*)  <=  (SELECT count(*) FROM courses AS T1 JOIN transcript_contents AS T2 ON T1.course_id  =  T2.course_id WHERE T1.course_id  =  T2.course_id)
2026-07-31 15:12:28,591 [INFO   ] [inference] generate_sql  latency_sec=2.8497  input_tokens=293  output_tokens=59
2026-07-31 15:12:28,591 [INFO   ]   >> INPUT  : Translate the natural language question into a valid SQL query using the provided schema.

Schema:
Courses(course_id, course_name, course_description, other_details) | Sections(section_id, course_id->Courses.course_id, section_name, section_description, other_details) | Semesters(semester_id, semester_name, semester_description, other_details) | Student_Enrolment(student_enrolment_id, degree_program_id->Degree_Programs.degree_program_id, semester_id->Semesters.semester_id, student_id->Students.student_id, other_details) | Student_Enrolment_Courses(student_course_id, course_id->Courses.course_id, student_enrolment_id->Student_Enrolment.student_enrolment_id) | Transcripts(transcript_id, transcript_date, other_details) | Transcript_Contents(student_course_id->Student_Enrolment_Courses.student_course_id, transcript_id->Transcripts.transcript_id)

Question:
What is the maximum number of times that a course shows up in different transcripts and what is that course's enrollment id?

SQL:

2026-07-31 15:12:28,592 [INFO   ]   >> OUTPUT : SELECT max(T1.transcript_id) ,  T2.course_id FROM courses AS T1 JOIN transcript_contents AS T2 ON T1.course_id  =  T2.course_id GROUP BY T2.transcript_id
2026-07-31 15:12:32,072 [INFO   ] [inference] generate_sql  latency_sec=3.4631  input_tokens=238  output_tokens=58
2026-07-31 15:12:32,072 [INFO   ]   >> INPUT  : Translate the natural language question into a valid SQL query using the provided schema.

Schema:
Semesters(semester_id, semester_name, semester_description, other_details) | Student_Enrolment(student_enrolment_id, degree_program_id->Degree_Programs.degree_program_id, semester_id->Semesters.semester_id, student_id->Students.student_id, other_details) | Student_Enrolment_Courses(student_course_id, course_id->Courses.course_id, student_enrolment_id->Student_Enrolment.student_enrolment_id) | Transcripts(transcript_id, transcript_date, other_details) | Transcript_Contents(student_course_id->Student_Enrolment_Courses.student_course_id, transcript_id->Transcripts.transcript_id)

Question:
Show the date of the transcript which shows the least number of results, also list the id.

SQL:

2026-07-31 15:12:32,072 [INFO   ]   >> OUTPUT : SELECT T1.transcript_date FROM Transcripts AS T1 JOIN Transcript_Contents AS T2 ON T1.transcript_id  =  T2.transcript_id GROUP BY T2.transcript_id ORDER BY count(*) LIMIT 1
2026-07-31 15:12:35,671 [INFO   ] [inference] generate_sql  latency_sec=3.5769  input_tokens=235  output_tokens=67
2026-07-31 15:12:35,672 [INFO   ]   >> INPUT  : Translate the natural language question into a valid SQL query using the provided schema.

Schema:
Semesters(semester_id, semester_name, semester_description, other_details) | Student_Enrolment(student_enrolment_id, degree_program_id->Degree_Programs.degree_program_id, semester_id->Semesters.semester_id, student_id->Students.student_id, other_details) | Student_Enrolment_Courses(student_course_id, course_id->Courses.course_id, student_enrolment_id->Student_Enrolment.student_enrolment_id) | Transcripts(transcript_id, transcript_date, other_details) | Transcript_Contents(student_course_id->Student_Enrolment_Courses.student_course_id, transcript_id->Transcripts.transcript_id)

Question:
What is the date and id of the transcript with the least number of results?

SQL:

2026-07-31 15:12:35,672 [INFO   ]   >> OUTPUT : SELECT T1.transcript_date ,  T1.transcript_id FROM Transcripts AS T1 JOIN Transcript_Contents AS T2 ON T1.transcript_id  =  T2.transcript_id GROUP BY T1.transcript_date ORDER BY count(*) LIMIT 1
2026-07-31 15:12:42,315 [INFO   ] [inference] generate_sql  latency_sec=6.6285  input_tokens=350  output_tokens=137
2026-07-31 15:12:42,315 [INFO   ]   >> INPUT  : Translate the natural language question into a valid SQL query using the provided schema.

Schema:
Courses(course_id, course_name, course_description, other_details) | Degree_Programs(degree_program_id, department_id->Departments.department_id, degree_summary_name, degree_summary_description, other_details) | Semesters(semester_id, semester_name, semester_description, other_details) | Students(student_id, current_address_id->Addresses.address_id, permanent_address_id->Addresses.address_id, first_name, middle_name, last_name, cell_mobile_number, email_address, ssn, date_first_registered, date_left, other_student_details) | Student_Enrolment(student_enrolment_id, degree_program_id->Degree_Programs.degree_program_id, semester_id->Semesters.semester_id, student_id->Students.student_id, other_details) | Student_Enrolment_Courses(student_course_id, course_id->Courses.course_id, student_enrolment_id->Student_Enrolment.student_enrolment_id) | Transcript_Contents(student_course_id->Student_Enro
2026-07-31 15:12:42,315 [INFO   ]   >> OUTPUT : SELECT semester_name FROM courses AS T1 JOIN students AS T2 ON T1.student_id  =  T2.student_id JOIN courses AS T3 ON T3.course_id  =  T2.course_id WHERE T2.first_name  =  "Master" INTERSECT SELECT semester_name FROM courses AS T4 JOIN students AS T5 ON T4.student_id  =  T5.student_id JOIN courses AS T6 ON T6.course_id  =  T5.course_id WHERE T5.first_name  =  "Bachelor"
2026-07-31 15:12:47,063 [INFO   ] [inference] generate_sql  latency_sec=4.7311  input_tokens=354  output_tokens=54
2026-07-31 15:12:47,063 [INFO   ]   >> INPUT  : Translate the natural language question into a valid SQL query using the provided schema.

Schema:
Courses(course_id, course_name, course_description, other_details) | Degree_Programs(degree_program_id, department_id->Departments.department_id, degree_summary_name, degree_summary_description, other_details) | Semesters(semester_id, semester_name, semester_description, other_details) | Students(student_id, current_address_id->Addresses.address_id, permanent_address_id->Addresses.address_id, first_name, middle_name, last_name, cell_mobile_number, email_address, ssn, date_first_registered, date_left, other_student_details) | Student_Enrolment(student_enrolment_id, degree_program_id->Degree_Programs.degree_program_id, semester_id->Semesters.semester_id, student_id->Students.student_id, other_details) | Student_Enrolment_Courses(student_course_id, course_id->Courses.course_id, student_enrolment_id->Student_Enrolment.student_enrolment_id) | Transcript_Contents(student_course_id->Student_Enro
2026-07-31 15:12:47,064 [INFO   ]   >> OUTPUT : SELECT semester_id FROM Student_Enrolment_Courses WHERE semester_id IN (SELECT semester_id FROM Students WHERE first_name = "Masters" INTERSECT SELECT semester_id FROM Students WHERE first_name = "Bachelors")
2026-07-31 15:12:49,275 [INFO   ] [inference] generate_sql  latency_sec=2.1955  input_tokens=330  output_tokens=42
2026-07-31 15:12:49,275 [INFO   ]   >> INPUT  : Translate the natural language question into a valid SQL query using the provided schema.

Schema:
Addresses(address_id, line_1, line_2, line_3, city, zip_postcode, state_province_county, country, other_address_details) | Degree_Programs(degree_program_id, department_id->Departments.department_id, degree_summary_name, degree_summary_description, other_details) | Semesters(semester_id, semester_name, semester_description, other_details) | Students(student_id, current_address_id->Addresses.address_id, permanent_address_id->Addresses.address_id, first_name, middle_name, last_name, cell_mobile_number, email_address, ssn, date_first_registered, date_left, other_student_details) | Student_Enrolment(student_enrolment_id, degree_program_id->Degree_Programs.degree_program_id, semester_id->Semesters.semester_id, student_id->Students.student_id, other_details) | Student_Enrolment_Courses(student_course_id, course_id->Courses.course_id, student_enrolment_id->Student_Enrolment.student_enrolment_id)
2026-07-31 15:12:49,275 [INFO   ]   >> OUTPUT : SELECT count(DISTINCT T1.address_id) FROM addresses AS T1 JOIN students AS T2 ON T1.address_id  =  T2.address_id
2026-07-31 15:12:51,523 [INFO   ] [inference] generate_sql  latency_sec=2.2329  input_tokens=331  output_tokens=43
2026-07-31 15:12:51,523 [INFO   ]   >> INPUT  : Translate the natural language question into a valid SQL query using the provided schema.

Schema:
Addresses(address_id, line_1, line_2, line_3, city, zip_postcode, state_province_county, country, other_address_details) | Degree_Programs(degree_program_id, department_id->Departments.department_id, degree_summary_name, degree_summary_description, other_details) | Semesters(semester_id, semester_name, semester_description, other_details) | Students(student_id, current_address_id->Addresses.address_id, permanent_address_id->Addresses.address_id, first_name, middle_name, last_name, cell_mobile_number, email_address, ssn, date_first_registered, date_left, other_student_details) | Student_Enrolment(student_enrolment_id, degree_program_id->Degree_Programs.degree_program_id, semester_id->Semesters.semester_id, student_id->Students.student_id, other_details) | Student_Enrolment_Courses(student_course_id, course_id->Courses.course_id, student_enrolment_id->Student_Enrolment.student_enrolment_id)
2026-07-31 15:12:51,523 [INFO   ]   >> OUTPUT : SELECT DISTINCT T1.address_id FROM Addresses AS T1 JOIN Students AS T2 ON T1.address_id  =  T2.permanent_address_id
2026-07-31 15:12:52,486 [INFO   ] [inference] generate_sql  latency_sec=0.9478  input_tokens=332  output_tokens=18
2026-07-31 15:12:52,487 [INFO   ]   >> INPUT  : Translate the natural language question into a valid SQL query using the provided schema.

Schema:
Addresses(address_id, line_1, line_2, line_3, city, zip_postcode, state_province_county, country, other_address_details) | Degree_Programs(degree_program_id, department_id->Departments.department_id, degree_summary_name, degree_summary_description, other_details) | Semesters(semester_id, semester_name, semester_description, other_details) | Students(student_id, current_address_id->Addresses.address_id, permanent_address_id->Addresses.address_id, first_name, middle_name, last_name, cell_mobile_number, email_address, ssn, date_first_registered, date_left, other_student_details) | Student_Enrolment(student_enrolment_id, degree_program_id->Degree_Programs.degree_program_id, semester_id->Semesters.semester_id, student_id->Students.student_id, other_details) | Student_Enrolment_Courses(student_course_id, course_id->Courses.course_id, student_enrolment_id->Student_Enrolment.student_enrolment_id)
2026-07-31 15:12:52,487 [INFO   ]   >> OUTPUT : SELECT other_student_details FROM Students ORDER BY other_student_details DESC
2026-07-31 15:12:53,222 [INFO   ] [inference] generate_sql  latency_sec=0.71  input_tokens=335  output_tokens=13
2026-07-31 15:12:53,223 [INFO   ]   >> INPUT  : Translate the natural language question into a valid SQL query using the provided schema.

Schema:
Addresses(address_id, line_1, line_2, line_3, city, zip_postcode, state_province_county, country, other_address_details) | Degree_Programs(degree_program_id, department_id->Departments.department_id, degree_summary_name, degree_summary_description, other_details) | Semesters(semester_id, semester_name, semester_description, other_details) | Students(student_id, current_address_id->Addresses.address_id, permanent_address_id->Addresses.address_id, first_name, middle_name, last_name, cell_mobile_number, email_address, ssn, date_first_registered, date_left, other_student_details) | Student_Enrolment(student_enrolment_id, degree_program_id->Degree_Programs.degree_program_id, semester_id->Semesters.semester_id, student_id->Students.student_id, other_details) | Student_Enrolment_Courses(student_course_id, course_id->Courses.course_id, student_enrolment_id->Student_Enrolment.student_enrolment_id)
2026-07-31 15:12:53,223 [INFO   ]   >> OUTPUT : SELECT other_details FROM students ORDER BY other_details ASC
2026-07-31 15:12:53,698 [INFO   ] [inference] generate_sql  latency_sec=0.459  input_tokens=192  output_tokens=8
2026-07-31 15:12:53,698 [INFO   ]   >> INPUT  : Translate the natural language question into a valid SQL query using the provided schema.

Schema:
Courses(course_id, course_name, course_description, other_details) | Sections(section_id, course_id->Courses.course_id, section_name, section_description, other_details) | Student_Enrolment_Courses(student_course_id, course_id->Courses.course_id, student_enrolment_id->Student_Enrolment.student_enrolment_id) | Transcripts(transcript_id, transcript_date, other_details) | Transcript_Contents(student_course_id->Student_Enrolment_Courses.student_course_id, transcript_id->Transcripts.transcript_id)

Question:
Describe the section h.

SQL:

2026-07-31 15:12:53,698 [INFO   ]   >> OUTPUT : SELECT section_description FROM sections;
2026-07-31 15:12:54,555 [INFO   ] [inference] generate_sql  latency_sec=0.841  input_tokens=235  output_tokens=15
2026-07-31 15:12:54,555 [INFO   ]   >> INPUT  : Translate the natural language question into a valid SQL query using the provided schema.

Schema:
Courses(course_id, course_name, course_description, other_details) | Departments(department_id, department_name, department_description, other_details) | Degree_Programs(degree_program_id, department_id->Departments.department_id, degree_summary_name, degree_summary_description, other_details) | Sections(section_id, course_id->Courses.course_id, section_name, section_description, other_details) | Semesters(semester_id, semester_name, semester_description, other_details) | Student_Enrolment(student_enrolment_id, degree_program_id->Degree_Programs.degree_program_id, semester_id->Semesters.semester_id, student_id->Students.student_id, other_details)

Question:
What is the description for the section named h?

SQL:

2026-07-31 15:12:54,556 [INFO   ]   >> OUTPUT : SELECT section_description FROM sections WHERE section_name = "h";
2026-07-31 15:12:58,984 [INFO   ] [inference] generate_sql  latency_sec=4.4041  input_tokens=347  output_tokens=78
2026-07-31 15:12:58,984 [INFO   ]   >> INPUT  : Translate the natural language question into a valid SQL query using the provided schema.

Schema:
Addresses(address_id, line_1, line_2, line_3, city, zip_postcode, state_province_county, country, other_address_details) | Degree_Programs(degree_program_id, department_id->Departments.department_id, degree_summary_name, degree_summary_description, other_details) | Semesters(semester_id, semester_name, semester_description, other_details) | Students(student_id, current_address_id->Addresses.address_id, permanent_address_id->Addresses.address_id, first_name, middle_name, last_name, cell_mobile_number, email_address, ssn, date_first_registered, date_left, other_student_details) | Student_Enrolment(student_enrolment_id, degree_program_id->Degree_Programs.degree_program_id, semester_id->Semesters.semester_id, student_id->Students.student_id, other_details) | Student_Enrolment_Courses(student_course_id, course_id->Courses.course_id, student_enrolment_id->Student_Enrolment.student_enrolment_id)
2026-07-31 15:12:58,984 [INFO   ]   >> OUTPUT : SELECT T2.first_name ,  T2.last_name FROM Addresses AS T1 JOIN Students AS T2 ON T1.address_id  =  T2.permanent_address_id WHERE T1.country  =  'Haiti' OR T2.cell_mobile_number  =  09700166582
2026-07-31 15:13:03,315 [INFO   ] [inference] generate_sql  latency_sec=4.3085  input_tokens=346  output_tokens=73
2026-07-31 15:13:03,316 [INFO   ]   >> INPUT  : Translate the natural language question into a valid SQL query using the provided schema.

Schema:
Addresses(address_id, line_1, line_2, line_3, city, zip_postcode, state_province_county, country, other_address_details) | Degree_Programs(degree_program_id, department_id->Departments.department_id, degree_summary_name, degree_summary_description, other_details) | Semesters(semester_id, semester_name, semester_description, other_details) | Students(student_id, current_address_id->Addresses.address_id, permanent_address_id->Addresses.address_id, first_name, middle_name, last_name, cell_mobile_number, email_address, ssn, date_first_registered, date_left, other_student_details) | Student_Enrolment(student_enrolment_id, degree_program_id->Degree_Programs.degree_program_id, semester_id->Semesters.semester_id, student_id->Students.student_id, other_details) | Student_Enrolment_Courses(student_course_id, course_id->Courses.course_id, student_enrolment_id->Student_Enrolment.student_enrolment_id)
2026-07-31 15:13:03,316 [INFO   ]   >> OUTPUT : SELECT T2.first_name ,  T2.last_name FROM Addresses AS T1 JOIN Students AS T2 ON T1.address_id = T2.permanent_address_id WHERE T1.city = "Haiti" OR T1.cell_mobile_number = "9700166582"
2026-07-31 15:13:03,872 [INFO   ] [inference] generate_sql  latency_sec=0.5404  input_tokens=165  output_tokens=9
2026-07-31 15:13:03,872 [INFO   ]   >> INPUT  : Translate the natural language question into a valid SQL query using the provided schema.

Schema:
TV_Channel(id, series_name, Country, Language, Content, Pixel_aspect_ratio_PAR, Hight_definition_TV, Pay_per_view_PPV, Package_Option) | TV_series(id, Episode, Air_Date, Rating, Share, 18_49_Rating_Share, Viewers_m, Weekly_Rank, Channel->TV_Channel.id) | Cartoon(id, Title, Directed_by, Written_by, Original_air_date, Production_code, Channel->TV_Channel.id)

Question:
List the title of all cartoons in alphabetical order.

SQL:

2026-07-31 15:13:03,872 [INFO   ]   >> OUTPUT : SELECT Title FROM Cartoon ORDER BY Title ASC
2026-07-31 15:13:04,494 [INFO   ] [inference] generate_sql  latency_sec=0.6059  input_tokens=165  output_tokens=11
2026-07-31 15:13:04,495 [INFO   ]   >> INPUT  : Translate the natural language question into a valid SQL query using the provided schema.

Schema:
TV_Channel(id, series_name, Country, Language, Content, Pixel_aspect_ratio_PAR, Hight_definition_TV, Pay_per_view_PPV, Package_Option) | TV_series(id, Episode, Air_Date, Rating, Share, 18_49_Rating_Share, Viewers_m, Weekly_Rank, Channel->TV_Channel.id) | Cartoon(id, Title, Directed_by, Written_by, Original_air_date, Production_code, Channel->TV_Channel.id)

Question:
What are the titles of the cartoons sorted alphabetically?

SQL:

2026-07-31 15:13:04,495 [INFO   ]   >> OUTPUT : SELECT TITLE FROM Cartoon ORDER BY TITLE ASC
2026-07-31 15:13:05,449 [INFO   ] [inference] generate_sql  latency_sec=0.938  input_tokens=163  output_tokens=19
2026-07-31 15:13:05,449 [INFO   ]   >> INPUT  : Translate the natural language question into a valid SQL query using the provided schema.

Schema:
TV_Channel(id, series_name, Country, Language, Content, Pixel_aspect_ratio_PAR, Hight_definition_TV, Pay_per_view_PPV, Package_Option) | TV_series(id, Episode, Air_Date, Rating, Share, 18_49_Rating_Share, Viewers_m, Weekly_Rank, Channel->TV_Channel.id) | Cartoon(id, Title, Directed_by, Written_by, Original_air_date, Production_code, Channel->TV_Channel.id)

Question:
List all cartoon directed by "Ben Jones".

SQL:

2026-07-31 15:13:05,450 [INFO   ]   >> OUTPUT : SELECT Directed_by FROM Cartoon WHERE Written_by  =  "Ben Jones"
2026-07-31 15:13:07,607 [INFO   ] [inference] generate_sql  latency_sec=2.1419  input_tokens=166  output_tokens=46
2026-07-31 15:13:07,607 [INFO   ]   >> INPUT  : Translate the natural language question into a valid SQL query using the provided schema.

Schema:
TV_Channel(id, series_name, Country, Language, Content, Pixel_aspect_ratio_PAR, Hight_definition_TV, Pay_per_view_PPV, Package_Option) | TV_series(id, Episode, Air_Date, Rating, Share, 18_49_Rating_Share, Viewers_m, Weekly_Rank, Channel->TV_Channel.id) | Cartoon(id, Title, Directed_by, Written_by, Original_air_date, Production_code, Channel->TV_Channel.id)

Question:
What are the names of all cartoons directed by Ben Jones?

SQL:

2026-07-31 15:13:07,607 [INFO   ]   >> OUTPUT : SELECT T1.Title FROM Cartoon AS T1 JOIN TV_series AS T2 ON T1.Channel  =  T2.id WHERE T2.Directed_by  =  "Ben Jones"
2026-07-31 15:13:08,547 [INFO   ] [inference] generate_sql  latency_sec=0.9208  input_tokens=165  output_tokens=19
2026-07-31 15:13:08,547 [INFO   ]   >> INPUT  : Translate the natural language question into a valid SQL query using the provided schema.

Schema:
TV_Channel(id, series_name, Country, Language, Content, Pixel_aspect_ratio_PAR, Hight_definition_TV, Pay_per_view_PPV, Package_Option) | TV_series(id, Episode, Air_Date, Rating, Share, 18_49_Rating_Share, Viewers_m, Weekly_Rank, Channel->TV_Channel.id) | Cartoon(id, Title, Directed_by, Written_by, Original_air_date, Production_code, Channel->TV_Channel.id)

Question:
How many cartoons were written by "Joseph Kuhr"?

SQL:

2026-07-31 15:13:08,547 [INFO   ]   >> OUTPUT : SELECT count(*) FROM Cartoon WHERE Written_by  =  "Joseph Kuhr"
2026-07-31 15:13:09,439 [INFO   ] [inference] generate_sql  latency_sec=0.8766  input_tokens=168  output_tokens=19
2026-07-31 15:13:09,440 [INFO   ]   >> INPUT  : Translate the natural language question into a valid SQL query using the provided schema.

Schema:
TV_Channel(id, series_name, Country, Language, Content, Pixel_aspect_ratio_PAR, Hight_definition_TV, Pay_per_view_PPV, Package_Option) | TV_series(id, Episode, Air_Date, Rating, Share, 18_49_Rating_Share, Viewers_m, Weekly_Rank, Channel->TV_Channel.id) | Cartoon(id, Title, Directed_by, Written_by, Original_air_date, Production_code, Channel->TV_Channel.id)

Question:
What is the number of cartoones written by Joseph Kuhr?

SQL:

2026-07-31 15:13:09,440 [INFO   ]   >> OUTPUT : SELECT count(*) FROM Cartoon WHERE Written_by  =  "Joseph Kuhr"
2026-07-31 15:13:10,407 [INFO   ] [inference] generate_sql  latency_sec=0.9523  input_tokens=166  output_tokens=20
2026-07-31 15:13:10,408 [INFO   ]   >> INPUT  : Translate the natural language question into a valid SQL query using the provided schema.

Schema:
TV_Channel(id, series_name, Country, Language, Content, Pixel_aspect_ratio_PAR, Hight_definition_TV, Pay_per_view_PPV, Package_Option) | TV_series(id, Episode, Air_Date, Rating, Share, 18_49_Rating_Share, Viewers_m, Weekly_Rank, Channel->TV_Channel.id) | Cartoon(id, Title, Directed_by, Written_by, Original_air_date, Production_code, Channel->TV_Channel.id)

Question:
list all cartoon titles and their directors ordered by their air date

SQL:

2026-07-31 15:13:10,408 [INFO   ]   >> OUTPUT : SELECT Title ,  Directed_by FROM Cartoon ORDER BY Original_air_date DESC
2026-07-31 15:13:13,395 [INFO   ] [inference] generate_sql  latency_sec=2.971  input_tokens=171  output_tokens=48
2026-07-31 15:13:13,395 [INFO   ]   >> INPUT  : Translate the natural language question into a valid SQL query using the provided schema.

Schema:
TV_Channel(id, series_name, Country, Language, Content, Pixel_aspect_ratio_PAR, Hight_definition_TV, Pay_per_view_PPV, Package_Option) | TV_series(id, Episode, Air_Date, Rating, Share, 18_49_Rating_Share, Viewers_m, Weekly_Rank, Channel->TV_Channel.id) | Cartoon(id, Title, Directed_by, Written_by, Original_air_date, Production_code, Channel->TV_Channel.id)

Question:
What is the name and directors of all the cartoons that are ordered by air date?

SQL:

2026-07-31 15:13:13,395 [INFO   ]   >> OUTPUT : SELECT T1.Title ,  T2.Directed_by FROM Cartoon AS T1 JOIN TV_series AS T2 ON T1.Channel  =  T2.id ORDER BY T2.Air_Date
2026-07-31 15:13:16,674 [INFO   ] [inference] generate_sql  latency_sec=3.2528  input_tokens=172  output_tokens=62
2026-07-31 15:13:16,674 [INFO   ]   >> INPUT  : Translate the natural language question into a valid SQL query using the provided schema.

Schema:
TV_Channel(id, series_name, Country, Language, Content, Pixel_aspect_ratio_PAR, Hight_definition_TV, Pay_per_view_PPV, Package_Option) | TV_series(id, Episode, Air_Date, Rating, Share, 18_49_Rating_Share, Viewers_m, Weekly_Rank, Channel->TV_Channel.id) | Cartoon(id, Title, Directed_by, Written_by, Original_air_date, Production_code, Channel->TV_Channel.id)

Question:
List the title of all cartoon directed by "Ben Jones" or "Brandon Vietti".

SQL:

2026-07-31 15:13:16,674 [INFO   ]   >> OUTPUT : SELECT T1.Title FROM Cartoon AS T1 JOIN TV_series AS T2 ON T1.Channel  =  T2.id WHERE T2.Directed_by  =  "Ben Jones" OR T2.Directed_by  =  "Brandon Vietti"
2026-07-31 15:13:19,564 [INFO   ] [inference] generate_sql  latency_sec=2.8754  input_tokens=170  output_tokens=62
2026-07-31 15:13:19,565 [INFO   ]   >> INPUT  : Translate the natural language question into a valid SQL query using the provided schema.

Schema:
TV_Channel(id, series_name, Country, Language, Content, Pixel_aspect_ratio_PAR, Hight_definition_TV, Pay_per_view_PPV, Package_Option) | TV_series(id, Episode, Air_Date, Rating, Share, 18_49_Rating_Share, Viewers_m, Weekly_Rank, Channel->TV_Channel.id) | Cartoon(id, Title, Directed_by, Written_by, Original_air_date, Production_code, Channel->TV_Channel.id)

Question:
What are the titles of all cartoons directed by Ben Jones or Brandon Vietti?

SQL:

2026-07-31 15:13:19,565 [INFO   ]   >> OUTPUT : SELECT T1.Title FROM Cartoon AS T1 JOIN TV_series AS T2 ON T1.Channel  =  T2.id WHERE T2.Directed_by  =  "Ben Jones" OR T2.Directed_by  =  "Brandon Vietti"
2026-07-31 15:13:20,904 [INFO   ] [inference] generate_sql  latency_sec=1.323  input_tokens=176  output_tokens=27
2026-07-31 15:13:20,905 [INFO   ]   >> INPUT  : Translate the natural language question into a valid SQL query using the provided schema.

Schema:
TV_Channel(id, series_name, Country, Language, Content, Pixel_aspect_ratio_PAR, Hight_definition_TV, Pay_per_view_PPV, Package_Option) | TV_series(id, Episode, Air_Date, Rating, Share, 18_49_Rating_Share, Viewers_m, Weekly_Rank, Channel->TV_Channel.id) | Cartoon(id, Title, Directed_by, Written_by, Original_air_date, Production_code, Channel->TV_Channel.id)

Question:
Which country has the most of TV Channels? List the country and number of TV Channels it has.

SQL:

2026-07-31 15:13:20,905 [INFO   ]   >> OUTPUT : SELECT Country ,  COUNT(*) FROM TV_channel GROUP BY Country ORDER BY COUNT(*) DESC LIMIT 1
2026-07-31 15:13:22,560 [INFO   ] [inference] generate_sql  latency_sec=1.64  input_tokens=173  output_tokens=33
2026-07-31 15:13:22,561 [INFO   ]   >> INPUT  : Translate the natural language question into a valid SQL query using the provided schema.

Schema:
TV_Channel(id, series_name, Country, Language, Content, Pixel_aspect_ratio_PAR, Hight_definition_TV, Pay_per_view_PPV, Package_Option) | TV_series(id, Episode, Air_Date, Rating, Share, 18_49_Rating_Share, Viewers_m, Weekly_Rank, Channel->TV_Channel.id) | Cartoon(id, Title, Directed_by, Written_by, Original_air_date, Production_code, Channel->TV_Channel.id)

Question:
What is the country with the most number of TV Channels and how many does it have?

SQL:

2026-07-31 15:13:22,561 [INFO   ]   >> OUTPUT : SELECT country ,  COUNT(*) FROM TV_channel GROUP BY country ,  COUNT(*) ORDER BY COUNT(*) DESC LIMIT 1
2026-07-31 15:13:23,924 [INFO   ] [inference] generate_sql  latency_sec=1.3458  input_tokens=169  output_tokens=26
2026-07-31 15:13:23,924 [INFO   ]   >> INPUT  : Translate the natural language question into a valid SQL query using the provided schema.

Schema:
TV_Channel(id, series_name, Country, Language, Content, Pixel_aspect_ratio_PAR, Hight_definition_TV, Pay_per_view_PPV, Package_Option) | TV_series(id, Episode, Air_Date, Rating, Share, 18_49_Rating_Share, Viewers_m, Weekly_Rank, Channel->TV_Channel.id) | Cartoon(id, Title, Directed_by, Written_by, Original_air_date, Production_code, Channel->TV_Channel.id)

Question:
List the number of different series names and contents in the TV Channel table.

SQL:

2026-07-31 15:13:23,924 [INFO   ]   >> OUTPUT : SELECT count(DISTINCT series_name) ,  count(DISTINCT content) FROM TV_channel
2026-07-31 15:13:25,531 [INFO   ] [inference] generate_sql  latency_sec=1.5893  input_tokens=168  output_tokens=26
2026-07-31 15:13:25,531 [INFO   ]   >> INPUT  : Translate the natural language question into a valid SQL query using the provided schema.

Schema:
TV_Channel(id, series_name, Country, Language, Content, Pixel_aspect_ratio_PAR, Hight_definition_TV, Pay_per_view_PPV, Package_Option) | TV_series(id, Episode, Air_Date, Rating, Share, 18_49_Rating_Share, Viewers_m, Weekly_Rank, Channel->TV_Channel.id) | Cartoon(id, Title, Directed_by, Written_by, Original_air_date, Production_code, Channel->TV_Channel.id)

Question:
How many different series and contents are listed in the TV Channel table?

SQL:

2026-07-31 15:13:25,531 [INFO   ]   >> OUTPUT : SELECT count(DISTINCT series_name) ,  count(DISTINCT content) FROM TV_channel
2026-07-31 15:13:28,722 [INFO   ] [inference] generate_sql  latency_sec=3.1666  input_tokens=168  output_tokens=47
2026-07-31 15:13:28,722 [INFO   ]   >> INPUT  : Translate the natural language question into a valid SQL query using the provided schema.

Schema:
TV_Channel(id, series_name, Country, Language, Content, Pixel_aspect_ratio_PAR, Hight_definition_TV, Pay_per_view_PPV, Package_Option) | TV_series(id, Episode, Air_Date, Rating, Share, 18_49_Rating_Share, Viewers_m, Weekly_Rank, Channel->TV_Channel.id) | Cartoon(id, Title, Directed_by, Written_by, Original_air_date, Production_code, Channel->TV_Channel.id)

Question:
What is the content of TV Channel with serial name "Sky Radio"?

SQL:

2026-07-31 15:13:28,722 [INFO   ]   >> OUTPUT : SELECT T1.Content FROM TV_channel AS T1 JOIN TV_series AS T2 ON T1.channel  =  T2.id WHERE T2.series_name  =  "Sky Radio"
2026-07-31 15:13:29,656 [INFO   ] [inference] generate_sql  latency_sec=0.9179  input_tokens=164  output_tokens=18
2026-07-31 15:13:29,657 [INFO   ]   >> INPUT  : Translate the natural language question into a valid SQL query using the provided schema.

Schema:
TV_Channel(id, series_name, Country, Language, Content, Pixel_aspect_ratio_PAR, Hight_definition_TV, Pay_per_view_PPV, Package_Option) | TV_series(id, Episode, Air_Date, Rating, Share, 18_49_Rating_Share, Viewers_m, Weekly_Rank, Channel->TV_Channel.id) | Cartoon(id, Title, Directed_by, Written_by, Original_air_date, Production_code, Channel->TV_Channel.id)

Question:
What is the content of the series Sky Radio?

SQL:

2026-07-31 15:13:29,657 [INFO   ]   >> OUTPUT : SELECT content FROM TV_series WHERE series_name  =  "Sky Radio"
2026-07-31 15:13:30,611 [INFO   ] [inference] generate_sql  latency_sec=0.9385  input_tokens=169  output_tokens=20
2026-07-31 15:13:30,612 [INFO   ]   >> INPUT  : Translate the natural language question into a valid SQL query using the provided schema.

Schema:
TV_Channel(id, series_name, Country, Language, Content, Pixel_aspect_ratio_PAR, Hight_definition_TV, Pay_per_view_PPV, Package_Option) | TV_series(id, Episode, Air_Date, Rating, Share, 18_49_Rating_Share, Viewers_m, Weekly_Rank, Channel->TV_Channel.id) | Cartoon(id, Title, Directed_by, Written_by, Original_air_date, Production_code, Channel->TV_Channel.id)

Question:
What is the Package Option of TV Channel with serial name "Sky Radio"?

SQL:

2026-07-31 15:13:30,612 [INFO   ]   >> OUTPUT : SELECT Package_Option FROM TV_channel WHERE series_name  =  "Sky Radio"
2026-07-31 15:13:31,569 [INFO   ] [inference] generate_sql  latency_sec=0.9386  input_tokens=171  output_tokens=20
2026-07-31 15:13:31,570 [INFO   ]   >> INPUT  : Translate the natural language question into a valid SQL query using the provided schema.

Schema:
TV_Channel(id, series_name, Country, Language, Content, Pixel_aspect_ratio_PAR, Hight_definition_TV, Pay_per_view_PPV, Package_Option) | TV_series(id, Episode, Air_Date, Rating, Share, 18_49_Rating_Share, Viewers_m, Weekly_Rank, Channel->TV_Channel.id) | Cartoon(id, Title, Directed_by, Written_by, Original_air_date, Production_code, Channel->TV_Channel.id)

Question:
What are the Package Options of the TV Channels whose series names are Sky Radio?

SQL:

2026-07-31 15:13:31,570 [INFO   ]   >> OUTPUT : SELECT Package_Option FROM TV_channel WHERE series_name  =  "Sky Radio"
2026-07-31 15:13:32,423 [INFO   ] [inference] generate_sql  latency_sec=0.8379  input_tokens=162  output_tokens=17
2026-07-31 15:13:32,423 [INFO   ]   >> INPUT  : Translate the natural language question into a valid SQL query using the provided schema.

Schema:
TV_Channel(id, series_name, Country, Language, Content, Pixel_aspect_ratio_PAR, Hight_definition_TV, Pay_per_view_PPV, Package_Option) | TV_series(id, Episode, Air_Date, Rating, Share, 18_49_Rating_Share, Viewers_m, Weekly_Rank, Channel->TV_Channel.id) | Cartoon(id, Title, Directed_by, Written_by, Original_air_date, Production_code, Channel->TV_Channel.id)

Question:
How many TV Channel using language English?

SQL:

2026-07-31 15:13:32,423 [INFO   ]   >> OUTPUT : SELECT count(*) FROM TV_channel WHERE Language  =  "English"
2026-07-31 15:13:33,218 [INFO   ] [inference] generate_sql  latency_sec=0.779  input_tokens=164  output_tokens=17
2026-07-31 15:13:33,218 [INFO   ]   >> INPUT  : Translate the natural language question into a valid SQL query using the provided schema.

Schema:
TV_Channel(id, series_name, Country, Language, Content, Pixel_aspect_ratio_PAR, Hight_definition_TV, Pay_per_view_PPV, Package_Option) | TV_series(id, Episode, Air_Date, Rating, Share, 18_49_Rating_Share, Viewers_m, Weekly_Rank, Channel->TV_Channel.id) | Cartoon(id, Title, Directed_by, Written_by, Original_air_date, Production_code, Channel->TV_Channel.id)

Question:
How many TV Channels use the English language?

SQL:

2026-07-31 15:13:33,218 [INFO   ]   >> OUTPUT : SELECT count(*) FROM TV_channel WHERE Language  =  "english"
2026-07-31 15:13:34,521 [INFO   ] [inference] generate_sql  latency_sec=1.2873  input_tokens=172  output_tokens=27
2026-07-31 15:13:34,521 [INFO   ]   >> INPUT  : Translate the natural language question into a valid SQL query using the provided schema.

Schema:
TV_Channel(id, series_name, Country, Language, Content, Pixel_aspect_ratio_PAR, Hight_definition_TV, Pay_per_view_PPV, Package_Option) | TV_series(id, Episode, Air_Date, Rating, Share, 18_49_Rating_Share, Viewers_m, Weekly_Rank, Channel->TV_Channel.id) | Cartoon(id, Title, Directed_by, Written_by, Original_air_date, Production_code, Channel->TV_Channel.id)

Question:
List the language used least number of TV Channel. List language and number of TV Channel.

SQL:

2026-07-31 15:13:34,521 [INFO   ]   >> OUTPUT : SELECT Language ,  COUNT(*) FROM TV_channel GROUP BY Language ORDER BY COUNT(*) DESC LIMIT 1
2026-07-31 15:13:37,034 [INFO   ] [inference] generate_sql  latency_sec=2.4954  input_tokens=174  output_tokens=53
2026-07-31 15:13:37,034 [INFO   ]   >> INPUT  : Translate the natural language question into a valid SQL query using the provided schema.

Schema:
TV_Channel(id, series_name, Country, Language, Content, Pixel_aspect_ratio_PAR, Hight_definition_TV, Pay_per_view_PPV, Package_Option) | TV_series(id, Episode, Air_Date, Rating, Share, 18_49_Rating_Share, Viewers_m, Weekly_Rank, Channel->TV_Channel.id) | Cartoon(id, Title, Directed_by, Written_by, Original_air_date, Production_code, Channel->TV_Channel.id)

Question:
What are the languages used by the least number of TV Channels and how many channels use it?

SQL:

2026-07-31 15:13:37,034 [INFO   ]   >> OUTPUT : SELECT T1.Language ,  COUNT(*) FROM TV_channel AS T1 JOIN TV_series AS T2 ON T1.Channel  =  T2.id GROUP BY T1.Language ORDER BY count(*) LIMIT 1
2026-07-31 15:13:39,294 [INFO   ] [inference] generate_sql  latency_sec=2.2443  input_tokens=167  output_tokens=44
2026-07-31 15:13:39,294 [INFO   ]   >> INPUT  : Translate the natural language question into a valid SQL query using the provided schema.

Schema:
TV_Channel(id, series_name, Country, Language, Content, Pixel_aspect_ratio_PAR, Hight_definition_TV, Pay_per_view_PPV, Package_Option) | TV_series(id, Episode, Air_Date, Rating, Share, 18_49_Rating_Share, Viewers_m, Weekly_Rank, Channel->TV_Channel.id) | Cartoon(id, Title, Directed_by, Written_by, Original_air_date, Production_code, Channel->TV_Channel.id)

Question:
List each language and the number of TV Channels using it.

SQL:

2026-07-31 15:13:39,294 [INFO   ]   >> OUTPUT : SELECT T1.Language ,  count(*) FROM TV_channel AS T1 JOIN TV_series AS T2 ON T1.channel  =  T2.id GROUP BY T1.Language
2026-07-31 15:13:40,306 [INFO   ] [inference] generate_sql  latency_sec=0.9894  input_tokens=169  output_tokens=16
2026-07-31 15:13:40,307 [INFO   ]   >> INPUT  : Translate the natural language question into a valid SQL query using the provided schema.

Schema:
TV_Channel(id, series_name, Country, Language, Content, Pixel_aspect_ratio_PAR, Hight_definition_TV, Pay_per_view_PPV, Package_Option) | TV_series(id, Episode, Air_Date, Rating, Share, 18_49_Rating_Share, Viewers_m, Weekly_Rank, Channel->TV_Channel.id) | Cartoon(id, Title, Directed_by, Written_by, Original_air_date, Production_code, Channel->TV_Channel.id)

Question:
For each language, list the number of TV Channels that use it.

SQL:

2026-07-31 15:13:40,307 [INFO   ]   >> OUTPUT : SELECT Language ,  COUNT(*) FROM TV_channel GROUP BY Language
2026-07-31 15:13:43,305 [INFO   ] [inference] generate_sql  latency_sec=2.972  input_tokens=180  output_tokens=49
2026-07-31 15:13:43,305 [INFO   ]   >> INPUT  : Translate the natural language question into a valid SQL query using the provided schema.

Schema:
TV_Channel(id, series_name, Country, Language, Content, Pixel_aspect_ratio_PAR, Hight_definition_TV, Pay_per_view_PPV, Package_Option) | TV_series(id, Episode, Air_Date, Rating, Share, 18_49_Rating_Share, Viewers_m, Weekly_Rank, Channel->TV_Channel.id) | Cartoon(id, Title, Directed_by, Written_by, Original_air_date, Production_code, Channel->TV_Channel.id)

Question:
What is the TV Channel that shows the cartoon "The Rise of the Blue Beetle!"? List the TV Channel's series name.

SQL:

2026-07-31 15:13:43,305 [INFO   ]   >> OUTPUT : SELECT T1.series_name FROM TV_series AS T1 JOIN Cartoon AS T2 ON T1.channel  =  T2.channel WHERE T2.title  =  "The Rise of the Blue Beetle!"
2026-07-31 15:13:45,665 [INFO   ] [inference] generate_sql  latency_sec=2.3432  input_tokens=175  output_tokens=49
2026-07-31 15:13:45,665 [INFO   ]   >> INPUT  : Translate the natural language question into a valid SQL query using the provided schema.

Schema:
TV_Channel(id, series_name, Country, Language, Content, Pixel_aspect_ratio_PAR, Hight_definition_TV, Pay_per_view_PPV, Package_Option) | TV_series(id, Episode, Air_Date, Rating, Share, 18_49_Rating_Share, Viewers_m, Weekly_Rank, Channel->TV_Channel.id) | Cartoon(id, Title, Directed_by, Written_by, Original_air_date, Production_code, Channel->TV_Channel.id)

Question:
What is the series name of the TV Channel that shows the cartoon "The Rise of the Blue Beetle"?

SQL:

2026-07-31 15:13:45,665 [INFO   ]   >> OUTPUT : SELECT T1.series_name FROM TV_channel AS T1 JOIN Cartoon AS T2 ON T1.channel  =  T2.channel WHERE T2.title  =  "The Rise of the Blue Beetle"
2026-07-31 15:13:47,799 [INFO   ] [inference] generate_sql  latency_sec=2.1172  input_tokens=173  output_tokens=45
2026-07-31 15:13:47,799 [INFO   ]   >> INPUT  : Translate the natural language question into a valid SQL query using the provided schema.

Schema:
TV_Channel(id, series_name, Country, Language, Content, Pixel_aspect_ratio_PAR, Hight_definition_TV, Pay_per_view_PPV, Package_Option) | TV_series(id, Episode, Air_Date, Rating, Share, 18_49_Rating_Share, Viewers_m, Weekly_Rank, Channel->TV_Channel.id) | Cartoon(id, Title, Directed_by, Written_by, Original_air_date, Production_code, Channel->TV_Channel.id)

Question:
List the title of all  Cartoons showed on TV Channel with series name "Sky Radio".

SQL:

2026-07-31 15:13:47,799 [INFO   ]   >> OUTPUT : SELECT T1.Title FROM Cartoon AS T1 JOIN TV_series AS T2 ON T1.Channel  =  T2.id WHERE T2.series_name  =  "Sky Radio"
2026-07-31 15:13:49,842 [INFO   ] [inference] generate_sql  latency_sec=2.0276  input_tokens=177  output_tokens=43
2026-07-31 15:13:49,842 [INFO   ]   >> INPUT  : Translate the natural language question into a valid SQL query using the provided schema.

Schema:
TV_Channel(id, series_name, Country, Language, Content, Pixel_aspect_ratio_PAR, Hight_definition_TV, Pay_per_view_PPV, Package_Option) | TV_series(id, Episode, Air_Date, Rating, Share, 18_49_Rating_Share, Viewers_m, Weekly_Rank, Channel->TV_Channel.id) | Cartoon(id, Title, Directed_by, Written_by, Original_air_date, Production_code, Channel->TV_Channel.id)

Question:
What is the title of all the cartools that are on the TV Channel with the series name "Sky Radio"?

SQL:

2026-07-31 15:13:49,842 [INFO   ]   >> OUTPUT : SELECT T1.Title FROM TV_series AS T1 JOIN Cartoon AS T2 ON T1.Channel  =  T2.Channel WHERE T2.Title  =  "Sky Radio"
2026-07-31 15:13:50,450 [INFO   ] [inference] generate_sql  latency_sec=0.5926  input_tokens=165  output_tokens=12
2026-07-31 15:13:50,450 [INFO   ]   >> INPUT  : Translate the natural language question into a valid SQL query using the provided schema.

Schema:
TV_Channel(id, series_name, Country, Language, Content, Pixel_aspect_ratio_PAR, Hight_definition_TV, Pay_per_view_PPV, Package_Option) | TV_series(id, Episode, Air_Date, Rating, Share, 18_49_Rating_Share, Viewers_m, Weekly_Rank, Channel->TV_Channel.id) | Cartoon(id, Title, Directed_by, Written_by, Original_air_date, Production_code, Channel->TV_Channel.id)

Question:
List the Episode of all TV series sorted by rating.

SQL:

2026-07-31 15:13:50,450 [INFO   ]   >> OUTPUT : SELECT episode FROM TV_series ORDER BY rating DESC
2026-07-31 15:13:51,050 [INFO   ] [inference] generate_sql  latency_sec=0.5832  input_tokens=164  output_tokens=12
2026-07-31 15:13:51,050 [INFO   ]   >> INPUT  : Translate the natural language question into a valid SQL query using the provided schema.

Schema:
TV_Channel(id, series_name, Country, Language, Content, Pixel_aspect_ratio_PAR, Hight_definition_TV, Pay_per_view_PPV, Package_Option) | TV_series(id, Episode, Air_Date, Rating, Share, 18_49_Rating_Share, Viewers_m, Weekly_Rank, Channel->TV_Channel.id) | Cartoon(id, Title, Directed_by, Written_by, Original_air_date, Production_code, Channel->TV_Channel.id)

Question:
What are all of the episodes ordered by ratings?

SQL:

2026-07-31 15:13:51,050 [INFO   ]   >> OUTPUT : SELECT episode FROM TV_series ORDER BY rating DESC
2026-07-31 15:13:54,129 [INFO   ] [inference] generate_sql  latency_sec=3.0623  input_tokens=172  output_tokens=57
2026-07-31 15:13:54,129 [INFO   ]   >> INPUT  : Translate the natural language question into a valid SQL query using the provided schema.

Schema:
TV_Channel(id, series_name, Country, Language, Content, Pixel_aspect_ratio_PAR, Hight_definition_TV, Pay_per_view_PPV, Package_Option) | TV_series(id, Episode, Air_Date, Rating, Share, 18_49_Rating_Share, Viewers_m, Weekly_Rank, Channel->TV_Channel.id) | Cartoon(id, Title, Directed_by, Written_by, Original_air_date, Production_code, Channel->TV_Channel.id)

Question:
List top 3 highest Rating  TV series. List the TV series's Episode and Rating.

SQL:

2026-07-31 15:13:54,129 [INFO   ]   >> OUTPUT : SELECT T1.series_name ,  T1.rating FROM TV_series AS T1 JOIN TV_channel AS T2 ON T1.channel  =  T2.id GROUP BY T1.rating ORDER BY count(*) DESC LIMIT 3
2026-07-31 15:13:58,039 [INFO   ] [inference] generate_sql  latency_sec=3.8838  input_tokens=172  output_tokens=70
2026-07-31 15:13:58,039 [INFO   ]   >> INPUT  : Translate the natural language question into a valid SQL query using the provided schema.

Schema:
TV_Channel(id, series_name, Country, Language, Content, Pixel_aspect_ratio_PAR, Hight_definition_TV, Pay_per_view_PPV, Package_Option) | TV_series(id, Episode, Air_Date, Rating, Share, 18_49_Rating_Share, Viewers_m, Weekly_Rank, Channel->TV_Channel.id) | Cartoon(id, Title, Directed_by, Written_by, Original_air_date, Production_code, Channel->TV_Channel.id)

Question:
What are 3 most highly rated episodes in the TV series table and what were those ratings?

SQL:

2026-07-31 15:13:58,039 [INFO   ]   >> OUTPUT : SELECT T2.Rating ,  T1.id FROM TV_series AS T1 JOIN TV_channel AS T2 ON T1.Channel  =  T2.id WHERE T1.series_name  =  "highly rated episodes" GROUP BY T1.id ORDER BY count(*) DESC LIMIT 3
2026-07-31 15:13:58,890 [INFO   ] [inference] generate_sql  latency_sec=0.8355  input_tokens=164  output_tokens=16
2026-07-31 15:13:58,890 [INFO   ]   >> INPUT  : Translate the natural language question into a valid SQL query using the provided schema.

Schema:
TV_Channel(id, series_name, Country, Language, Content, Pixel_aspect_ratio_PAR, Hight_definition_TV, Pay_per_view_PPV, Package_Option) | TV_series(id, Episode, Air_Date, Rating, Share, 18_49_Rating_Share, Viewers_m, Weekly_Rank, Channel->TV_Channel.id) | Cartoon(id, Title, Directed_by, Written_by, Original_air_date, Production_code, Channel->TV_Channel.id)

Question:
What is minimum and maximum share of TV series?

SQL:

2026-07-31 15:13:58,890 [INFO   ]   >> OUTPUT : SELECT min(share) ,  max(share) FROM TV_series
2026-07-31 15:13:59,712 [INFO   ] [inference] generate_sql  latency_sec=0.8064  input_tokens=166  output_tokens=16
2026-07-31 15:13:59,712 [INFO   ]   >> INPUT  : Translate the natural language question into a valid SQL query using the provided schema.

Schema:
TV_Channel(id, series_name, Country, Language, Content, Pixel_aspect_ratio_PAR, Hight_definition_TV, Pay_per_view_PPV, Package_Option) | TV_series(id, Episode, Air_Date, Rating, Share, 18_49_Rating_Share, Viewers_m, Weekly_Rank, Channel->TV_Channel.id) | Cartoon(id, Title, Directed_by, Written_by, Original_air_date, Production_code, Channel->TV_Channel.id)

Question:
What is the maximum and minimum share for the TV series?

SQL:

2026-07-31 15:13:59,712 [INFO   ]   >> OUTPUT : SELECT max(share) ,  min(share) FROM TV_series
2026-07-31 15:14:02,116 [INFO   ] [inference] generate_sql  latency_sec=2.3876  input_tokens=171  output_tokens=52
2026-07-31 15:14:02,116 [INFO   ]   >> INPUT  : Translate the natural language question into a valid SQL query using the provided schema.

Schema:
TV_Channel(id, series_name, Country, Language, Content, Pixel_aspect_ratio_PAR, Hight_definition_TV, Pay_per_view_PPV, Package_Option) | TV_series(id, Episode, Air_Date, Rating, Share, 18_49_Rating_Share, Viewers_m, Weekly_Rank, Channel->TV_Channel.id) | Cartoon(id, Title, Directed_by, Written_by, Original_air_date, Production_code, Channel->TV_Channel.id)

Question:
What is the air date of TV series with Episode "A Love of a Lifetime"?

SQL:

2026-07-31 15:14:02,116 [INFO   ]   >> OUTPUT : SELECT T1.Air_Date FROM TV_series AS T1 JOIN TV_episode AS T2 ON T1.id  =  T2.series_id WHERE T2.Episode  =  "A Love of a Lifetime"
2026-07-31 15:14:04,473 [INFO   ] [inference] generate_sql  latency_sec=2.3416  input_tokens=167  output_tokens=52
2026-07-31 15:14:04,473 [INFO   ]   >> INPUT  : Translate the natural language question into a valid SQL query using the provided schema.

Schema:
TV_Channel(id, series_name, Country, Language, Content, Pixel_aspect_ratio_PAR, Hight_definition_TV, Pay_per_view_PPV, Package_Option) | TV_series(id, Episode, Air_Date, Rating, Share, 18_49_Rating_Share, Viewers_m, Weekly_Rank, Channel->TV_Channel.id) | Cartoon(id, Title, Directed_by, Written_by, Original_air_date, Production_code, Channel->TV_Channel.id)

Question:
When did the episode "A Love of a Lifetime" air?

SQL:

2026-07-31 15:14:04,473 [INFO   ]   >> OUTPUT : SELECT T2.Air_Date FROM TV_series AS T1 JOIN TV_channel AS T2 ON T1.Channel  =  T2.id WHERE T1.series_name  =  "A Love of a Lifetime"
2026-07-31 15:14:07,153 [INFO   ] [inference] generate_sql  latency_sec=2.6645  input_tokens=170  output_tokens=21
2026-07-31 15:14:07,153 [INFO   ]   >> INPUT  : Translate the natural language question into a valid SQL query using the provided schema.

Schema:
TV_Channel(id, series_name, Country, Language, Content, Pixel_aspect_ratio_PAR, Hight_definition_TV, Pay_per_view_PPV, Package_Option) | TV_series(id, Episode, Air_Date, Rating, Share, 18_49_Rating_Share, Viewers_m, Weekly_Rank, Channel->TV_Channel.id) | Cartoon(id, Title, Directed_by, Written_by, Original_air_date, Production_code, Channel->TV_Channel.id)

Question:
What is Weekly Rank of TV series with Episode "A Love of a Lifetime"?

SQL:

2026-07-31 15:14:07,153 [INFO   ]   >> OUTPUT : SELECT Weekly_Rank FROM TV_series WHERE Episode  =  "A Love of a Lifetime"
2026-07-31 15:14:08,570 [INFO   ] [inference] generate_sql  latency_sec=1.3924  input_tokens=169  output_tokens=21
2026-07-31 15:14:08,571 [INFO   ]   >> INPUT  : Translate the natural language question into a valid SQL query using the provided schema.

Schema:
TV_Channel(id, series_name, Country, Language, Content, Pixel_aspect_ratio_PAR, Hight_definition_TV, Pay_per_view_PPV, Package_Option) | TV_series(id, Episode, Air_Date, Rating, Share, 18_49_Rating_Share, Viewers_m, Weekly_Rank, Channel->TV_Channel.id) | Cartoon(id, Title, Directed_by, Written_by, Original_air_date, Production_code, Channel->TV_Channel.id)

Question:
What is the weekly rank for the episode "A Love of a Lifetime"?

SQL:

2026-07-31 15:14:08,571 [INFO   ]   >> OUTPUT : SELECT Weekly_Rank FROM TV_series WHERE Episode  =  "A Love of a Lifetime"
2026-07-31 15:14:11,326 [INFO   ] [inference] generate_sql  latency_sec=2.7325  input_tokens=179  output_tokens=50
2026-07-31 15:14:11,327 [INFO   ]   >> INPUT  : Translate the natural language question into a valid SQL query using the provided schema.

Schema:
TV_Channel(id, series_name, Country, Language, Content, Pixel_aspect_ratio_PAR, Hight_definition_TV, Pay_per_view_PPV, Package_Option) | TV_series(id, Episode, Air_Date, Rating, Share, 18_49_Rating_Share, Viewers_m, Weekly_Rank, Channel->TV_Channel.id) | Cartoon(id, Title, Directed_by, Written_by, Original_air_date, Production_code, Channel->TV_Channel.id)

Question:
What is the TV Channel of TV series with Episode "A Love of a Lifetime"? List the TV Channel's series name.

SQL:

2026-07-31 15:14:11,327 [INFO   ]   >> OUTPUT : SELECT T2.series_name FROM TV_series AS T1 JOIN TV_channel AS T2 ON T1.channel  =  T2.id WHERE T1.Episode  =  "A Love of a Lifetime"
2026-07-31 15:14:13,681 [INFO   ] [inference] generate_sql  latency_sec=2.3386  input_tokens=172  output_tokens=21
2026-07-31 15:14:13,681 [INFO   ]   >> INPUT  : Translate the natural language question into a valid SQL query using the provided schema.

Schema:
TV_Channel(id, series_name, Country, Language, Content, Pixel_aspect_ratio_PAR, Hight_definition_TV, Pay_per_view_PPV, Package_Option) | TV_series(id, Episode, Air_Date, Rating, Share, 18_49_Rating_Share, Viewers_m, Weekly_Rank, Channel->TV_Channel.id) | Cartoon(id, Title, Directed_by, Written_by, Original_air_date, Production_code, Channel->TV_Channel.id)

Question:
What is the name of the series that has the episode "A Love of a Lifetime"?

SQL:

2026-07-31 15:14:13,681 [INFO   ]   >> OUTPUT : SELECT series_name FROM TV_series WHERE episode  =  "A Love of a Lifetime"
2026-07-31 15:14:16,042 [INFO   ] [inference] generate_sql  latency_sec=2.3441  input_tokens=173  output_tokens=47
2026-07-31 15:14:16,042 [INFO   ]   >> INPUT  : Translate the natural language question into a valid SQL query using the provided schema.

Schema:
TV_Channel(id, series_name, Country, Language, Content, Pixel_aspect_ratio_PAR, Hight_definition_TV, Pay_per_view_PPV, Package_Option) | TV_series(id, Episode, Air_Date, Rating, Share, 18_49_Rating_Share, Viewers_m, Weekly_Rank, Channel->TV_Channel.id) | Cartoon(id, Title, Directed_by, Written_by, Original_air_date, Production_code, Channel->TV_Channel.id)

Question:
List the Episode of all  TV series showed on TV Channel with series name "Sky Radio".

SQL:

2026-07-31 15:14:16,042 [INFO   ]   >> OUTPUT : SELECT T1.Episode FROM TV_series AS T1 JOIN TV_channel AS T2 ON T1.channel  =  T2.id WHERE T2.series_name  =  "Sky Radio"
2026-07-31 15:14:16,976 [INFO   ] [inference] generate_sql  latency_sec=0.9173  input_tokens=167  output_tokens=18
2026-07-31 15:14:16,977 [INFO   ]   >> INPUT  : Translate the natural language question into a valid SQL query using the provided schema.

Schema:
TV_Channel(id, series_name, Country, Language, Content, Pixel_aspect_ratio_PAR, Hight_definition_TV, Pay_per_view_PPV, Package_Option) | TV_series(id, Episode, Air_Date, Rating, Share, 18_49_Rating_Share, Viewers_m, Weekly_Rank, Channel->TV_Channel.id) | Cartoon(id, Title, Directed_by, Written_by, Original_air_date, Production_code, Channel->TV_Channel.id)

Question:
What is the episode for the TV series named "Sky Radio"?

SQL:

2026-07-31 15:14:16,977 [INFO   ]   >> OUTPUT : SELECT episode FROM TV_series WHERE series_name  =  "Sky Radio"
2026-07-31 15:14:19,361 [INFO   ] [inference] generate_sql  latency_sec=2.3684  input_tokens=167  output_tokens=48
2026-07-31 15:14:19,362 [INFO   ]   >> INPUT  : Translate the natural language question into a valid SQL query using the provided schema.

Schema:
TV_Channel(id, series_name, Country, Language, Content, Pixel_aspect_ratio_PAR, Hight_definition_TV, Pay_per_view_PPV, Package_Option) | TV_series(id, Episode, Air_Date, Rating, Share, 18_49_Rating_Share, Viewers_m, Weekly_Rank, Channel->TV_Channel.id) | Cartoon(id, Title, Directed_by, Written_by, Original_air_date, Production_code, Channel->TV_Channel.id)

Question:
Find the number of cartoons directed by each of the listed directors.

SQL:

2026-07-31 15:14:19,362 [INFO   ]   >> OUTPUT : SELECT T1.Directed_by ,  count(*) FROM Cartoon AS T1 JOIN TV_series AS T2 ON T1.Channel  =  T2.id GROUP BY T1.Directed_by
2026-07-31 15:14:23,094 [INFO   ] [inference] generate_sql  latency_sec=3.716  input_tokens=162  output_tokens=45
2026-07-31 15:14:23,094 [INFO   ]   >> INPUT  : Translate the natural language question into a valid SQL query using the provided schema.

Schema:
TV_Channel(id, series_name, Country, Language, Content, Pixel_aspect_ratio_PAR, Hight_definition_TV, Pay_per_view_PPV, Package_Option) | TV_series(id, Episode, Air_Date, Rating, Share, 18_49_Rating_Share, Viewers_m, Weekly_Rank, Channel->TV_Channel.id) | Cartoon(id, Title, Directed_by, Written_by, Original_air_date, Production_code, Channel->TV_Channel.id)

Question:
How many cartoons did each director create?

SQL:

2026-07-31 15:14:23,095 [INFO   ]   >> OUTPUT : SELECT count(*) ,  T1.Title FROM Cartoon AS T1 JOIN TV_series AS T2 ON T1.Channel  =  T2.id GROUP BY T1.Directed_by
2026-07-31 15:14:24,833 [INFO   ] [inference] generate_sql  latency_sec=1.7143  input_tokens=167  output_tokens=22
2026-07-31 15:14:24,833 [INFO   ]   >> INPUT  : Translate the natural language question into a valid SQL query using the provided schema.

Schema:
TV_Channel(id, series_name, Country, Language, Content, Pixel_aspect_ratio_PAR, Hight_definition_TV, Pay_per_view_PPV, Package_Option) | TV_series(id, Episode, Air_Date, Rating, Share, 18_49_Rating_Share, Viewers_m, Weekly_Rank, Channel->TV_Channel.id) | Cartoon(id, Title, Directed_by, Written_by, Original_air_date, Production_code, Channel->TV_Channel.id)

Question:
Find the production code and channel of the most recently aired cartoon .

SQL:

2026-07-31 15:14:24,833 [INFO   ]   >> OUTPUT : SELECT Production_code ,  Channel FROM Cartoon ORDER BY Original_air_date DESC LIMIT 1
2026-07-31 15:14:25,946 [INFO   ] [inference] generate_sql  latency_sec=1.0968  input_tokens=169  output_tokens=20
2026-07-31 15:14:25,947 [INFO   ]   >> INPUT  : Translate the natural language question into a valid SQL query using the provided schema.

Schema:
TV_Channel(id, series_name, Country, Language, Content, Pixel_aspect_ratio_PAR, Hight_definition_TV, Pay_per_view_PPV, Package_Option) | TV_series(id, Episode, Air_Date, Rating, Share, 18_49_Rating_Share, Viewers_m, Weekly_Rank, Channel->TV_Channel.id) | Cartoon(id, Title, Directed_by, Written_by, Original_air_date, Production_code, Channel->TV_Channel.id)

Question:
What is the produdction code and channel of the most recent cartoon ?

SQL:

2026-07-31 15:14:25,947 [INFO   ]   >> OUTPUT : SELECT Production_code ,  Channel FROM Cartoon ORDER BY Production_code DESC LIMIT 1
2026-07-31 15:14:27,470 [INFO   ] [inference] generate_sql  latency_sec=1.5043  input_tokens=171  output_tokens=27
2026-07-31 15:14:27,470 [INFO   ]   >> INPUT  : Translate the natural language question into a valid SQL query using the provided schema.

Schema:
TV_Channel(id, series_name, Country, Language, Content, Pixel_aspect_ratio_PAR, Hight_definition_TV, Pay_per_view_PPV, Package_Option) | TV_series(id, Episode, Air_Date, Rating, Share, 18_49_Rating_Share, Viewers_m, Weekly_Rank, Channel->TV_Channel.id) | Cartoon(id, Title, Directed_by, Written_by, Original_air_date, Production_code, Channel->TV_Channel.id)

Question:
Find the package choice and series name of the TV channel that has high definition TV.

SQL:

2026-07-31 15:14:27,470 [INFO   ]   >> OUTPUT : SELECT Package_Option ,  series_name FROM TV_channel WHERE Hight_definition_TV  =  "high"
2026-07-31 15:14:28,866 [INFO   ] [inference] generate_sql  latency_sec=1.3784  input_tokens=175  output_tokens=27
2026-07-31 15:14:28,866 [INFO   ]   >> INPUT  : Translate the natural language question into a valid SQL query using the provided schema.

Schema:
TV_Channel(id, series_name, Country, Language, Content, Pixel_aspect_ratio_PAR, Hight_definition_TV, Pay_per_view_PPV, Package_Option) | TV_series(id, Episode, Air_Date, Rating, Share, 18_49_Rating_Share, Viewers_m, Weekly_Rank, Channel->TV_Channel.id) | Cartoon(id, Title, Directed_by, Written_by, Original_air_date, Production_code, Channel->TV_Channel.id)

Question:
What are the package options and the name of the series for the TV Channel that supports high definition TV?

SQL:

2026-07-31 15:14:28,866 [INFO   ]   >> OUTPUT : SELECT Package_Option ,  series_name FROM TV_channel WHERE Hight_definition_TV  =  "high"
2026-07-31 15:14:31,334 [INFO   ] [inference] generate_sql  latency_sec=2.4521  input_tokens=168  output_tokens=45
2026-07-31 15:14:31,335 [INFO   ]   >> INPUT  : Translate the natural language question into a valid SQL query using the provided schema.

Schema:
TV_Channel(id, series_name, Country, Language, Content, Pixel_aspect_ratio_PAR, Hight_definition_TV, Pay_per_view_PPV, Package_Option) | TV_series(id, Episode, Air_Date, Rating, Share, 18_49_Rating_Share, Viewers_m, Weekly_Rank, Channel->TV_Channel.id) | Cartoon(id, Title, Directed_by, Written_by, Original_air_date, Production_code, Channel->TV_Channel.id)

Question:
which countries' tv channels are playing some cartoon written by Todd Casey?

SQL:

2026-07-31 15:14:31,335 [INFO   ]   >> OUTPUT : SELECT T1.Country FROM TV_channel AS T1 JOIN Cartoon AS T2 ON T1.Channel  =  T2.Channel WHERE T2.Written_by  =  "Todd Casey"
2026-07-31 15:14:33,720 [INFO   ] [inference] generate_sql  latency_sec=2.368  input_tokens=170  output_tokens=45
2026-07-31 15:14:33,720 [INFO   ]   >> INPUT  : Translate the natural language question into a valid SQL query using the provided schema.

Schema:
TV_Channel(id, series_name, Country, Language, Content, Pixel_aspect_ratio_PAR, Hight_definition_TV, Pay_per_view_PPV, Package_Option) | TV_series(id, Episode, Air_Date, Rating, Share, 18_49_Rating_Share, Viewers_m, Weekly_Rank, Channel->TV_Channel.id) | Cartoon(id, Title, Directed_by, Written_by, Original_air_date, Production_code, Channel->TV_Channel.id)

Question:
What are the countries that have cartoons on TV that were written by Todd Casey?

SQL:

2026-07-31 15:14:33,720 [INFO   ]   >> OUTPUT : SELECT T2.Country FROM TV_series AS T1 JOIN Cartoon AS T2 ON T1.Channel  =  T2.Channel WHERE T1.Written_by  =  "Todd Casey"
2026-07-31 15:14:36,633 [INFO   ] [inference] generate_sql  latency_sec=2.8974  input_tokens=169  output_tokens=47
2026-07-31 15:14:36,633 [INFO   ]   >> INPUT  : Translate the natural language question into a valid SQL query using the provided schema.

Schema:
TV_Channel(id, series_name, Country, Language, Content, Pixel_aspect_ratio_PAR, Hight_definition_TV, Pay_per_view_PPV, Package_Option) | TV_series(id, Episode, Air_Date, Rating, Share, 18_49_Rating_Share, Viewers_m, Weekly_Rank, Channel->TV_Channel.id) | Cartoon(id, Title, Directed_by, Written_by, Original_air_date, Production_code, Channel->TV_Channel.id)

Question:
which countries' tv channels are not playing any cartoon written by Todd Casey?

SQL:

2026-07-31 15:14:36,634 [INFO   ]   >> OUTPUT : SELECT DISTINCT T1.Country FROM TV_channel AS T1 JOIN Cartoon AS T2 ON T1.Channel  =  T2.Channel WHERE T2.Written_by != "Todd Casey"
2026-07-31 15:14:39,364 [INFO   ] [inference] generate_sql  latency_sec=2.7071  input_tokens=168  output_tokens=47
2026-07-31 15:14:39,364 [INFO   ]   >> INPUT  : Translate the natural language question into a valid SQL query using the provided schema.

Schema:
TV_Channel(id, series_name, Country, Language, Content, Pixel_aspect_ratio_PAR, Hight_definition_TV, Pay_per_view_PPV, Package_Option) | TV_series(id, Episode, Air_Date, Rating, Share, 18_49_Rating_Share, Viewers_m, Weekly_Rank, Channel->TV_Channel.id) | Cartoon(id, Title, Directed_by, Written_by, Original_air_date, Production_code, Channel->TV_Channel.id)

Question:
What are the countries that are not playing cartoons written by Todd Casey?

SQL:

2026-07-31 15:14:39,364 [INFO   ]   >> OUTPUT : SELECT DISTINCT T1.Country FROM TV_series AS T1 JOIN Cartoon AS T2 ON T1.Channel  =  T2.Channel WHERE T2.Written_by != "Todd Casey"
2026-07-31 15:14:44,556 [INFO   ] [inference] generate_sql  latency_sec=5.1738  input_tokens=177  output_tokens=108
2026-07-31 15:14:44,556 [INFO   ]   >> INPUT  : Translate the natural language question into a valid SQL query using the provided schema.

Schema:
TV_Channel(id, series_name, Country, Language, Content, Pixel_aspect_ratio_PAR, Hight_definition_TV, Pay_per_view_PPV, Package_Option) | TV_series(id, Episode, Air_Date, Rating, Share, 18_49_Rating_Share, Viewers_m, Weekly_Rank, Channel->TV_Channel.id) | Cartoon(id, Title, Directed_by, Written_by, Original_air_date, Production_code, Channel->TV_Channel.id)

Question:
Find the series name and country of the tv channel that is playing some cartoons directed by Ben Jones and Michael Chang?

SQL:

2026-07-31 15:14:44,556 [INFO   ]   >> OUTPUT : SELECT T1.series_name ,  T1.Country FROM TV_series AS T1 JOIN Cartoon AS T2 ON T1.id  =  T2.channel WHERE T2.directed_by  =  "Ben Jones" INTERSECT SELECT T1.series_name ,  T1.Country FROM TV_series AS T1 JOIN Cartoon AS T2 ON T1.id  =  T2.channel WHERE T2.directed_by  =  "Michael Chang"
2026-07-31 15:14:50,363 [INFO   ] [inference] generate_sql  latency_sec=5.7908  input_tokens=180  output_tokens=108
2026-07-31 15:14:50,363 [INFO   ]   >> INPUT  : Translate the natural language question into a valid SQL query using the provided schema.

Schema:
TV_Channel(id, series_name, Country, Language, Content, Pixel_aspect_ratio_PAR, Hight_definition_TV, Pay_per_view_PPV, Package_Option) | TV_series(id, Episode, Air_Date, Rating, Share, 18_49_Rating_Share, Viewers_m, Weekly_Rank, Channel->TV_Channel.id) | Cartoon(id, Title, Directed_by, Written_by, Original_air_date, Production_code, Channel->TV_Channel.id)

Question:
What is the series name and country of all TV channels that are playing cartoons directed by Ben Jones and cartoons directed by Michael Chang?

SQL:

2026-07-31 15:14:50,363 [INFO   ]   >> OUTPUT : SELECT T1.series_name ,  T1.Country FROM TV_series AS T1 JOIN Cartoon AS T2 ON T1.channel  =  T2.channel WHERE T2.directed_by  =  "Ben Jones" INTERSECT SELECT T1.series_name ,  T1.Country FROM TV_series AS T1 JOIN Cartoon AS T2 ON T1.channel  =  T2.channel WHERE T2.directed_by  =  "Michael Chang"
2026-07-31 15:14:52,095 [INFO   ] [inference] generate_sql  latency_sec=1.7077  input_tokens=171  output_tokens=24
2026-07-31 15:14:52,095 [INFO   ]   >> INPUT  : Translate the natural language question into a valid SQL query using the provided schema.

Schema:
TV_Channel(id, series_name, Country, Language, Content, Pixel_aspect_ratio_PAR, Hight_definition_TV, Pay_per_view_PPV, Package_Option) | TV_series(id, Episode, Air_Date, Rating, Share, 18_49_Rating_Share, Viewers_m, Weekly_Rank, Channel->TV_Channel.id) | Cartoon(id, Title, Directed_by, Written_by, Original_air_date, Production_code, Channel->TV_Channel.id)

Question:
find the pixel aspect ratio and nation of the tv channels that do not use English.

SQL:

2026-07-31 15:14:52,095 [INFO   ]   >> OUTPUT : SELECT Pixel_aspect_ratio_PAR ,  Country FROM TV_channel WHERE Language != 'english'
2026-07-31 15:14:53,447 [INFO   ] [inference] generate_sql  latency_sec=1.3252  input_tokens=174  output_tokens=24
2026-07-31 15:14:53,447 [INFO   ]   >> INPUT  : Translate the natural language question into a valid SQL query using the provided schema.

Schema:
TV_Channel(id, series_name, Country, Language, Content, Pixel_aspect_ratio_PAR, Hight_definition_TV, Pay_per_view_PPV, Package_Option) | TV_series(id, Episode, Air_Date, Rating, Share, 18_49_Rating_Share, Viewers_m, Weekly_Rank, Channel->TV_Channel.id) | Cartoon(id, Title, Directed_by, Written_by, Original_air_date, Production_code, Channel->TV_Channel.id)

Question:
What is the pixel aspect ratio and country of origin for all TV channels that do not use English?

SQL:

2026-07-31 15:14:53,447 [INFO   ]   >> OUTPUT : SELECT Pixel_aspect_ratio_PAR ,  Country FROM TV_channel WHERE Country != 'English'
2026-07-31 15:14:55,845 [INFO   ] [inference] generate_sql  latency_sec=2.3811  input_tokens=172  output_tokens=50
2026-07-31 15:14:55,845 [INFO   ]   >> INPUT  : Translate the natural language question into a valid SQL query using the provided schema.

Schema:
TV_Channel(id, series_name, Country, Language, Content, Pixel_aspect_ratio_PAR, Hight_definition_TV, Pay_per_view_PPV, Package_Option) | TV_series(id, Episode, Air_Date, Rating, Share, 18_49_Rating_Share, Viewers_m, Weekly_Rank, Channel->TV_Channel.id) | Cartoon(id, Title, Directed_by, Written_by, Original_air_date, Production_code, Channel->TV_Channel.id)

Question:
find id of the tv channels that from the countries where have more than two tv channels.

SQL:

2026-07-31 15:14:55,845 [INFO   ]   >> OUTPUT : SELECT T1.id FROM TV_channel AS T1 JOIN TV_series AS T2 ON T1.channel  =  T2.channel GROUP BY T1.country HAVING count(*)  >=  2
2026-07-31 15:14:58,236 [INFO   ] [inference] generate_sql  latency_sec=2.375  input_tokens=171  output_tokens=50
2026-07-31 15:14:58,236 [INFO   ]   >> INPUT  : Translate the natural language question into a valid SQL query using the provided schema.

Schema:
TV_Channel(id, series_name, Country, Language, Content, Pixel_aspect_ratio_PAR, Hight_definition_TV, Pay_per_view_PPV, Package_Option) | TV_series(id, Episode, Air_Date, Rating, Share, 18_49_Rating_Share, Viewers_m, Weekly_Rank, Channel->TV_Channel.id) | Cartoon(id, Title, Directed_by, Written_by, Original_air_date, Production_code, Channel->TV_Channel.id)

Question:
What are the ids of all tv channels that have more than 2 TV channels?

SQL:

2026-07-31 15:14:58,236 [INFO   ]   >> OUTPUT : SELECT T1.id FROM TV_channel AS T1 JOIN TV_series AS T2 ON T1.channel  =  T2.id GROUP BY T1.id HAVING count(*)  >=  2
2026-07-31 15:15:00,353 [INFO   ] [inference] generate_sql  latency_sec=2.1009  input_tokens=171  output_tokens=45
2026-07-31 15:15:00,354 [INFO   ]   >> INPUT  : Translate the natural language question into a valid SQL query using the provided schema.

Schema:
TV_Channel(id, series_name, Country, Language, Content, Pixel_aspect_ratio_PAR, Hight_definition_TV, Pay_per_view_PPV, Package_Option) | TV_series(id, Episode, Air_Date, Rating, Share, 18_49_Rating_Share, Viewers_m, Weekly_Rank, Channel->TV_Channel.id) | Cartoon(id, Title, Directed_by, Written_by, Original_air_date, Production_code, Channel->TV_Channel.id)

Question:
find the id of tv channels that do not play any cartoon directed by Ben Jones.

SQL:

2026-07-31 15:15:00,354 [INFO   ]   >> OUTPUT : SELECT T1.id FROM TV_channel AS T1 JOIN Cartoon AS T2 ON T1.channel  =  T2.channel WHERE T2.directed_by  =  "Ben Jones"
2026-07-31 15:15:02,674 [INFO   ] [inference] generate_sql  latency_sec=2.3042  input_tokens=174  output_tokens=45
2026-07-31 15:15:02,674 [INFO   ]   >> INPUT  : Translate the natural language question into a valid SQL query using the provided schema.

Schema:
TV_Channel(id, series_name, Country, Language, Content, Pixel_aspect_ratio_PAR, Hight_definition_TV, Pay_per_view_PPV, Package_Option) | TV_series(id, Episode, Air_Date, Rating, Share, 18_49_Rating_Share, Viewers_m, Weekly_Rank, Channel->TV_Channel.id) | Cartoon(id, Title, Directed_by, Written_by, Original_air_date, Production_code, Channel->TV_Channel.id)

Question:
What are the ids of the TV channels that do not have any cartoons directed by Ben Jones?

SQL:

2026-07-31 15:15:02,674 [INFO   ]   >> OUTPUT : SELECT T1.id FROM TV_channel AS T1 JOIN Cartoon AS T2 ON T1.id  =  T2.channel WHERE T2.Written_by  =  "Ben Jones"
2026-07-31 15:15:06,272 [INFO   ] [inference] generate_sql  latency_sec=3.5752  input_tokens=173  output_tokens=58
2026-07-31 15:15:06,273 [INFO   ]   >> INPUT  : Translate the natural language question into a valid SQL query using the provided schema.

Schema:
TV_Channel(id, series_name, Country, Language, Content, Pixel_aspect_ratio_PAR, Hight_definition_TV, Pay_per_view_PPV, Package_Option) | TV_series(id, Episode, Air_Date, Rating, Share, 18_49_Rating_Share, Viewers_m, Weekly_Rank, Channel->TV_Channel.id) | Cartoon(id, Title, Directed_by, Written_by, Original_air_date, Production_code, Channel->TV_Channel.id)

Question:
find the package option of the tv channel that do not have any cartoon directed by Ben Jones.

SQL:

2026-07-31 15:15:06,273 [INFO   ]   >> OUTPUT : SELECT Package_Option FROM TV_channel WHERE id NOT IN (SELECT T2.id FROM Cartoon AS T1 JOIN TV_series AS T2 ON T1.channel  =  T2.id WHERE T1.Written_by  =  "Ben Jones")
2026-07-31 15:15:07,707 [INFO   ] [inference] generate_sql  latency_sec=1.4181  input_tokens=174  output_tokens=29
2026-07-31 15:15:07,708 [INFO   ]   >> INPUT  : Translate the natural language question into a valid SQL query using the provided schema.

Schema:
TV_Channel(id, series_name, Country, Language, Content, Pixel_aspect_ratio_PAR, Hight_definition_TV, Pay_per_view_PPV, Package_Option) | TV_series(id, Episode, Air_Date, Rating, Share, 18_49_Rating_Share, Viewers_m, Weekly_Rank, Channel->TV_Channel.id) | Cartoon(id, Title, Directed_by, Written_by, Original_air_date, Production_code, Channel->TV_Channel.id)

Question:
What are the package options of all tv channels that are not playing any cartoons directed by Ben Jones?

SQL:

2026-07-31 15:15:07,708 [INFO   ]   >> OUTPUT : SELECT Package_Option FROM TV_channel WHERE id NOT IN (SELECT Channel FROM Cartoon WHERE Written_by  =  "Ben Jones")
2026-07-31 15:15:08,225 [INFO   ] [inference] generate_sql  latency_sec=0.5009  input_tokens=96  output_tokens=9
2026-07-31 15:15:08,226 [INFO   ]   >> INPUT  : Translate the natural language question into a valid SQL query using the provided schema.

Schema:
poker_player(Poker_Player_ID, People_ID->people.People_ID, Final_Table_Made, Best_Finish, Money_Rank, Earnings) | people(People_ID, Nationality, Name, Birth_Date, Height)

Question:
How many poker players are there?

SQL:

2026-07-31 15:15:08,226 [INFO   ]   >> OUTPUT : SELECT count(*) FROM poker_player
2026-07-31 15:15:08,739 [INFO   ] [inference] generate_sql  latency_sec=0.4984  input_tokens=96  output_tokens=9
2026-07-31 15:15:08,740 [INFO   ]   >> INPUT  : Translate the natural language question into a valid SQL query using the provided schema.

Schema:
poker_player(Poker_Player_ID, People_ID->people.People_ID, Final_Table_Made, Best_Finish, Money_Rank, Earnings) | people(People_ID, Nationality, Name, Birth_Date, Height)

Question:
Count the number of poker players.

SQL:

2026-07-31 15:15:08,740 [INFO   ]   >> OUTPUT : SELECT count(*) FROM poker_player
2026-07-31 15:15:09,402 [INFO   ] [inference] generate_sql  latency_sec=0.6464  input_tokens=99  output_tokens=14
2026-07-31 15:15:09,403 [INFO   ]   >> INPUT  : Translate the natural language question into a valid SQL query using the provided schema.

Schema:
poker_player(Poker_Player_ID, People_ID->people.People_ID, Final_Table_Made, Best_Finish, Money_Rank, Earnings) | people(People_ID, Nationality, Name, Birth_Date, Height)

Question:
List the earnings of poker players in descending order.

SQL:

2026-07-31 15:15:09,403 [INFO   ]   >> OUTPUT : SELECT Earnings FROM poker_player ORDER BY Earnings DESC
2026-07-31 15:15:10,142 [INFO   ] [inference] generate_sql  latency_sec=0.7241  input_tokens=102  output_tokens=14
2026-07-31 15:15:10,143 [INFO   ]   >> INPUT  : Translate the natural language question into a valid SQL query using the provided schema.

Schema:
poker_player(Poker_Player_ID, People_ID->people.People_ID, Final_Table_Made, Best_Finish, Money_Rank, Earnings) | people(People_ID, Nationality, Name, Birth_Date, Height)

Question:
What are the earnings of poker players, ordered descending by value?

SQL:

2026-07-31 15:15:10,143 [INFO   ]   >> OUTPUT : SELECT Earnings FROM poker_player ORDER BY Earnings DESC
2026-07-31 15:15:10,992 [INFO   ] [inference] generate_sql  latency_sec=0.8333  input_tokens=102  output_tokens=16
2026-07-31 15:15:10,992 [INFO   ]   >> INPUT  : Translate the natural language question into a valid SQL query using the provided schema.

Schema:
poker_player(Poker_Player_ID, People_ID->people.People_ID, Final_Table_Made, Best_Finish, Money_Rank, Earnings) | people(People_ID, Nationality, Name, Birth_Date, Height)

Question:
List the final tables made and the best finishes of poker players.

SQL:

2026-07-31 15:15:10,992 [INFO   ]   >> OUTPUT : SELECT Final_Table_Made ,  Best_Finish FROM poker_player
2026-07-31 15:15:11,853 [INFO   ] [inference] generate_sql  latency_sec=0.8432  input_tokens=103  output_tokens=16
2026-07-31 15:15:11,853 [INFO   ]   >> INPUT  : Translate the natural language question into a valid SQL query using the provided schema.

Schema:
poker_player(Poker_Player_ID, People_ID->people.People_ID, Final_Table_Made, Best_Finish, Money_Rank, Earnings) | people(People_ID, Nationality, Name, Birth_Date, Height)

Question:
What are the final tables made and best finishes for all poker players?

SQL:

2026-07-31 15:15:11,853 [INFO   ]   >> OUTPUT : SELECT Final_Table_Made ,  Best_Finish FROM poker_player
2026-07-31 15:15:12,438 [INFO   ] [inference] generate_sql  latency_sec=0.5694  input_tokens=98  output_tokens=11
2026-07-31 15:15:12,438 [INFO   ]   >> INPUT  : Translate the natural language question into a valid SQL query using the provided schema.

Schema:
poker_player(Poker_Player_ID, People_ID->people.People_ID, Final_Table_Made, Best_Finish, Money_Rank, Earnings) | people(People_ID, Nationality, Name, Birth_Date, Height)

Question:
What is the average earnings of poker players?

SQL:

2026-07-31 15:15:12,438 [INFO   ]   >> OUTPUT : SELECT avg(Earnings) FROM poker_player
2026-07-31 15:15:13,047 [INFO   ] [inference] generate_sql  latency_sec=0.593  input_tokens=98  output_tokens=11
2026-07-31 15:15:13,047 [INFO   ]   >> INPUT  : Translate the natural language question into a valid SQL query using the provided schema.

Schema:
poker_player(Poker_Player_ID, People_ID->people.People_ID, Final_Table_Made, Best_Finish, Money_Rank, Earnings) | people(People_ID, Nationality, Name, Birth_Date, Height)

Question:
Return the average earnings across all poker players.

SQL:

2026-07-31 15:15:13,047 [INFO   ]   >> OUTPUT : SELECT avg(Earnings) FROM poker_player
2026-07-31 15:15:14,218 [INFO   ] [inference] generate_sql  latency_sec=1.1535  input_tokens=103  output_tokens=18
2026-07-31 15:15:14,218 [INFO   ]   >> INPUT  : Translate the natural language question into a valid SQL query using the provided schema.

Schema:
poker_player(Poker_Player_ID, People_ID->people.People_ID, Final_Table_Made, Best_Finish, Money_Rank, Earnings) | people(People_ID, Nationality, Name, Birth_Date, Height)

Question:
What is the money rank of the poker player with the highest earnings?

SQL:

2026-07-31 15:15:14,218 [INFO   ]   >> OUTPUT : SELECT Money_Rank FROM poker_player ORDER BY Earnings DESC LIMIT 1
2026-07-31 15:15:15,164 [INFO   ] [inference] generate_sql  latency_sec=0.9297  input_tokens=101  output_tokens=18
2026-07-31 15:15:15,164 [INFO   ]   >> INPUT  : Translate the natural language question into a valid SQL query using the provided schema.

Schema:
poker_player(Poker_Player_ID, People_ID->people.People_ID, Final_Table_Made, Best_Finish, Money_Rank, Earnings) | people(People_ID, Nationality, Name, Birth_Date, Height)

Question:
Return the money rank of the player with the greatest earnings.

SQL:

2026-07-31 15:15:15,164 [INFO   ]   >> OUTPUT : SELECT Money_Rank FROM poker_player ORDER BY Earnings DESC LIMIT 1
2026-07-31 15:15:16,440 [INFO   ] [inference] generate_sql  latency_sec=1.2594  input_tokens=108  output_tokens=22
2026-07-31 15:15:16,441 [INFO   ]   >> INPUT  : Translate the natural language question into a valid SQL query using the provided schema.

Schema:
poker_player(Poker_Player_ID, People_ID->people.People_ID, Final_Table_Made, Best_Finish, Money_Rank, Earnings) | people(People_ID, Nationality, Name, Birth_Date, Height)

Question:
What is the maximum number of final tables made among poker players with earnings less than 200000?

SQL:

2026-07-31 15:15:16,441 [INFO   ]   >> OUTPUT : SELECT max(Final_Table_Made) FROM poker_player WHERE Earnings  <  200000
2026-07-31 15:15:17,888 [INFO   ] [inference] generate_sql  latency_sec=1.4204  input_tokens=106  output_tokens=22
2026-07-31 15:15:17,889 [INFO   ]   >> INPUT  : Translate the natural language question into a valid SQL query using the provided schema.

Schema:
poker_player(Poker_Player_ID, People_ID->people.People_ID, Final_Table_Made, Best_Finish, Money_Rank, Earnings) | people(People_ID, Nationality, Name, Birth_Date, Height)

Question:
Return the maximum final tables made across all poker players who have earnings below 200000.

SQL:

2026-07-31 15:15:17,889 [INFO   ]   >> OUTPUT : SELECT max(Final_Table_Made) FROM poker_player WHERE Earnings  <  200000
2026-07-31 15:15:20,285 [INFO   ] [inference] generate_sql  latency_sec=2.3667  input_tokens=97  output_tokens=35
2026-07-31 15:15:20,285 [INFO   ]   >> INPUT  : Translate the natural language question into a valid SQL query using the provided schema.

Schema:
poker_player(Poker_Player_ID, People_ID->people.People_ID, Final_Table_Made, Best_Finish, Money_Rank, Earnings) | people(People_ID, Nationality, Name, Birth_Date, Height)

Question:
What are the names of poker players?

SQL:

2026-07-31 15:15:20,285 [INFO   ]   >> OUTPUT : SELECT T1.Name FROM people AS T1 JOIN poker_player AS T2 ON T1.People_ID  =  T2.People_ID
2026-07-31 15:15:21,931 [INFO   ] [inference] generate_sql  latency_sec=1.6304  input_tokens=98  output_tokens=35
2026-07-31 15:15:21,931 [INFO   ]   >> INPUT  : Translate the natural language question into a valid SQL query using the provided schema.

Schema:
poker_player(Poker_Player_ID, People_ID->people.People_ID, Final_Table_Made, Best_Finish, Money_Rank, Earnings) | people(People_ID, Nationality, Name, Birth_Date, Height)

Question:
Return the names of all the poker players.

SQL:

2026-07-31 15:15:21,931 [INFO   ]   >> OUTPUT : SELECT T1.Name FROM people AS T1 JOIN poker_player AS T2 ON T1.People_ID  =  T2.People_ID
2026-07-31 15:15:24,249 [INFO   ] [inference] generate_sql  latency_sec=2.3014  input_tokens=104  output_tokens=46
2026-07-31 15:15:24,249 [INFO   ]   >> INPUT  : Translate the natural language question into a valid SQL query using the provided schema.

Schema:
poker_player(Poker_Player_ID, People_ID->people.People_ID, Final_Table_Made, Best_Finish, Money_Rank, Earnings) | people(People_ID, Nationality, Name, Birth_Date, Height)

Question:
What are the names of poker players whose earnings is higher than 300000?

SQL:

2026-07-31 15:15:24,249 [INFO   ]   >> OUTPUT : SELECT T1.Name FROM people AS T1 JOIN poker_player AS T2 ON T1.People_ID  =  T2.People_ID WHERE T2.Earnings  >  300000
2026-07-31 15:15:26,468 [INFO   ] [inference] generate_sql  latency_sec=2.203  input_tokens=102  output_tokens=46
2026-07-31 15:15:26,469 [INFO   ]   >> INPUT  : Translate the natural language question into a valid SQL query using the provided schema.

Schema:
poker_player(Poker_Player_ID, People_ID->people.People_ID, Final_Table_Made, Best_Finish, Money_Rank, Earnings) | people(People_ID, Nationality, Name, Birth_Date, Height)

Question:
Give the names of poker players who have earnings above 300000.

SQL:

2026-07-31 15:15:26,469 [INFO   ]   >> OUTPUT : SELECT T1.Name FROM people AS T1 JOIN poker_player AS T2 ON T1.People_ID  =  T2.People_ID WHERE T2.Earnings  >  300000
2026-07-31 15:15:28,677 [INFO   ] [inference] generate_sql  latency_sec=2.1922  input_tokens=105  output_tokens=46
2026-07-31 15:15:28,678 [INFO   ]   >> INPUT  : Translate the natural language question into a valid SQL query using the provided schema.

Schema:
poker_player(Poker_Player_ID, People_ID->people.People_ID, Final_Table_Made, Best_Finish, Money_Rank, Earnings) | people(People_ID, Nationality, Name, Birth_Date, Height)

Question:
List the names of poker players ordered by the final tables made in ascending order.

SQL:

2026-07-31 15:15:28,678 [INFO   ]   >> OUTPUT : SELECT T1.Name FROM people AS T1 JOIN poker_player AS T2 ON T1.People_ID  =  T2.People_ID ORDER BY T2.Final_Table_Made ASC
2026-07-31 15:15:31,078 [INFO   ] [inference] generate_sql  latency_sec=2.3836  input_tokens=109  output_tokens=46
2026-07-31 15:15:31,078 [INFO   ]   >> INPUT  : Translate the natural language question into a valid SQL query using the provided schema.

Schema:
poker_player(Poker_Player_ID, People_ID->people.People_ID, Final_Table_Made, Best_Finish, Money_Rank, Earnings) | people(People_ID, Nationality, Name, Birth_Date, Height)

Question:
What are the names of poker players, ordered ascending by the number of final tables they have made?

SQL:

2026-07-31 15:15:31,078 [INFO   ]   >> OUTPUT : SELECT T1.Name FROM people AS T1 JOIN poker_player AS T2 ON T1.People_ID  =  T2.People_ID ORDER BY T2.Final_Table_Made ASC
2026-07-31 15:15:32,298 [INFO   ] [inference] generate_sql  latency_sec=1.1944  input_tokens=103  output_tokens=16
2026-07-31 15:15:32,299 [INFO   ]   >> INPUT  : Translate the natural language question into a valid SQL query using the provided schema.

Schema:
poker_player(Poker_Player_ID, People_ID->people.People_ID, Final_Table_Made, Best_Finish, Money_Rank, Earnings) | people(People_ID, Nationality, Name, Birth_Date, Height)

Question:
What is the birth date of the poker player with the lowest earnings?

SQL:

2026-07-31 15:15:32,299 [INFO   ]   >> OUTPUT : SELECT Birth_Date FROM poker_player ORDER BY Earnings LIMIT 1
2026-07-31 15:15:33,465 [INFO   ] [inference] generate_sql  latency_sec=1.1405  input_tokens=102  output_tokens=16
2026-07-31 15:15:33,466 [INFO   ]   >> INPUT  : Translate the natural language question into a valid SQL query using the provided schema.

Schema:
poker_player(Poker_Player_ID, People_ID->people.People_ID, Final_Table_Made, Best_Finish, Money_Rank, Earnings) | people(People_ID, Nationality, Name, Birth_Date, Height)

Question:
Return the birth date of the poker player with the lowest earnings.

SQL:

2026-07-31 15:15:33,466 [INFO   ]   >> OUTPUT : SELECT Birth_Date FROM poker_player ORDER BY Earnings LIMIT 1
2026-07-31 15:15:36,852 [INFO   ] [inference] generate_sql  latency_sec=3.3627  input_tokens=100  output_tokens=62
2026-07-31 15:15:36,853 [INFO   ]   >> INPUT  : Translate the natural language question into a valid SQL query using the provided schema.

Schema:
poker_player(Poker_Player_ID, People_ID->people.People_ID, Final_Table_Made, Best_Finish, Money_Rank, Earnings) | people(People_ID, Nationality, Name, Birth_Date, Height)

Question:
What is the money rank of the tallest poker player?

SQL:

2026-07-31 15:15:36,853 [INFO   ]   >> OUTPUT : SELECT T1.Money_Rank FROM poker_player AS T1 JOIN people AS T2 ON T1.People_ID  =  T2.People_ID WHERE T2.Nationality  =  "Algeria" ORDER BY T2.Height DESC LIMIT 1
2026-07-31 15:15:37,879 [INFO   ] [inference] generate_sql  latency_sec=1.01  input_tokens=102  output_tokens=17
2026-07-31 15:15:37,879 [INFO   ]   >> INPUT  : Translate the natural language question into a valid SQL query using the provided schema.

Schema:
poker_player(Poker_Player_ID, People_ID->people.People_ID, Final_Table_Made, Best_Finish, Money_Rank, Earnings) | people(People_ID, Nationality, Name, Birth_Date, Height)

Question:
Return the money rank of the poker player with the greatest height.

SQL:

2026-07-31 15:15:37,879 [INFO   ]   >> OUTPUT : SELECT Money_Rank FROM poker_player ORDER BY Height DESC LIMIT 1
2026-07-31 15:15:38,726 [INFO   ] [inference] generate_sql  latency_sec=0.831  input_tokens=103  output_tokens=17
2026-07-31 15:15:38,726 [INFO   ]   >> INPUT  : Translate the natural language question into a valid SQL query using the provided schema.

Schema:
poker_player(Poker_Player_ID, People_ID->people.People_ID, Final_Table_Made, Best_Finish, Money_Rank, Earnings) | people(People_ID, Nationality, Name, Birth_Date, Height)

Question:
What is the average earnings of poker players with height higher than 200?

SQL:

2026-07-31 15:15:38,726 [INFO   ]   >> OUTPUT : SELECT avg(Earnings) FROM poker_player WHERE Height  >  200
2026-07-31 15:15:39,573 [INFO   ] [inference] generate_sql  latency_sec=0.8308  input_tokens=101  output_tokens=17
2026-07-31 15:15:39,573 [INFO   ]   >> INPUT  : Translate the natural language question into a valid SQL query using the provided schema.

Schema:
poker_player(Poker_Player_ID, People_ID->people.People_ID, Final_Table_Made, Best_Finish, Money_Rank, Earnings) | people(People_ID, Nationality, Name, Birth_Date, Height)

Question:
Give average earnings of poker players who are taller than 200.

SQL:

2026-07-31 15:15:39,573 [INFO   ]   >> OUTPUT : SELECT avg(Earnings) FROM poker_player WHERE Height  >  200
2026-07-31 15:15:41,722 [INFO   ] [inference] generate_sql  latency_sec=2.1324  input_tokens=102  output_tokens=44
2026-07-31 15:15:41,722 [INFO   ]   >> INPUT  : Translate the natural language question into a valid SQL query using the provided schema.

Schema:
poker_player(Poker_Player_ID, People_ID->people.People_ID, Final_Table_Made, Best_Finish, Money_Rank, Earnings) | people(People_ID, Nationality, Name, Birth_Date, Height)

Question:
What are the names of poker players in descending order of earnings?

SQL:

2026-07-31 15:15:41,722 [INFO   ]   >> OUTPUT : SELECT T1.Name FROM people AS T1 JOIN poker_player AS T2 ON T1.People_ID  =  T2.People_ID ORDER BY T2.Earnings DESC
2026-07-31 15:15:43,756 [INFO   ] [inference] generate_sql  latency_sec=2.0177  input_tokens=101  output_tokens=44
2026-07-31 15:15:43,757 [INFO   ]   >> INPUT  : Translate the natural language question into a valid SQL query using the provided schema.

Schema:
poker_player(Poker_Player_ID, People_ID->people.People_ID, Final_Table_Made, Best_Finish, Money_Rank, Earnings) | people(People_ID, Nationality, Name, Birth_Date, Height)

Question:
Return the names of poker players sorted by their earnings descending.

SQL:

2026-07-31 15:15:43,757 [INFO   ]   >> OUTPUT : SELECT T1.Name FROM people AS T1 JOIN poker_player AS T2 ON T1.People_ID  =  T2.People_ID ORDER BY T2.Earnings DESC
2026-07-31 15:15:44,931 [INFO   ] [inference] generate_sql  latency_sec=1.1587  input_tokens=106  output_tokens=20
2026-07-31 15:15:44,932 [INFO   ]   >> INPUT  : Translate the natural language question into a valid SQL query using the provided schema.

Schema:
poker_player(Poker_Player_ID, People_ID->people.People_ID, Final_Table_Made, Best_Finish, Money_Rank, Earnings) | people(People_ID, Nationality, Name, Birth_Date, Height)

Question:
What are different nationalities of people and the corresponding number of people from each nation?

SQL:

2026-07-31 15:15:44,932 [INFO   ]   >> OUTPUT : SELECT DISTINCT Nationality ,  COUNT(*) FROM people GROUP BY Nationality
2026-07-31 15:15:45,921 [INFO   ] [inference] generate_sql  latency_sec=0.9633  input_tokens=98  output_tokens=13
2026-07-31 15:15:45,922 [INFO   ]   >> INPUT  : Translate the natural language question into a valid SQL query using the provided schema.

Schema:
poker_player(Poker_Player_ID, People_ID->people.People_ID, Final_Table_Made, Best_Finish, Money_Rank, Earnings) | people(People_ID, Nationality, Name, Birth_Date, Height)

Question:
How many people are there of each nationality?

SQL:

2026-07-31 15:15:45,922 [INFO   ]   >> OUTPUT : SELECT nationality ,  count(*) FROM people GROUP BY nationality
2026-07-31 15:15:47,373 [INFO   ] [inference] generate_sql  latency_sec=1.4265  input_tokens=98  output_tokens=21
2026-07-31 15:15:47,374 [INFO   ]   >> INPUT  : Translate the natural language question into a valid SQL query using the provided schema.

Schema:
poker_player(Poker_Player_ID, People_ID->people.People_ID, Final_Table_Made, Best_Finish, Money_Rank, Earnings) | people(People_ID, Nationality, Name, Birth_Date, Height)

Question:
What is the most common nationality of people?

SQL:

2026-07-31 15:15:47,374 [INFO   ]   >> OUTPUT : SELECT Nationality FROM people GROUP BY Nationality ORDER BY COUNT(*) DESC LIMIT 1
2026-07-31 15:15:48,730 [INFO   ] [inference] generate_sql  latency_sec=1.3294  input_tokens=100  output_tokens=21
2026-07-31 15:15:48,731 [INFO   ]   >> INPUT  : Translate the natural language question into a valid SQL query using the provided schema.

Schema:
poker_player(Poker_Player_ID, People_ID->people.People_ID, Final_Table_Made, Best_Finish, Money_Rank, Earnings) | people(People_ID, Nationality, Name, Birth_Date, Height)

Question:
Give the nationality that is most common across all people.

SQL:

2026-07-31 15:15:48,731 [INFO   ]   >> OUTPUT : SELECT Nationality FROM people GROUP BY Nationality ORDER BY COUNT(*) DESC LIMIT 1
2026-07-31 15:15:49,872 [INFO   ] [inference] generate_sql  latency_sec=1.1247  input_tokens=103  output_tokens=22
2026-07-31 15:15:49,873 [INFO   ]   >> INPUT  : Translate the natural language question into a valid SQL query using the provided schema.

Schema:
poker_player(Poker_Player_ID, People_ID->people.People_ID, Final_Table_Made, Best_Finish, Money_Rank, Earnings) | people(People_ID, Nationality, Name, Birth_Date, Height)

Question:
What are the nationalities that are shared by at least two people?

SQL:

2026-07-31 15:15:49,873 [INFO   ]   >> OUTPUT : SELECT Nationality FROM people GROUP BY Nationality HAVING COUNT(*)  >=  2
2026-07-31 15:15:50,961 [INFO   ] [inference] generate_sql  latency_sec=1.0725  input_tokens=102  output_tokens=22
2026-07-31 15:15:50,962 [INFO   ]   >> INPUT  : Translate the natural language question into a valid SQL query using the provided schema.

Schema:
poker_player(Poker_Player_ID, People_ID->people.People_ID, Final_Table_Made, Best_Finish, Money_Rank, Earnings) | people(People_ID, Nationality, Name, Birth_Date, Height)

Question:
Return the nationalities for which there are two or more people.

SQL:

2026-07-31 15:15:50,962 [INFO   ]   >> OUTPUT : SELECT Nationality FROM people GROUP BY Nationality HAVING COUNT(*)  >=  2
2026-07-31 15:15:53,330 [INFO   ] [inference] generate_sql  latency_sec=2.3509  input_tokens=105  output_tokens=50
2026-07-31 15:15:53,330 [INFO   ]   >> INPUT  : Translate the natural language question into a valid SQL query using the provided schema.

Schema:
poker_player(Poker_Player_ID, People_ID->people.People_ID, Final_Table_Made, Best_Finish, Money_Rank, Earnings) | people(People_ID, Nationality, Name, Birth_Date, Height)

Question:
List the names and birth dates of people in ascending alphabetical order of name.

SQL:

2026-07-31 15:15:53,330 [INFO   ]   >> OUTPUT : SELECT T1.Name ,  T1.Birth_Date FROM people AS T1 JOIN poker_player AS T2 ON T1.People_ID  =  T2.People_ID ORDER BY T1.Name ASC
2026-07-31 15:15:55,662 [INFO   ] [inference] generate_sql  latency_sec=2.3158  input_tokens=108  output_tokens=49
2026-07-31 15:15:55,663 [INFO   ]   >> INPUT  : Translate the natural language question into a valid SQL query using the provided schema.

Schema:
poker_player(Poker_Player_ID, People_ID->people.People_ID, Final_Table_Made, Best_Finish, Money_Rank, Earnings) | people(People_ID, Nationality, Name, Birth_Date, Height)

Question:
What are the names and birth dates of people, ordered by their names in alphabetical order?

SQL:

2026-07-31 15:15:55,663 [INFO   ]   >> OUTPUT : SELECT T1.Name ,  T1.Birth_Date FROM people AS T1 JOIN poker_player AS T2 ON T1.People_ID  =  T2.People_ID ORDER BY T1.Name
2026-07-31 15:15:57,849 [INFO   ] [inference] generate_sql  latency_sec=2.17  input_tokens=100  output_tokens=45
2026-07-31 15:15:57,849 [INFO   ]   >> INPUT  : Translate the natural language question into a valid SQL query using the provided schema.

Schema:
poker_player(Poker_Player_ID, People_ID->people.People_ID, Final_Table_Made, Best_Finish, Money_Rank, Earnings) | people(People_ID, Nationality, Name, Birth_Date, Height)

Question:
Show names of people whose nationality is not "Russia".

SQL:

2026-07-31 15:15:57,849 [INFO   ]   >> OUTPUT : SELECT T2.Name FROM people AS T1 JOIN poker_player AS T2 ON T1.People_ID  =  T2.People_ID WHERE T1.Nationality != "Russia"
2026-07-31 15:15:58,425 [INFO   ] [inference] generate_sql  latency_sec=0.556  input_tokens=101  output_tokens=12
2026-07-31 15:15:58,425 [INFO   ]   >> INPUT  : Translate the natural language question into a valid SQL query using the provided schema.

Schema:
poker_player(Poker_Player_ID, People_ID->people.People_ID, Final_Table_Made, Best_Finish, Money_Rank, Earnings) | people(People_ID, Nationality, Name, Birth_Date, Height)

Question:
What are the names of people who are not from Russia?

SQL:

2026-07-31 15:15:58,425 [INFO   ]   >> OUTPUT : SELECT Name FROM people WHERE Nationality != 'Russia'
2026-07-31 15:15:59,797 [INFO   ] [inference] generate_sql  latency_sec=1.3567  input_tokens=100  output_tokens=21
2026-07-31 15:15:59,798 [INFO   ]   >> INPUT  : Translate the natural language question into a valid SQL query using the provided schema.

Schema:
poker_player(Poker_Player_ID, People_ID->people.People_ID, Final_Table_Made, Best_Finish, Money_Rank, Earnings) | people(People_ID, Nationality, Name, Birth_Date, Height)

Question:
List the names of people that are not poker players.

SQL:

2026-07-31 15:15:59,798 [INFO   ]   >> OUTPUT : SELECT Name FROM people WHERE People_ID NOT IN (SELECT People_ID FROM poker_player)
2026-07-31 15:16:02,180 [INFO   ] [inference] generate_sql  latency_sec=2.3586  input_tokens=101  output_tokens=21
2026-07-31 15:16:02,181 [INFO   ]   >> INPUT  : Translate the natural language question into a valid SQL query using the provided schema.

Schema:
poker_player(Poker_Player_ID, People_ID->people.People_ID, Final_Table_Made, Best_Finish, Money_Rank, Earnings) | people(People_ID, Nationality, Name, Birth_Date, Height)

Question:
What are the names of people who do not play poker?

SQL:

2026-07-31 15:16:02,181 [INFO   ]   >> OUTPUT : SELECT Name FROM people WHERE People_ID NOT IN (SELECT People_ID FROM poker_player)
2026-07-31 15:16:03,071 [INFO   ] [inference] generate_sql  latency_sec=0.859  input_tokens=97  output_tokens=13
2026-07-31 15:16:03,072 [INFO   ]   >> INPUT  : Translate the natural language question into a valid SQL query using the provided schema.

Schema:
poker_player(Poker_Player_ID, People_ID->people.People_ID, Final_Table_Made, Best_Finish, Money_Rank, Earnings) | people(People_ID, Nationality, Name, Birth_Date, Height)

Question:
How many distinct nationalities are there?

SQL:

2026-07-31 15:16:03,072 [INFO   ]   >> OUTPUT : SELECT count(DISTINCT Nationality) FROM people
2026-07-31 15:16:03,751 [INFO   ] [inference] generate_sql  latency_sec=0.6639  input_tokens=97  output_tokens=13
2026-07-31 15:16:03,752 [INFO   ]   >> INPUT  : Translate the natural language question into a valid SQL query using the provided schema.

Schema:
poker_player(Poker_Player_ID, People_ID->people.People_ID, Final_Table_Made, Best_Finish, Money_Rank, Earnings) | people(People_ID, Nationality, Name, Birth_Date, Height)

Question:
Count the number of different nationalities.

SQL:

2026-07-31 15:16:03,752 [INFO   ]   >> OUTPUT : SELECT count(DISTINCT Nationality) FROM people
2026-07-31 15:16:04,465 [INFO   ] [inference] generate_sql  latency_sec=0.698  input_tokens=110  output_tokens=13
2026-07-31 15:16:04,465 [INFO   ]   >> INPUT  : Translate the natural language question into a valid SQL query using the provided schema.

Schema:
AREA_CODE_STATE(area_code, state) | CONTESTANTS(contestant_number, contestant_name) | VOTES(vote_id, phone_number, state->AREA_CODE_STATE.state, contestant_number->CONTESTANTS.contestant_number, created)

Question:
How many states are there?

SQL:

2026-07-31 15:16:04,465 [INFO   ]   >> OUTPUT : SELECT count(*) FROM AREA_CODE_STATE
2026-07-31 15:16:05,597 [INFO   ] [inference] generate_sql  latency_sec=1.1121  input_tokens=117  output_tokens=24
2026-07-31 15:16:05,597 [INFO   ]   >> INPUT  : Translate the natural language question into a valid SQL query using the provided schema.

Schema:
AREA_CODE_STATE(area_code, state) | CONTESTANTS(contestant_number, contestant_name) | VOTES(vote_id, phone_number, state->AREA_CODE_STATE.state, contestant_number->CONTESTANTS.contestant_number, created)

Question:
List the contestant numbers and names, ordered by contestant name descending.

SQL:

2026-07-31 15:16:05,598 [INFO   ]   >> OUTPUT : SELECT contestant_number ,  contestant_name FROM CONTESTANTS ORDER BY contestant_name DESC
2026-07-31 15:16:06,445 [INFO   ] [inference] generate_sql  latency_sec=0.8273  input_tokens=118  output_tokens=17
2026-07-31 15:16:06,446 [INFO   ]   >> INPUT  : Translate the natural language question into a valid SQL query using the provided schema.

Schema:
AREA_CODE_STATE(area_code, state) | CONTESTANTS(contestant_number, contestant_name) | VOTES(vote_id, phone_number, state->AREA_CODE_STATE.state, contestant_number->CONTESTANTS.contestant_number, created)

Question:
List the vote ids, phone numbers and states of all votes.

SQL:

2026-07-31 15:16:06,446 [INFO   ]   >> OUTPUT : SELECT vote_id ,  phone_number ,  state FROM VOTES
2026-07-31 15:16:07,601 [INFO   ] [inference] generate_sql  latency_sec=1.139  input_tokens=115  output_tokens=24
2026-07-31 15:16:07,601 [INFO   ]   >> INPUT  : Translate the natural language question into a valid SQL query using the provided schema.

Schema:
AREA_CODE_STATE(area_code, state) | CONTESTANTS(contestant_number, contestant_name) | VOTES(vote_id, phone_number, state->AREA_CODE_STATE.state, contestant_number->CONTESTANTS.contestant_number, created)

Question:
What are the maximum and minimum values of area codes?

SQL:

2026-07-31 15:16:07,601 [INFO   ]   >> OUTPUT : SELECT max(area_code) ,  min(area_code) FROM AREA_CODE_STATE
2026-07-31 15:16:09,930 [INFO   ] [inference] generate_sql  latency_sec=2.3085  input_tokens=117  output_tokens=48
2026-07-31 15:16:09,930 [INFO   ]   >> INPUT  : Translate the natural language question into a valid SQL query using the provided schema.

Schema:
AREA_CODE_STATE(area_code, state) | CONTESTANTS(contestant_number, contestant_name) | VOTES(vote_id, phone_number, state->AREA_CODE_STATE.state, contestant_number->CONTESTANTS.contestant_number, created)

Question:
What is last date created of votes from the state 'CA'?

SQL:

2026-07-31 15:16:09,930 [INFO   ]   >> OUTPUT : SELECT T1.created FROM VOTES AS T1 JOIN AREA_CODE_STATE AS T2 ON T1.state  =  T2.state WHERE T2.state  =  'CA'
2026-07-31 15:16:10,990 [INFO   ] [inference] generate_sql  latency_sec=1.0432  input_tokens=121  output_tokens=19
2026-07-31 15:16:10,990 [INFO   ]   >> INPUT  : Translate the natural language question into a valid SQL query using the provided schema.

Schema:
AREA_CODE_STATE(area_code, state) | CONTESTANTS(contestant_number, contestant_name) | VOTES(vote_id, phone_number, state->AREA_CODE_STATE.state, contestant_number->CONTESTANTS.contestant_number, created)

Question:
What are the names of the contestants whose names are not 'Jessie Alloway'

SQL:

2026-07-31 15:16:10,990 [INFO   ]   >> OUTPUT : SELECT contestant_name FROM contestants WHERE contestant_name != 'Jessie Alloway'
2026-07-31 15:16:11,757 [INFO   ] [inference] generate_sql  latency_sec=0.7498  input_tokens=116  output_tokens=14
2026-07-31 15:16:11,758 [INFO   ]   >> INPUT  : Translate the natural language question into a valid SQL query using the provided schema.

Schema:
AREA_CODE_STATE(area_code, state) | CONTESTANTS(contestant_number, contestant_name) | VOTES(vote_id, phone_number, state->AREA_CODE_STATE.state, contestant_number->CONTESTANTS.contestant_number, created)

Question:
What are the distinct states and create time of all votes?

SQL:

2026-07-31 15:16:11,758 [INFO   ]   >> OUTPUT : SELECT DISTINCT state ,  created FROM VOTES
2026-07-31 15:16:13,705 [INFO   ] [inference] generate_sql  latency_sec=1.93  input_tokens=121  output_tokens=32
2026-07-31 15:16:13,706 [INFO   ]   >> INPUT  : Translate the natural language question into a valid SQL query using the provided schema.

Schema:
AREA_CODE_STATE(area_code, state) | CONTESTANTS(contestant_number, contestant_name) | VOTES(vote_id, phone_number, state->AREA_CODE_STATE.state, contestant_number->CONTESTANTS.contestant_number, created)

Question:
What are the contestant numbers and names of the contestants who had at least two votes?

SQL:

2026-07-31 15:16:13,706 [INFO   ]   >> OUTPUT : SELECT contestant_number ,  contestant_name FROM VOTES GROUP BY contestant_number HAVING count(*)  >=  2
2026-07-31 15:16:15,563 [INFO   ] [inference] generate_sql  latency_sec=1.8312  input_tokens=127  output_tokens=29
2026-07-31 15:16:15,563 [INFO   ]   >> INPUT  : Translate the natural language question into a valid SQL query using the provided schema.

Schema:
AREA_CODE_STATE(area_code, state) | CONTESTANTS(contestant_number, contestant_name) | VOTES(vote_id, phone_number, state->AREA_CODE_STATE.state, contestant_number->CONTESTANTS.contestant_number, created)

Question:
Of all the contestants who got voted, what is the contestant number and name of the contestant who got least votes?

SQL:

2026-07-31 15:16:15,563 [INFO   ]   >> OUTPUT : SELECT contestant_number ,  contestant_name FROM VOTES GROUP BY contestant_number ORDER BY count(*) LIMIT 1
2026-07-31 15:16:17,093 [INFO   ] [inference] generate_sql  latency_sec=1.5058  input_tokens=119  output_tokens=25
2026-07-31 15:16:17,094 [INFO   ]   >> INPUT  : Translate the natural language question into a valid SQL query using the provided schema.

Schema:
AREA_CODE_STATE(area_code, state) | CONTESTANTS(contestant_number, contestant_name) | VOTES(vote_id, phone_number, state->AREA_CODE_STATE.state, contestant_number->CONTESTANTS.contestant_number, created)

Question:
What are the number of votes from state 'NY' or 'CA'?

SQL:

2026-07-31 15:16:17,094 [INFO   ]   >> OUTPUT : SELECT count(*) FROM VOTES WHERE state  =  "NY" OR state  =  "CA"
2026-07-31 15:16:18,273 [INFO   ] [inference] generate_sql  latency_sec=1.1637  input_tokens=112  output_tokens=22
2026-07-31 15:16:18,273 [INFO   ]   >> INPUT  : Translate the natural language question into a valid SQL query using the provided schema.

Schema:
AREA_CODE_STATE(area_code, state) | CONTESTANTS(contestant_number, contestant_name) | VOTES(vote_id, phone_number, state->AREA_CODE_STATE.state, contestant_number->CONTESTANTS.contestant_number, created)

Question:
How many contestants did not get voted?

SQL:

2026-07-31 15:16:18,273 [INFO   ]   >> OUTPUT : SELECT count(*) FROM contestants WHERE contestant_number NOT IN (SELECT contestant_number FROM votes)
2026-07-31 15:16:21,560 [INFO   ] [inference] generate_sql  latency_sec=3.2709  input_tokens=116  output_tokens=57
2026-07-31 15:16:21,560 [INFO   ]   >> INPUT  : Translate the natural language question into a valid SQL query using the provided schema.

Schema:
AREA_CODE_STATE(area_code, state) | CONTESTANTS(contestant_number, contestant_name) | VOTES(vote_id, phone_number, state->AREA_CODE_STATE.state, contestant_number->CONTESTANTS.contestant_number, created)

Question:
What is the area code in which the most voters voted?

SQL:

2026-07-31 15:16:21,560 [INFO   ]   >> OUTPUT : SELECT T1.area_code FROM AREA_CODE_STATE AS T1 JOIN VOTES AS T2 ON T1.state  =  T2.state GROUP BY T1.area_code ORDER BY count(*) DESC LIMIT 1
2026-07-31 15:16:25,470 [INFO   ] [inference] generate_sql  latency_sec=3.8933  input_tokens=130  output_tokens=74
2026-07-31 15:16:25,470 [INFO   ]   >> INPUT  : Translate the natural language question into a valid SQL query using the provided schema.

Schema:
AREA_CODE_STATE(area_code, state) | CONTESTANTS(contestant_number, contestant_name) | VOTES(vote_id, phone_number, state->AREA_CODE_STATE.state, contestant_number->CONTESTANTS.contestant_number, created)

Question:
What are the create dates, states, and phone numbers of the votes that were for the contestant named 'Tabatha Gehling'?

SQL:

2026-07-31 15:16:25,470 [INFO   ]   >> OUTPUT : SELECT T2.created ,  T1.state ,  T1.phone_number FROM VOTES AS T1 JOIN CONTESTANTS AS T2 ON T1.contestant_number  =  T2.contestant_number WHERE T2.contestant_name  =  'Tabatha Gehling'
2026-07-31 15:16:34,023 [INFO   ] [inference] generate_sql  latency_sec=8.5344  input_tokens=130  output_tokens=115
2026-07-31 15:16:34,024 [INFO   ]   >> INPUT  : Translate the natural language question into a valid SQL query using the provided schema.

Schema:
AREA_CODE_STATE(area_code, state) | CONTESTANTS(contestant_number, contestant_name) | VOTES(vote_id, phone_number, state->AREA_CODE_STATE.state, contestant_number->CONTESTANTS.contestant_number, created)

Question:
List the area codes in which voters voted both for the contestant 'Tabatha Gehling' and the contestant 'Kelly Clauss'.

SQL:

2026-07-31 15:16:34,024 [INFO   ]   >> OUTPUT : SELECT T1.area_code FROM AREA_CODE_STATE AS T1 JOIN VOTES AS T2 ON T1.state  =  T2.state WHERE T2.contestant_name  =  "Tabatha Gehling" INTERSECT SELECT T1.area_code FROM AREA_CODE_STATE AS T1 JOIN VOTES AS T2 ON T1.state  =  T2.state WHERE T2.contestant_name  =  "Kelly Clauss"
2026-07-31 15:16:35,004 [INFO   ] [inference] generate_sql  latency_sec=0.9641  input_tokens=120  output_tokens=20
2026-07-31 15:16:35,005 [INFO   ]   >> INPUT  : Translate the natural language question into a valid SQL query using the provided schema.

Schema:
AREA_CODE_STATE(area_code, state) | CONTESTANTS(contestant_number, contestant_name) | VOTES(vote_id, phone_number, state->AREA_CODE_STATE.state, contestant_number->CONTESTANTS.contestant_number, created)

Question:
Return the names of the contestants whose names contain the substring 'Al' .

SQL:

2026-07-31 15:16:35,005 [INFO   ]   >> OUTPUT : SELECT contestant_name FROM CONTESTANTS WHERE contestant_name LIKE '%Al%'
2026-07-31 15:16:37,006 [INFO   ] [inference] generate_sql  latency_sec=1.9848  input_tokens=128  output_tokens=40
2026-07-31 15:16:37,006 [INFO   ]   >> INPUT  : Translate the natural language question into a valid SQL query using the provided schema.

Schema:
city(ID, Name, CountryCode->country.Code, District, Population) | country(Code, Name, Continent, Region, SurfaceArea, IndepYear, Population, LifeExpectancy, GNP, GNPOld, LocalName, GovernmentForm, HeadOfState, Capital, Code2) | countrylanguage(CountryCode->country.Code, Language, IsOfficial, Percentage)

Question:
What are the names of all the countries that became independent after 1950?

SQL:

2026-07-31 15:16:37,006 [INFO   ]   >> OUTPUT : SELECT t1.name FROM city AS t1 JOIN country AS t2 ON t1.country  =  t2.code WHERE t2.indepyear  >  1950
2026-07-31 15:16:39,017 [INFO   ] [inference] generate_sql  latency_sec=1.995  input_tokens=126  output_tokens=38
2026-07-31 15:16:39,017 [INFO   ]   >> INPUT  : Translate the natural language question into a valid SQL query using the provided schema.

Schema:
city(ID, Name, CountryCode->country.Code, District, Population) | country(Code, Name, Continent, Region, SurfaceArea, IndepYear, Population, LifeExpectancy, GNP, GNPOld, LocalName, GovernmentForm, HeadOfState, Capital, Code2) | countrylanguage(CountryCode->country.Code, Language, IsOfficial, Percentage)

Question:
Give the names of the nations that were founded after 1950.

SQL:

2026-07-31 15:16:39,018 [INFO   ]   >> OUTPUT : SELECT T2.name FROM city AS T1 JOIN country AS T2 ON T1.country  =  T2.code WHERE T1.population  >  1950
2026-07-31 15:16:41,106 [INFO   ] [inference] generate_sql  latency_sec=2.0723  input_tokens=126  output_tokens=43
2026-07-31 15:16:41,106 [INFO   ]   >> INPUT  : Translate the natural language question into a valid SQL query using the provided schema.

Schema:
city(ID, Name, CountryCode->country.Code, District, Population) | country(Code, Name, Continent, Region, SurfaceArea, IndepYear, Population, LifeExpectancy, GNP, GNPOld, LocalName, GovernmentForm, HeadOfState, Capital, Code2) | countrylanguage(CountryCode->country.Code, Language, IsOfficial, Percentage)

Question:
How many countries have a republic as their form of government?

SQL:

2026-07-31 15:16:41,106 [INFO   ]   >> OUTPUT : SELECT count(*) FROM country AS T1 JOIN countrylanguage AS T2 ON T1.code2  =  T2.countrycode WHERE T1.governmentform  =  "Republican"
2026-07-31 15:16:43,680 [INFO   ] [inference] generate_sql  latency_sec=2.5503  input_tokens=124  output_tokens=42
2026-07-31 15:16:43,681 [INFO   ]   >> INPUT  : Translate the natural language question into a valid SQL query using the provided schema.

Schema:
city(ID, Name, CountryCode->country.Code, District, Population) | country(Code, Name, Continent, Region, SurfaceArea, IndepYear, Population, LifeExpectancy, GNP, GNPOld, LocalName, GovernmentForm, HeadOfState, Capital, Code2) | countrylanguage(CountryCode->country.Code, Language, IsOfficial, Percentage)

Question:
How many countries have governments that are republics?

SQL:

2026-07-31 15:16:43,681 [INFO   ]   >> OUTPUT : SELECT count(*) FROM country AS T1 JOIN countrylanguage AS T2 ON T1.code2  =  T2.countrycode WHERE T1.government  =  "Republic"
2026-07-31 15:16:46,314 [INFO   ] [inference] generate_sql  latency_sec=2.609  input_tokens=128  output_tokens=46
2026-07-31 15:16:46,314 [INFO   ]   >> INPUT  : Translate the natural language question into a valid SQL query using the provided schema.

Schema:
city(ID, Name, CountryCode->country.Code, District, Population) | country(Code, Name, Continent, Region, SurfaceArea, IndepYear, Population, LifeExpectancy, GNP, GNPOld, LocalName, GovernmentForm, HeadOfState, Capital, Code2) | countrylanguage(CountryCode->country.Code, Language, IsOfficial, Percentage)

Question:
What is the total surface area of the countries in the Caribbean region?

SQL:

2026-07-31 15:16:46,314 [INFO   ]   >> OUTPUT : SELECT sum(surfacearea) FROM country AS T1 JOIN city AS T2 ON T1.countrycode  =  T2.countrycode WHERE T2.region  =  "Caribbean City"
2026-07-31 15:16:48,407 [INFO   ] [inference] generate_sql  latency_sec=2.0754  input_tokens=130  output_tokens=44
2026-07-31 15:16:48,407 [INFO   ]   >> INPUT  : Translate the natural language question into a valid SQL query using the provided schema.

Schema:
city(ID, Name, CountryCode->country.Code, District, Population) | country(Code, Name, Continent, Region, SurfaceArea, IndepYear, Population, LifeExpectancy, GNP, GNPOld, LocalName, GovernmentForm, HeadOfState, Capital, Code2) | countrylanguage(CountryCode->country.Code, Language, IsOfficial, Percentage)

Question:
How much surface area do the countires in the Carribean cover together?

SQL:

2026-07-31 15:16:48,407 [INFO   ]   >> OUTPUT : SELECT sum(surfacearea) FROM city AS T1 JOIN country AS T2 ON T1.countrycode  =  T2.code WHERE T2.region  =  'Carribean'
2026-07-31 15:16:49,177 [INFO   ] [inference] generate_sql  latency_sec=0.7535  input_tokens=122  output_tokens=16
2026-07-31 15:16:49,178 [INFO   ]   >> INPUT  : Translate the natural language question into a valid SQL query using the provided schema.

Schema:
city(ID, Name, CountryCode->country.Code, District, Population) | country(Code, Name, Continent, Region, SurfaceArea, IndepYear, Population, LifeExpectancy, GNP, GNPOld, LocalName, GovernmentForm, HeadOfState, Capital, Code2) | countrylanguage(CountryCode->country.Code, Language, IsOfficial, Percentage)

Question:
Which continent is Anguilla in?

SQL:

2026-07-31 15:16:49,178 [INFO   ]   >> OUTPUT : SELECT Continent FROM city WHERE CountryCode  =  "Anguilla"
2026-07-31 15:16:50,014 [INFO   ] [inference] generate_sql  latency_sec=0.8204  input_tokens=136  output_tokens=16
2026-07-31 15:16:50,015 [INFO   ]   >> INPUT  : Translate the natural language question into a valid SQL query using the provided schema.

Schema:
city(ID, Name, CountryCode->country.Code, District, Population) | sqlite_sequence(name, seq) | country(Code, Name, Continent, Region, SurfaceArea, IndepYear, Population, LifeExpectancy, GNP, GNPOld, LocalName, GovernmentForm, HeadOfState, Capital, Code2) | countrylanguage(CountryCode->country.Code, Language, IsOfficial, Percentage)

Question:
What is the continent name which Anguilla belongs to?

SQL:

2026-07-31 15:16:50,015 [INFO   ]   >> OUTPUT : SELECT Continent FROM city WHERE CountryCode  =  "Anguilla"
2026-07-31 15:16:52,132 [INFO   ] [inference] generate_sql  latency_sec=2.0996  input_tokens=123  output_tokens=42
2026-07-31 15:16:52,132 [INFO   ]   >> INPUT  : Translate the natural language question into a valid SQL query using the provided schema.

Schema:
city(ID, Name, CountryCode->country.Code, District, Population) | country(Code, Name, Continent, Region, SurfaceArea, IndepYear, Population, LifeExpectancy, GNP, GNPOld, LocalName, GovernmentForm, HeadOfState, Capital, Code2) | countrylanguage(CountryCode->country.Code, Language, IsOfficial, Percentage)

Question:
Which region is the city Kabul located in?

SQL:

2026-07-31 15:16:52,132 [INFO   ]   >> OUTPUT : SELECT T1.region FROM city AS T1 JOIN country AS T2 ON T1.country  =  T2.code WHERE T2.name  =  'Zambia'
2026-07-31 15:16:54,359 [INFO   ] [inference] generate_sql  latency_sec=2.2111  input_tokens=120  output_tokens=48
2026-07-31 15:16:54,359 [INFO   ]   >> INPUT  : Translate the natural language question into a valid SQL query using the provided schema.

Schema:
city(ID, Name, CountryCode->country.Code, District, Population) | country(Code, Name, Continent, Region, SurfaceArea, IndepYear, Population, LifeExpectancy, GNP, GNPOld, LocalName, GovernmentForm, HeadOfState, Capital, Code2) | countrylanguage(CountryCode->country.Code, Language, IsOfficial, Percentage)

Question:
What region is Kabul in?

SQL:

2026-07-31 15:16:54,359 [INFO   ]   >> OUTPUT : SELECT DISTINCT T1.Region FROM city AS T1 JOIN country AS T2 ON T1.CountryCode  =  T2.Code WHERE T2.CountryName  =  "Zambia"
2026-07-31 15:16:59,170 [INFO   ] [inference] generate_sql  latency_sec=4.7949  input_tokens=124  output_tokens=80
2026-07-31 15:16:59,170 [INFO   ]   >> INPUT  : Translate the natural language question into a valid SQL query using the provided schema.

Schema:
city(ID, Name, CountryCode->country.Code, District, Population) | country(Code, Name, Continent, Region, SurfaceArea, IndepYear, Population, LifeExpectancy, GNP, GNPOld, LocalName, GovernmentForm, HeadOfState, Capital, Code2) | countrylanguage(CountryCode->country.Code, Language, IsOfficial, Percentage)

Question:
Which language is the most popular in Aruba?

SQL:

2026-07-31 15:16:59,170 [INFO   ]   >> OUTPUT : SELECT t1.language FROM country AS t1 JOIN countrylanguage AS t2 ON t1.countrycode  =  t2.countrycode JOIN city AS t3 ON t2.countrycode  =  t3.countrycode WHERE t3.region  =  "Aruba" GROUP BY t1.language ORDER BY count(*) DESC LIMIT 1
2026-07-31 15:17:02,107 [INFO   ] [inference] generate_sql  latency_sec=2.9199  input_tokens=123  output_tokens=62
2026-07-31 15:17:02,107 [INFO   ]   >> INPUT  : Translate the natural language question into a valid SQL query using the provided schema.

Schema:
city(ID, Name, CountryCode->country.Code, District, Population) | country(Code, Name, Continent, Region, SurfaceArea, IndepYear, Population, LifeExpectancy, GNP, GNPOld, LocalName, GovernmentForm, HeadOfState, Capital, Code2) | countrylanguage(CountryCode->country.Code, Language, IsOfficial, Percentage)

Question:
What language is predominantly spoken in Aruba?

SQL:

2026-07-31 15:17:02,107 [INFO   ]   >> OUTPUT : SELECT t3.language FROM city AS t1 JOIN country AS t2 ON t1.country  =  t2.code JOIN countrylanguage AS t3 ON t2.countrycode  =  t3.countrycode WHERE t1.country  =  "Aruba"
2026-07-31 15:17:03,209 [INFO   ] [inference] generate_sql  latency_sec=1.0847  input_tokens=125  output_tokens=18
2026-07-31 15:17:03,209 [INFO   ]   >> INPUT  : Translate the natural language question into a valid SQL query using the provided schema.

Schema:
city(ID, Name, CountryCode->country.Code, District, Population) | country(Code, Name, Continent, Region, SurfaceArea, IndepYear, Population, LifeExpectancy, GNP, GNPOld, LocalName, GovernmentForm, HeadOfState, Capital, Code2) | countrylanguage(CountryCode->country.Code, Language, IsOfficial, Percentage)

Question:
What are the population and life expectancies in Brazil?

SQL:

2026-07-31 15:17:03,209 [INFO   ]   >> OUTPUT : SELECT population ,  life expectancy FROM city WHERE countrycode  =  "Brazil"
2026-07-31 15:17:05,738 [INFO   ] [inference] generate_sql  latency_sec=2.5125  input_tokens=126  output_tokens=51
2026-07-31 15:17:05,738 [INFO   ]   >> INPUT  : Translate the natural language question into a valid SQL query using the provided schema.

Schema:
city(ID, Name, CountryCode->country.Code, District, Population) | country(Code, Name, Continent, Region, SurfaceArea, IndepYear, Population, LifeExpectancy, GNP, GNPOld, LocalName, GovernmentForm, HeadOfState, Capital, Code2) | countrylanguage(CountryCode->country.Code, Language, IsOfficial, Percentage)

Question:
Give me Brazil’s population and life expectancies.

SQL:

2026-07-31 15:17:05,738 [INFO   ]   >> OUTPUT : SELECT T1.population ,  T1.life_expectancy FROM city AS T1 JOIN country AS T2 ON T1.countrycode  =  T2.code WHERE T2.name  =  "Brazil"
2026-07-31 15:17:08,000 [INFO   ] [inference] generate_sql  latency_sec=2.2457  input_tokens=123  output_tokens=48
2026-07-31 15:17:08,000 [INFO   ]   >> INPUT  : Translate the natural language question into a valid SQL query using the provided schema.

Schema:
city(ID, Name, CountryCode->country.Code, District, Population) | country(Code, Name, Continent, Region, SurfaceArea, IndepYear, Population, LifeExpectancy, GNP, GNPOld, LocalName, GovernmentForm, HeadOfState, Capital, Code2) | countrylanguage(CountryCode->country.Code, Language, IsOfficial, Percentage)

Question:
What are the region and population of Angola?

SQL:

2026-07-31 15:17:08,000 [INFO   ]   >> OUTPUT : SELECT T1.region ,  T1.population FROM city AS T1 JOIN country AS T2 ON T1.countrycode  =  T2.code WHERE T2.name  =  "Angola"
2026-07-31 15:17:10,871 [INFO   ] [inference] generate_sql  latency_sec=2.8543  input_tokens=126  output_tokens=49
2026-07-31 15:17:10,871 [INFO   ]   >> INPUT  : Translate the natural language question into a valid SQL query using the provided schema.

Schema:
city(ID, Name, CountryCode->country.Code, District, Population) | country(Code, Name, Continent, Region, SurfaceArea, IndepYear, Population, LifeExpectancy, GNP, GNPOld, LocalName, GovernmentForm, HeadOfState, Capital, Code2) | countrylanguage(CountryCode->country.Code, Language, IsOfficial, Percentage)

Question:
What region does Angola belong to and what is its population?

SQL:

2026-07-31 15:17:10,871 [INFO   ]   >> OUTPUT : SELECT T1.region ,  T2.population FROM city AS T1 JOIN country AS T2 ON T1.countrycode  =  T2.code WHERE T2.countryname  =  "Angola"
2026-07-31 15:17:12,077 [INFO   ] [inference] generate_sql  latency_sec=1.1798  input_tokens=130  output_tokens=17
2026-07-31 15:17:12,078 [INFO   ]   >> INPUT  : Translate the natural language question into a valid SQL query using the provided schema.

Schema:
city(ID, Name, CountryCode->country.Code, District, Population) | country(Code, Name, Continent, Region, SurfaceArea, IndepYear, Population, LifeExpectancy, GNP, GNPOld, LocalName, GovernmentForm, HeadOfState, Capital, Code2) | countrylanguage(CountryCode->country.Code, Language, IsOfficial, Percentage)

Question:
What is the average expected life expectancy for countries in the region of Central Africa?

SQL:

2026-07-31 15:17:12,078 [INFO   ]   >> OUTPUT : SELECT avg(population) FROM city WHERE country  =  'Central Africa'
2026-07-31 15:17:13,159 [INFO   ] [inference] generate_sql  latency_sec=1.0542  input_tokens=129  output_tokens=18
2026-07-31 15:17:13,159 [INFO   ]   >> INPUT  : Translate the natural language question into a valid SQL query using the provided schema.

Schema:
city(ID, Name, CountryCode->country.Code, District, Population) | country(Code, Name, Continent, Region, SurfaceArea, IndepYear, Population, LifeExpectancy, GNP, GNPOld, LocalName, GovernmentForm, HeadOfState, Capital, Code2) | countrylanguage(CountryCode->country.Code, Language, IsOfficial, Percentage)

Question:
How long is the people’s average life expectancy in Central Africa?

SQL:

2026-07-31 15:17:13,159 [INFO   ]   >> OUTPUT : SELECT avg(population) FROM city WHERE countrycode  =  "Central Africa"
2026-07-31 15:17:17,300 [INFO   ] [inference] generate_sql  latency_sec=4.124  input_tokens=129  output_tokens=88
2026-07-31 15:17:17,300 [INFO   ]   >> INPUT  : Translate the natural language question into a valid SQL query using the provided schema.

Schema:
city(ID, Name, CountryCode->country.Code, District, Population) | country(Code, Name, Continent, Region, SurfaceArea, IndepYear, Population, LifeExpectancy, GNP, GNPOld, LocalName, GovernmentForm, HeadOfState, Capital, Code2) | countrylanguage(CountryCode->country.Code, Language, IsOfficial, Percentage)

Question:
What is the name of country that has the shortest life expectancy in Asia?

SQL:

2026-07-31 15:17:17,300 [INFO   ]   >> OUTPUT : SELECT t1.name FROM city AS t1 JOIN country AS t2 ON t1.country  =  t2.code WHERE t2.region  =  'Asia' AND t2.population  =  (SELECT min(population) FROM city AS t3 JOIN country AS t4 ON t3.country  =  t4.code WHERE t4.region  =  'Asia')
2026-07-31 15:17:19,676 [INFO   ] [inference] generate_sql  latency_sec=2.3593  input_tokens=128  output_tokens=49
2026-07-31 15:17:19,676 [INFO   ]   >> INPUT  : Translate the natural language question into a valid SQL query using the provided schema.

Schema:
city(ID, Name, CountryCode->country.Code, District, Population) | country(Code, Name, Continent, Region, SurfaceArea, IndepYear, Population, LifeExpectancy, GNP, GNPOld, LocalName, GovernmentForm, HeadOfState, Capital, Code2) | countrylanguage(CountryCode->country.Code, Language, IsOfficial, Percentage)

Question:
Give the name of the country in Asia with the lowest life expectancy.

SQL:

2026-07-31 15:17:19,676 [INFO   ]   >> OUTPUT : SELECT t1.name FROM city AS t1 JOIN country AS t2 ON t1.country  =  t2.code WHERE t2.region  =  'Asia' ORDER BY t2.population LIMIT 1
2026-07-31 15:17:20,845 [INFO   ] [inference] generate_sql  latency_sec=1.1529  input_tokens=126  output_tokens=24
2026-07-31 15:17:20,845 [INFO   ]   >> INPUT  : Translate the natural language question into a valid SQL query using the provided schema.

Schema:
city(ID, Name, CountryCode->country.Code, District, Population) | country(Code, Name, Continent, Region, SurfaceArea, IndepYear, Population, LifeExpectancy, GNP, GNPOld, LocalName, GovernmentForm, HeadOfState, Capital, Code2) | countrylanguage(CountryCode->country.Code, Language, IsOfficial, Percentage)

Question:
What is the total population and maximum GNP in Asia?

SQL:

2026-07-31 15:17:20,845 [INFO   ]   >> OUTPUT : SELECT sum(population) ,  max(GNP) FROM country WHERE countrycode  =  "Asia"
2026-07-31 15:17:22,223 [INFO   ] [inference] generate_sql  latency_sec=1.3621  input_tokens=131  output_tokens=25
2026-07-31 15:17:22,224 [INFO   ]   >> INPUT  : Translate the natural language question into a valid SQL query using the provided schema.

Schema:
city(ID, Name, CountryCode->country.Code, District, Population) | country(Code, Name, Continent, Region, SurfaceArea, IndepYear, Population, LifeExpectancy, GNP, GNPOld, LocalName, GovernmentForm, HeadOfState, Capital, Code2) | countrylanguage(CountryCode->country.Code, Language, IsOfficial, Percentage)

Question:
How many people live in Asia, and what is the largest GNP among them?

SQL:

2026-07-31 15:17:22,224 [INFO   ]   >> OUTPUT : SELECT * FROM city WHERE countrycode  =  "Asia" GROUP BY population ORDER BY population DESC LIMIT 1
2026-07-31 15:17:25,485 [INFO   ] [inference] generate_sql  latency_sec=3.2455  input_tokens=128  output_tokens=53
2026-07-31 15:17:25,485 [INFO   ]   >> INPUT  : Translate the natural language question into a valid SQL query using the provided schema.

Schema:
city(ID, Name, CountryCode->country.Code, District, Population) | country(Code, Name, Continent, Region, SurfaceArea, IndepYear, Population, LifeExpectancy, GNP, GNPOld, LocalName, GovernmentForm, HeadOfState, Capital, Code2) | countrylanguage(CountryCode->country.Code, Language, IsOfficial, Percentage)

Question:
What is the average life expectancy in African countries that are republics?

SQL:

2026-07-31 15:17:25,485 [INFO   ]   >> OUTPUT : SELECT avg(population) FROM city AS t1 JOIN country AS t2 ON t1.country  =  t2.code WHERE t2.country  =  "Africa" AND t1.district  =  "Republican"
2026-07-31 15:17:27,176 [INFO   ] [inference] generate_sql  latency_sec=1.6653  input_tokens=128  output_tokens=26
2026-07-31 15:17:27,176 [INFO   ]   >> INPUT  : Translate the natural language question into a valid SQL query using the provided schema.

Schema:
city(ID, Name, CountryCode->country.Code, District, Population) | country(Code, Name, Continent, Region, SurfaceArea, IndepYear, Population, LifeExpectancy, GNP, GNPOld, LocalName, GovernmentForm, HeadOfState, Capital, Code2) | countrylanguage(CountryCode->country.Code, Language, IsOfficial, Percentage)

Question:
Give the average life expectancy for countries in Africa which are republics?

SQL:

2026-07-31 15:17:27,176 [INFO   ]   >> OUTPUT : SELECT avg(population) FROM country WHERE countrycode  =  "Africa" AND continent  =  "Republican"
2026-07-31 15:17:28,947 [INFO   ] [inference] generate_sql  latency_sec=1.7546  input_tokens=127  output_tokens=38
2026-07-31 15:17:28,948 [INFO   ]   >> INPUT  : Translate the natural language question into a valid SQL query using the provided schema.

Schema:
city(ID, Name, CountryCode->country.Code, District, Population) | country(Code, Name, Continent, Region, SurfaceArea, IndepYear, Population, LifeExpectancy, GNP, GNPOld, LocalName, GovernmentForm, HeadOfState, Capital, Code2) | countrylanguage(CountryCode->country.Code, Language, IsOfficial, Percentage)

Question:
What is the total surface area of the continents Asia and Europe?

SQL:

2026-07-31 15:17:28,948 [INFO   ]   >> OUTPUT : SELECT sum(SurfaceArea) FROM country WHERE Continent  =  "Asia" INTERSECT SELECT sum(SurfaceArea) FROM country WHERE Continent  =  "Europe"
2026-07-31 15:17:30,370 [INFO   ] [inference] generate_sql  latency_sec=1.4043  input_tokens=127  output_tokens=28
2026-07-31 15:17:30,371 [INFO   ]   >> INPUT  : Translate the natural language question into a valid SQL query using the provided schema.

Schema:
city(ID, Name, CountryCode->country.Code, District, Population) | country(Code, Name, Continent, Region, SurfaceArea, IndepYear, Population, LifeExpectancy, GNP, GNPOld, LocalName, GovernmentForm, HeadOfState, Capital, Code2) | countrylanguage(CountryCode->country.Code, Language, IsOfficial, Percentage)

Question:
Give the total surface area covered by countries in Asia or Europe.

SQL:

2026-07-31 15:17:30,371 [INFO   ]   >> OUTPUT : SELECT sum(SurfaceArea) FROM city WHERE CountryCode  =  "Asia" OR CountryCode  =  "Europe"
2026-07-31 15:17:32,299 [INFO   ] [inference] generate_sql  latency_sec=1.912  input_tokens=124  output_tokens=17
2026-07-31 15:17:32,300 [INFO   ]   >> INPUT  : Translate the natural language question into a valid SQL query using the provided schema.

Schema:
city(ID, Name, CountryCode->country.Code, District, Population) | country(Code, Name, Continent, Region, SurfaceArea, IndepYear, Population, LifeExpectancy, GNP, GNPOld, LocalName, GovernmentForm, HeadOfState, Capital, Code2) | countrylanguage(CountryCode->country.Code, Language, IsOfficial, Percentage)

Question:
How many people live in Gelderland district?

SQL:

2026-07-31 15:17:32,300 [INFO   ]   >> OUTPUT : SELECT count(*) FROM city WHERE District  =  "Gelderland"
2026-07-31 15:17:33,141 [INFO   ] [inference] generate_sql  latency_sec=0.8247  input_tokens=125  output_tokens=18
2026-07-31 15:17:33,141 [INFO   ]   >> INPUT  : Translate the natural language question into a valid SQL query using the provided schema.

Schema:
city(ID, Name, CountryCode->country.Code, District, Population) | country(Code, Name, Continent, Region, SurfaceArea, IndepYear, Population, LifeExpectancy, GNP, GNPOld, LocalName, GovernmentForm, HeadOfState, Capital, Code2) | countrylanguage(CountryCode->country.Code, Language, IsOfficial, Percentage)

Question:
What is the total population of Gelderland district?

SQL:

2026-07-31 15:17:33,141 [INFO   ]   >> OUTPUT : SELECT sum(population) FROM city WHERE District  =  "Gelderland"
2026-07-31 15:17:34,376 [INFO   ] [inference] generate_sql  latency_sec=1.2182  input_tokens=132  output_tokens=24
2026-07-31 15:17:34,377 [INFO   ]   >> INPUT  : Translate the natural language question into a valid SQL query using the provided schema.

Schema:
city(ID, Name, CountryCode->country.Code, District, Population) | country(Code, Name, Continent, Region, SurfaceArea, IndepYear, Population, LifeExpectancy, GNP, GNPOld, LocalName, GovernmentForm, HeadOfState, Capital, Code2) | countrylanguage(CountryCode->country.Code, Language, IsOfficial, Percentage)

Question:
What is the average GNP and total population in all nations whose government is US territory?

SQL:

2026-07-31 15:17:34,377 [INFO   ]   >> OUTPUT : SELECT avg(GNP) ,  sum(population) FROM country WHERE GovernmentForm  =  "US"
2026-07-31 15:17:35,737 [INFO   ] [inference] generate_sql  latency_sec=1.3419  input_tokens=130  output_tokens=24
2026-07-31 15:17:35,737 [INFO   ]   >> INPUT  : Translate the natural language question into a valid SQL query using the provided schema.

Schema:
city(ID, Name, CountryCode->country.Code, District, Population) | country(Code, Name, Continent, Region, SurfaceArea, IndepYear, Population, LifeExpectancy, GNP, GNPOld, LocalName, GovernmentForm, HeadOfState, Capital, Code2) | countrylanguage(CountryCode->country.Code, Language, IsOfficial, Percentage)

Question:
Give the mean GNP and total population of nations which are considered US territory.

SQL:

2026-07-31 15:17:35,737 [INFO   ]   >> OUTPUT : SELECT mean(GNP) ,  sum(population) FROM country WHERE countrycode  =  "USA"
2026-07-31 15:17:36,355 [INFO   ] [inference] generate_sql  latency_sec=0.6022  input_tokens=124  output_tokens=13
2026-07-31 15:17:36,356 [INFO   ]   >> INPUT  : Translate the natural language question into a valid SQL query using the provided schema.

Schema:
city(ID, Name, CountryCode->country.Code, District, Population) | country(Code, Name, Continent, Region, SurfaceArea, IndepYear, Population, LifeExpectancy, GNP, GNPOld, LocalName, GovernmentForm, HeadOfState, Capital, Code2) | countrylanguage(CountryCode->country.Code, Language, IsOfficial, Percentage)

Question:
How many unique languages are spoken in the world?

SQL:

2026-07-31 15:17:36,356 [INFO   ]   >> OUTPUT : SELECT count(DISTINCT language) FROM countrylanguage
2026-07-31 15:17:37,273 [INFO   ] [inference] generate_sql  latency_sec=0.9008  input_tokens=126  output_tokens=13
2026-07-31 15:17:37,274 [INFO   ]   >> INPUT  : Translate the natural language question into a valid SQL query using the provided schema.

Schema:
city(ID, Name, CountryCode->country.Code, District, Population) | country(Code, Name, Continent, Region, SurfaceArea, IndepYear, Population, LifeExpectancy, GNP, GNPOld, LocalName, GovernmentForm, HeadOfState, Capital, Code2) | countrylanguage(CountryCode->country.Code, Language, IsOfficial, Percentage)

Question:
What is the number of distinct languages used around the world?

SQL:

2026-07-31 15:17:37,274 [INFO   ]   >> OUTPUT : SELECT count(DISTINCT language) FROM countrylanguage
2026-07-31 15:17:39,964 [INFO   ] [inference] generate_sql  latency_sec=2.6663  input_tokens=123  output_tokens=17
2026-07-31 15:17:39,965 [INFO   ]   >> INPUT  : Translate the natural language question into a valid SQL query using the provided schema.

Schema:
city(ID, Name, CountryCode->country.Code, District, Population) | country(Code, Name, Continent, Region, SurfaceArea, IndepYear, Population, LifeExpectancy, GNP, GNPOld, LocalName, GovernmentForm, HeadOfState, Capital, Code2) | countrylanguage(CountryCode->country.Code, Language, IsOfficial, Percentage)

Question:
How many type of governments are in Africa?

SQL:

2026-07-31 15:17:39,965 [INFO   ]   >> OUTPUT : SELECT count(*) FROM country WHERE countrycode  =  "Africa"
2026-07-31 15:17:41,166 [INFO   ] [inference] generate_sql  latency_sec=1.1728  input_tokens=125  output_tokens=23
2026-07-31 15:17:41,166 [INFO   ]   >> INPUT  : Translate the natural language question into a valid SQL query using the provided schema.

Schema:
city(ID, Name, CountryCode->country.Code, District, Population) | country(Code, Name, Continent, Region, SurfaceArea, IndepYear, Population, LifeExpectancy, GNP, GNPOld, LocalName, GovernmentForm, HeadOfState, Capital, Code2) | countrylanguage(CountryCode->country.Code, Language, IsOfficial, Percentage)

Question:
How many different forms of governments are there in Africa?

SQL:

2026-07-31 15:17:41,166 [INFO   ]   >> OUTPUT : SELECT count(DISTINCT GovernmentForm) FROM country WHERE CountryCode  =  "Africa"
2026-07-31 15:17:43,268 [INFO   ] [inference] generate_sql  latency_sec=2.0854  input_tokens=126  output_tokens=42
2026-07-31 15:17:43,268 [INFO   ]   >> INPUT  : Translate the natural language question into a valid SQL query using the provided schema.

Schema:
city(ID, Name, CountryCode->country.Code, District, Population) | country(Code, Name, Continent, Region, SurfaceArea, IndepYear, Population, LifeExpectancy, GNP, GNPOld, LocalName, GovernmentForm, HeadOfState, Capital, Code2) | countrylanguage(CountryCode->country.Code, Language, IsOfficial, Percentage)

Question:
What is the total number of languages used in Aruba?

SQL:

2026-07-31 15:17:43,268 [INFO   ]   >> OUTPUT : SELECT count(*) FROM countrylanguage AS T1 JOIN country AS T2 ON T1.countrycode  =  T2.code WHERE T2.name  =  'Aruba'
2026-07-31 15:17:46,157 [INFO   ] [inference] generate_sql  latency_sec=2.8729  input_tokens=123  output_tokens=61
2026-07-31 15:17:46,157 [INFO   ]   >> INPUT  : Translate the natural language question into a valid SQL query using the provided schema.

Schema:
city(ID, Name, CountryCode->country.Code, District, Population) | country(Code, Name, Continent, Region, SurfaceArea, IndepYear, Population, LifeExpectancy, GNP, GNPOld, LocalName, GovernmentForm, HeadOfState, Capital, Code2) | countrylanguage(CountryCode->country.Code, Language, IsOfficial, Percentage)

Question:
How many languages are spoken in Aruba?

SQL:

2026-07-31 15:17:46,157 [INFO   ]   >> OUTPUT : SELECT count(*) FROM language AS t1 JOIN country AS t2 ON t1.countrycode  =  t2.code JOIN city AS t3 ON t2.countrycode  =  t3.countrycode WHERE t3.country  =  "Aruba"
2026-07-31 15:17:47,066 [INFO   ] [inference] generate_sql  latency_sec=0.8917  input_tokens=122  output_tokens=18
2026-07-31 15:17:47,066 [INFO   ]   >> INPUT  : Translate the natural language question into a valid SQL query using the provided schema.

Schema:
city(ID, Name, CountryCode->country.Code, District, Population) | country(Code, Name, Continent, Region, SurfaceArea, IndepYear, Population, LifeExpectancy, GNP, GNPOld, LocalName, GovernmentForm, HeadOfState, Capital, Code2) | countrylanguage(CountryCode->country.Code, Language, IsOfficial, Percentage)

Question:
How many official languages does Afghanistan have?

SQL:

2026-07-31 15:17:47,066 [INFO   ]   >> OUTPUT : SELECT count(*) FROM countrylanguage WHERE language  =  "Afghanistan"
2026-07-31 15:17:49,248 [INFO   ] [inference] generate_sql  latency_sec=2.1657  input_tokens=123  output_tokens=43
2026-07-31 15:17:49,248 [INFO   ]   >> INPUT  : Translate the natural language question into a valid SQL query using the provided schema.

Schema:
city(ID, Name, CountryCode->country.Code, District, Population) | country(Code, Name, Continent, Region, SurfaceArea, IndepYear, Population, LifeExpectancy, GNP, GNPOld, LocalName, GovernmentForm, HeadOfState, Capital, Code2) | countrylanguage(CountryCode->country.Code, Language, IsOfficial, Percentage)

Question:
How many official languages are spoken in Afghanistan?

SQL:

2026-07-31 15:17:49,248 [INFO   ]   >> OUTPUT : SELECT count(*) FROM countrylanguage AS T1 JOIN country AS T2 ON T1.countrycode  =  T2.code WHERE T2.name  =  'Afghanistan'
2026-07-31 15:17:52,215 [INFO   ] [inference] generate_sql  latency_sec=2.9489  input_tokens=128  output_tokens=48
2026-07-31 15:17:52,215 [INFO   ]   >> INPUT  : Translate the natural language question into a valid SQL query using the provided schema.

Schema:
city(ID, Name, CountryCode->country.Code, District, Population) | country(Code, Name, Continent, Region, SurfaceArea, IndepYear, Population, LifeExpectancy, GNP, GNPOld, LocalName, GovernmentForm, HeadOfState, Capital, Code2) | countrylanguage(CountryCode->country.Code, Language, IsOfficial, Percentage)

Question:
What is name of the country that speaks the largest number of languages?

SQL:

2026-07-31 15:17:52,215 [INFO   ]   >> OUTPUT : SELECT t1.name FROM country AS t1 JOIN countrylanguage AS t2 ON t1.code2  =  t2.countrycode GROUP BY t1.code ORDER BY count(*) DESC LIMIT 1
2026-07-31 15:17:55,264 [INFO   ] [inference] generate_sql  latency_sec=3.0214  input_tokens=128  output_tokens=49
2026-07-31 15:17:55,264 [INFO   ]   >> INPUT  : Translate the natural language question into a valid SQL query using the provided schema.

Schema:
city(ID, Name, CountryCode->country.Code, District, Population) | country(Code, Name, Continent, Region, SurfaceArea, IndepYear, Population, LifeExpectancy, GNP, GNPOld, LocalName, GovernmentForm, HeadOfState, Capital, Code2) | countrylanguage(CountryCode->country.Code, Language, IsOfficial, Percentage)

Question:
Give the name of the nation that uses the greatest amount of languages.

SQL:

2026-07-31 15:17:55,264 [INFO   ]   >> OUTPUT : SELECT T1.name FROM country AS T1 JOIN countrylanguage AS T2 ON T1.code2  =  T2.countrycode GROUP BY T2.countrycode ORDER BY count(*) DESC LIMIT 1
2026-07-31 15:17:56,295 [INFO   ] [inference] generate_sql  latency_sec=1.0108  input_tokens=122  output_tokens=19
2026-07-31 15:17:56,295 [INFO   ]   >> INPUT  : Translate the natural language question into a valid SQL query using the provided schema.

Schema:
city(ID, Name, CountryCode->country.Code, District, Population) | country(Code, Name, Continent, Region, SurfaceArea, IndepYear, Population, LifeExpectancy, GNP, GNPOld, LocalName, GovernmentForm, HeadOfState, Capital, Code2) | countrylanguage(CountryCode->country.Code, Language, IsOfficial, Percentage)

Question:
Which continent has the most diverse languages?

SQL:

2026-07-31 15:17:56,295 [INFO   ]   >> OUTPUT : SELECT Continent FROM city GROUP BY Continent ORDER BY COUNT(*) DESC LIMIT 1
2026-07-31 15:17:57,252 [INFO   ] [inference] generate_sql  latency_sec=0.9397  input_tokens=121  output_tokens=18
2026-07-31 15:17:57,253 [INFO   ]   >> INPUT  : Translate the natural language question into a valid SQL query using the provided schema.

Schema:
city(ID, Name, CountryCode->country.Code, District, Population) | country(Code, Name, Continent, Region, SurfaceArea, IndepYear, Population, LifeExpectancy, GNP, GNPOld, LocalName, GovernmentForm, HeadOfState, Capital, Code2) | countrylanguage(CountryCode->country.Code, Language, IsOfficial, Percentage)

Question:
Which continent speaks the most languages?

SQL:

2026-07-31 15:17:57,253 [INFO   ]   >> OUTPUT : SELECT Continent FROM city GROUP BY Continent ORDER BY count(*) DESC LIMIT 1
2026-07-31 15:18:01,782 [INFO   ] [inference] generate_sql  latency_sec=4.5108  input_tokens=123  output_tokens=93
2026-07-31 15:18:01,782 [INFO   ]   >> INPUT  : Translate the natural language question into a valid SQL query using the provided schema.

Schema:
city(ID, Name, CountryCode->country.Code, District, Population) | country(Code, Name, Continent, Region, SurfaceArea, IndepYear, Population, LifeExpectancy, GNP, GNPOld, LocalName, GovernmentForm, HeadOfState, Capital, Code2) | countrylanguage(CountryCode->country.Code, Language, IsOfficial, Percentage)

Question:
How many countries speak both English and Dutch?

SQL:

2026-07-31 15:18:01,782 [INFO   ]   >> OUTPUT : SELECT count(*) ,  T1.name FROM city AS T1 JOIN country AS T2 ON T1.country  =  T2.code WHERE T2.name  =  "English" INTERSECT SELECT T1.name ,  T2.name FROM city AS T1 JOIN country AS T2 ON T1.country  =  T2.code WHERE T2.name  =  "Dutch"
2026-07-31 15:18:05,904 [INFO   ] [inference] generate_sql  latency_sec=4.106  input_tokens=126  output_tokens=80
2026-07-31 15:18:05,904 [INFO   ]   >> INPUT  : Translate the natural language question into a valid SQL query using the provided schema.

Schema:
city(ID, Name, CountryCode->country.Code, District, Population) | country(Code, Name, Continent, Region, SurfaceArea, IndepYear, Population, LifeExpectancy, GNP, GNPOld, LocalName, GovernmentForm, HeadOfState, Capital, Code2) | countrylanguage(CountryCode->country.Code, Language, IsOfficial, Percentage)

Question:
What is the number of nations that use English and Dutch?

SQL:

2026-07-31 15:18:05,904 [INFO   ]   >> OUTPUT : SELECT count(*) FROM city AS T1 JOIN country AS T2 ON T1.country  =  T2.code WHERE T2.name  =  'English' INTERSECT SELECT count(*) FROM city AS T1 JOIN country AS T2 ON T1.country  =  T2.code WHERE T2.name  =  'Dutch'
2026-07-31 15:18:10,400 [INFO   ] [inference] generate_sql  latency_sec=4.4676  input_tokens=126  output_tokens=82
2026-07-31 15:18:10,400 [INFO   ]   >> INPUT  : Translate the natural language question into a valid SQL query using the provided schema.

Schema:
city(ID, Name, CountryCode->country.Code, District, Population) | country(Code, Name, Continent, Region, SurfaceArea, IndepYear, Population, LifeExpectancy, GNP, GNPOld, LocalName, GovernmentForm, HeadOfState, Capital, Code2) | countrylanguage(CountryCode->country.Code, Language, IsOfficial, Percentage)

Question:
What are the names of nations speak both English and French?

SQL:

2026-07-31 15:18:10,400 [INFO   ]   >> OUTPUT : SELECT T1.name FROM city AS T1 JOIN country AS T2 ON T1.country  =  T2.code WHERE T2.name  =  'French' INTERSECT SELECT T1.name FROM city AS T1 JOIN country AS T2 ON T1.country  =  T2.code WHERE T2.name  =  'English'
2026-07-31 15:18:14,699 [INFO   ] [inference] generate_sql  latency_sec=4.2823  input_tokens=126  output_tokens=82
2026-07-31 15:18:14,699 [INFO   ]   >> INPUT  : Translate the natural language question into a valid SQL query using the provided schema.

Schema:
city(ID, Name, CountryCode->country.Code, District, Population) | country(Code, Name, Continent, Region, SurfaceArea, IndepYear, Population, LifeExpectancy, GNP, GNPOld, LocalName, GovernmentForm, HeadOfState, Capital, Code2) | countrylanguage(CountryCode->country.Code, Language, IsOfficial, Percentage)

Question:
Give the names of nations that speak both English and French.

SQL:

2026-07-31 15:18:14,699 [INFO   ]   >> OUTPUT : SELECT T1.name FROM city AS T1 JOIN country AS T2 ON T1.country  =  T2.code WHERE T2.name  =  'French' INTERSECT SELECT T1.name FROM city AS T1 JOIN country AS T2 ON T1.country  =  T2.code WHERE T2.name  =  'English'
2026-07-31 15:18:19,262 [INFO   ] [inference] generate_sql  latency_sec=4.5461  input_tokens=129  output_tokens=88
2026-07-31 15:18:19,262 [INFO   ]   >> INPUT  : Translate the natural language question into a valid SQL query using the provided schema.

Schema:
city(ID, Name, CountryCode->country.Code, District, Population) | country(Code, Name, Continent, Region, SurfaceArea, IndepYear, Population, LifeExpectancy, GNP, GNPOld, LocalName, GovernmentForm, HeadOfState, Capital, Code2) | countrylanguage(CountryCode->country.Code, Language, IsOfficial, Percentage)

Question:
What are the names of nations where both English and French are official languages?

SQL:

2026-07-31 15:18:19,262 [INFO   ]   >> OUTPUT : SELECT T1.name FROM country AS T1 JOIN countrylanguage AS T2 ON T1.code2  =  T2.countrycode WHERE T2.language  =  'en' INTERSECT SELECT T1.name FROM country AS T1 JOIN countrylanguage AS T2 ON T1.code2  =  T2.countrycode WHERE T2.language  =  'fr'
2026-07-31 15:18:24,265 [INFO   ] [inference] generate_sql  latency_sec=4.9724  input_tokens=127  output_tokens=88
2026-07-31 15:18:24,265 [INFO   ]   >> INPUT  : Translate the natural language question into a valid SQL query using the provided schema.

Schema:
city(ID, Name, CountryCode->country.Code, District, Population) | country(Code, Name, Continent, Region, SurfaceArea, IndepYear, Population, LifeExpectancy, GNP, GNPOld, LocalName, GovernmentForm, HeadOfState, Capital, Code2) | countrylanguage(CountryCode->country.Code, Language, IsOfficial, Percentage)

Question:
Give the names of countries with English and French as official languages.

SQL:

2026-07-31 15:18:24,265 [INFO   ]   >> OUTPUT : SELECT T1.name FROM country AS T1 JOIN countrylanguage AS T2 ON T1.code2  =  T2.countrycode WHERE T2.language  =  'en' INTERSECT SELECT T1.name FROM country AS T1 JOIN countrylanguage AS T2 ON T1.code2  =  T2.countrycode WHERE T2.language  =  'fr'
2026-07-31 15:18:25,283 [INFO   ] [inference] generate_sql  latency_sec=1.0017  input_tokens=126  output_tokens=21
2026-07-31 15:18:25,284 [INFO   ]   >> INPUT  : Translate the natural language question into a valid SQL query using the provided schema.

Schema:
city(ID, Name, CountryCode->country.Code, District, Population) | country(Code, Name, Continent, Region, SurfaceArea, IndepYear, Population, LifeExpectancy, GNP, GNPOld, LocalName, GovernmentForm, HeadOfState, Capital, Code2) | countrylanguage(CountryCode->country.Code, Language, IsOfficial, Percentage)

Question:
What is the number of distinct continents where Chinese is spoken?

SQL:

2026-07-31 15:18:25,284 [INFO   ]   >> OUTPUT : SELECT count(DISTINCT Continent) FROM city WHERE CountryCode  =  "China"
2026-07-31 15:18:26,042 [INFO   ] [inference] generate_sql  latency_sec=0.7416  input_tokens=120  output_tokens=15
2026-07-31 15:18:26,042 [INFO   ]   >> INPUT  : Translate the natural language question into a valid SQL query using the provided schema.

Schema:
city(ID, Name, CountryCode->country.Code, District, Population) | country(Code, Name, Continent, Region, SurfaceArea, IndepYear, Population, LifeExpectancy, GNP, GNPOld, LocalName, GovernmentForm, HeadOfState, Capital, Code2) | countrylanguage(CountryCode->country.Code, Language, IsOfficial, Percentage)

Question:
How many continents speak Chinese?

SQL:

2026-07-31 15:18:26,042 [INFO   ]   >> OUTPUT : SELECT count(*) FROM country WHERE Continent  =  "China"
2026-07-31 15:18:28,638 [INFO   ] [inference] generate_sql  latency_sec=2.58  input_tokens=124  output_tokens=53
2026-07-31 15:18:28,638 [INFO   ]   >> INPUT  : Translate the natural language question into a valid SQL query using the provided schema.

Schema:
city(ID, Name, CountryCode->country.Code, District, Population) | country(Code, Name, Continent, Region, SurfaceArea, IndepYear, Population, LifeExpectancy, GNP, GNPOld, LocalName, GovernmentForm, HeadOfState, Capital, Code2) | countrylanguage(CountryCode->country.Code, Language, IsOfficial, Percentage)

Question:
What are the regions that use English or Dutch?

SQL:

2026-07-31 15:18:28,639 [INFO   ]   >> OUTPUT : SELECT country.region FROM country AS T1 JOIN countrylanguage AS T2 ON T1.countrycode  =  T2.countrycode WHERE T1.name  =  'English' OR T1.name  =  'Dutch'
2026-07-31 15:18:30,079 [INFO   ] [inference] generate_sql  latency_sec=1.423  input_tokens=121  output_tokens=23
2026-07-31 15:18:30,079 [INFO   ]   >> INPUT  : Translate the natural language question into a valid SQL query using the provided schema.

Schema:
city(ID, Name, CountryCode->country.Code, District, Population) | country(Code, Name, Continent, Region, SurfaceArea, IndepYear, Population, LifeExpectancy, GNP, GNPOld, LocalName, GovernmentForm, HeadOfState, Capital, Code2) | countrylanguage(CountryCode->country.Code, Language, IsOfficial, Percentage)

Question:
Which regions speak Dutch or English?

SQL:

2026-07-31 15:18:30,079 [INFO   ]   >> OUTPUT : SELECT region FROM city WHERE countrycode  =  "Dutch" OR countrycode  =  "English"
2026-07-31 15:18:32,939 [INFO   ] [inference] generate_sql  latency_sec=2.8424  input_tokens=128  output_tokens=59
2026-07-31 15:18:32,939 [INFO   ]   >> INPUT  : Translate the natural language question into a valid SQL query using the provided schema.

Schema:
city(ID, Name, CountryCode->country.Code, District, Population) | country(Code, Name, Continent, Region, SurfaceArea, IndepYear, Population, LifeExpectancy, GNP, GNPOld, LocalName, GovernmentForm, HeadOfState, Capital, Code2) | countrylanguage(CountryCode->country.Code, Language, IsOfficial, Percentage)

Question:
What are the countries where either English or Dutch is the official language ?

SQL:

2026-07-31 15:18:32,939 [INFO   ]   >> OUTPUT : SELECT DISTINCT T1.CountryCode FROM country AS T1 JOIN countrylanguage AS T2 ON T1.CountryCode  =  T2.CountryCode WHERE T2.Language  =  "English" OR T2.Language  =  "Dutch"
2026-07-31 15:18:36,429 [INFO   ] [inference] generate_sql  latency_sec=3.4657  input_tokens=126  output_tokens=58
2026-07-31 15:18:36,429 [INFO   ]   >> INPUT  : Translate the natural language question into a valid SQL query using the provided schema.

Schema:
city(ID, Name, CountryCode->country.Code, District, Population) | country(Code, Name, Continent, Region, SurfaceArea, IndepYear, Population, LifeExpectancy, GNP, GNPOld, LocalName, GovernmentForm, HeadOfState, Capital, Code2) | countrylanguage(CountryCode->country.Code, Language, IsOfficial, Percentage)

Question:
Which countries have either English or Dutch as an official language?

SQL:

2026-07-31 15:18:36,429 [INFO   ]   >> OUTPUT : SELECT DISTINCT T1.name FROM country AS T1 JOIN countrylanguage AS T2 ON T1.code2  =  T2.countrycode WHERE T2.language  =  "english" OR T2.language  =  "Dutch"
2026-07-31 15:18:40,117 [INFO   ] [inference] generate_sql  latency_sec=3.671  input_tokens=125  output_tokens=60
2026-07-31 15:18:40,117 [INFO   ]   >> INPUT  : Translate the natural language question into a valid SQL query using the provided schema.

Schema:
city(ID, Name, CountryCode->country.Code, District, Population) | country(Code, Name, Continent, Region, SurfaceArea, IndepYear, Population, LifeExpectancy, GNP, GNPOld, LocalName, GovernmentForm, HeadOfState, Capital, Code2) | countrylanguage(CountryCode->country.Code, Language, IsOfficial, Percentage)

Question:
Which language is the most popular on the Asian continent?

SQL:

2026-07-31 15:18:40,117 [INFO   ]   >> OUTPUT : SELECT t1.language FROM country AS t1 JOIN countrylanguage AS t2 ON t1.countrycode  =  t2.countrycode WHERE t1.continent  =  "Asian" GROUP BY t2.language ORDER BY count(*) DESC LIMIT 1
2026-07-31 15:18:42,511 [INFO   ] [inference] generate_sql  latency_sec=2.3775  input_tokens=129  output_tokens=49
2026-07-31 15:18:42,511 [INFO   ]   >> INPUT  : Translate the natural language question into a valid SQL query using the provided schema.

Schema:
city(ID, Name, CountryCode->country.Code, District, Population) | country(Code, Name, Continent, Region, SurfaceArea, IndepYear, Population, LifeExpectancy, GNP, GNPOld, LocalName, GovernmentForm, HeadOfState, Capital, Code2) | countrylanguage(CountryCode->country.Code, Language, IsOfficial, Percentage)

Question:
What is the language that is used by the largest number of Asian nations?

SQL:

2026-07-31 15:18:42,511 [INFO   ]   >> OUTPUT : SELECT t1.language FROM country AS t1 JOIN countrylanguage AS t2 ON t1.countrycode  =  t2.countrycode GROUP BY t1.countrycode ORDER BY count(*) DESC LIMIT 1
2026-07-31 15:18:44,942 [INFO   ] [inference] generate_sql  latency_sec=2.4148  input_tokens=126  output_tokens=49
2026-07-31 15:18:44,942 [INFO   ]   >> INPUT  : Translate the natural language question into a valid SQL query using the provided schema.

Schema:
city(ID, Name, CountryCode->country.Code, District, Population) | country(Code, Name, Continent, Region, SurfaceArea, IndepYear, Population, LifeExpectancy, GNP, GNPOld, LocalName, GovernmentForm, HeadOfState, Capital, Code2) | countrylanguage(CountryCode->country.Code, Language, IsOfficial, Percentage)

Question:
Which languages are spoken by only one country in republic governments?

SQL:

2026-07-31 15:18:44,942 [INFO   ]   >> OUTPUT : SELECT T1.language FROM country AS T1 JOIN countrylanguage AS T2 ON T1.code2  =  T2.countrycode GROUP BY T2.countrycode HAVING count(*)  =  1
2026-07-31 15:18:47,868 [INFO   ] [inference] generate_sql  latency_sec=2.9092  input_tokens=128  output_tokens=48
2026-07-31 15:18:47,868 [INFO   ]   >> INPUT  : Translate the natural language question into a valid SQL query using the provided schema.

Schema:
city(ID, Name, CountryCode->country.Code, District, Population) | country(Code, Name, Continent, Region, SurfaceArea, IndepYear, Population, LifeExpectancy, GNP, GNPOld, LocalName, GovernmentForm, HeadOfState, Capital, Code2) | countrylanguage(CountryCode->country.Code, Language, IsOfficial, Percentage)

Question:
What languages are only used by a single country with a republic government?

SQL:

2026-07-31 15:18:47,868 [INFO   ]   >> OUTPUT : SELECT DISTINCT T1.Language FROM country AS T1 JOIN countrylanguage AS T2 ON T1.Code2  =  T2.CountryCode WHERE T1.GovernmentForm  =  "Republic"
2026-07-31 15:18:51,091 [INFO   ] [inference] generate_sql  latency_sec=3.1955  input_tokens=125  output_tokens=27
2026-07-31 15:18:51,091 [INFO   ]   >> INPUT  : Translate the natural language question into a valid SQL query using the provided schema.

Schema:
city(ID, Name, CountryCode->country.Code, District, Population) | country(Code, Name, Continent, Region, SurfaceArea, IndepYear, Population, LifeExpectancy, GNP, GNPOld, LocalName, GovernmentForm, HeadOfState, Capital, Code2) | countrylanguage(CountryCode->country.Code, Language, IsOfficial, Percentage)

Question:
Find the city with the largest population that uses English.

SQL:

2026-07-31 15:18:51,091 [INFO   ]   >> OUTPUT : SELECT city FROM city WHERE population  =  (SELECT max(population) FROM city WHERE countrycode  =  "english")
2026-07-31 15:18:53,716 [INFO   ] [inference] generate_sql  latency_sec=2.6081  input_tokens=124  output_tokens=57
2026-07-31 15:18:53,717 [INFO   ]   >> INPUT  : Translate the natural language question into a valid SQL query using the provided schema.

Schema:
city(ID, Name, CountryCode->country.Code, District, Population) | country(Code, Name, Continent, Region, SurfaceArea, IndepYear, Population, LifeExpectancy, GNP, GNPOld, LocalName, GovernmentForm, HeadOfState, Capital, Code2) | countrylanguage(CountryCode->country.Code, Language, IsOfficial, Percentage)

Question:
What is the most populace city that speaks English?

SQL:

2026-07-31 15:18:53,717 [INFO   ]   >> OUTPUT : SELECT t1.population FROM city AS t1 JOIN country AS t2 ON t1.countrycode  =  t2.code WHERE t2.name  =  'English' GROUP BY t1.population ORDER BY count(*) DESC LIMIT 1
2026-07-31 15:18:56,972 [INFO   ] [inference] generate_sql  latency_sec=3.2387  input_tokens=132  output_tokens=65
2026-07-31 15:18:56,972 [INFO   ]   >> INPUT  : Translate the natural language question into a valid SQL query using the provided schema.

Schema:
city(ID, Name, CountryCode->country.Code, District, Population) | country(Code, Name, Continent, Region, SurfaceArea, IndepYear, Population, LifeExpectancy, GNP, GNPOld, LocalName, GovernmentForm, HeadOfState, Capital, Code2) | countrylanguage(CountryCode->country.Code, Language, IsOfficial, Percentage)

Question:
Find the name, population and expected life length of asian country with the largest area?

SQL:

2026-07-31 15:18:56,972 [INFO   ]   >> OUTPUT : SELECT T1.name ,  T1.population ,  T2.growth FROM city AS T1 JOIN country AS T2 ON T1.countrycode  =  T2.code WHERE T2.region  =  'Asia' ORDER BY T2.surfacearea DESC LIMIT 1
2026-07-31 15:19:00,589 [INFO   ] [inference] generate_sql  latency_sec=3.5957  input_tokens=132  output_tokens=74
2026-07-31 15:19:00,589 [INFO   ]   >> INPUT  : Translate the natural language question into a valid SQL query using the provided schema.

Schema:
city(ID, Name, CountryCode->country.Code, District, Population) | country(Code, Name, Continent, Region, SurfaceArea, IndepYear, Population, LifeExpectancy, GNP, GNPOld, LocalName, GovernmentForm, HeadOfState, Capital, Code2) | countrylanguage(CountryCode->country.Code, Language, IsOfficial, Percentage)

Question:
What are the name, population, and life expectancy of the largest Asian country by land?

SQL:

2026-07-31 15:19:00,589 [INFO   ]   >> OUTPUT : SELECT T1.name ,  T1.population ,  T1.life_expectancy FROM city AS T1 JOIN country AS T2 ON T1.countrycode  =  T2.code WHERE T2.region  =  "Asian" GROUP BY T2.countrycode ORDER BY count(*) DESC LIMIT 1
2026-07-31 15:19:01,639 [INFO   ] [inference] generate_sql  latency_sec=1.0247  input_tokens=130  output_tokens=17
2026-07-31 15:19:01,639 [INFO   ]   >> INPUT  : Translate the natural language question into a valid SQL query using the provided schema.

Schema:
city(ID, Name, CountryCode->country.Code, District, Population) | country(Code, Name, Continent, Region, SurfaceArea, IndepYear, Population, LifeExpectancy, GNP, GNPOld, LocalName, GovernmentForm, HeadOfState, Capital, Code2) | countrylanguage(CountryCode->country.Code, Language, IsOfficial, Percentage)

Question:
What is average life expectancy in the countries where English is not the official language?

SQL:

2026-07-31 15:19:01,640 [INFO   ]   >> OUTPUT : SELECT avg(population) FROM country WHERE country.governmentform != 'Official'
2026-07-31 15:19:02,733 [INFO   ] [inference] generate_sql  latency_sec=1.0674  input_tokens=130  output_tokens=18
2026-07-31 15:19:02,734 [INFO   ]   >> INPUT  : Translate the natural language question into a valid SQL query using the provided schema.

Schema:
city(ID, Name, CountryCode->country.Code, District, Population) | country(Code, Name, Continent, Region, SurfaceArea, IndepYear, Population, LifeExpectancy, GNP, GNPOld, LocalName, GovernmentForm, HeadOfState, Capital, Code2) | countrylanguage(CountryCode->country.Code, Language, IsOfficial, Percentage)

Question:
Give the mean life expectancy of countries in which English is not the official language.

SQL:

2026-07-31 15:19:02,734 [INFO   ]   >> OUTPUT : SELECT mean(population) FROM country WHERE country != '%s.%s'
2026-07-31 15:19:03,764 [INFO   ] [inference] generate_sql  latency_sec=1.0049  input_tokens=131  output_tokens=14
2026-07-31 15:19:03,764 [INFO   ]   >> INPUT  : Translate the natural language question into a valid SQL query using the provided schema.

Schema:
city(ID, Name, CountryCode->country.Code, District, Population) | country(Code, Name, Continent, Region, SurfaceArea, IndepYear, Population, LifeExpectancy, GNP, GNPOld, LocalName, GovernmentForm, HeadOfState, Capital, Code2) | countrylanguage(CountryCode->country.Code, Language, IsOfficial, Percentage)

Question:
What is the total number of people living in the nations that do not use English?

SQL:

2026-07-31 15:19:03,764 [INFO   ]   >> OUTPUT : SELECT sum(population) FROM city WHERE population != 'english'
2026-07-31 15:19:04,459 [INFO   ] [inference] generate_sql  latency_sec=0.6775  input_tokens=126  output_tokens=15
2026-07-31 15:19:04,460 [INFO   ]   >> INPUT  : Translate the natural language question into a valid SQL query using the provided schema.

Schema:
city(ID, Name, CountryCode->country.Code, District, Population) | country(Code, Name, Continent, Region, SurfaceArea, IndepYear, Population, LifeExpectancy, GNP, GNPOld, LocalName, GovernmentForm, HeadOfState, Capital, Code2) | countrylanguage(CountryCode->country.Code, Language, IsOfficial, Percentage)

Question:
How many people live in countries that do not speak English?

SQL:

2026-07-31 15:19:04,460 [INFO   ]   >> OUTPUT : SELECT count(*) FROM city WHERE LOCALNAME != 'english';
2026-07-31 15:19:07,446 [INFO   ] [inference] generate_sql  latency_sec=2.9694  input_tokens=131  output_tokens=66
2026-07-31 15:19:07,446 [INFO   ]   >> INPUT  : Translate the natural language question into a valid SQL query using the provided schema.

Schema:
city(ID, Name, CountryCode->country.Code, District, Population) | country(Code, Name, Continent, Region, SurfaceArea, IndepYear, Population, LifeExpectancy, GNP, GNPOld, LocalName, GovernmentForm, HeadOfState, Capital, Code2) | countrylanguage(CountryCode->country.Code, Language, IsOfficial, Percentage)

Question:
What is the official language spoken in the country whose head of state is Beatrix?

SQL:

2026-07-31 15:19:07,446 [INFO   ]   >> OUTPUT : SELECT t3.language FROM country AS t1 JOIN countrylanguage AS t2 ON t1.code2  =  t2.countrycode JOIN city AS t3 ON t1.countrycode  =  t3.countrycode WHERE t3.headofstate  =  "Beatrix"
2026-07-31 15:19:11,028 [INFO   ] [inference] generate_sql  latency_sec=3.5661  input_tokens=134  output_tokens=55
2026-07-31 15:19:11,029 [INFO   ]   >> INPUT  : Translate the natural language question into a valid SQL query using the provided schema.

Schema:
city(ID, Name, CountryCode->country.Code, District, Population) | country(Code, Name, Continent, Region, SurfaceArea, IndepYear, Population, LifeExpectancy, GNP, GNPOld, LocalName, GovernmentForm, HeadOfState, Capital, Code2) | countrylanguage(CountryCode->country.Code, Language, IsOfficial, Percentage)

Question:
What is the official language used in the country the name of whose head of state is Beatrix.

SQL:

2026-07-31 15:19:11,029 [INFO   ]   >> OUTPUT : SELECT t1.language FROM country AS t1 JOIN countrylanguage AS t2 ON t1.code2  =  t2.countrycode WHERE t1.name  =  "Beatrix" AND t2.language  =  "english"
2026-07-31 15:19:14,044 [INFO   ] [inference] generate_sql  latency_sec=2.9991  input_tokens=133  output_tokens=62
2026-07-31 15:19:14,045 [INFO   ]   >> INPUT  : Translate the natural language question into a valid SQL query using the provided schema.

Schema:
city(ID, Name, CountryCode->country.Code, District, Population) | country(Code, Name, Continent, Region, SurfaceArea, IndepYear, Population, LifeExpectancy, GNP, GNPOld, LocalName, GovernmentForm, HeadOfState, Capital, Code2) | countrylanguage(CountryCode->country.Code, Language, IsOfficial, Percentage)

Question:
What is the total number of unique official languages spoken in the countries that are founded before 1930?

SQL:

2026-07-31 15:19:14,045 [INFO   ]   >> OUTPUT : SELECT count(DISTINCT T2.Language) FROM country AS T1 JOIN countrylanguage AS T2 ON T1.Code2  =  T2.CountryCode WHERE T1.Continent  =  "North Korea" AND T1.Population  <  1930
2026-07-31 15:19:15,436 [INFO   ] [inference] generate_sql  latency_sec=1.3629  input_tokens=131  output_tokens=19
2026-07-31 15:19:15,436 [INFO   ]   >> INPUT  : Translate the natural language question into a valid SQL query using the provided schema.

Schema:
city(ID, Name, CountryCode->country.Code, District, Population) | country(Code, Name, Continent, Region, SurfaceArea, IndepYear, Population, LifeExpectancy, GNP, GNPOld, LocalName, GovernmentForm, HeadOfState, Capital, Code2) | countrylanguage(CountryCode->country.Code, Language, IsOfficial, Percentage)

Question:
For the countries founded before 1930, what is the total number of distinct official languages?

SQL:

2026-07-31 15:19:15,436 [INFO   ]   >> OUTPUT : SELECT count(DISTINCT language) FROM country WHERE population  <  1930
2026-07-31 15:19:17,455 [INFO   ] [inference] generate_sql  latency_sec=1.9889  input_tokens=129  output_tokens=31
2026-07-31 15:19:17,456 [INFO   ]   >> INPUT  : Translate the natural language question into a valid SQL query using the provided schema.

Schema:
city(ID, Name, CountryCode->country.Code, District, Population) | country(Code, Name, Continent, Region, SurfaceArea, IndepYear, Population, LifeExpectancy, GNP, GNPOld, LocalName, GovernmentForm, HeadOfState, Capital, Code2) | countrylanguage(CountryCode->country.Code, Language, IsOfficial, Percentage)

Question:
What are the countries that have greater surface area than any country in Europe?

SQL:

2026-07-31 15:19:17,456 [INFO   ]   >> OUTPUT : SELECT Country FROM city WHERE SURFACEAREA  >  (SELECT max(SurfaceArea) FROM country WHERE Continent  =  "Europe")
2026-07-31 15:19:18,781 [INFO   ] [inference] generate_sql  latency_sec=1.2957  input_tokens=127  output_tokens=21
2026-07-31 15:19:18,781 [INFO   ]   >> INPUT  : Translate the natural language question into a valid SQL query using the provided schema.

Schema:
city(ID, Name, CountryCode->country.Code, District, Population) | country(Code, Name, Continent, Region, SurfaceArea, IndepYear, Population, LifeExpectancy, GNP, GNPOld, LocalName, GovernmentForm, HeadOfState, Capital, Code2) | countrylanguage(CountryCode->country.Code, Language, IsOfficial, Percentage)

Question:
Which countries have greater area than that of any country in Europe?

SQL:

2026-07-31 15:19:18,781 [INFO   ]   >> OUTPUT : SELECT country FROM city WHERE countryarea  >  (SELECT max(countryarea) FROM city)
2026-07-31 15:19:20,043 [INFO   ] [inference] generate_sql  latency_sec=1.2445  input_tokens=131  output_tokens=26
2026-07-31 15:19:20,043 [INFO   ]   >> INPUT  : Translate the natural language question into a valid SQL query using the provided schema.

Schema:
city(ID, Name, CountryCode->country.Code, District, Population) | country(Code, Name, Continent, Region, SurfaceArea, IndepYear, Population, LifeExpectancy, GNP, GNPOld, LocalName, GovernmentForm, HeadOfState, Capital, Code2) | countrylanguage(CountryCode->country.Code, Language, IsOfficial, Percentage)

Question:
What are the African countries that have a  population less than any country in Asia?

SQL:

2026-07-31 15:19:20,043 [INFO   ]   >> OUTPUT : SELECT country FROM city WHERE population  <  (SELECT max(population) FROM city WHERE country  =  'Asia')
2026-07-31 15:19:22,469 [INFO   ] [inference] generate_sql  latency_sec=2.4  input_tokens=129  output_tokens=53
2026-07-31 15:19:22,470 [INFO   ]   >> INPUT  : Translate the natural language question into a valid SQL query using the provided schema.

Schema:
city(ID, Name, CountryCode->country.Code, District, Population) | country(Code, Name, Continent, Region, SurfaceArea, IndepYear, Population, LifeExpectancy, GNP, GNPOld, LocalName, GovernmentForm, HeadOfState, Capital, Code2) | countrylanguage(CountryCode->country.Code, Language, IsOfficial, Percentage)

Question:
Which African countries have a smaller population than that of any country in Asia?

SQL:

2026-07-31 15:19:22,470 [INFO   ]   >> OUTPUT : SELECT t1.country FROM country AS t1 JOIN city AS t2 ON t1.city  =  t2.country WHERE t2.countrycode  =  "Asia" AND t1.population  <  t2.population
2026-07-31 15:19:25,794 [INFO   ] [inference] generate_sql  latency_sec=3.3081  input_tokens=129  output_tokens=72
2026-07-31 15:19:25,794 [INFO   ]   >> INPUT  : Translate the natural language question into a valid SQL query using the provided schema.

Schema:
city(ID, Name, CountryCode->country.Code, District, Population) | country(Code, Name, Continent, Region, SurfaceArea, IndepYear, Population, LifeExpectancy, GNP, GNPOld, LocalName, GovernmentForm, HeadOfState, Capital, Code2) | countrylanguage(CountryCode->country.Code, Language, IsOfficial, Percentage)

Question:
Which Asian countries have a population that is larger than any country in Africa?

SQL:

2026-07-31 15:19:25,794 [INFO   ]   >> OUTPUT : SELECT DISTINCT t1.country FROM city AS t1 JOIN country AS t2 ON t1.country  =  t2.countrycode WHERE t2.country  =  "Africa" AND t1.population  >  (SELECT max(population) FROM country WHERE countrycode  =  "Africa")
2026-07-31 15:19:28,588 [INFO   ] [inference] generate_sql  latency_sec=2.777  input_tokens=132  output_tokens=56
2026-07-31 15:19:28,588 [INFO   ]   >> INPUT  : Translate the natural language question into a valid SQL query using the provided schema.

Schema:
city(ID, Name, CountryCode->country.Code, District, Population) | country(Code, Name, Continent, Region, SurfaceArea, IndepYear, Population, LifeExpectancy, GNP, GNPOld, LocalName, GovernmentForm, HeadOfState, Capital, Code2) | countrylanguage(CountryCode->country.Code, Language, IsOfficial, Percentage)

Question:
What are the Asian countries which have a population larger than that of any country in Africa?

SQL:

2026-07-31 15:19:28,588 [INFO   ]   >> OUTPUT : SELECT DISTINCT t1.country FROM city AS t1 JOIN country AS t2 ON t1.country  =  t2.code WHERE t2.country  =  'Asia' AND t1.population  >  t2.population
2026-07-31 15:19:29,417 [INFO   ] [inference] generate_sql  latency_sec=0.8024  input_tokens=127  output_tokens=13
2026-07-31 15:19:29,418 [INFO   ]   >> INPUT  : Translate the natural language question into a valid SQL query using the provided schema.

Schema:
city(ID, Name, CountryCode->country.Code, District, Population) | country(Code, Name, Continent, Region, SurfaceArea, IndepYear, Population, LifeExpectancy, GNP, GNPOld, LocalName, GovernmentForm, HeadOfState, Capital, Code2) | countrylanguage(CountryCode->country.Code, Language, IsOfficial, Percentage)

Question:
What are the country codes for countries that do not speak English?

SQL:

2026-07-31 15:19:29,418 [INFO   ]   >> OUTPUT : SELECT countrycode FROM country WHERE countryname != 'english'
2026-07-31 15:19:30,220 [INFO   ] [inference] generate_sql  latency_sec=0.7765  input_tokens=126  output_tokens=13
2026-07-31 15:19:30,220 [INFO   ]   >> INPUT  : Translate the natural language question into a valid SQL query using the provided schema.

Schema:
city(ID, Name, CountryCode->country.Code, District, Population) | country(Code, Name, Continent, Region, SurfaceArea, IndepYear, Population, LifeExpectancy, GNP, GNPOld, LocalName, GovernmentForm, HeadOfState, Capital, Code2) | countrylanguage(CountryCode->country.Code, Language, IsOfficial, Percentage)

Question:
Return the country codes for countries that do not speak English.

SQL:

2026-07-31 15:19:30,221 [INFO   ]   >> OUTPUT : SELECT countrycode FROM country WHERE countryname != 'english'
2026-07-31 15:19:31,163 [INFO   ] [inference] generate_sql  latency_sec=0.9171  input_tokens=129  output_tokens=13
2026-07-31 15:19:31,165 [INFO   ]   >> INPUT  : Translate the natural language question into a valid SQL query using the provided schema.

Schema:
city(ID, Name, CountryCode->country.Code, District, Population) | country(Code, Name, Continent, Region, SurfaceArea, IndepYear, Population, LifeExpectancy, GNP, GNPOld, LocalName, GovernmentForm, HeadOfState, Capital, Code2) | countrylanguage(CountryCode->country.Code, Language, IsOfficial, Percentage)

Question:
What are the country codes of countries where people use languages other than English?

SQL:

2026-07-31 15:19:31,165 [INFO   ]   >> OUTPUT : SELECT countrycode FROM countrylanguage WHERE language != 'english'
2026-07-31 15:19:32,830 [INFO   ] [inference] generate_sql  latency_sec=1.6359  input_tokens=132  output_tokens=31
2026-07-31 15:19:32,830 [INFO   ]   >> INPUT  : Translate the natural language question into a valid SQL query using the provided schema.

Schema:
city(ID, Name, CountryCode->country.Code, District, Population) | country(Code, Name, Continent, Region, SurfaceArea, IndepYear, Population, LifeExpectancy, GNP, GNPOld, LocalName, GovernmentForm, HeadOfState, Capital, Code2) | countrylanguage(CountryCode->country.Code, Language, IsOfficial, Percentage)

Question:
Give the country codes for countries in which people speak langauges that are not English.

SQL:

2026-07-31 15:19:32,830 [INFO   ]   >> OUTPUT : SELECT countrycode FROM countrylanguage WHERE language  =  "english" EXCEPT SELECT countrycode FROM countrylanguage WHERE language  =  "english"
2026-07-31 15:19:33,482 [INFO   ] [inference] generate_sql  latency_sec=0.6345  input_tokens=134  output_tokens=13
2026-07-31 15:19:33,482 [INFO   ]   >> INPUT  : Translate the natural language question into a valid SQL query using the provided schema.

Schema:
city(ID, Name, CountryCode->country.Code, District, Population) | country(Code, Name, Continent, Region, SurfaceArea, IndepYear, Population, LifeExpectancy, GNP, GNPOld, LocalName, GovernmentForm, HeadOfState, Capital, Code2) | countrylanguage(CountryCode->country.Code, Language, IsOfficial, Percentage)

Question:
What are the codes of the countries that do not speak English and whose government forms are not Republic?

SQL:

2026-07-31 15:19:33,482 [INFO   ]   >> OUTPUT : SELECT countrycode FROM country WHERE governmentform != 'Republic'
2026-07-31 15:19:36,637 [INFO   ] [inference] generate_sql  latency_sec=3.1385  input_tokens=133  output_tokens=69
2026-07-31 15:19:36,637 [INFO   ]   >> INPUT  : Translate the natural language question into a valid SQL query using the provided schema.

Schema:
city(ID, Name, CountryCode->country.Code, District, Population) | country(Code, Name, Continent, Region, SurfaceArea, IndepYear, Population, LifeExpectancy, GNP, GNPOld, LocalName, GovernmentForm, HeadOfState, Capital, Code2) | countrylanguage(CountryCode->country.Code, Language, IsOfficial, Percentage)

Question:
Return the codes of countries that do not speak English and do not have Republics for governments.

SQL:

2026-07-31 15:19:36,638 [INFO   ]   >> OUTPUT : SELECT countrycode FROM country WHERE countryname != 'English' EXCEPT SELECT T1.countrycode FROM country AS T1 JOIN countrylanguage AS T2 ON T1.countrycode  =  T2.countrycode WHERE T2.language  =  'English' AND T2.government  =  'Government'
2026-07-31 15:19:40,673 [INFO   ] [inference] generate_sql  latency_sec=4.0181  input_tokens=128  output_tokens=86
2026-07-31 15:19:40,673 [INFO   ]   >> INPUT  : Translate the natural language question into a valid SQL query using the provided schema.

Schema:
city(ID, Name, CountryCode->country.Code, District, Population) | country(Code, Name, Continent, Region, SurfaceArea, IndepYear, Population, LifeExpectancy, GNP, GNPOld, LocalName, GovernmentForm, HeadOfState, Capital, Code2) | countrylanguage(CountryCode->country.Code, Language, IsOfficial, Percentage)

Question:
Which cities are in European countries where English is not the official language?

SQL:

2026-07-31 15:19:40,673 [INFO   ]   >> OUTPUT : SELECT T1.Name FROM city AS T1 JOIN country AS T2 ON T1.CountryCode  =  T2.CountryCode WHERE T2.Name  =  'European' EXCEPT SELECT T1.Name FROM city AS T1 JOIN country AS T2 ON T1.CountryCode  =  T2.CountryCode WHERE T2.Name  =  'English'
2026-07-31 15:19:45,652 [INFO   ] [inference] generate_sql  latency_sec=4.9629  input_tokens=131  output_tokens=83
2026-07-31 15:19:45,653 [INFO   ]   >> INPUT  : Translate the natural language question into a valid SQL query using the provided schema.

Schema:
city(ID, Name, CountryCode->country.Code, District, Population) | country(Code, Name, Continent, Region, SurfaceArea, IndepYear, Population, LifeExpectancy, GNP, GNPOld, LocalName, GovernmentForm, HeadOfState, Capital, Code2) | countrylanguage(CountryCode->country.Code, Language, IsOfficial, Percentage)

Question:
What are the names of cities in Europe for which English is not the official language?

SQL:

2026-07-31 15:19:45,653 [INFO   ]   >> OUTPUT : SELECT T1.Name FROM city AS T1 JOIN country AS T2 ON T1.CountryCode  =  T2.Code WHERE T2.Name  =  'Europe' EXCEPT SELECT T1.Name FROM city AS T1 JOIN country AS T2 ON T1.CountryCode  =  T2.Code WHERE T2.Name  =  'English'
2026-07-31 15:19:48,517 [INFO   ] [inference] generate_sql  latency_sec=2.8474  input_tokens=128  output_tokens=57
2026-07-31 15:19:48,517 [INFO   ]   >> INPUT  : Translate the natural language question into a valid SQL query using the provided schema.

Schema:
city(ID, Name, CountryCode->country.Code, District, Population) | country(Code, Name, Continent, Region, SurfaceArea, IndepYear, Population, LifeExpectancy, GNP, GNPOld, LocalName, GovernmentForm, HeadOfState, Capital, Code2) | countrylanguage(CountryCode->country.Code, Language, IsOfficial, Percentage)

Question:
Which unique cities are in Asian countries where Chinese is the official language ?

SQL:

2026-07-31 15:19:48,517 [INFO   ]   >> OUTPUT : SELECT DISTINCT T1.Name FROM city AS T1 JOIN country AS T2 ON T1.CountryCode  =  T2.Code WHERE T2.Name  =  'Chinese' AND T1.CountryCode  =  'Asian'
2026-07-31 15:19:51,215 [INFO   ] [inference] generate_sql  latency_sec=2.6807  input_tokens=133  output_tokens=57
2026-07-31 15:19:51,216 [INFO   ]   >> INPUT  : Translate the natural language question into a valid SQL query using the provided schema.

Schema:
city(ID, Name, CountryCode->country.Code, District, Population) | country(Code, Name, Continent, Region, SurfaceArea, IndepYear, Population, LifeExpectancy, GNP, GNPOld, LocalName, GovernmentForm, HeadOfState, Capital, Code2) | countrylanguage(CountryCode->country.Code, Language, IsOfficial, Percentage)

Question:
Return the different names of cities that are in Asia and for which Chinese is the official language.

SQL:

2026-07-31 15:19:51,216 [INFO   ]   >> OUTPUT : SELECT DISTINCT T2.Name FROM city AS T1 JOIN country AS T2 ON T1.CountryCode  =  T2.Code WHERE T1.CountryCode  =  "Asia" AND T2.Language  =  "Chinese"
2026-07-31 15:19:53,948 [INFO   ] [inference] generate_sql  latency_sec=2.7156  input_tokens=133  output_tokens=58
2026-07-31 15:19:53,948 [INFO   ]   >> INPUT  : Translate the natural language question into a valid SQL query using the provided schema.

Schema:
city(ID, Name, CountryCode->country.Code, District, Population) | country(Code, Name, Continent, Region, SurfaceArea, IndepYear, Population, LifeExpectancy, GNP, GNPOld, LocalName, GovernmentForm, HeadOfState, Capital, Code2) | countrylanguage(CountryCode->country.Code, Language, IsOfficial, Percentage)

Question:
What are the name, independence year, and surface area of the country with the smallest population?

SQL:

2026-07-31 15:19:53,948 [INFO   ]   >> OUTPUT : SELECT T1.name ,  T1.indepyear ,  T1.surfacearea FROM city AS T1 JOIN country AS T2 ON T1.countrycode  =  T2.code GROUP BY T1.countrycode ORDER BY population LIMIT 1
2026-07-31 15:19:57,076 [INFO   ] [inference] generate_sql  latency_sec=3.1111  input_tokens=134  output_tokens=59
2026-07-31 15:19:57,076 [INFO   ]   >> INPUT  : Translate the natural language question into a valid SQL query using the provided schema.

Schema:
city(ID, Name, CountryCode->country.Code, District, Population) | country(Code, Name, Continent, Region, SurfaceArea, IndepYear, Population, LifeExpectancy, GNP, GNPOld, LocalName, GovernmentForm, HeadOfState, Capital, Code2) | countrylanguage(CountryCode->country.Code, Language, IsOfficial, Percentage)

Question:
Give the name, year of independence, and surface area of the country that has the lowest population.

SQL:

2026-07-31 15:19:57,076 [INFO   ]   >> OUTPUT : SELECT T1.name ,  T1.district ,  T1.population FROM city AS T1 JOIN country AS T2 ON T1.countrycode  =  T2.code GROUP BY T1.countrycode ORDER BY T2.population LIMIT 1
2026-07-31 15:20:00,546 [INFO   ] [inference] generate_sql  latency_sec=3.4451  input_tokens=130  output_tokens=61
2026-07-31 15:20:00,546 [INFO   ]   >> INPUT  : Translate the natural language question into a valid SQL query using the provided schema.

Schema:
city(ID, Name, CountryCode->country.Code, District, Population) | country(Code, Name, Continent, Region, SurfaceArea, IndepYear, Population, LifeExpectancy, GNP, GNPOld, LocalName, GovernmentForm, HeadOfState, Capital, Code2) | countrylanguage(CountryCode->country.Code, Language, IsOfficial, Percentage)

Question:
What are the population, name and leader of the country with the largest area?

SQL:

2026-07-31 15:20:00,546 [INFO   ]   >> OUTPUT : SELECT t1.population ,  t1.name ,  t1.leader FROM city AS t1 JOIN country AS t2 ON t1.countrycode  =  t2.code GROUP BY t1.countrycode ORDER BY t2.surfacearea DESC LIMIT 1
2026-07-31 15:20:03,561 [INFO   ] [inference] generate_sql  latency_sec=2.9979  input_tokens=133  output_tokens=66
2026-07-31 15:20:03,561 [INFO   ]   >> INPUT  : Translate the natural language question into a valid SQL query using the provided schema.

Schema:
city(ID, Name, CountryCode->country.Code, District, Population) | country(Code, Name, Continent, Region, SurfaceArea, IndepYear, Population, LifeExpectancy, GNP, GNPOld, LocalName, GovernmentForm, HeadOfState, Capital, Code2) | countrylanguage(CountryCode->country.Code, Language, IsOfficial, Percentage)

Question:
Give the name, population, and head of state for the country that has the largest area.

SQL:

2026-07-31 15:20:03,561 [INFO   ]   >> OUTPUT : SELECT T1.name ,  T1.population ,  T1.headofstate FROM city AS T1 JOIN country AS T2 ON T1.countrycode  =  T2.code GROUP BY T2.countrycode ORDER BY sum(T2.surfacearea) DESC LIMIT 1
2026-07-31 15:20:06,036 [INFO   ] [inference] generate_sql  latency_sec=2.4584  input_tokens=134  output_tokens=55
2026-07-31 15:20:06,037 [INFO   ]   >> INPUT  : Translate the natural language question into a valid SQL query using the provided schema.

Schema:
city(ID, Name, CountryCode->country.Code, District, Population) | country(Code, Name, Continent, Region, SurfaceArea, IndepYear, Population, LifeExpectancy, GNP, GNPOld, LocalName, GovernmentForm, HeadOfState, Capital, Code2) | countrylanguage(CountryCode->country.Code, Language, IsOfficial, Percentage)

Question:
Return the country name and the numbers of languages spoken for each country that speaks at least 3 languages.

SQL:

2026-07-31 15:20:06,037 [INFO   ]   >> OUTPUT : SELECT T1.name ,  count(*) FROM country AS T1 JOIN countrylanguage AS T2 ON T1.code2  =  T2.countrycode GROUP BY T1.code2 HAVING count(*)  >=  3
2026-07-31 15:20:08,582 [INFO   ] [inference] generate_sql  latency_sec=2.5256  input_tokens=136  output_tokens=55
2026-07-31 15:20:08,582 [INFO   ]   >> INPUT  : Translate the natural language question into a valid SQL query using the provided schema.

Schema:
city(ID, Name, CountryCode->country.Code, District, Population) | country(Code, Name, Continent, Region, SurfaceArea, IndepYear, Population, LifeExpectancy, GNP, GNPOld, LocalName, GovernmentForm, HeadOfState, Capital, Code2) | countrylanguage(CountryCode->country.Code, Language, IsOfficial, Percentage)

Question:
What are the names of countries that speak more than 2 languages, as well as how many languages they speak?

SQL:

2026-07-31 15:20:08,582 [INFO   ]   >> OUTPUT : SELECT T1.name ,  count(*) FROM country AS T1 JOIN countrylanguage AS T2 ON T1.code2  =  T2.countrycode GROUP BY T1.code2 HAVING count(*)  >=  2
2026-07-31 15:20:11,344 [INFO   ] [inference] generate_sql  latency_sec=2.7436  input_tokens=133  output_tokens=25
2026-07-31 15:20:11,344 [INFO   ]   >> INPUT  : Translate the natural language question into a valid SQL query using the provided schema.

Schema:
city(ID, Name, CountryCode->country.Code, District, Population) | country(Code, Name, Continent, Region, SurfaceArea, IndepYear, Population, LifeExpectancy, GNP, GNPOld, LocalName, GovernmentForm, HeadOfState, Capital, Code2) | countrylanguage(CountryCode->country.Code, Language, IsOfficial, Percentage)

Question:
Find the number of cities in each district whose population is greater than the average population of cities?

SQL:

2026-07-31 15:20:11,344 [INFO   ]   >> OUTPUT : SELECT count(*) ,  district FROM city WHERE population  >  (SELECT avg(population) FROM city)
2026-07-31 15:20:14,137 [INFO   ] [inference] generate_sql  latency_sec=2.7671  input_tokens=133  output_tokens=48
2026-07-31 15:20:14,137 [INFO   ]   >> INPUT  : Translate the natural language question into a valid SQL query using the provided schema.

Schema:
city(ID, Name, CountryCode->country.Code, District, Population) | country(Code, Name, Continent, Region, SurfaceArea, IndepYear, Population, LifeExpectancy, GNP, GNPOld, LocalName, GovernmentForm, HeadOfState, Capital, Code2) | countrylanguage(CountryCode->country.Code, Language, IsOfficial, Percentage)

Question:
How many cities in each district have a population that is above the average population across all cities?

SQL:

2026-07-31 15:20:14,137 [INFO   ]   >> OUTPUT : SELECT T1.District ,  count(*) FROM city AS T1 JOIN country AS T2 ON T1.CountryCode  =  T2.Code GROUP BY T2.District ,  avg(population)
2026-07-31 15:20:16,828 [INFO   ] [inference] generate_sql  latency_sec=2.6724  input_tokens=135  output_tokens=49
2026-07-31 15:20:16,828 [INFO   ]   >> INPUT  : Translate the natural language question into a valid SQL query using the provided schema.

Schema:
city(ID, Name, CountryCode->country.Code, District, Population) | country(Code, Name, Continent, Region, SurfaceArea, IndepYear, Population, LifeExpectancy, GNP, GNPOld, LocalName, GovernmentForm, HeadOfState, Capital, Code2) | countrylanguage(CountryCode->country.Code, Language, IsOfficial, Percentage)

Question:
Find the government form name and total population for each government form whose average life expectancy is longer than 72.

SQL:

2026-07-31 15:20:16,828 [INFO   ]   >> OUTPUT : SELECT T1.GovernmentForm ,  sum(T2.Population) FROM country AS T1 JOIN countrylanguage AS T2 ON T1.Code2  =  T2.CountryCode GROUP BY T1.GovernmentForm
2026-07-31 15:20:19,612 [INFO   ] [inference] generate_sql  latency_sec=2.7654  input_tokens=141  output_tokens=53
2026-07-31 15:20:19,613 [INFO   ]   >> INPUT  : Translate the natural language question into a valid SQL query using the provided schema.

Schema:
city(ID, Name, CountryCode->country.Code, District, Population) | country(Code, Name, Continent, Region, SurfaceArea, IndepYear, Population, LifeExpectancy, GNP, GNPOld, LocalName, GovernmentForm, HeadOfState, Capital, Code2) | countrylanguage(CountryCode->country.Code, Language, IsOfficial, Percentage)

Question:
What are the different government forms and what is the total population of each for government forms that have an average life expectancy greater than 72?

SQL:

2026-07-31 15:20:19,613 [INFO   ]   >> OUTPUT : SELECT DISTINCT T1.GovernmentForm ,  sum(T2.Population) FROM country AS T1 JOIN countrylanguage AS T2 ON T1.Code2  =  T2.CountryCode GROUP BY T1.GovernmentForm
2026-07-31 15:20:20,910 [INFO   ] [inference] generate_sql  latency_sec=1.2789  input_tokens=135  output_tokens=28
2026-07-31 15:20:20,911 [INFO   ]   >> INPUT  : Translate the natural language question into a valid SQL query using the provided schema.

Schema:
city(ID, Name, CountryCode->country.Code, District, Population) | country(Code, Name, Continent, Region, SurfaceArea, IndepYear, Population, LifeExpectancy, GNP, GNPOld, LocalName, GovernmentForm, HeadOfState, Capital, Code2) | countrylanguage(CountryCode->country.Code, Language, IsOfficial, Percentage)

Question:
Find the average life expectancy and total population for each continent where the average life expectancy is shorter than 72?

SQL:

2026-07-31 15:20:20,911 [INFO   ]   >> OUTPUT : SELECT avg(population) ,  sum(population) ,  count(*) FROM city WHERE population  <  72 GROUP BY continent
2026-07-31 15:20:24,906 [INFO   ] [inference] generate_sql  latency_sec=3.9779  input_tokens=144  output_tokens=71
2026-07-31 15:20:24,906 [INFO   ]   >> INPUT  : Translate the natural language question into a valid SQL query using the provided schema.

Schema:
city(ID, Name, CountryCode->country.Code, District, Population) | country(Code, Name, Continent, Region, SurfaceArea, IndepYear, Population, LifeExpectancy, GNP, GNPOld, LocalName, GovernmentForm, HeadOfState, Capital, Code2) | countrylanguage(CountryCode->country.Code, Language, IsOfficial, Percentage)

Question:
What are the different continents and the total popuation and average life expectancy corresponding to each, for continents that have an average life expectancy less than 72?

SQL:

2026-07-31 15:20:24,906 [INFO   ]   >> OUTPUT : SELECT DISTINCT T2.Continent ,  sum(T1.Population) ,  avg(T1.Population) FROM city AS T1 JOIN country AS T2 ON T1.CountryCode  =  T2.Code GROUP BY T2.Continent ,  avg(T1.Population)
2026-07-31 15:20:27,913 [INFO   ] [inference] generate_sql  latency_sec=2.9788  input_tokens=129  output_tokens=54
2026-07-31 15:20:27,913 [INFO   ]   >> INPUT  : Translate the natural language question into a valid SQL query using the provided schema.

Schema:
city(ID, Name, CountryCode->country.Code, District, Population) | country(Code, Name, Continent, Region, SurfaceArea, IndepYear, Population, LifeExpectancy, GNP, GNPOld, LocalName, GovernmentForm, HeadOfState, Capital, Code2) | countrylanguage(CountryCode->country.Code, Language, IsOfficial, Percentage)

Question:
What are the names and areas of countries with the top 5 largest area?

SQL:

2026-07-31 15:20:27,913 [INFO   ]   >> OUTPUT : SELECT T1.name ,  T1.countryarea FROM city AS T1 JOIN country AS T2 ON T1.countrycode  =  T2.code GROUP BY T2.countryarea ORDER BY count(*) DESC LIMIT 5
2026-07-31 15:20:30,383 [INFO   ] [inference] generate_sql  latency_sec=2.4532  input_tokens=126  output_tokens=53
2026-07-31 15:20:30,383 [INFO   ]   >> INPUT  : Translate the natural language question into a valid SQL query using the provided schema.

Schema:
city(ID, Name, CountryCode->country.Code, District, Population) | country(Code, Name, Continent, Region, SurfaceArea, IndepYear, Population, LifeExpectancy, GNP, GNPOld, LocalName, GovernmentForm, HeadOfState, Capital, Code2) | countrylanguage(CountryCode->country.Code, Language, IsOfficial, Percentage)

Question:
Return the names and surface areas of the 5 largest countries.

SQL:

2026-07-31 15:20:30,383 [INFO   ]   >> OUTPUT : SELECT T1.name ,  T1.surfacearea FROM city AS T1 JOIN country AS T2 ON T1.countrycode  =  T2.code GROUP BY T2.code ORDER BY count(*) DESC LIMIT 5
2026-07-31 15:20:31,057 [INFO   ] [inference] generate_sql  latency_sec=0.657  input_tokens=126  output_tokens=13
2026-07-31 15:20:31,057 [INFO   ]   >> INPUT  : Translate the natural language question into a valid SQL query using the provided schema.

Schema:
city(ID, Name, CountryCode->country.Code, District, Population) | country(Code, Name, Continent, Region, SurfaceArea, IndepYear, Population, LifeExpectancy, GNP, GNPOld, LocalName, GovernmentForm, HeadOfState, Capital, Code2) | countrylanguage(CountryCode->country.Code, Language, IsOfficial, Percentage)

Question:
What are names of countries with the top 3 largest population?

SQL:

2026-07-31 15:20:31,057 [INFO   ]   >> OUTPUT : SELECT name FROM city ORDER BY population DESC LIMIT 3
2026-07-31 15:20:33,235 [INFO   ] [inference] generate_sql  latency_sec=2.16  input_tokens=124  output_tokens=45
2026-07-31 15:20:33,235 [INFO   ]   >> INPUT  : Translate the natural language question into a valid SQL query using the provided schema.

Schema:
city(ID, Name, CountryCode->country.Code, District, Population) | country(Code, Name, Continent, Region, SurfaceArea, IndepYear, Population, LifeExpectancy, GNP, GNPOld, LocalName, GovernmentForm, HeadOfState, Capital, Code2) | countrylanguage(CountryCode->country.Code, Language, IsOfficial, Percentage)

Question:
Return the names of the 3 most populated countries.

SQL:

2026-07-31 15:20:33,236 [INFO   ]   >> OUTPUT : SELECT t1.name FROM city AS t1 JOIN country AS t2 ON t1.country  =  t2.code GROUP BY t2.country ORDER BY count(*) DESC LIMIT 3
2026-07-31 15:20:33,824 [INFO   ] [inference] generate_sql  latency_sec=0.562  input_tokens=127  output_tokens=11
2026-07-31 15:20:33,825 [INFO   ]   >> INPUT  : Translate the natural language question into a valid SQL query using the provided schema.

Schema:
city(ID, Name, CountryCode->country.Code, District, Population) | country(Code, Name, Continent, Region, SurfaceArea, IndepYear, Population, LifeExpectancy, GNP, GNPOld, LocalName, GovernmentForm, HeadOfState, Capital, Code2) | countrylanguage(CountryCode->country.Code, Language, IsOfficial, Percentage)

Question:
What are the names of the nations with the 3 lowest populations?

SQL:

2026-07-31 15:20:33,825 [INFO   ]   >> OUTPUT : SELECT name FROM city ORDER BY population LIMIT 3
2026-07-31 15:20:35,968 [INFO   ] [inference] generate_sql  latency_sec=2.1266  input_tokens=127  output_tokens=43
2026-07-31 15:20:35,969 [INFO   ]   >> INPUT  : Translate the natural language question into a valid SQL query using the provided schema.

Schema:
city(ID, Name, CountryCode->country.Code, District, Population) | country(Code, Name, Continent, Region, SurfaceArea, IndepYear, Population, LifeExpectancy, GNP, GNPOld, LocalName, GovernmentForm, HeadOfState, Capital, Code2) | countrylanguage(CountryCode->country.Code, Language, IsOfficial, Percentage)

Question:
Return the names of the 3 countries with the fewest people.

SQL:

2026-07-31 15:20:35,969 [INFO   ]   >> OUTPUT : SELECT t1.name FROM city AS t1 JOIN country AS t2 ON t1.country  =  t2.code GROUP BY t2.code ORDER BY count(*) LIMIT 3
2026-07-31 15:20:38,199 [INFO   ] [inference] generate_sql  latency_sec=2.2121  input_tokens=121  output_tokens=39
2026-07-31 15:20:38,199 [INFO   ]   >> INPUT  : Translate the natural language question into a valid SQL query using the provided schema.

Schema:
city(ID, Name, CountryCode->country.Code, District, Population) | country(Code, Name, Continent, Region, SurfaceArea, IndepYear, Population, LifeExpectancy, GNP, GNPOld, LocalName, GovernmentForm, HeadOfState, Capital, Code2) | countrylanguage(CountryCode->country.Code, Language, IsOfficial, Percentage)

Question:
how many countries are in Asia?

SQL:

2026-07-31 15:20:38,200 [INFO   ]   >> OUTPUT : SELECT count(*) FROM city AS t1 JOIN country AS t2 ON t1.country  =  t2.code WHERE t1.country  =  "Asia"
2026-07-31 15:20:40,823 [INFO   ] [inference] generate_sql  latency_sec=2.5954  input_tokens=122  output_tokens=41
2026-07-31 15:20:40,824 [INFO   ]   >> INPUT  : Translate the natural language question into a valid SQL query using the provided schema.

Schema:
city(ID, Name, CountryCode->country.Code, District, Population) | country(Code, Name, Continent, Region, SurfaceArea, IndepYear, Population, LifeExpectancy, GNP, GNPOld, LocalName, GovernmentForm, HeadOfState, Capital, Code2) | countrylanguage(CountryCode->country.Code, Language, IsOfficial, Percentage)

Question:
Count the number of countries in Asia.

SQL:

2026-07-31 15:20:40,824 [INFO   ]   >> OUTPUT : SELECT count(*) FROM country AS T1 JOIN city AS T2 ON T1.countrycode  =  T2.countrycode WHERE T2.country  =  'Asia'
2026-07-31 15:20:43,229 [INFO   ] [inference] generate_sql  latency_sec=2.3881  input_tokens=136  output_tokens=51
2026-07-31 15:20:43,229 [INFO   ]   >> INPUT  : Translate the natural language question into a valid SQL query using the provided schema.

Schema:
city(ID, Name, CountryCode->country.Code, District, Population) | country(Code, Name, Continent, Region, SurfaceArea, IndepYear, Population, LifeExpectancy, GNP, GNPOld, LocalName, GovernmentForm, HeadOfState, Capital, Code2) | countrylanguage(CountryCode->country.Code, Language, IsOfficial, Percentage)

Question:
What are the names of the countries that are in the continent of Europe and have a population of 80000?

SQL:

2026-07-31 15:20:43,229 [INFO   ]   >> OUTPUT : SELECT t1.name FROM city AS t1 JOIN country AS t2 ON t1.country  =  t2.code WHERE t2.continent  =  "Europe" AND t1.population  =  80000
2026-07-31 15:20:45,761 [INFO   ] [inference] generate_sql  latency_sec=2.5152  input_tokens=132  output_tokens=52
2026-07-31 15:20:45,761 [INFO   ]   >> INPUT  : Translate the natural language question into a valid SQL query using the provided schema.

Schema:
city(ID, Name, CountryCode->country.Code, District, Population) | country(Code, Name, Continent, Region, SurfaceArea, IndepYear, Population, LifeExpectancy, GNP, GNPOld, LocalName, GovernmentForm, HeadOfState, Capital, Code2) | countrylanguage(CountryCode->country.Code, Language, IsOfficial, Percentage)

Question:
Give the names of countries that are in Europe and have a population equal to 80000.

SQL:

2026-07-31 15:20:45,761 [INFO   ]   >> OUTPUT : SELECT T1.name FROM country AS T1 JOIN city AS T2 ON T1.countrycode  =  T2.countrycode WHERE T2.country  =  "Europe" AND T2.population  =  80000
2026-07-31 15:20:47,459 [INFO   ] [inference] generate_sql  latency_sec=1.6803  input_tokens=137  output_tokens=34
2026-07-31 15:20:47,459 [INFO   ]   >> INPUT  : Translate the natural language question into a valid SQL query using the provided schema.

Schema:
city(ID, Name, CountryCode->country.Code, District, Population) | country(Code, Name, Continent, Region, SurfaceArea, IndepYear, Population, LifeExpectancy, GNP, GNPOld, LocalName, GovernmentForm, HeadOfState, Capital, Code2) | countrylanguage(CountryCode->country.Code, Language, IsOfficial, Percentage)

Question:
What is the total population and average area of countries in the continent of North America whose area is bigger than 3000 ?

SQL:

2026-07-31 15:20:47,459 [INFO   ]   >> OUTPUT : SELECT sum(population) ,  avg(surfacearea) FROM city WHERE Continent  =  "North America" AND SURFACEAREA  >  3000
2026-07-31 15:20:49,285 [INFO   ] [inference] generate_sql  latency_sec=1.8072  input_tokens=137  output_tokens=32
2026-07-31 15:20:49,285 [INFO   ]   >> INPUT  : Translate the natural language question into a valid SQL query using the provided schema.

Schema:
city(ID, Name, CountryCode->country.Code, District, Population) | country(Code, Name, Continent, Region, SurfaceArea, IndepYear, Population, LifeExpectancy, GNP, GNPOld, LocalName, GovernmentForm, HeadOfState, Capital, Code2) | countrylanguage(CountryCode->country.Code, Language, IsOfficial, Percentage)

Question:
Give the total population and average surface area corresponding to countries in North America that have a surface area greater than 3000 .

SQL:

2026-07-31 15:20:49,285 [INFO   ]   >> OUTPUT : SELECT sum(population) ,  avg(surfacearea) FROM city WHERE country  =  'North America' AND surfacearea  >  3000
2026-07-31 15:20:50,075 [INFO   ] [inference] generate_sql  latency_sec=0.7719  input_tokens=128  output_tokens=15
2026-07-31 15:20:50,076 [INFO   ]   >> INPUT  : Translate the natural language question into a valid SQL query using the provided schema.

Schema:
city(ID, Name, CountryCode->country.Code, District, Population) | country(Code, Name, Continent, Region, SurfaceArea, IndepYear, Population, LifeExpectancy, GNP, GNPOld, LocalName, GovernmentForm, HeadOfState, Capital, Code2) | countrylanguage(CountryCode->country.Code, Language, IsOfficial, Percentage)

Question:
What are the cities whose population is between 160000 and 900000?

SQL:

2026-07-31 15:20:50,076 [INFO   ]   >> OUTPUT : SELECT city FROM city WHERE population BETWEEN 160000 AND 900000
2026-07-31 15:20:52,628 [INFO   ] [inference] generate_sql  latency_sec=2.5338  input_tokens=130  output_tokens=43
2026-07-31 15:20:52,628 [INFO   ]   >> INPUT  : Translate the natural language question into a valid SQL query using the provided schema.

Schema:
city(ID, Name, CountryCode->country.Code, District, Population) | country(Code, Name, Continent, Region, SurfaceArea, IndepYear, Population, LifeExpectancy, GNP, GNPOld, LocalName, GovernmentForm, HeadOfState, Capital, Code2) | countrylanguage(CountryCode->country.Code, Language, IsOfficial, Percentage)

Question:
Return the names of cities that have a population between 160000 and 900000 .

SQL:

2026-07-31 15:20:52,628 [INFO   ]   >> OUTPUT : SELECT T1.Name FROM city AS T1 JOIN country AS T2 ON T1.CountryCode  =  T2.Code WHERE T2.Population BETWEEN 160000 AND 900000
2026-07-31 15:20:55,363 [INFO   ] [inference] generate_sql  latency_sec=2.7081  input_tokens=125  output_tokens=48
2026-07-31 15:20:55,364 [INFO   ]   >> INPUT  : Translate the natural language question into a valid SQL query using the provided schema.

Schema:
city(ID, Name, CountryCode->country.Code, District, Population) | country(Code, Name, Continent, Region, SurfaceArea, IndepYear, Population, LifeExpectancy, GNP, GNPOld, LocalName, GovernmentForm, HeadOfState, Capital, Code2) | countrylanguage(CountryCode->country.Code, Language, IsOfficial, Percentage)

Question:
Which language is spoken by the largest number of countries?

SQL:

2026-07-31 15:20:55,364 [INFO   ]   >> OUTPUT : SELECT t1.language FROM country AS t1 JOIN countrylanguage AS t2 ON t1.code2  =  t2.countrycode GROUP BY t1.code ORDER BY count(*) DESC LIMIT 1
2026-07-31 15:20:56,353 [INFO   ] [inference] generate_sql  latency_sec=0.9724  input_tokens=125  output_tokens=20
2026-07-31 15:20:56,354 [INFO   ]   >> INPUT  : Translate the natural language question into a valid SQL query using the provided schema.

Schema:
city(ID, Name, CountryCode->country.Code, District, Population) | country(Code, Name, Continent, Region, SurfaceArea, IndepYear, Population, LifeExpectancy, GNP, GNPOld, LocalName, GovernmentForm, HeadOfState, Capital, Code2) | countrylanguage(CountryCode->country.Code, Language, IsOfficial, Percentage)

Question:
Give the language that is spoken in the most countries.

SQL:

2026-07-31 15:20:56,354 [INFO   ]   >> OUTPUT : SELECT Language FROM countrylanguage GROUP BY Language ORDER BY COUNT(*) DESC LIMIT 1
2026-07-31 15:20:58,870 [INFO   ] [inference] generate_sql  latency_sec=2.499  input_tokens=129  output_tokens=54
2026-07-31 15:20:58,870 [INFO   ]   >> INPUT  : Translate the natural language question into a valid SQL query using the provided schema.

Schema:
city(ID, Name, CountryCode->country.Code, District, Population) | country(Code, Name, Continent, Region, SurfaceArea, IndepYear, Population, LifeExpectancy, GNP, GNPOld, LocalName, GovernmentForm, HeadOfState, Capital, Code2) | countrylanguage(CountryCode->country.Code, Language, IsOfficial, Percentage)

Question:
What is the language spoken by the largest percentage of people in each country?

SQL:

2026-07-31 15:20:58,870 [INFO   ]   >> OUTPUT : SELECT T2.language ,  count(*) FROM country AS T1 JOIN countrylanguage AS T2 ON T1.code2  =  T2.countrycode GROUP BY T1.code2 ORDER BY count(*) DESC LIMIT 1
2026-07-31 15:21:01,682 [INFO   ] [inference] generate_sql  latency_sec=2.7946  input_tokens=139  output_tokens=58
2026-07-31 15:21:01,682 [INFO   ]   >> INPUT  : Translate the natural language question into a valid SQL query using the provided schema.

Schema:
city(ID, Name, CountryCode->country.Code, District, Population) | country(Code, Name, Continent, Region, SurfaceArea, IndepYear, Population, LifeExpectancy, GNP, GNPOld, LocalName, GovernmentForm, HeadOfState, Capital, Code2) | countrylanguage(CountryCode->country.Code, Language, IsOfficial, Percentage)

Question:
What are the country codes of the different countries, and what are the languages spoken by the greatest percentage of people for each?

SQL:

2026-07-31 15:21:01,682 [INFO   ]   >> OUTPUT : SELECT T1.countrycode ,  T2.language FROM country AS T1 JOIN countrylanguage AS T2 ON T1.code2  =  T2.countrycode GROUP BY T2.countrycode ORDER BY T2.percentage DESC LIMIT 1
2026-07-31 15:21:04,350 [INFO   ] [inference] generate_sql  latency_sec=2.6506  input_tokens=132  output_tokens=57
2026-07-31 15:21:04,350 [INFO   ]   >> INPUT  : Translate the natural language question into a valid SQL query using the provided schema.

Schema:
city(ID, Name, CountryCode->country.Code, District, Population) | country(Code, Name, Continent, Region, SurfaceArea, IndepYear, Population, LifeExpectancy, GNP, GNPOld, LocalName, GovernmentForm, HeadOfState, Capital, Code2) | countrylanguage(CountryCode->country.Code, Language, IsOfficial, Percentage)

Question:
What is the total number of countries where Spanish is spoken by the largest percentage of people?

SQL:

2026-07-31 15:21:04,350 [INFO   ]   >> OUTPUT : SELECT sum(population) FROM city AS T1 JOIN country AS T2 ON T1.country  =  T2.code WHERE T2.name  =  'Spanish' GROUP BY T2.code ORDER BY avg(population) DESC LIMIT 1
2026-07-31 15:21:07,707 [INFO   ] [inference] generate_sql  latency_sec=3.3403  input_tokens=128  output_tokens=53
2026-07-31 15:21:07,707 [INFO   ]   >> INPUT  : Translate the natural language question into a valid SQL query using the provided schema.

Schema:
city(ID, Name, CountryCode->country.Code, District, Population) | country(Code, Name, Continent, Region, SurfaceArea, IndepYear, Population, LifeExpectancy, GNP, GNPOld, LocalName, GovernmentForm, HeadOfState, Capital, Code2) | countrylanguage(CountryCode->country.Code, Language, IsOfficial, Percentage)

Question:
Count the number of countries for which Spanish is the predominantly spoken language.

SQL:

2026-07-31 15:21:07,707 [INFO   ]   >> OUTPUT : SELECT count(*) FROM country AS T1 JOIN countrylanguage AS T2 ON T1.countrycode  =  T2.countrycode WHERE T1.name  =  "Spanish" AND T2.language  =  "Spanish"
2026-07-31 15:21:11,047 [INFO   ] [inference] generate_sql  latency_sec=3.3096  input_tokens=131  output_tokens=68
2026-07-31 15:21:11,048 [INFO   ]   >> INPUT  : Translate the natural language question into a valid SQL query using the provided schema.

Schema:
city(ID, Name, CountryCode->country.Code, District, Population) | country(Code, Name, Continent, Region, SurfaceArea, IndepYear, Population, LifeExpectancy, GNP, GNPOld, LocalName, GovernmentForm, HeadOfState, Capital, Code2) | countrylanguage(CountryCode->country.Code, Language, IsOfficial, Percentage)

Question:
What are the codes of countries where Spanish is spoken by the largest percentage of people?

SQL:

2026-07-31 15:21:11,048 [INFO   ]   >> OUTPUT : SELECT T1.code FROM country AS T1 JOIN countrylanguage AS T2 ON T1.countrycode  =  T2.countrycode JOIN people AS T3 ON T2.percentage  =  T3.percentage GROUP BY T1.code ORDER BY count(*) DESC LIMIT 1
2026-07-31 15:21:12,982 [INFO   ] [inference] generate_sql  latency_sec=1.917  input_tokens=128  output_tokens=42
2026-07-31 15:21:12,982 [INFO   ]   >> INPUT  : Translate the natural language question into a valid SQL query using the provided schema.

Schema:
city(ID, Name, CountryCode->country.Code, District, Population) | country(Code, Name, Continent, Region, SurfaceArea, IndepYear, Population, LifeExpectancy, GNP, GNPOld, LocalName, GovernmentForm, HeadOfState, Capital, Code2) | countrylanguage(CountryCode->country.Code, Language, IsOfficial, Percentage)

Question:
Return the codes of countries for which Spanish is the predominantly spoken language.

SQL:

2026-07-31 15:21:12,982 [INFO   ]   >> OUTPUT : SELECT T1.code FROM country AS T1 JOIN countrylanguage AS T2 ON T1.code  =  T2.countrycode WHERE T2.language  =  "Spanish"
2026-07-31 15:21:13,563 [INFO   ] [inference] generate_sql  latency_sec=0.5639  input_tokens=168  output_tokens=7
2026-07-31 15:21:13,564 [INFO   ]   >> INPUT  : Translate the natural language question into a valid SQL query using the provided schema.

Schema:
conductor(Conductor_ID, Name, Age, Nationality, Year_of_Work) | orchestra(Orchestra_ID, Orchestra, Conductor_ID->conductor.Conductor_ID, Record_Company, Year_of_Founded, Major_Record_Format) | performance(Performance_ID, Orchestra_ID->orchestra.Orchestra_ID, Type, Date, Official_ratings_(millions), Weekly_rank, Share) | show(Show_ID, Performance_ID->performance.Performance_ID, If_first_show, Result, Attendance)

Question:
How many conductors are there?

SQL:

2026-07-31 15:21:13,564 [INFO   ]   >> OUTPUT : SELECT count(*) FROM conductor
2026-07-31 15:21:13,960 [INFO   ] [inference] generate_sql  latency_sec=0.3794  input_tokens=168  output_tokens=7
2026-07-31 15:21:13,960 [INFO   ]   >> INPUT  : Translate the natural language question into a valid SQL query using the provided schema.

Schema:
conductor(Conductor_ID, Name, Age, Nationality, Year_of_Work) | orchestra(Orchestra_ID, Orchestra, Conductor_ID->conductor.Conductor_ID, Record_Company, Year_of_Founded, Major_Record_Format) | performance(Performance_ID, Orchestra_ID->orchestra.Orchestra_ID, Type, Date, Official_ratings_(millions), Weekly_rank, Share) | show(Show_ID, Performance_ID->performance.Performance_ID, If_first_show, Result, Attendance)

Question:
Count the number of conductors.

SQL:

2026-07-31 15:21:13,960 [INFO   ]   >> OUTPUT : SELECT count(*) FROM conductor
2026-07-31 15:21:14,464 [INFO   ] [inference] generate_sql  latency_sec=0.4879  input_tokens=173  output_tokens=9
2026-07-31 15:21:14,465 [INFO   ]   >> INPUT  : Translate the natural language question into a valid SQL query using the provided schema.

Schema:
conductor(Conductor_ID, Name, Age, Nationality, Year_of_Work) | orchestra(Orchestra_ID, Orchestra, Conductor_ID->conductor.Conductor_ID, Record_Company, Year_of_Founded, Major_Record_Format) | performance(Performance_ID, Orchestra_ID->orchestra.Orchestra_ID, Type, Date, Official_ratings_(millions), Weekly_rank, Share) | show(Show_ID, Performance_ID->performance.Performance_ID, If_first_show, Result, Attendance)

Question:
List the names of conductors in ascending order of age.

SQL:

2026-07-31 15:21:14,465 [INFO   ]   >> OUTPUT : SELECT Name FROM conductor ORDER BY Age ASC
2026-07-31 15:21:14,957 [INFO   ] [inference] generate_sql  latency_sec=0.4756  input_tokens=173  output_tokens=9
2026-07-31 15:21:14,957 [INFO   ]   >> INPUT  : Translate the natural language question into a valid SQL query using the provided schema.

Schema:
conductor(Conductor_ID, Name, Age, Nationality, Year_of_Work) | orchestra(Orchestra_ID, Orchestra, Conductor_ID->conductor.Conductor_ID, Record_Company, Year_of_Founded, Major_Record_Format) | performance(Performance_ID, Orchestra_ID->orchestra.Orchestra_ID, Type, Date, Official_ratings_(millions), Weekly_rank, Share) | show(Show_ID, Performance_ID->performance.Performance_ID, If_first_show, Result, Attendance)

Question:
What are the names of conductors, ordered by age?

SQL:

2026-07-31 15:21:14,957 [INFO   ]   >> OUTPUT : SELECT Name FROM conductor ORDER BY Age ASC
2026-07-31 15:21:15,616 [INFO   ] [inference] generate_sql  latency_sec=0.6422  input_tokens=176  output_tokens=12
2026-07-31 15:21:15,617 [INFO   ]   >> INPUT  : Translate the natural language question into a valid SQL query using the provided schema.

Schema:
conductor(Conductor_ID, Name, Age, Nationality, Year_of_Work) | orchestra(Orchestra_ID, Orchestra, Conductor_ID->conductor.Conductor_ID, Record_Company, Year_of_Founded, Major_Record_Format) | performance(Performance_ID, Orchestra_ID->orchestra.Orchestra_ID, Type, Date, Official_ratings_(millions), Weekly_rank, Share) | show(Show_ID, Performance_ID->performance.Performance_ID, If_first_show, Result, Attendance)

Question:
What are the names of conductors whose nationalities are not "USA"?

SQL:

2026-07-31 15:21:15,617 [INFO   ]   >> OUTPUT : SELECT Name FROM conductor WHERE Nationality != "USA"
2026-07-31 15:21:16,261 [INFO   ] [inference] generate_sql  latency_sec=0.6227  input_tokens=176  output_tokens=12
2026-07-31 15:21:16,262 [INFO   ]   >> INPUT  : Translate the natural language question into a valid SQL query using the provided schema.

Schema:
conductor(Conductor_ID, Name, Age, Nationality, Year_of_Work) | orchestra(Orchestra_ID, Orchestra, Conductor_ID->conductor.Conductor_ID, Record_Company, Year_of_Founded, Major_Record_Format) | performance(Performance_ID, Orchestra_ID->orchestra.Orchestra_ID, Type, Date, Official_ratings_(millions), Weekly_rank, Share) | show(Show_ID, Performance_ID->performance.Performance_ID, If_first_show, Result, Attendance)

Question:
Return the names of conductors that do not have the nationality "USA".

SQL:

2026-07-31 15:21:16,262 [INFO   ]   >> OUTPUT : SELECT Name FROM conductor WHERE Nationality != "USA"
2026-07-31 15:21:17,068 [INFO   ] [inference] generate_sql  latency_sec=0.789  input_tokens=180  output_tokens=17
2026-07-31 15:21:17,068 [INFO   ]   >> INPUT  : Translate the natural language question into a valid SQL query using the provided schema.

Schema:
conductor(Conductor_ID, Name, Age, Nationality, Year_of_Work) | orchestra(Orchestra_ID, Orchestra, Conductor_ID->conductor.Conductor_ID, Record_Company, Year_of_Founded, Major_Record_Format) | performance(Performance_ID, Orchestra_ID->orchestra.Orchestra_ID, Type, Date, Official_ratings_(millions), Weekly_rank, Share) | show(Show_ID, Performance_ID->performance.Performance_ID, If_first_show, Result, Attendance)

Question:
What are the record companies of orchestras in descending order of years in which they were founded?

SQL:

2026-07-31 15:21:17,068 [INFO   ]   >> OUTPUT : SELECT Record_Company FROM orchestra ORDER BY YEAR_OF_FOUND DESC
2026-07-31 15:21:17,934 [INFO   ] [inference] generate_sql  latency_sec=0.8486  input_tokens=180  output_tokens=17
2026-07-31 15:21:17,935 [INFO   ]   >> INPUT  : Translate the natural language question into a valid SQL query using the provided schema.

Schema:
conductor(Conductor_ID, Name, Age, Nationality, Year_of_Work) | orchestra(Orchestra_ID, Orchestra, Conductor_ID->conductor.Conductor_ID, Record_Company, Year_of_Founded, Major_Record_Format) | performance(Performance_ID, Orchestra_ID->orchestra.Orchestra_ID, Type, Date, Official_ratings_(millions), Weekly_rank, Share) | show(Show_ID, Performance_ID->performance.Performance_ID, If_first_show, Result, Attendance)

Question:
Return the record companies of orchestras, sorted descending by the years in which they were founded.

SQL:

2026-07-31 15:21:17,935 [INFO   ]   >> OUTPUT : SELECT Record_Company FROM orchestra ORDER BY YEAR_OF_FOUND DESC
2026-07-31 15:21:18,646 [INFO   ] [inference] generate_sql  latency_sec=0.6942  input_tokens=169  output_tokens=10
2026-07-31 15:21:18,646 [INFO   ]   >> INPUT  : Translate the natural language question into a valid SQL query using the provided schema.

Schema:
conductor(Conductor_ID, Name, Age, Nationality, Year_of_Work) | orchestra(Orchestra_ID, Orchestra, Conductor_ID->conductor.Conductor_ID, Record_Company, Year_of_Founded, Major_Record_Format) | performance(Performance_ID, Orchestra_ID->orchestra.Orchestra_ID, Type, Date, Official_ratings_(millions), Weekly_rank, Share) | show(Show_ID, Performance_ID->performance.Performance_ID, If_first_show, Result, Attendance)

Question:
What is the average attendance of shows?

SQL:

2026-07-31 15:21:18,646 [INFO   ]   >> OUTPUT : SELECT avg(Attendance) FROM show
2026-07-31 15:21:19,344 [INFO   ] [inference] generate_sql  latency_sec=0.6728  input_tokens=169  output_tokens=10
2026-07-31 15:21:19,345 [INFO   ]   >> INPUT  : Translate the natural language question into a valid SQL query using the provided schema.

Schema:
conductor(Conductor_ID, Name, Age, Nationality, Year_of_Work) | orchestra(Orchestra_ID, Orchestra, Conductor_ID->conductor.Conductor_ID, Record_Company, Year_of_Founded, Major_Record_Format) | performance(Performance_ID, Orchestra_ID->orchestra.Orchestra_ID, Type, Date, Official_ratings_(millions), Weekly_rank, Share) | show(Show_ID, Performance_ID->performance.Performance_ID, If_first_show, Result, Attendance)

Question:
Return the average attendance across all shows.

SQL:

2026-07-31 15:21:19,345 [INFO   ]   >> OUTPUT : SELECT avg(Attendance) FROM show
2026-07-31 15:21:22,709 [INFO   ] [inference] generate_sql  latency_sec=3.3361  input_tokens=178  output_tokens=58
2026-07-31 15:21:22,709 [INFO   ]   >> INPUT  : Translate the natural language question into a valid SQL query using the provided schema.

Schema:
conductor(Conductor_ID, Name, Age, Nationality, Year_of_Work) | orchestra(Orchestra_ID, Orchestra, Conductor_ID->conductor.Conductor_ID, Record_Company, Year_of_Founded, Major_Record_Format) | performance(Performance_ID, Orchestra_ID->orchestra.Orchestra_ID, Type, Date, Official_ratings_(millions), Weekly_rank, Share) | show(Show_ID, Performance_ID->performance.Performance_ID, If_first_show, Result, Attendance)

Question:
What are the maximum and minimum share of performances whose type is not "Live final".

SQL:

2026-07-31 15:21:22,709 [INFO   ]   >> OUTPUT : SELECT max(T2.Share) ,  min(T2.Share) FROM performance AS T1 JOIN orchestra AS T2 ON T1.Orchestra_ID  =  T2.Conductor_ID WHERE T1.Type != "Live final"
2026-07-31 15:21:25,368 [INFO   ] [inference] generate_sql  latency_sec=2.6413  input_tokens=179  output_tokens=58
2026-07-31 15:21:25,368 [INFO   ]   >> INPUT  : Translate the natural language question into a valid SQL query using the provided schema.

Schema:
conductor(Conductor_ID, Name, Age, Nationality, Year_of_Work) | orchestra(Orchestra_ID, Orchestra, Conductor_ID->conductor.Conductor_ID, Record_Company, Year_of_Founded, Major_Record_Format) | performance(Performance_ID, Orchestra_ID->orchestra.Orchestra_ID, Type, Date, Official_ratings_(millions), Weekly_rank, Share) | show(Show_ID, Performance_ID->performance.Performance_ID, If_first_show, Result, Attendance)

Question:
Return the maximum and minimum shares for performances that do not have the type "Live final".

SQL:

2026-07-31 15:21:25,368 [INFO   ]   >> OUTPUT : SELECT max(T2.Share) ,  min(T2.Share) FROM performance AS T1 JOIN orchestra AS T2 ON T1.Orchestra_ID  =  T2.Conductor_ID WHERE T1.Type != "Live final"
2026-07-31 15:21:26,075 [INFO   ] [inference] generate_sql  latency_sec=0.6897  input_tokens=171  output_tokens=13
2026-07-31 15:21:26,075 [INFO   ]   >> INPUT  : Translate the natural language question into a valid SQL query using the provided schema.

Schema:
conductor(Conductor_ID, Name, Age, Nationality, Year_of_Work) | orchestra(Orchestra_ID, Orchestra, Conductor_ID->conductor.Conductor_ID, Record_Company, Year_of_Founded, Major_Record_Format) | performance(Performance_ID, Orchestra_ID->orchestra.Orchestra_ID, Type, Date, Official_ratings_(millions), Weekly_rank, Share) | show(Show_ID, Performance_ID->performance.Performance_ID, If_first_show, Result, Attendance)

Question:
How many different nationalities do conductors have?

SQL:

2026-07-31 15:21:26,075 [INFO   ]   >> OUTPUT : SELECT count(DISTINCT Nationality) FROM conductor
2026-07-31 15:21:26,780 [INFO   ] [inference] generate_sql  latency_sec=0.687  input_tokens=172  output_tokens=13
2026-07-31 15:21:26,781 [INFO   ]   >> INPUT  : Translate the natural language question into a valid SQL query using the provided schema.

Schema:
conductor(Conductor_ID, Name, Age, Nationality, Year_of_Work) | orchestra(Orchestra_ID, Orchestra, Conductor_ID->conductor.Conductor_ID, Record_Company, Year_of_Founded, Major_Record_Format) | performance(Performance_ID, Orchestra_ID->orchestra.Orchestra_ID, Type, Date, Official_ratings_(millions), Weekly_rank, Share) | show(Show_ID, Performance_ID->performance.Performance_ID, If_first_show, Result, Attendance)

Question:
Count the number of different nationalities of conductors.

SQL:

2026-07-31 15:21:26,781 [INFO   ]   >> OUTPUT : SELECT count(DISTINCT Nationality) FROM conductor
2026-07-31 15:21:27,442 [INFO   ] [inference] generate_sql  latency_sec=0.6438  input_tokens=174  output_tokens=14
2026-07-31 15:21:27,442 [INFO   ]   >> INPUT  : Translate the natural language question into a valid SQL query using the provided schema.

Schema:
conductor(Conductor_ID, Name, Age, Nationality, Year_of_Work) | orchestra(Orchestra_ID, Orchestra, Conductor_ID->conductor.Conductor_ID, Record_Company, Year_of_Founded, Major_Record_Format) | performance(Performance_ID, Orchestra_ID->orchestra.Orchestra_ID, Type, Date, Official_ratings_(millions), Weekly_rank, Share) | show(Show_ID, Performance_ID->performance.Performance_ID, If_first_show, Result, Attendance)

Question:
List names of conductors in descending order of years of work.

SQL:

2026-07-31 15:21:27,442 [INFO   ]   >> OUTPUT : SELECT Name FROM conductor ORDER BY Year_of_Work DESC
2026-07-31 15:21:28,129 [INFO   ] [inference] generate_sql  latency_sec=0.6681  input_tokens=180  output_tokens=14
2026-07-31 15:21:28,130 [INFO   ]   >> INPUT  : Translate the natural language question into a valid SQL query using the provided schema.

Schema:
conductor(Conductor_ID, Name, Age, Nationality, Year_of_Work) | orchestra(Orchestra_ID, Orchestra, Conductor_ID->conductor.Conductor_ID, Record_Company, Year_of_Founded, Major_Record_Format) | performance(Performance_ID, Orchestra_ID->orchestra.Orchestra_ID, Type, Date, Official_ratings_(millions), Weekly_rank, Share) | show(Show_ID, Performance_ID->performance.Performance_ID, If_first_show, Result, Attendance)

Question:
What are the names of conductors, sorted descending by the number of years they have worked?

SQL:

2026-07-31 15:21:28,130 [INFO   ]   >> OUTPUT : SELECT Name FROM conductor ORDER BY Year_of_Work DESC
2026-07-31 15:21:30,637 [INFO   ] [inference] generate_sql  latency_sec=2.4899  input_tokens=174  output_tokens=54
2026-07-31 15:21:30,637 [INFO   ]   >> INPUT  : Translate the natural language question into a valid SQL query using the provided schema.

Schema:
conductor(Conductor_ID, Name, Age, Nationality, Year_of_Work) | orchestra(Orchestra_ID, Orchestra, Conductor_ID->conductor.Conductor_ID, Record_Company, Year_of_Founded, Major_Record_Format) | performance(Performance_ID, Orchestra_ID->orchestra.Orchestra_ID, Type, Date, Official_ratings_(millions), Weekly_rank, Share) | show(Show_ID, Performance_ID->performance.Performance_ID, If_first_show, Result, Attendance)

Question:
List the name of the conductor with the most years of work.

SQL:

2026-07-31 15:21:30,637 [INFO   ]   >> OUTPUT : SELECT T1.Name FROM conductor AS T1 JOIN orchestra AS T2 ON T1.Conductor_ID  =  T2.Conductor_ID GROUP BY T2.Conductor_ID ORDER BY count(*) DESC LIMIT 1
2026-07-31 15:21:33,655 [INFO   ] [inference] generate_sql  latency_sec=2.9995  input_tokens=177  output_tokens=54
2026-07-31 15:21:33,655 [INFO   ]   >> INPUT  : Translate the natural language question into a valid SQL query using the provided schema.

Schema:
conductor(Conductor_ID, Name, Age, Nationality, Year_of_Work) | orchestra(Orchestra_ID, Orchestra, Conductor_ID->conductor.Conductor_ID, Record_Company, Year_of_Founded, Major_Record_Format) | performance(Performance_ID, Orchestra_ID->orchestra.Orchestra_ID, Type, Date, Official_ratings_(millions), Weekly_rank, Share) | show(Show_ID, Performance_ID->performance.Performance_ID, If_first_show, Result, Attendance)

Question:
What is the name of the conductor who has worked the greatest number of years?

SQL:

2026-07-31 15:21:33,655 [INFO   ]   >> OUTPUT : SELECT T1.Name FROM conductor AS T1 JOIN orchestra AS T2 ON T1.Conductor_ID  =  T2.Conductor_ID GROUP BY T2.Conductor_ID ORDER BY count(*) DESC LIMIT 1
2026-07-31 15:21:36,543 [INFO   ] [inference] generate_sql  latency_sec=2.8619  input_tokens=175  output_tokens=44
2026-07-31 15:21:36,543 [INFO   ]   >> INPUT  : Translate the natural language question into a valid SQL query using the provided schema.

Schema:
conductor(Conductor_ID, Name, Age, Nationality, Year_of_Work) | orchestra(Orchestra_ID, Orchestra, Conductor_ID->conductor.Conductor_ID, Record_Company, Year_of_Founded, Major_Record_Format) | performance(Performance_ID, Orchestra_ID->orchestra.Orchestra_ID, Type, Date, Official_ratings_(millions), Weekly_rank, Share) | show(Show_ID, Performance_ID->performance.Performance_ID, If_first_show, Result, Attendance)

Question:
Show the names of conductors and the orchestras they have conducted.

SQL:

2026-07-31 15:21:36,543 [INFO   ]   >> OUTPUT : SELECT T1.Name ,  T2.Conductor_ID FROM conductor AS T1 JOIN orchestra AS T2 ON T1.Conductor_ID  =  T2.Conductor_ID
2026-07-31 15:21:39,064 [INFO   ] [inference] generate_sql  latency_sec=2.5032  input_tokens=182  output_tokens=44
2026-07-31 15:21:39,064 [INFO   ]   >> INPUT  : Translate the natural language question into a valid SQL query using the provided schema.

Schema:
conductor(Conductor_ID, Name, Age, Nationality, Year_of_Work) | orchestra(Orchestra_ID, Orchestra, Conductor_ID->conductor.Conductor_ID, Record_Company, Year_of_Founded, Major_Record_Format) | performance(Performance_ID, Orchestra_ID->orchestra.Orchestra_ID, Type, Date, Official_ratings_(millions), Weekly_rank, Share) | show(Show_ID, Performance_ID->performance.Performance_ID, If_first_show, Result, Attendance)

Question:
What are the names of conductors as well as the corresonding orchestras that they have conducted?

SQL:

2026-07-31 15:21:39,064 [INFO   ]   >> OUTPUT : SELECT T1.Name ,  T2.Conductor_ID FROM conductor AS T1 JOIN orchestra AS T2 ON T1.Conductor_ID  =  T2.Conductor_ID
2026-07-31 15:21:41,722 [INFO   ] [inference] generate_sql  latency_sec=2.6406  input_tokens=176  output_tokens=55
2026-07-31 15:21:41,722 [INFO   ]   >> INPUT  : Translate the natural language question into a valid SQL query using the provided schema.

Schema:
conductor(Conductor_ID, Name, Age, Nationality, Year_of_Work) | orchestra(Orchestra_ID, Orchestra, Conductor_ID->conductor.Conductor_ID, Record_Company, Year_of_Founded, Major_Record_Format) | performance(Performance_ID, Orchestra_ID->orchestra.Orchestra_ID, Type, Date, Official_ratings_(millions), Weekly_rank, Share) | show(Show_ID, Performance_ID->performance.Performance_ID, If_first_show, Result, Attendance)

Question:
Show the names of conductors that have conducted more than one orchestras.

SQL:

2026-07-31 15:21:41,722 [INFO   ]   >> OUTPUT : SELECT T1.Name FROM conductor AS T1 JOIN orchestra AS T2 ON T1.Conductor_ID  =  T2.Conductor_ID GROUP BY T2.Conductor_ID HAVING COUNT(*)  >  1
2026-07-31 15:21:44,251 [INFO   ] [inference] generate_sql  latency_sec=2.511  input_tokens=177  output_tokens=55
2026-07-31 15:21:44,251 [INFO   ]   >> INPUT  : Translate the natural language question into a valid SQL query using the provided schema.

Schema:
conductor(Conductor_ID, Name, Age, Nationality, Year_of_Work) | orchestra(Orchestra_ID, Orchestra, Conductor_ID->conductor.Conductor_ID, Record_Company, Year_of_Founded, Major_Record_Format) | performance(Performance_ID, Orchestra_ID->orchestra.Orchestra_ID, Type, Date, Official_ratings_(millions), Weekly_rank, Share) | show(Show_ID, Performance_ID->performance.Performance_ID, If_first_show, Result, Attendance)

Question:
What are the names of conductors who have conducted at more than one orchestra?

SQL:

2026-07-31 15:21:44,251 [INFO   ]   >> OUTPUT : SELECT T1.Name FROM conductor AS T1 JOIN orchestra AS T2 ON T1.Conductor_ID  =  T2.Conductor_ID GROUP BY T2.Conductor_ID HAVING COUNT(*)  >  1
2026-07-31 15:21:47,352 [INFO   ] [inference] generate_sql  latency_sec=3.0839  input_tokens=177  output_tokens=54
2026-07-31 15:21:47,353 [INFO   ]   >> INPUT  : Translate the natural language question into a valid SQL query using the provided schema.

Schema:
conductor(Conductor_ID, Name, Age, Nationality, Year_of_Work) | orchestra(Orchestra_ID, Orchestra, Conductor_ID->conductor.Conductor_ID, Record_Company, Year_of_Founded, Major_Record_Format) | performance(Performance_ID, Orchestra_ID->orchestra.Orchestra_ID, Type, Date, Official_ratings_(millions), Weekly_rank, Share) | show(Show_ID, Performance_ID->performance.Performance_ID, If_first_show, Result, Attendance)

Question:
Show the name of the conductor that has conducted the most number of orchestras.

SQL:

2026-07-31 15:21:47,353 [INFO   ]   >> OUTPUT : SELECT T1.Name FROM conductor AS T1 JOIN orchestra AS T2 ON T1.Conductor_ID  =  T2.Conductor_ID GROUP BY T2.Conductor_ID ORDER BY count(*) DESC LIMIT 1
2026-07-31 15:21:50,298 [INFO   ] [inference] generate_sql  latency_sec=2.9191  input_tokens=176  output_tokens=54
2026-07-31 15:21:50,298 [INFO   ]   >> INPUT  : Translate the natural language question into a valid SQL query using the provided schema.

Schema:
conductor(Conductor_ID, Name, Age, Nationality, Year_of_Work) | orchestra(Orchestra_ID, Orchestra, Conductor_ID->conductor.Conductor_ID, Record_Company, Year_of_Founded, Major_Record_Format) | performance(Performance_ID, Orchestra_ID->orchestra.Orchestra_ID, Type, Date, Official_ratings_(millions), Weekly_rank, Share) | show(Show_ID, Performance_ID->performance.Performance_ID, If_first_show, Result, Attendance)

Question:
What is the name of the conductor who has conducted the most orchestras?

SQL:

2026-07-31 15:21:50,299 [INFO   ]   >> OUTPUT : SELECT T1.Name FROM conductor AS T1 JOIN orchestra AS T2 ON T1.Conductor_ID  =  T2.Conductor_ID GROUP BY T2.Conductor_ID ORDER BY count(*) DESC LIMIT 1
2026-07-31 15:21:52,572 [INFO   ] [inference] generate_sql  latency_sec=2.2566  input_tokens=177  output_tokens=49
2026-07-31 15:21:52,572 [INFO   ]   >> INPUT  : Translate the natural language question into a valid SQL query using the provided schema.

Schema:
conductor(Conductor_ID, Name, Age, Nationality, Year_of_Work) | orchestra(Orchestra_ID, Orchestra, Conductor_ID->conductor.Conductor_ID, Record_Company, Year_of_Founded, Major_Record_Format) | performance(Performance_ID, Orchestra_ID->orchestra.Orchestra_ID, Type, Date, Official_ratings_(millions), Weekly_rank, Share) | show(Show_ID, Performance_ID->performance.Performance_ID, If_first_show, Result, Attendance)

Question:
Please show the name of the conductor that has conducted orchestras founded after 2008.

SQL:

2026-07-31 15:21:52,572 [INFO   ]   >> OUTPUT : SELECT T1.Name FROM conductor AS T1 JOIN orchestra AS T2 ON T1.Conductor_ID  =  T2.Conductor_ID WHERE T2.Year_of_Founded  >  2008
2026-07-31 15:21:54,844 [INFO   ] [inference] generate_sql  latency_sec=2.2534  input_tokens=179  output_tokens=49
2026-07-31 15:21:54,844 [INFO   ]   >> INPUT  : Translate the natural language question into a valid SQL query using the provided schema.

Schema:
conductor(Conductor_ID, Name, Age, Nationality, Year_of_Work) | orchestra(Orchestra_ID, Orchestra, Conductor_ID->conductor.Conductor_ID, Record_Company, Year_of_Founded, Major_Record_Format) | performance(Performance_ID, Orchestra_ID->orchestra.Orchestra_ID, Type, Date, Official_ratings_(millions), Weekly_rank, Share) | show(Show_ID, Performance_ID->performance.Performance_ID, If_first_show, Result, Attendance)

Question:
What are the names of conductors who have conducted orchestras founded after the year 2008?

SQL:

2026-07-31 15:21:54,844 [INFO   ]   >> OUTPUT : SELECT T1.Name FROM conductor AS T1 JOIN orchestra AS T2 ON T1.Conductor_ID  =  T2.Conductor_ID WHERE T2.Year_of_Founded  >  2008
2026-07-31 15:21:55,769 [INFO   ] [inference] generate_sql  latency_sec=0.9079  input_tokens=175  output_tokens=18
2026-07-31 15:21:55,770 [INFO   ]   >> INPUT  : Translate the natural language question into a valid SQL query using the provided schema.

Schema:
conductor(Conductor_ID, Name, Age, Nationality, Year_of_Work) | orchestra(Orchestra_ID, Orchestra, Conductor_ID->conductor.Conductor_ID, Record_Company, Year_of_Founded, Major_Record_Format) | performance(Performance_ID, Orchestra_ID->orchestra.Orchestra_ID, Type, Date, Official_ratings_(millions), Weekly_rank, Share) | show(Show_ID, Performance_ID->performance.Performance_ID, If_first_show, Result, Attendance)

Question:
Please show the different record companies and the corresponding number of orchestras.

SQL:

2026-07-31 15:21:55,770 [INFO   ]   >> OUTPUT : SELECT Record_Company ,  COUNT(*) FROM orchestra GROUP BY Record_Company
2026-07-31 15:21:56,628 [INFO   ] [inference] generate_sql  latency_sec=0.8383  input_tokens=171  output_tokens=17
2026-07-31 15:21:56,628 [INFO   ]   >> INPUT  : Translate the natural language question into a valid SQL query using the provided schema.

Schema:
conductor(Conductor_ID, Name, Age, Nationality, Year_of_Work) | orchestra(Orchestra_ID, Orchestra, Conductor_ID->conductor.Conductor_ID, Record_Company, Year_of_Founded, Major_Record_Format) | performance(Performance_ID, Orchestra_ID->orchestra.Orchestra_ID, Type, Date, Official_ratings_(millions), Weekly_rank, Share) | show(Show_ID, Performance_ID->performance.Performance_ID, If_first_show, Result, Attendance)

Question:
How many orchestras does each record company manage?

SQL:

2026-07-31 15:21:56,628 [INFO   ]   >> OUTPUT : SELECT record_company ,  count(*) FROM orchestra GROUP BY record_company
2026-07-31 15:21:57,436 [INFO   ] [inference] generate_sql  latency_sec=0.7885  input_tokens=175  output_tokens=15
2026-07-31 15:21:57,437 [INFO   ]   >> INPUT  : Translate the natural language question into a valid SQL query using the provided schema.

Schema:
conductor(Conductor_ID, Name, Age, Nationality, Year_of_Work) | orchestra(Orchestra_ID, Orchestra, Conductor_ID->conductor.Conductor_ID, Record_Company, Year_of_Founded, Major_Record_Format) | performance(Performance_ID, Orchestra_ID->orchestra.Orchestra_ID, Type, Date, Official_ratings_(millions), Weekly_rank, Share) | show(Show_ID, Performance_ID->performance.Performance_ID, If_first_show, Result, Attendance)

Question:
Please show the record formats of orchestras in ascending order of count.

SQL:

2026-07-31 15:21:57,437 [INFO   ]   >> OUTPUT : SELECT Major_Record_Format FROM orchestra ORDER BY count(*) ASC
2026-07-31 15:21:58,158 [INFO   ] [inference] generate_sql  latency_sec=0.7042  input_tokens=176  output_tokens=12
2026-07-31 15:21:58,158 [INFO   ]   >> INPUT  : Translate the natural language question into a valid SQL query using the provided schema.

Schema:
conductor(Conductor_ID, Name, Age, Nationality, Year_of_Work) | orchestra(Orchestra_ID, Orchestra, Conductor_ID->conductor.Conductor_ID, Record_Company, Year_of_Founded, Major_Record_Format) | performance(Performance_ID, Orchestra_ID->orchestra.Orchestra_ID, Type, Date, Official_ratings_(millions), Weekly_rank, Share) | show(Show_ID, Performance_ID->performance.Performance_ID, If_first_show, Result, Attendance)

Question:
What are the major record formats of orchestras, sorted by their frequency?

SQL:

2026-07-31 15:21:58,158 [INFO   ]   >> OUTPUT : SELECT Major_Record_Format FROM orchestra ORDER BY Frequency
2026-07-31 15:21:59,397 [INFO   ] [inference] generate_sql  latency_sec=1.2217  input_tokens=174  output_tokens=22
2026-07-31 15:21:59,397 [INFO   ]   >> INPUT  : Translate the natural language question into a valid SQL query using the provided schema.

Schema:
conductor(Conductor_ID, Name, Age, Nationality, Year_of_Work) | orchestra(Orchestra_ID, Orchestra, Conductor_ID->conductor.Conductor_ID, Record_Company, Year_of_Founded, Major_Record_Format) | performance(Performance_ID, Orchestra_ID->orchestra.Orchestra_ID, Type, Date, Official_ratings_(millions), Weekly_rank, Share) | show(Show_ID, Performance_ID->performance.Performance_ID, If_first_show, Result, Attendance)

Question:
List the record company shared by the most number of orchestras.

SQL:

2026-07-31 15:21:59,397 [INFO   ]   >> OUTPUT : SELECT Record_Company FROM orchestra GROUP BY Record_Company ORDER BY count(*) DESC LIMIT 1
2026-07-31 15:22:00,820 [INFO   ] [inference] generate_sql  latency_sec=1.3966  input_tokens=175  output_tokens=22
2026-07-31 15:22:00,820 [INFO   ]   >> INPUT  : Translate the natural language question into a valid SQL query using the provided schema.

Schema:
conductor(Conductor_ID, Name, Age, Nationality, Year_of_Work) | orchestra(Orchestra_ID, Orchestra, Conductor_ID->conductor.Conductor_ID, Record_Company, Year_of_Founded, Major_Record_Format) | performance(Performance_ID, Orchestra_ID->orchestra.Orchestra_ID, Type, Date, Official_ratings_(millions), Weekly_rank, Share) | show(Show_ID, Performance_ID->performance.Performance_ID, If_first_show, Result, Attendance)

Question:
What is the record company used by the greatest number of orchestras?

SQL:

2026-07-31 15:22:00,820 [INFO   ]   >> OUTPUT : SELECT Record_Company FROM orchestra GROUP BY Record_Company ORDER BY count(*) DESC LIMIT 1
2026-07-31 15:22:03,171 [INFO   ] [inference] generate_sql  latency_sec=2.3252  input_tokens=172  output_tokens=43
2026-07-31 15:22:03,171 [INFO   ]   >> INPUT  : Translate the natural language question into a valid SQL query using the provided schema.

Schema:
conductor(Conductor_ID, Name, Age, Nationality, Year_of_Work) | orchestra(Orchestra_ID, Orchestra, Conductor_ID->conductor.Conductor_ID, Record_Company, Year_of_Founded, Major_Record_Format) | performance(Performance_ID, Orchestra_ID->orchestra.Orchestra_ID, Type, Date, Official_ratings_(millions), Weekly_rank, Share) | show(Show_ID, Performance_ID->performance.Performance_ID, If_first_show, Result, Attendance)

Question:
List the names of orchestras that have no performance.

SQL:

2026-07-31 15:22:03,171 [INFO   ]   >> OUTPUT : SELECT Name FROM orchestra EXCEPT SELECT T1.Name FROM performance AS T1 JOIN orchestra AS T2 ON T1.Orchestra_ID  =  T2.Orchestra_ID
2026-07-31 15:22:05,294 [INFO   ] [inference] generate_sql  latency_sec=2.105  input_tokens=173  output_tokens=44
2026-07-31 15:22:05,294 [INFO   ]   >> INPUT  : Translate the natural language question into a valid SQL query using the provided schema.

Schema:
conductor(Conductor_ID, Name, Age, Nationality, Year_of_Work) | orchestra(Orchestra_ID, Orchestra, Conductor_ID->conductor.Conductor_ID, Record_Company, Year_of_Founded, Major_Record_Format) | performance(Performance_ID, Orchestra_ID->orchestra.Orchestra_ID, Type, Date, Official_ratings_(millions), Weekly_rank, Share) | show(Show_ID, Performance_ID->performance.Performance_ID, If_first_show, Result, Attendance)

Question:
What are the orchestras that do not have any performances?

SQL:

2026-07-31 15:22:05,294 [INFO   ]   >> OUTPUT : SELECT Orchestra FROM orchestra EXCEPT SELECT T1.Orchestra FROM orchestra AS T1 JOIN performance AS T2 ON T1.Orchestra_ID  =  T2.Conductor_ID
2026-07-31 15:22:09,990 [INFO   ] [inference] generate_sql  latency_sec=4.6788  input_tokens=176  output_tokens=102
2026-07-31 15:22:09,990 [INFO   ]   >> INPUT  : Translate the natural language question into a valid SQL query using the provided schema.

Schema:
conductor(Conductor_ID, Name, Age, Nationality, Year_of_Work) | orchestra(Orchestra_ID, Orchestra, Conductor_ID->conductor.Conductor_ID, Record_Company, Year_of_Founded, Major_Record_Format) | performance(Performance_ID, Orchestra_ID->orchestra.Orchestra_ID, Type, Date, Official_ratings_(millions), Weekly_rank, Share) | show(Show_ID, Performance_ID->performance.Performance_ID, If_first_show, Result, Attendance)

Question:
Show the record companies shared by orchestras founded before 2003 and after 2003.

SQL:

2026-07-31 15:22:09,990 [INFO   ]   >> OUTPUT : SELECT T1.Record_Company FROM orchestra AS T1 JOIN performance AS T2 ON T1.Conductor_ID  =  T2.Conductor_ID WHERE T2.year_of_work  >  2003 INTERSECT SELECT T1.Record_Company FROM orchestra AS T1 JOIN performance AS T2 ON T1.Conductor_ID  =  T2.Conductor_ID WHERE T2.year_of_work  <  2004
2026-07-31 15:22:15,586 [INFO   ] [inference] generate_sql  latency_sec=5.5781  input_tokens=182  output_tokens=102
2026-07-31 15:22:15,586 [INFO   ]   >> INPUT  : Translate the natural language question into a valid SQL query using the provided schema.

Schema:
conductor(Conductor_ID, Name, Age, Nationality, Year_of_Work) | orchestra(Orchestra_ID, Orchestra, Conductor_ID->conductor.Conductor_ID, Record_Company, Year_of_Founded, Major_Record_Format) | performance(Performance_ID, Orchestra_ID->orchestra.Orchestra_ID, Type, Date, Official_ratings_(millions), Weekly_rank, Share) | show(Show_ID, Performance_ID->performance.Performance_ID, If_first_show, Result, Attendance)

Question:
What are the record companies that are used by both orchestras founded before 2003 and those founded after 2003?

SQL:

2026-07-31 15:22:15,586 [INFO   ]   >> OUTPUT : SELECT T1.Record_Company FROM orchestra AS T1 JOIN performance AS T2 ON T1.Conductor_ID  =  T2.Conductor_ID WHERE T2.year_of_work  <  2003 INTERSECT SELECT T1.Record_Company FROM orchestra AS T1 JOIN performance AS T2 ON T1.Conductor_ID  =  T2.Conductor_ID WHERE T2.year_of_work  >  2005
2026-07-31 15:22:16,987 [INFO   ] [inference] generate_sql  latency_sec=1.3707  input_tokens=178  output_tokens=27
2026-07-31 15:22:16,988 [INFO   ]   >> INPUT  : Translate the natural language question into a valid SQL query using the provided schema.

Schema:
conductor(Conductor_ID, Name, Age, Nationality, Year_of_Work) | orchestra(Orchestra_ID, Orchestra, Conductor_ID->conductor.Conductor_ID, Record_Company, Year_of_Founded, Major_Record_Format) | performance(Performance_ID, Orchestra_ID->orchestra.Orchestra_ID, Type, Date, Official_ratings_(millions), Weekly_rank, Share) | show(Show_ID, Performance_ID->performance.Performance_ID, If_first_show, Result, Attendance)

Question:
Find the number of orchestras whose record format is "CD" or "DVD".

SQL:

2026-07-31 15:22:16,988 [INFO   ]   >> OUTPUT : SELECT count(*) FROM orchestra WHERE record_format  =  "CD" OR record_format  =  "DVD"
2026-07-31 15:22:19,868 [INFO   ] [inference] generate_sql  latency_sec=2.8633  input_tokens=177  output_tokens=61
2026-07-31 15:22:19,868 [INFO   ]   >> INPUT  : Translate the natural language question into a valid SQL query using the provided schema.

Schema:
conductor(Conductor_ID, Name, Age, Nationality, Year_of_Work) | orchestra(Orchestra_ID, Orchestra, Conductor_ID->conductor.Conductor_ID, Record_Company, Year_of_Founded, Major_Record_Format) | performance(Performance_ID, Orchestra_ID->orchestra.Orchestra_ID, Type, Date, Official_ratings_(millions), Weekly_rank, Share) | show(Show_ID, Performance_ID->performance.Performance_ID, If_first_show, Result, Attendance)

Question:
Count the number of orchestras that have CD or DVD as their record format.

SQL:

2026-07-31 15:22:19,868 [INFO   ]   >> OUTPUT : SELECT count(*) FROM orchestra AS T1 JOIN conductor AS T2 ON T1.Conductor_ID  =  T2.Conductor_ID WHERE T1.Record_Company  =  "CD" OR T1.Record_Company  =  "DVD"
2026-07-31 15:22:22,746 [INFO   ] [inference] generate_sql  latency_sec=2.8597  input_tokens=178  output_tokens=29
2026-07-31 15:22:22,746 [INFO   ]   >> INPUT  : Translate the natural language question into a valid SQL query using the provided schema.

Schema:
conductor(Conductor_ID, Name, Age, Nationality, Year_of_Work) | orchestra(Orchestra_ID, Orchestra, Conductor_ID->conductor.Conductor_ID, Record_Company, Year_of_Founded, Major_Record_Format) | performance(Performance_ID, Orchestra_ID->orchestra.Orchestra_ID, Type, Date, Official_ratings_(millions), Weekly_rank, Share) | show(Show_ID, Performance_ID->performance.Performance_ID, If_first_show, Result, Attendance)

Question:
Show the years in which orchestras that have given more than one performance are founded.

SQL:

2026-07-31 15:22:22,746 [INFO   ]   >> OUTPUT : SELECT YEAR_OF_FOUND FROM orchestra GROUP BY YEAR_OF_FOUND HAVING COUNT(*)  >  1
2026-07-31 15:22:24,095 [INFO   ] [inference] generate_sql  latency_sec=1.3318  input_tokens=178  output_tokens=29
2026-07-31 15:22:24,096 [INFO   ]   >> INPUT  : Translate the natural language question into a valid SQL query using the provided schema.

Schema:
conductor(Conductor_ID, Name, Age, Nationality, Year_of_Work) | orchestra(Orchestra_ID, Orchestra, Conductor_ID->conductor.Conductor_ID, Record_Company, Year_of_Founded, Major_Record_Format) | performance(Performance_ID, Orchestra_ID->orchestra.Orchestra_ID, Type, Date, Official_ratings_(millions), Weekly_rank, Share) | show(Show_ID, Performance_ID->performance.Performance_ID, If_first_show, Result, Attendance)

Question:
What are years of founding for orchestras that have had more than a single performance?

SQL:

2026-07-31 15:22:24,096 [INFO   ]   >> OUTPUT : SELECT YEAR_OF_FOUND FROM orchestra GROUP BY YEAR_OF_FOUND HAVING COUNT(*)  >  1
2026-07-31 15:22:24,586 [INFO   ] [inference] generate_sql  latency_sec=0.4627  input_tokens=96  output_tokens=9
2026-07-31 15:22:24,586 [INFO   ]   >> INPUT  : Translate the natural language question into a valid SQL query using the provided schema.

Schema:
Highschooler(ID, name, grade) | Friend(student_id->Highschooler.ID, friend_id->Highschooler.ID) | Likes(student_id->Highschooler.ID, liked_id->Highschooler.ID)

Question:
How many high schoolers are there?

SQL:

2026-07-31 15:22:24,586 [INFO   ]   >> OUTPUT : SELECT count(*) FROM highschooler
2026-07-31 15:22:25,074 [INFO   ] [inference] generate_sql  latency_sec=0.4703  input_tokens=96  output_tokens=9
2026-07-31 15:22:25,074 [INFO   ]   >> INPUT  : Translate the natural language question into a valid SQL query using the provided schema.

Schema:
Highschooler(ID, name, grade) | Friend(student_id->Highschooler.ID, friend_id->Highschooler.ID) | Likes(student_id->Highschooler.ID, liked_id->Highschooler.ID)

Question:
Count the number of high schoolers.

SQL:

2026-07-31 15:22:25,074 [INFO   ]   >> OUTPUT : SELECT count(*) FROM highschooler
2026-07-31 15:22:27,285 [INFO   ] [inference] generate_sql  latency_sec=2.1942  input_tokens=99  output_tokens=10
2026-07-31 15:22:27,286 [INFO   ]   >> INPUT  : Translate the natural language question into a valid SQL query using the provided schema.

Schema:
Highschooler(ID, name, grade) | Friend(student_id->Highschooler.ID, friend_id->Highschooler.ID) | Likes(student_id->Highschooler.ID, liked_id->Highschooler.ID)

Question:
Show the names and grades of each high schooler.

SQL:

2026-07-31 15:22:27,286 [INFO   ]   >> OUTPUT : SELECT name ,  grade FROM highschooler
2026-07-31 15:22:29,676 [INFO   ] [inference] generate_sql  latency_sec=2.3646  input_tokens=100  output_tokens=10
2026-07-31 15:22:29,677 [INFO   ]   >> INPUT  : Translate the natural language question into a valid SQL query using the provided schema.

Schema:
Highschooler(ID, name, grade) | Friend(student_id->Highschooler.ID, friend_id->Highschooler.ID) | Likes(student_id->Highschooler.ID, liked_id->Highschooler.ID)

Question:
What are the names and grades for each high schooler?

SQL:

2026-07-31 15:22:29,677 [INFO   ]   >> OUTPUT : SELECT name ,  grade FROM highschooler
2026-07-31 15:22:30,061 [INFO   ] [inference] generate_sql  latency_sec=0.3674  input_tokens=98  output_tokens=7
2026-07-31 15:22:30,062 [INFO   ]   >> INPUT  : Translate the natural language question into a valid SQL query using the provided schema.

Schema:
Highschooler(ID, name, grade) | Friend(student_id->Highschooler.ID, friend_id->Highschooler.ID) | Likes(student_id->Highschooler.ID, liked_id->Highschooler.ID)

Question:
Show all the grades of the high schoolers.

SQL:

2026-07-31 15:22:30,062 [INFO   ]   >> OUTPUT : SELECT grade FROM highschooler
2026-07-31 15:22:30,445 [INFO   ] [inference] generate_sql  latency_sec=0.3662  input_tokens=98  output_tokens=7
2026-07-31 15:22:30,445 [INFO   ]   >> INPUT  : Translate the natural language question into a valid SQL query using the provided schema.

Schema:
Highschooler(ID, name, grade) | Friend(student_id->Highschooler.ID, friend_id->Highschooler.ID) | Likes(student_id->Highschooler.ID, liked_id->Highschooler.ID)

Question:
What is the grade of each high schooler?

SQL:

2026-07-31 15:22:30,445 [INFO   ]   >> OUTPUT : SELECT grade FROM highschooler
2026-07-31 15:22:31,159 [INFO   ] [inference] generate_sql  latency_sec=0.6874  input_tokens=94  output_tokens=15
2026-07-31 15:22:31,159 [INFO   ]   >> INPUT  : Translate the natural language question into a valid SQL query using the provided schema.

Schema:
Highschooler(ID, name, grade) | Friend(student_id->Highschooler.ID, friend_id->Highschooler.ID) | Likes(student_id->Highschooler.ID, liked_id->Highschooler.ID)

Question:
What grade is Kyle in?

SQL:

2026-07-31 15:22:31,159 [INFO   ]   >> OUTPUT : SELECT grade FROM highschooler WHERE name  =  'Kyle'
2026-07-31 15:22:31,889 [INFO   ] [inference] generate_sql  latency_sec=0.7135  input_tokens=99  output_tokens=15
2026-07-31 15:22:31,890 [INFO   ]   >> INPUT  : Translate the natural language question into a valid SQL query using the provided schema.

Schema:
Highschooler(ID, name, grade) | Friend(student_id->Highschooler.ID, friend_id->Highschooler.ID) | Likes(student_id->Highschooler.ID, liked_id->Highschooler.ID)

Question:
Return the grade for the high schooler named Kyle.

SQL:

2026-07-31 15:22:31,890 [INFO   ]   >> OUTPUT : SELECT grade FROM highschooler WHERE name  =  'Kyle'
2026-07-31 15:22:32,491 [INFO   ] [inference] generate_sql  latency_sec=0.5843  input_tokens=100  output_tokens=13
2026-07-31 15:22:32,492 [INFO   ]   >> INPUT  : Translate the natural language question into a valid SQL query using the provided schema.

Schema:
Highschooler(ID, name, grade) | Friend(student_id->Highschooler.ID, friend_id->Highschooler.ID) | Likes(student_id->Highschooler.ID, liked_id->Highschooler.ID)

Question:
Show the names of all high schoolers in grade 10.

SQL:

2026-07-31 15:22:32,492 [INFO   ]   >> OUTPUT : SELECT name FROM highschooler WHERE grade  =  10
2026-07-31 15:22:33,121 [INFO   ] [inference] generate_sql  latency_sec=0.6114  input_tokens=101  output_tokens=13
2026-07-31 15:22:33,122 [INFO   ]   >> INPUT  : Translate the natural language question into a valid SQL query using the provided schema.

Schema:
Highschooler(ID, name, grade) | Friend(student_id->Highschooler.ID, friend_id->Highschooler.ID) | Likes(student_id->Highschooler.ID, liked_id->Highschooler.ID)

Question:
What are the names of all high schoolers in grade 10?

SQL:

2026-07-31 15:22:33,122 [INFO   ]   >> OUTPUT : SELECT name FROM highschooler WHERE grade  =  10
2026-07-31 15:22:35,156 [INFO   ] [inference] generate_sql  latency_sec=2.0162  input_tokens=99  output_tokens=15
2026-07-31 15:22:35,156 [INFO   ]   >> INPUT  : Translate the natural language question into a valid SQL query using the provided schema.

Schema:
Highschooler(ID, name, grade) | Friend(student_id->Highschooler.ID, friend_id->Highschooler.ID) | Likes(student_id->Highschooler.ID, liked_id->Highschooler.ID)

Question:
Show the ID of the high schooler named Kyle.

SQL:

2026-07-31 15:22:35,156 [INFO   ]   >> OUTPUT : SELECT id FROM highschooler WHERE name  =  'Kyle'
2026-07-31 15:22:35,878 [INFO   ] [inference] generate_sql  latency_sec=0.7024  input_tokens=94  output_tokens=15
2026-07-31 15:22:35,879 [INFO   ]   >> INPUT  : Translate the natural language question into a valid SQL query using the provided schema.

Schema:
Highschooler(ID, name, grade) | Friend(student_id->Highschooler.ID, friend_id->Highschooler.ID) | Likes(student_id->Highschooler.ID, liked_id->Highschooler.ID)

Question:
What is Kyle's id?

SQL:

2026-07-31 15:22:35,879 [INFO   ]   >> OUTPUT : SELECT id FROM Friend WHERE friend_id  =  "Kyle"
2026-07-31 15:22:36,830 [INFO   ] [inference] generate_sql  latency_sec=0.9332  input_tokens=101  output_tokens=17
2026-07-31 15:22:36,830 [INFO   ]   >> INPUT  : Translate the natural language question into a valid SQL query using the provided schema.

Schema:
Highschooler(ID, name, grade) | Friend(student_id->Highschooler.ID, friend_id->Highschooler.ID) | Likes(student_id->Highschooler.ID, liked_id->Highschooler.ID)

Question:
How many high schoolers are there in grade 9 or 10?

SQL:

2026-07-31 15:22:36,830 [INFO   ]   >> OUTPUT : SELECT count(*) FROM highschooler WHERE grade BETWEEN 9 AND 10
2026-07-31 15:22:37,674 [INFO   ] [inference] generate_sql  latency_sec=0.8258  input_tokens=101  output_tokens=17
2026-07-31 15:22:37,675 [INFO   ]   >> INPUT  : Translate the natural language question into a valid SQL query using the provided schema.

Schema:
Highschooler(ID, name, grade) | Friend(student_id->Highschooler.ID, friend_id->Highschooler.ID) | Likes(student_id->Highschooler.ID, liked_id->Highschooler.ID)

Question:
Count the number of high schoolers in grades 9 or 10.

SQL:

2026-07-31 15:22:37,675 [INFO   ]   >> OUTPUT : SELECT count(*) FROM highschooler WHERE grade BETWEEN 9 AND 10
2026-07-31 15:22:38,428 [INFO   ] [inference] generate_sql  latency_sec=0.7328  input_tokens=99  output_tokens=15
2026-07-31 15:22:38,429 [INFO   ]   >> INPUT  : Translate the natural language question into a valid SQL query using the provided schema.

Schema:
Highschooler(ID, name, grade) | Friend(student_id->Highschooler.ID, friend_id->Highschooler.ID) | Likes(student_id->Highschooler.ID, liked_id->Highschooler.ID)

Question:
Show the number of high schoolers for each grade.

SQL:

2026-07-31 15:22:38,429 [INFO   ]   >> OUTPUT : SELECT grade ,  count(*) FROM highschooler GROUP BY grade
2026-07-31 15:22:39,183 [INFO   ] [inference] generate_sql  latency_sec=0.7374  input_tokens=98  output_tokens=15
2026-07-31 15:22:39,183 [INFO   ]   >> INPUT  : Translate the natural language question into a valid SQL query using the provided schema.

Schema:
Highschooler(ID, name, grade) | Friend(student_id->Highschooler.ID, friend_id->Highschooler.ID) | Likes(student_id->Highschooler.ID, liked_id->Highschooler.ID)

Question:
How many high schoolers are in each grade?

SQL:

2026-07-31 15:22:39,183 [INFO   ]   >> OUTPUT : SELECT grade ,  count(*) FROM highschooler GROUP BY grade
2026-07-31 15:22:40,348 [INFO   ] [inference] generate_sql  latency_sec=1.1474  input_tokens=97  output_tokens=20
2026-07-31 15:22:40,350 [INFO   ]   >> INPUT  : Translate the natural language question into a valid SQL query using the provided schema.

Schema:
Highschooler(ID, name, grade) | Friend(student_id->Highschooler.ID, friend_id->Highschooler.ID) | Likes(student_id->Highschooler.ID, liked_id->Highschooler.ID)

Question:
Which grade has the most high schoolers?

SQL:

2026-07-31 15:22:40,350 [INFO   ]   >> OUTPUT : SELECT grade FROM highschooler GROUP BY grade ORDER BY count(*) DESC LIMIT 1
2026-07-31 15:22:41,616 [INFO   ] [inference] generate_sql  latency_sec=1.24  input_tokens=101  output_tokens=20
2026-07-31 15:22:41,617 [INFO   ]   >> INPUT  : Translate the natural language question into a valid SQL query using the provided schema.

Schema:
Highschooler(ID, name, grade) | Friend(student_id->Highschooler.ID, friend_id->Highschooler.ID) | Likes(student_id->Highschooler.ID, liked_id->Highschooler.ID)

Question:
Return the grade that has the greatest number of high schoolers.

SQL:

2026-07-31 15:22:41,617 [INFO   ]   >> OUTPUT : SELECT grade FROM highschooler GROUP BY grade ORDER BY count(*) DESC LIMIT 1
2026-07-31 15:22:42,980 [INFO   ] [inference] generate_sql  latency_sec=1.3338  input_tokens=99  output_tokens=21
2026-07-31 15:22:42,980 [INFO   ]   >> INPUT  : Translate the natural language question into a valid SQL query using the provided schema.

Schema:
Highschooler(ID, name, grade) | Friend(student_id->Highschooler.ID, friend_id->Highschooler.ID) | Likes(student_id->Highschooler.ID, liked_id->Highschooler.ID)

Question:
Show me all grades that have at least 4 students.

SQL:

2026-07-31 15:22:42,980 [INFO   ]   >> OUTPUT : SELECT grade FROM highschooler GROUP BY grade HAVING count(*)  >=  4
2026-07-31 15:22:44,112 [INFO   ] [inference] generate_sql  latency_sec=1.1001  input_tokens=98  output_tokens=21
2026-07-31 15:22:44,112 [INFO   ]   >> INPUT  : Translate the natural language question into a valid SQL query using the provided schema.

Schema:
Highschooler(ID, name, grade) | Friend(student_id->Highschooler.ID, friend_id->Highschooler.ID) | Likes(student_id->Highschooler.ID, liked_id->Highschooler.ID)

Question:
Which grades have 4 or more high schoolers?

SQL:

2026-07-31 15:22:44,112 [INFO   ]   >> OUTPUT : SELECT grade FROM highschooler GROUP BY grade HAVING count(*)  >=  4
2026-07-31 15:22:44,966 [INFO   ] [inference] generate_sql  latency_sec=0.8359  input_tokens=100  output_tokens=17
2026-07-31 15:22:44,966 [INFO   ]   >> INPUT  : Translate the natural language question into a valid SQL query using the provided schema.

Schema:
Highschooler(ID, name, grade) | Friend(student_id->Highschooler.ID, friend_id->Highschooler.ID) | Likes(student_id->Highschooler.ID, liked_id->Highschooler.ID)

Question:
Show the student IDs and numbers of friends corresponding to each.

SQL:

2026-07-31 15:22:44,966 [INFO   ]   >> OUTPUT : SELECT friend_id ,  count(*) FROM Friend GROUP BY friend_id
2026-07-31 15:22:47,894 [INFO   ] [inference] generate_sql  latency_sec=2.9108  input_tokens=96  output_tokens=62
2026-07-31 15:22:47,894 [INFO   ]   >> INPUT  : Translate the natural language question into a valid SQL query using the provided schema.

Schema:
Highschooler(ID, name, grade) | Friend(student_id->Highschooler.ID, friend_id->Highschooler.ID) | Likes(student_id->Highschooler.ID, liked_id->Highschooler.ID)

Question:
How many friends does each student have?

SQL:

2026-07-31 15:22:47,894 [INFO   ]   >> OUTPUT : SELECT count(*) ,  T1.name FROM friend AS T1 JOIN highschooler AS T2 ON T1.friend_id  =  T2.id JOIN student AS T3 ON T2.id  =  T3.id GROUP BY T3.name
2026-07-31 15:22:50,874 [INFO   ] [inference] generate_sql  latency_sec=2.9616  input_tokens=102  output_tokens=64
2026-07-31 15:22:50,874 [INFO   ]   >> INPUT  : Translate the natural language question into a valid SQL query using the provided schema.

Schema:
Highschooler(ID, name, grade) | Friend(student_id->Highschooler.ID, friend_id->Highschooler.ID) | Likes(student_id->Highschooler.ID, liked_id->Highschooler.ID)

Question:
Show the names of high school students and their corresponding number of friends.

SQL:

2026-07-31 15:22:50,875 [INFO   ]   >> OUTPUT : SELECT T1.name ,  count(*) FROM friend AS T1 JOIN highschooler AS T2 ON T1.friend_id  =  T2.id JOIN likes AS T3 ON T2.id  =  T3.student_id GROUP BY T2.name
2026-07-31 15:22:52,936 [INFO   ] [inference] generate_sql  latency_sec=2.0434  input_tokens=105  output_tokens=44
2026-07-31 15:22:52,936 [INFO   ]   >> INPUT  : Translate the natural language question into a valid SQL query using the provided schema.

Schema:
Highschooler(ID, name, grade) | Friend(student_id->Highschooler.ID, friend_id->Highschooler.ID) | Likes(student_id->Highschooler.ID, liked_id->Highschooler.ID)

Question:
What are the names of the high schoolers and how many friends does each have?

SQL:

2026-07-31 15:22:52,936 [INFO   ]   >> OUTPUT : SELECT T1.name ,  count(*) FROM highschooler AS T1 JOIN friend AS T2 ON T1.id  =  T2.friend_id GROUP BY T1.name
2026-07-31 15:22:55,995 [INFO   ] [inference] generate_sql  latency_sec=3.0406  input_tokens=105  output_tokens=49
2026-07-31 15:22:55,995 [INFO   ]   >> INPUT  : Translate the natural language question into a valid SQL query using the provided schema.

Schema:
Highschooler(ID, name, grade) | Friend(student_id->Highschooler.ID, friend_id->Highschooler.ID) | Likes(student_id->Highschooler.ID, liked_id->Highschooler.ID)

Question:
What is the name of the high schooler who has the greatest number of friends?

SQL:

2026-07-31 15:22:55,995 [INFO   ]   >> OUTPUT : SELECT T1.name FROM highschooler AS T1 JOIN friend AS T2 ON T1.id  =  T2.friend_id GROUP BY T1.name ORDER BY count(*) DESC LIMIT 1
2026-07-31 15:22:59,533 [INFO   ] [inference] generate_sql  latency_sec=3.5083  input_tokens=101  output_tokens=51
2026-07-31 15:22:59,533 [INFO   ]   >> INPUT  : Translate the natural language question into a valid SQL query using the provided schema.

Schema:
Highschooler(ID, name, grade) | Friend(student_id->Highschooler.ID, friend_id->Highschooler.ID) | Likes(student_id->Highschooler.ID, liked_id->Highschooler.ID)

Question:
Return the name of the high school student with the most friends.

SQL:

2026-07-31 15:22:59,534 [INFO   ]   >> OUTPUT : SELECT T1.name FROM highschooler AS T1 JOIN friend AS T2 ON T1.id  =  T2.friend_id GROUP BY T2.friend_id ORDER BY count(*) DESC LIMIT 1
2026-07-31 15:23:02,011 [INFO   ] [inference] generate_sql  latency_sec=2.4585  input_tokens=102  output_tokens=50
2026-07-31 15:23:02,011 [INFO   ]   >> INPUT  : Translate the natural language question into a valid SQL query using the provided schema.

Schema:
Highschooler(ID, name, grade) | Friend(student_id->Highschooler.ID, friend_id->Highschooler.ID) | Likes(student_id->Highschooler.ID, liked_id->Highschooler.ID)

Question:
Show the names of high schoolers who have at least 3 friends.

SQL:

2026-07-31 15:23:02,011 [INFO   ]   >> OUTPUT : SELECT T1.name FROM highschooler AS T1 JOIN friend AS T2 ON T1.id  =  T2.friend_id GROUP BY T1.name HAVING count(*)  >=  3
2026-07-31 15:23:04,423 [INFO   ] [inference] generate_sql  latency_sec=2.3927  input_tokens=103  output_tokens=50
2026-07-31 15:23:04,423 [INFO   ]   >> INPUT  : Translate the natural language question into a valid SQL query using the provided schema.

Schema:
Highschooler(ID, name, grade) | Friend(student_id->Highschooler.ID, friend_id->Highschooler.ID) | Likes(student_id->Highschooler.ID, liked_id->Highschooler.ID)

Question:
What are the names of high schoolers who have 3 or more friends?

SQL:

2026-07-31 15:23:04,423 [INFO   ]   >> OUTPUT : SELECT T1.name FROM highschooler AS T1 JOIN friend AS T2 ON T1.id  =  T2.friend_id GROUP BY T1.name HAVING count(*)  >=  3
2026-07-31 15:23:07,688 [INFO   ] [inference] generate_sql  latency_sec=3.2469  input_tokens=102  output_tokens=64
2026-07-31 15:23:07,688 [INFO   ]   >> INPUT  : Translate the natural language question into a valid SQL query using the provided schema.

Schema:
Highschooler(ID, name, grade) | Friend(student_id->Highschooler.ID, friend_id->Highschooler.ID) | Likes(student_id->Highschooler.ID, liked_id->Highschooler.ID)

Question:
Show the names of all of the high schooler Kyle's friends.

SQL:

2026-07-31 15:23:07,688 [INFO   ]   >> OUTPUT : SELECT T1.name FROM friend AS T1 JOIN highschooler AS T2 ON T1.friend_id  =  T2.id JOIN likes AS T3 ON T2.id  =  T3.student_id WHERE T2.name  =  'Kyle'
2026-07-31 15:23:10,543 [INFO   ] [inference] generate_sql  latency_sec=2.8283  input_tokens=100  output_tokens=44
2026-07-31 15:23:10,543 [INFO   ]   >> INPUT  : Translate the natural language question into a valid SQL query using the provided schema.

Schema:
Highschooler(ID, name, grade) | Friend(student_id->Highschooler.ID, friend_id->Highschooler.ID) | Likes(student_id->Highschooler.ID, liked_id->Highschooler.ID)

Question:
Return the names of friends of the high school student Kyle.

SQL:

2026-07-31 15:23:10,543 [INFO   ]   >> OUTPUT : SELECT T1.name FROM friend AS T1 JOIN highschooler AS T2 ON T1.friend_id  =  T2.id WHERE T2.name  =  'Kyle'
2026-07-31 15:23:11,888 [INFO   ] [inference] generate_sql  latency_sec=1.3251  input_tokens=99  output_tokens=17
2026-07-31 15:23:11,888 [INFO   ]   >> INPUT  : Translate the natural language question into a valid SQL query using the provided schema.

Schema:
Highschooler(ID, name, grade) | Friend(student_id->Highschooler.ID, friend_id->Highschooler.ID) | Likes(student_id->Highschooler.ID, liked_id->Highschooler.ID)

Question:
How many friends does the high school student Kyle have?

SQL:

2026-07-31 15:23:11,888 [INFO   ]   >> OUTPUT : SELECT count(*) FROM Friend WHERE student_id  =  "Kyle"
2026-07-31 15:23:12,692 [INFO   ] [inference] generate_sql  latency_sec=0.7862  input_tokens=96  output_tokens=17
2026-07-31 15:23:12,692 [INFO   ]   >> INPUT  : Translate the natural language question into a valid SQL query using the provided schema.

Schema:
Highschooler(ID, name, grade) | Friend(student_id->Highschooler.ID, friend_id->Highschooler.ID) | Likes(student_id->Highschooler.ID, liked_id->Highschooler.ID)

Question:
Count the number of friends Kyle has.

SQL:

2026-07-31 15:23:12,692 [INFO   ]   >> OUTPUT : SELECT count(*) FROM Friend WHERE friend_id  =  "Kyle"
2026-07-31 15:23:13,678 [INFO   ] [inference] generate_sql  latency_sec=0.9669  input_tokens=101  output_tokens=21
2026-07-31 15:23:13,678 [INFO   ]   >> INPUT  : Translate the natural language question into a valid SQL query using the provided schema.

Schema:
Highschooler(ID, name, grade) | Friend(student_id->Highschooler.ID, friend_id->Highschooler.ID) | Likes(student_id->Highschooler.ID, liked_id->Highschooler.ID)

Question:
Show ids of all students who do not have any friends.

SQL:

2026-07-31 15:23:13,678 [INFO   ]   >> OUTPUT : SELECT student_id FROM friend WHERE student_id NOT IN (SELECT friend_id FROM likes)
2026-07-31 15:23:14,640 [INFO   ] [inference] generate_sql  latency_sec=0.944  input_tokens=103  output_tokens=21
2026-07-31 15:23:14,641 [INFO   ]   >> INPUT  : Translate the natural language question into a valid SQL query using the provided schema.

Schema:
Highschooler(ID, name, grade) | Friend(student_id->Highschooler.ID, friend_id->Highschooler.ID) | Likes(student_id->Highschooler.ID, liked_id->Highschooler.ID)

Question:
What are the ids of high school students who do not have friends?

SQL:

2026-07-31 15:23:14,641 [INFO   ]   >> OUTPUT : SELECT student_id FROM highschooler WHERE id NOT IN (SELECT friend_id FROM likes)
2026-07-31 15:23:17,952 [INFO   ] [inference] generate_sql  latency_sec=3.2935  input_tokens=102  output_tokens=71
2026-07-31 15:23:17,952 [INFO   ]   >> INPUT  : Translate the natural language question into a valid SQL query using the provided schema.

Schema:
Highschooler(ID, name, grade) | Friend(student_id->Highschooler.ID, friend_id->Highschooler.ID) | Likes(student_id->Highschooler.ID, liked_id->Highschooler.ID)

Question:
Show names of all high school students who do not have any friends.

SQL:

2026-07-31 15:23:17,952 [INFO   ]   >> OUTPUT : SELECT DISTINCT T1.name FROM highschooler AS T1 JOIN likes AS T2 ON T1.id  =  T2.student_id EXCEPT SELECT T1.name FROM highschooler AS T1 JOIN friend AS T3 ON T1.id  =  T3.student_id
2026-07-31 15:23:20,720 [INFO   ] [inference] generate_sql  latency_sec=2.7501  input_tokens=99  output_tokens=57
2026-07-31 15:23:20,721 [INFO   ]   >> INPUT  : Translate the natural language question into a valid SQL query using the provided schema.

Schema:
Highschooler(ID, name, grade) | Friend(student_id->Highschooler.ID, friend_id->Highschooler.ID) | Likes(student_id->Highschooler.ID, liked_id->Highschooler.ID)

Question:
What are the names of students who have no friends?

SQL:

2026-07-31 15:23:20,721 [INFO   ]   >> OUTPUT : SELECT name FROM student EXCEPT SELECT T1.name FROM friend AS T1 JOIN likes AS T2 ON T1.friend_id  =  T2.id JOIN student AS T3 ON T3.id  =  T2.student_id
2026-07-31 15:23:24,611 [INFO   ] [inference] generate_sql  latency_sec=3.86  input_tokens=107  output_tokens=67
2026-07-31 15:23:24,611 [INFO   ]   >> INPUT  : Translate the natural language question into a valid SQL query using the provided schema.

Schema:
Highschooler(ID, name, grade) | Friend(student_id->Highschooler.ID, friend_id->Highschooler.ID) | Likes(student_id->Highschooler.ID, liked_id->Highschooler.ID)

Question:
Show the ids of high schoolers who have friends and are also liked by someone else.

SQL:

2026-07-31 15:23:24,611 [INFO   ]   >> OUTPUT : SELECT T1.id FROM highschooler AS T1 JOIN likes AS T2 ON T1.id  =  T2.student_id JOIN friend AS T3 ON T2.liked_id  =  T3.friend_id WHERE T3.friend_id  =  1
2026-07-31 15:23:27,244 [INFO   ] [inference] generate_sql  latency_sec=2.612  input_tokens=103  output_tokens=58
2026-07-31 15:23:27,244 [INFO   ]   >> INPUT  : Translate the natural language question into a valid SQL query using the provided schema.

Schema:
Highschooler(ID, name, grade) | Friend(student_id->Highschooler.ID, friend_id->Highschooler.ID) | Likes(student_id->Highschooler.ID, liked_id->Highschooler.ID)

Question:
What are the ids of students who both have friends and are liked?

SQL:

2026-07-31 15:23:27,244 [INFO   ]   >> OUTPUT : SELECT T1.student_id FROM Friend AS T1 JOIN Likes AS T2 ON T1.friend_id  =  T2.liked_id JOIN Highschooler AS T3 ON T3.id  =  T2.student_id
2026-07-31 15:23:33,510 [INFO   ] [inference] generate_sql  latency_sec=6.2481  input_tokens=105  output_tokens=136
2026-07-31 15:23:33,510 [INFO   ]   >> INPUT  : Translate the natural language question into a valid SQL query using the provided schema.

Schema:
Highschooler(ID, name, grade) | Friend(student_id->Highschooler.ID, friend_id->Highschooler.ID) | Likes(student_id->Highschooler.ID, liked_id->Highschooler.ID)

Question:
Show name of all students who have some friends and also are liked by someone else.

SQL:

2026-07-31 15:23:33,510 [INFO   ]   >> OUTPUT : SELECT T1.name FROM friend AS T1 JOIN likes AS T2 ON T1.friend_id  =  T2.liked_id JOIN highschooler AS T3 ON T2.student_id  =  T3.id WHERE T3.name  =  'friend' INTERSECT SELECT T1.name FROM friend AS T1 JOIN likes AS T2 ON T1.friend_id  =  T2.liked_id JOIN highschooler AS T3 ON T2.student_id  =  T3.id WHERE T3.name  =  'friend'
2026-07-31 15:23:36,729 [INFO   ] [inference] generate_sql  latency_sec=3.202  input_tokens=104  output_tokens=54
2026-07-31 15:23:36,730 [INFO   ]   >> INPUT  : Translate the natural language question into a valid SQL query using the provided schema.

Schema:
Highschooler(ID, name, grade) | Friend(student_id->Highschooler.ID, friend_id->Highschooler.ID) | Likes(student_id->Highschooler.ID, liked_id->Highschooler.ID)

Question:
What are the names of high schoolers who both have friends and are liked?

SQL:

2026-07-31 15:23:36,730 [INFO   ]   >> OUTPUT : SELECT T1.name FROM highschooler AS T1 JOIN friend AS T2 ON T1.id  =  T2.friend_id JOIN likes AS T3 ON T2.id  =  T3.liked_id
2026-07-31 15:23:39,103 [INFO   ] [inference] generate_sql  latency_sec=2.3446  input_tokens=98  output_tokens=46
2026-07-31 15:23:39,103 [INFO   ]   >> INPUT  : Translate the natural language question into a valid SQL query using the provided schema.

Schema:
Highschooler(ID, name, grade) | Friend(student_id->Highschooler.ID, friend_id->Highschooler.ID) | Likes(student_id->Highschooler.ID, liked_id->Highschooler.ID)

Question:
Count the number of likes for each student id.

SQL:

2026-07-31 15:23:39,103 [INFO   ]   >> OUTPUT : SELECT count(*) ,  T1.name FROM likes AS T1 JOIN student AS T2 ON T1.liked_id  =  T2.id GROUP BY T1.liked_id
2026-07-31 15:23:41,272 [INFO   ] [inference] generate_sql  latency_sec=2.1512  input_tokens=97  output_tokens=17
2026-07-31 15:23:41,273 [INFO   ]   >> INPUT  : Translate the natural language question into a valid SQL query using the provided schema.

Schema:
Highschooler(ID, name, grade) | Friend(student_id->Highschooler.ID, friend_id->Highschooler.ID) | Likes(student_id->Highschooler.ID, liked_id->Highschooler.ID)

Question:
How many likes correspond to each student id?

SQL:

2026-07-31 15:23:41,273 [INFO   ]   >> OUTPUT : SELECT student_id ,  count(*) FROM likes GROUP BY student_id
2026-07-31 15:23:43,310 [INFO   ] [inference] generate_sql  latency_sec=2.0198  input_tokens=106  output_tokens=44
2026-07-31 15:23:43,310 [INFO   ]   >> INPUT  : Translate the natural language question into a valid SQL query using the provided schema.

Schema:
Highschooler(ID, name, grade) | Friend(student_id->Highschooler.ID, friend_id->Highschooler.ID) | Likes(student_id->Highschooler.ID, liked_id->Highschooler.ID)

Question:
Show the names of high schoolers who have likes, and numbers of likes for each.

SQL:

2026-07-31 15:23:43,310 [INFO   ]   >> OUTPUT : SELECT T1.name ,  count(*) FROM highschooler AS T1 JOIN likes AS T2 ON T1.id  =  T2.student_id GROUP BY T1.name
2026-07-31 15:23:45,876 [INFO   ] [inference] generate_sql  latency_sec=2.5475  input_tokens=108  output_tokens=44
2026-07-31 15:23:45,876 [INFO   ]   >> INPUT  : Translate the natural language question into a valid SQL query using the provided schema.

Schema:
Highschooler(ID, name, grade) | Friend(student_id->Highschooler.ID, friend_id->Highschooler.ID) | Likes(student_id->Highschooler.ID, liked_id->Highschooler.ID)

Question:
What are the names of high schoolers who have likes, and how many likes does each have?

SQL:

2026-07-31 15:23:45,876 [INFO   ]   >> OUTPUT : SELECT T1.name ,  count(*) FROM highschooler AS T1 JOIN likes AS T2 ON T1.id  =  T2.student_id GROUP BY T1.name
2026-07-31 15:23:48,385 [INFO   ] [inference] generate_sql  latency_sec=2.4908  input_tokens=105  output_tokens=49
2026-07-31 15:23:48,385 [INFO   ]   >> INPUT  : Translate the natural language question into a valid SQL query using the provided schema.

Schema:
Highschooler(ID, name, grade) | Friend(student_id->Highschooler.ID, friend_id->Highschooler.ID) | Likes(student_id->Highschooler.ID, liked_id->Highschooler.ID)

Question:
What is the name of the high schooler who has the greatest number of likes?

SQL:

2026-07-31 15:23:48,385 [INFO   ]   >> OUTPUT : SELECT T1.name FROM highschooler AS T1 JOIN likes AS T2 ON T1.id  =  T2.student_id GROUP BY T1.name ORDER BY count(*) DESC LIMIT 1
2026-07-31 15:23:51,306 [INFO   ] [inference] generate_sql  latency_sec=2.8946  input_tokens=99  output_tokens=47
2026-07-31 15:23:51,307 [INFO   ]   >> INPUT  : Translate the natural language question into a valid SQL query using the provided schema.

Schema:
Highschooler(ID, name, grade) | Friend(student_id->Highschooler.ID, friend_id->Highschooler.ID) | Likes(student_id->Highschooler.ID, liked_id->Highschooler.ID)

Question:
Give the name of the student with the most likes.

SQL:

2026-07-31 15:23:51,307 [INFO   ]   >> OUTPUT : SELECT T1.name FROM student AS T1 JOIN likes AS T2 ON T1.id  =  T2.student_id GROUP BY T1.id ORDER BY count(*) DESC LIMIT 1
2026-07-31 15:23:54,610 [INFO   ] [inference] generate_sql  latency_sec=3.2834  input_tokens=100  output_tokens=71
2026-07-31 15:23:54,610 [INFO   ]   >> INPUT  : Translate the natural language question into a valid SQL query using the provided schema.

Schema:
Highschooler(ID, name, grade) | Friend(student_id->Highschooler.ID, friend_id->Highschooler.ID) | Likes(student_id->Highschooler.ID, liked_id->Highschooler.ID)

Question:
Show the names of students who have at least 2 likes.

SQL:

2026-07-31 15:23:54,610 [INFO   ]   >> OUTPUT : SELECT T2.name FROM likes AS T1 JOIN student AS T2 ON T1.liked_id  =  T2.id JOIN highschooler AS T3 ON T1.student_id  =  T3.id GROUP BY T3.name HAVING count(*)  >=  2
2026-07-31 15:23:57,314 [INFO   ] [inference] generate_sql  latency_sec=2.6841  input_tokens=101  output_tokens=58
2026-07-31 15:23:57,314 [INFO   ]   >> INPUT  : Translate the natural language question into a valid SQL query using the provided schema.

Schema:
Highschooler(ID, name, grade) | Friend(student_id->Highschooler.ID, friend_id->Highschooler.ID) | Likes(student_id->Highschooler.ID, liked_id->Highschooler.ID)

Question:
What are the names of students who have 2 or more likes?

SQL:

2026-07-31 15:23:57,314 [INFO   ]   >> OUTPUT : SELECT T2.name FROM likes AS T1 JOIN student_likes AS T2 ON T1.liked_id  =  T2.liked_id GROUP BY T2.liked_id HAVING count(*)  >=  2
2026-07-31 15:24:04,859 [INFO   ] [inference] generate_sql  latency_sec=7.5264  input_tokens=107  output_tokens=139
2026-07-31 15:24:04,859 [INFO   ]   >> INPUT  : Translate the natural language question into a valid SQL query using the provided schema.

Schema:
Highschooler(ID, name, grade) | Friend(student_id->Highschooler.ID, friend_id->Highschooler.ID) | Likes(student_id->Highschooler.ID, liked_id->Highschooler.ID)

Question:
Show the names of students who have a grade higher than 5 and have at least 2 friends.

SQL:

2026-07-31 15:24:04,859 [INFO   ]   >> OUTPUT : SELECT T1.name FROM student AS T1 JOIN likes AS T2 ON T1.id  =  T2.student_id JOIN friend AS T3 ON T2.liked_id  =  T3.friend_id GROUP BY T3.friend_id HAVING count(*)  >=  2 UNION SELECT T1.name FROM student AS T1 JOIN likes AS T2 ON T1.id  =  T2.student_id JOIN friend AS T3 ON T2.liked_id  =  T3.friend_id WHERE T3.friend_id  =  1
2026-07-31 15:24:09,504 [INFO   ] [inference] generate_sql  latency_sec=4.6276  input_tokens=110  output_tokens=96
2026-07-31 15:24:09,504 [INFO   ]   >> INPUT  : Translate the natural language question into a valid SQL query using the provided schema.

Schema:
Highschooler(ID, name, grade) | Friend(student_id->Highschooler.ID, friend_id->Highschooler.ID) | Likes(student_id->Highschooler.ID, liked_id->Highschooler.ID)

Question:
What are the names of high schoolers who have a grade of over 5 and have 2 or more friends?

SQL:

2026-07-31 15:24:09,504 [INFO   ]   >> OUTPUT : SELECT T1.name FROM highschooler AS T1 JOIN friend AS T2 ON T1.id  =  T2.friend_id GROUP BY T1.name HAVING grade  =  5 INTERSECT SELECT T1.name FROM highschooler AS T1 JOIN friend AS T2 ON T1.id  =  T2.friend_id GROUP BY T1.name HAVING grade  =  5
2026-07-31 15:24:10,337 [INFO   ] [inference] generate_sql  latency_sec=0.8156  input_tokens=95  output_tokens=17
2026-07-31 15:24:10,338 [INFO   ]   >> INPUT  : Translate the natural language question into a valid SQL query using the provided schema.

Schema:
Highschooler(ID, name, grade) | Friend(student_id->Highschooler.ID, friend_id->Highschooler.ID) | Likes(student_id->Highschooler.ID, liked_id->Highschooler.ID)

Question:
How many likes does Kyle have?

SQL:

2026-07-31 15:24:10,338 [INFO   ]   >> OUTPUT : SELECT count(*) FROM likes WHERE student_id  =  "Kyle"
2026-07-31 15:24:12,332 [INFO   ] [inference] generate_sql  latency_sec=1.9756  input_tokens=102  output_tokens=44
2026-07-31 15:24:12,332 [INFO   ]   >> INPUT  : Translate the natural language question into a valid SQL query using the provided schema.

Schema:
Highschooler(ID, name, grade) | Friend(student_id->Highschooler.ID, friend_id->Highschooler.ID) | Likes(student_id->Highschooler.ID, liked_id->Highschooler.ID)

Question:
Return the number of likes that the high schooler named Kyle has.

SQL:

2026-07-31 15:24:12,332 [INFO   ]   >> OUTPUT : SELECT count(*) FROM likes AS T1 JOIN highschooler AS T2 ON T1.liked_id  =  T2.id WHERE T2.name  =  'Kyle'
2026-07-31 15:24:13,005 [INFO   ] [inference] generate_sql  latency_sec=0.6555  input_tokens=100  output_tokens=13
2026-07-31 15:24:13,005 [INFO   ]   >> INPUT  : Translate the natural language question into a valid SQL query using the provided schema.

Schema:
Highschooler(ID, name, grade) | Friend(student_id->Highschooler.ID, friend_id->Highschooler.ID) | Likes(student_id->Highschooler.ID, liked_id->Highschooler.ID)

Question:
Find the average grade of all students who have some friends.

SQL:

2026-07-31 15:24:13,005 [INFO   ]   >> OUTPUT : SELECT avg(grade) FROM Friend GROUP BY student_id
2026-07-31 15:24:13,992 [INFO   ] [inference] generate_sql  latency_sec=0.9693  input_tokens=99  output_tokens=8
2026-07-31 15:24:13,992 [INFO   ]   >> INPUT  : Translate the natural language question into a valid SQL query using the provided schema.

Schema:
Highschooler(ID, name, grade) | Friend(student_id->Highschooler.ID, friend_id->Highschooler.ID) | Likes(student_id->Highschooler.ID, liked_id->Highschooler.ID)

Question:
What is the average grade of students who have friends?

SQL:

2026-07-31 15:24:13,992 [INFO   ]   >> OUTPUT : SELECT avg(grade) FROM Friend
2026-07-31 15:24:15,239 [INFO   ] [inference] generate_sql  latency_sec=1.2286  input_tokens=99  output_tokens=22
2026-07-31 15:24:15,240 [INFO   ]   >> INPUT  : Translate the natural language question into a valid SQL query using the provided schema.

Schema:
Highschooler(ID, name, grade) | Friend(student_id->Highschooler.ID, friend_id->Highschooler.ID) | Likes(student_id->Highschooler.ID, liked_id->Highschooler.ID)

Question:
Find the minimum grade of students who have no friends.

SQL:

2026-07-31 15:24:15,240 [INFO   ]   >> OUTPUT : SELECT min(grade) FROM friend WHERE student_id NOT IN (SELECT friend_id FROM likes)
2026-07-31 15:24:16,472 [INFO   ] [inference] generate_sql  latency_sec=1.2055  input_tokens=102  output_tokens=17
2026-07-31 15:24:16,473 [INFO   ]   >> INPUT  : Translate the natural language question into a valid SQL query using the provided schema.

Schema:
Highschooler(ID, name, grade) | Friend(student_id->Highschooler.ID, friend_id->Highschooler.ID) | Likes(student_id->Highschooler.ID, liked_id->Highschooler.ID)

Question:
What is the lowest grade of students who do not have any friends?

SQL:

2026-07-31 15:24:16,473 [INFO   ]   >> OUTPUT : SELECT grade FROM student WHERE id NOT IN (SELECT friend_id FROM likes)
2026-07-31 15:24:22,526 [INFO   ] [inference] generate_sql  latency_sec=6.0272  input_tokens=272  output_tokens=118
2026-07-31 15:24:22,526 [INFO   ]   >> INPUT  : Translate the natural language question into a valid SQL query using the provided schema.

Schema:
Treatment_Types(treatment_type_code, treatment_type_description) | Owners(owner_id, first_name, last_name, street, city, state, zip_code, email_address, home_phone, cell_number) | Dogs(dog_id, owner_id->Owners.owner_id, abandoned_yn, breed_code->Breeds.breed_code, size_code->Sizes.size_code, name, age, date_of_birth, gender, weight, date_arrived, date_adopted, date_departed) | Professionals(professional_id, role_code, first_name, street, city, state, zip_code, last_name, email_address, home_phone, cell_number) | Treatments(treatment_id, dog_id->Dogs.dog_id, professional_id->Professionals.professional_id, treatment_type_code->Treatment_Types.treatment_type_code, date_of_treatment, cost_of_treatment)

Question:
Which states have both owners and professionals living there?

SQL:

2026-07-31 15:24:22,526 [INFO   ]   >> OUTPUT : SELECT T1.state FROM owners AS T1 JOIN professionals AS T2 ON T1.owner_id  =  T2.owner_id JOIN treatments AS T3 ON T3.treatment_id  =  T2.treatment_id WHERE T3.treatment_type_code  =  "owners" INTERSECT SELECT T1.state FROM owners AS T1 JOIN professionals AS T2 ON T1.owner_id  =  T2.owner_id WHERE T2.role_code  =  "professional"
2026-07-31 15:24:25,448 [INFO   ] [inference] generate_sql  latency_sec=2.9044  input_tokens=272  output_tokens=57
2026-07-31 15:24:25,448 [INFO   ]   >> INPUT  : Translate the natural language question into a valid SQL query using the provided schema.

Schema:
Treatment_Types(treatment_type_code, treatment_type_description) | Owners(owner_id, first_name, last_name, street, city, state, zip_code, email_address, home_phone, cell_number) | Dogs(dog_id, owner_id->Owners.owner_id, abandoned_yn, breed_code->Breeds.breed_code, size_code->Sizes.size_code, name, age, date_of_birth, gender, weight, date_arrived, date_adopted, date_departed) | Professionals(professional_id, role_code, first_name, street, city, state, zip_code, last_name, email_address, home_phone, cell_number) | Treatments(treatment_id, dog_id->Dogs.dog_id, professional_id->Professionals.professional_id, treatment_type_code->Treatment_Types.treatment_type_code, date_of_treatment, cost_of_treatment)

Question:
Find the states where both owners and professionals live.

SQL:

2026-07-31 15:24:25,448 [INFO   ]   >> OUTPUT : SELECT T1.state FROM Owners AS T1 JOIN Professionals AS T2 ON T1.owner_id  =  T2.professional_id JOIN Treatments AS T3 ON T3.treatment_id  =  T2.treatment_id
2026-07-31 15:24:27,552 [INFO   ] [inference] generate_sql  latency_sec=2.0846  input_tokens=301  output_tokens=44
2026-07-31 15:24:27,552 [INFO   ]   >> INPUT  : Translate the natural language question into a valid SQL query using the provided schema.

Schema:
Breeds(breed_code, breed_name) | Sizes(size_code, size_description) | Treatment_Types(treatment_type_code, treatment_type_description) | Owners(owner_id, first_name, last_name, street, city, state, zip_code, email_address, home_phone, cell_number) | Dogs(dog_id, owner_id->Owners.owner_id, abandoned_yn, breed_code->Breeds.breed_code, size_code->Sizes.size_code, name, age, date_of_birth, gender, weight, date_arrived, date_adopted, date_departed) | Professionals(professional_id, role_code, first_name, street, city, state, zip_code, last_name, email_address, home_phone, cell_number) | Treatments(treatment_id, dog_id->Dogs.dog_id, professional_id->Professionals.professional_id, treatment_type_code->Treatment_Types.treatment_type_code, date_of_treatment, cost_of_treatment)

Question:
What is the average age of the dogs who have gone through any treatments?

SQL:

2026-07-31 15:24:27,553 [INFO   ]   >> OUTPUT : SELECT avg(T2.age) FROM treatments AS T1 JOIN dogs AS T2 ON T1.dog_id  =  T2.dog_id GROUP BY T1.dog_id
2026-07-31 15:24:30,497 [INFO   ] [inference] generate_sql  latency_sec=2.9208  input_tokens=298  output_tokens=49
2026-07-31 15:24:30,497 [INFO   ]   >> INPUT  : Translate the natural language question into a valid SQL query using the provided schema.

Schema:
Breeds(breed_code, breed_name) | Sizes(size_code, size_description) | Treatment_Types(treatment_type_code, treatment_type_description) | Owners(owner_id, first_name, last_name, street, city, state, zip_code, email_address, home_phone, cell_number) | Dogs(dog_id, owner_id->Owners.owner_id, abandoned_yn, breed_code->Breeds.breed_code, size_code->Sizes.size_code, name, age, date_of_birth, gender, weight, date_arrived, date_adopted, date_departed) | Professionals(professional_id, role_code, first_name, street, city, state, zip_code, last_name, email_address, home_phone, cell_number) | Treatments(treatment_id, dog_id->Dogs.dog_id, professional_id->Professionals.professional_id, treatment_type_code->Treatment_Types.treatment_type_code, date_of_treatment, cost_of_treatment)

Question:
Find the average age of the dogs who went through treatments.

SQL:

2026-07-31 15:24:30,498 [INFO   ]   >> OUTPUT : SELECT avg(age) FROM Dogs WHERE dog_id IN (SELECT T1.dog_id FROM treatments AS T1 JOIN owners AS T2 ON T1.dog_id  =  T2.dog_id)
2026-07-31 15:24:34,221 [INFO   ] [inference] generate_sql  latency_sec=3.697  input_tokens=292  output_tokens=71
2026-07-31 15:24:34,222 [INFO   ]   >> INPUT  : Translate the natural language question into a valid SQL query using the provided schema.

Schema:
Treatment_Types(treatment_type_code, treatment_type_description) | Owners(owner_id, first_name, last_name, street, city, state, zip_code, email_address, home_phone, cell_number) | Dogs(dog_id, owner_id->Owners.owner_id, abandoned_yn, breed_code->Breeds.breed_code, size_code->Sizes.size_code, name, age, date_of_birth, gender, weight, date_arrived, date_adopted, date_departed) | Professionals(professional_id, role_code, first_name, street, city, state, zip_code, last_name, email_address, home_phone, cell_number) | Treatments(treatment_id, dog_id->Dogs.dog_id, professional_id->Professionals.professional_id, treatment_type_code->Treatment_Types.treatment_type_code, date_of_treatment, cost_of_treatment)

Question:
Which professionals live in the state of Indiana or have done treatment on more than 2 treatments? List his or her id, last name and cell phone.

SQL:

2026-07-31 15:24:34,222 [INFO   ]   >> OUTPUT : SELECT T1.professional_id ,  T1.last_name ,  T1.cell_number FROM Professionals AS T1 JOIN treatments AS T2 ON T1.professional_id  =  T2.professional_id GROUP BY T1.professional_id HAVING count(*)  >=  2
2026-07-31 15:24:39,266 [INFO   ] [inference] generate_sql  latency_sec=5.0268  input_tokens=289  output_tokens=109
2026-07-31 15:24:39,267 [INFO   ]   >> INPUT  : Translate the natural language question into a valid SQL query using the provided schema.

Schema:
Treatment_Types(treatment_type_code, treatment_type_description) | Owners(owner_id, first_name, last_name, street, city, state, zip_code, email_address, home_phone, cell_number) | Dogs(dog_id, owner_id->Owners.owner_id, abandoned_yn, breed_code->Breeds.breed_code, size_code->Sizes.size_code, name, age, date_of_birth, gender, weight, date_arrived, date_adopted, date_departed) | Professionals(professional_id, role_code, first_name, street, city, state, zip_code, last_name, email_address, home_phone, cell_number) | Treatments(treatment_id, dog_id->Dogs.dog_id, professional_id->Professionals.professional_id, treatment_type_code->Treatment_Types.treatment_type_code, date_of_treatment, cost_of_treatment)

Question:
Find the id, last name and cell phone of the professionals who live in the state of Indiana or have performed more than two treatments.

SQL:

2026-07-31 15:24:39,267 [INFO   ]   >> OUTPUT : SELECT T1.treatment_id ,  T1.last_name ,  T1.cell_number FROM treatments_types AS T1 JOIN owners AS T2 ON T1.treatment_type_code  =  T2.treatment_type_code JOIN dogs AS T3 ON T2.owner_id  =  T3.owner_id WHERE T3.state  =  'Indiana' GROUP BY T1.treatment_id HAVING count(*)  >=  2
2026-07-31 15:24:42,393 [INFO   ] [inference] generate_sql  latency_sec=3.1075  input_tokens=304  output_tokens=50
2026-07-31 15:24:42,393 [INFO   ]   >> INPUT  : Translate the natural language question into a valid SQL query using the provided schema.

Schema:
Breeds(breed_code, breed_name) | Sizes(size_code, size_description) | Treatment_Types(treatment_type_code, treatment_type_description) | Owners(owner_id, first_name, last_name, street, city, state, zip_code, email_address, home_phone, cell_number) | Dogs(dog_id, owner_id->Owners.owner_id, abandoned_yn, breed_code->Breeds.breed_code, size_code->Sizes.size_code, name, age, date_of_birth, gender, weight, date_arrived, date_adopted, date_departed) | Professionals(professional_id, role_code, first_name, street, city, state, zip_code, last_name, email_address, home_phone, cell_number) | Treatments(treatment_id, dog_id->Dogs.dog_id, professional_id->Professionals.professional_id, treatment_type_code->Treatment_Types.treatment_type_code, date_of_treatment, cost_of_treatment)

Question:
Which dogs have not cost their owner more than 1000 for treatment ? List the dog names .

SQL:

2026-07-31 15:24:42,393 [INFO   ]   >> OUTPUT : SELECT DISTINCT T1.name FROM dogs AS T1 JOIN treatments AS T2 ON T1.dog_id  =  T2.dog_id WHERE T2.cost_of_treatment  >  1000
2026-07-31 15:24:45,567 [INFO   ] [inference] generate_sql  latency_sec=3.1477  input_tokens=306  output_tokens=42
2026-07-31 15:24:45,567 [INFO   ]   >> INPUT  : Translate the natural language question into a valid SQL query using the provided schema.

Schema:
Breeds(breed_code, breed_name) | Sizes(size_code, size_description) | Treatment_Types(treatment_type_code, treatment_type_description) | Owners(owner_id, first_name, last_name, street, city, state, zip_code, email_address, home_phone, cell_number) | Dogs(dog_id, owner_id->Owners.owner_id, abandoned_yn, breed_code->Breeds.breed_code, size_code->Sizes.size_code, name, age, date_of_birth, gender, weight, date_arrived, date_adopted, date_departed) | Professionals(professional_id, role_code, first_name, street, city, state, zip_code, last_name, email_address, home_phone, cell_number) | Treatments(treatment_id, dog_id->Dogs.dog_id, professional_id->Professionals.professional_id, treatment_type_code->Treatment_Types.treatment_type_code, date_of_treatment, cost_of_treatment)

Question:
What are the names of the dogs for which the owner has not spend more than 1000 for treatment ?

SQL:

2026-07-31 15:24:45,567 [INFO   ]   >> OUTPUT : SELECT T1.name FROM dogs AS T1 JOIN owners AS T2 ON T1.owner_id  =  T2.owner_id WHERE T2.weight  >  1000
2026-07-31 15:24:48,780 [INFO   ] [inference] generate_sql  latency_sec=3.1934  input_tokens=286  output_tokens=68
2026-07-31 15:24:48,780 [INFO   ]   >> INPUT  : Translate the natural language question into a valid SQL query using the provided schema.

Schema:
Breeds(breed_code, breed_name) | Sizes(size_code, size_description) | Owners(owner_id, first_name, last_name, street, city, state, zip_code, email_address, home_phone, cell_number) | Dogs(dog_id, owner_id->Owners.owner_id, abandoned_yn, breed_code->Breeds.breed_code, size_code->Sizes.size_code, name, age, date_of_birth, gender, weight, date_arrived, date_adopted, date_departed) | Professionals(professional_id, role_code, first_name, street, city, state, zip_code, last_name, email_address, home_phone, cell_number) | Treatments(treatment_id, dog_id->Dogs.dog_id, professional_id->Professionals.professional_id, treatment_type_code->Treatment_Types.treatment_type_code, date_of_treatment, cost_of_treatment)

Question:
Which first names are used for professionals or owners but are not used as dog names?

SQL:

2026-07-31 15:24:48,780 [INFO   ]   >> OUTPUT : SELECT T1.first_name FROM Professionals AS T1 JOIN Owners AS T2 ON T1.professional_id  =  T2.owner_id JOIN Dogs AS T3 ON T2.owner_id  =  T3.owner_id WHERE T3.name != "Dogs"
2026-07-31 15:24:52,168 [INFO   ] [inference] generate_sql  latency_sec=3.3701  input_tokens=288  output_tokens=72
2026-07-31 15:24:52,168 [INFO   ]   >> INPUT  : Translate the natural language question into a valid SQL query using the provided schema.

Schema:
Breeds(breed_code, breed_name) | Sizes(size_code, size_description) | Owners(owner_id, first_name, last_name, street, city, state, zip_code, email_address, home_phone, cell_number) | Dogs(dog_id, owner_id->Owners.owner_id, abandoned_yn, breed_code->Breeds.breed_code, size_code->Sizes.size_code, name, age, date_of_birth, gender, weight, date_arrived, date_adopted, date_departed) | Professionals(professional_id, role_code, first_name, street, city, state, zip_code, last_name, email_address, home_phone, cell_number) | Treatments(treatment_id, dog_id->Dogs.dog_id, professional_id->Professionals.professional_id, treatment_type_code->Treatment_Types.treatment_type_code, date_of_treatment, cost_of_treatment)

Question:
Find the first names that are used for professionals or owners but are not used as dog names.

SQL:

2026-07-31 15:24:52,168 [INFO   ]   >> OUTPUT : SELECT DISTINCT T1.first_name FROM Professionals AS T1 JOIN Owners AS T2 ON T1.professional_id  =  T2.owner_id JOIN Dogs AS T3 ON T2.owner_id  =  T3.dog_id WHERE T3.name != "Dogs"
2026-07-31 15:24:56,591 [INFO   ] [inference] generate_sql  latency_sec=4.4054  input_tokens=306  output_tokens=71
2026-07-31 15:24:56,592 [INFO   ]   >> INPUT  : Translate the natural language question into a valid SQL query using the provided schema.

Schema:
Breeds(breed_code, breed_name) | Sizes(size_code, size_description) | Treatment_Types(treatment_type_code, treatment_type_description) | Owners(owner_id, first_name, last_name, street, city, state, zip_code, email_address, home_phone, cell_number) | Dogs(dog_id, owner_id->Owners.owner_id, abandoned_yn, breed_code->Breeds.breed_code, size_code->Sizes.size_code, name, age, date_of_birth, gender, weight, date_arrived, date_adopted, date_departed) | Professionals(professional_id, role_code, first_name, street, city, state, zip_code, last_name, email_address, home_phone, cell_number) | Treatments(treatment_id, dog_id->Dogs.dog_id, professional_id->Professionals.professional_id, treatment_type_code->Treatment_Types.treatment_type_code, date_of_treatment, cost_of_treatment)

Question:
Which professional did not operate any treatment on dogs? List the professional's id, role and email.

SQL:

2026-07-31 15:24:56,592 [INFO   ]   >> OUTPUT : SELECT professional_id ,  role_code ,  email_address FROM Professionals EXCEPT SELECT T1.professional_id ,  T1.role_code ,  T1.email_address FROM Professionals AS T1 JOIN treatments AS T2 ON T1.professional_id  =  T2.professional_id
2026-07-31 15:25:01,903 [INFO   ] [inference] generate_sql  latency_sec=5.2828  input_tokens=306  output_tokens=98
2026-07-31 15:25:01,903 [INFO   ]   >> INPUT  : Translate the natural language question into a valid SQL query using the provided schema.

Schema:
Breeds(breed_code, breed_name) | Sizes(size_code, size_description) | Treatment_Types(treatment_type_code, treatment_type_description) | Owners(owner_id, first_name, last_name, street, city, state, zip_code, email_address, home_phone, cell_number) | Dogs(dog_id, owner_id->Owners.owner_id, abandoned_yn, breed_code->Breeds.breed_code, size_code->Sizes.size_code, name, age, date_of_birth, gender, weight, date_arrived, date_adopted, date_departed) | Professionals(professional_id, role_code, first_name, street, city, state, zip_code, last_name, email_address, home_phone, cell_number) | Treatments(treatment_id, dog_id->Dogs.dog_id, professional_id->Professionals.professional_id, treatment_type_code->Treatment_Types.treatment_type_code, date_of_treatment, cost_of_treatment)

Question:
Give me the id, role and email of the professionals who did not perform any treatment on dogs.

SQL:

2026-07-31 15:25:01,904 [INFO   ]   >> OUTPUT : SELECT T1.professional_id ,  T1.role_code ,  T1.email_address FROM Professionals AS T1 JOIN Dogs AS T2 ON T1.dog_id  =  T2.dog_id WHERE T2.treatment_id NOT IN (SELECT T3.treatment_id FROM treatments AS T3 JOIN dogs AS T4 ON T3.dog_id  =  T4.dog_id)
2026-07-31 15:25:05,212 [INFO   ] [inference] generate_sql  latency_sec=3.2896  input_tokens=245  output_tokens=69
2026-07-31 15:25:05,212 [INFO   ]   >> INPUT  : Translate the natural language question into a valid SQL query using the provided schema.

Schema:
Breeds(breed_code, breed_name) | Sizes(size_code, size_description) | Owners(owner_id, first_name, last_name, street, city, state, zip_code, email_address, home_phone, cell_number) | Dogs(dog_id, owner_id->Owners.owner_id, abandoned_yn, breed_code->Breeds.breed_code, size_code->Sizes.size_code, name, age, date_of_birth, gender, weight, date_arrived, date_adopted, date_departed) | Treatments(treatment_id, dog_id->Dogs.dog_id, professional_id->Professionals.professional_id, treatment_type_code->Treatment_Types.treatment_type_code, date_of_treatment, cost_of_treatment)

Question:
Which owner owns the most dogs? List the owner id, first name and last name.

SQL:

2026-07-31 15:25:05,212 [INFO   ]   >> OUTPUT : SELECT T1.owner_id ,  T1.first_name ,  T1.last_name FROM Owners AS T1 JOIN Dogs AS T2 ON T1.owner_id  =  T2.owner_id GROUP BY T1.owner_id ORDER BY count(*) DESC LIMIT 1
2026-07-31 15:25:08,406 [INFO   ] [inference] generate_sql  latency_sec=3.1766  input_tokens=246  output_tokens=69
2026-07-31 15:25:08,407 [INFO   ]   >> INPUT  : Translate the natural language question into a valid SQL query using the provided schema.

Schema:
Breeds(breed_code, breed_name) | Sizes(size_code, size_description) | Owners(owner_id, first_name, last_name, street, city, state, zip_code, email_address, home_phone, cell_number) | Dogs(dog_id, owner_id->Owners.owner_id, abandoned_yn, breed_code->Breeds.breed_code, size_code->Sizes.size_code, name, age, date_of_birth, gender, weight, date_arrived, date_adopted, date_departed) | Treatments(treatment_id, dog_id->Dogs.dog_id, professional_id->Professionals.professional_id, treatment_type_code->Treatment_Types.treatment_type_code, date_of_treatment, cost_of_treatment)

Question:
Return the owner id, first name and last name of the owner who has the most dogs.

SQL:

2026-07-31 15:25:08,407 [INFO   ]   >> OUTPUT : SELECT T1.owner_id ,  T1.first_name ,  T1.last_name FROM Owners AS T1 JOIN Dogs AS T2 ON T1.owner_id  =  T2.owner_id GROUP BY T1.owner_id ORDER BY count(*) DESC LIMIT 1
2026-07-31 15:25:12,670 [INFO   ] [inference] generate_sql  latency_sec=4.2456  input_tokens=246  output_tokens=71
2026-07-31 15:25:12,670 [INFO   ]   >> INPUT  : Translate the natural language question into a valid SQL query using the provided schema.

Schema:
Treatment_Types(treatment_type_code, treatment_type_description) | Dogs(dog_id, owner_id->Owners.owner_id, abandoned_yn, breed_code->Breeds.breed_code, size_code->Sizes.size_code, name, age, date_of_birth, gender, weight, date_arrived, date_adopted, date_departed) | Professionals(professional_id, role_code, first_name, street, city, state, zip_code, last_name, email_address, home_phone, cell_number) | Treatments(treatment_id, dog_id->Dogs.dog_id, professional_id->Professionals.professional_id, treatment_type_code->Treatment_Types.treatment_type_code, date_of_treatment, cost_of_treatment)

Question:
Which professionals have done at least two treatments? List the professional's id, role, and first name.

SQL:

2026-07-31 15:25:12,670 [INFO   ]   >> OUTPUT : SELECT T1.professional_id ,  T1.role_code ,  T1.first_name FROM Professionals AS T1 JOIN treatments AS T2 ON T1.professional_id  =  T2.professional_id GROUP BY T1.professional_id HAVING count(*)  >=  2
2026-07-31 15:25:16,384 [INFO   ] [inference] generate_sql  latency_sec=3.6962  input_tokens=246  output_tokens=71
2026-07-31 15:25:16,384 [INFO   ]   >> INPUT  : Translate the natural language question into a valid SQL query using the provided schema.

Schema:
Treatment_Types(treatment_type_code, treatment_type_description) | Dogs(dog_id, owner_id->Owners.owner_id, abandoned_yn, breed_code->Breeds.breed_code, size_code->Sizes.size_code, name, age, date_of_birth, gender, weight, date_arrived, date_adopted, date_departed) | Professionals(professional_id, role_code, first_name, street, city, state, zip_code, last_name, email_address, home_phone, cell_number) | Treatments(treatment_id, dog_id->Dogs.dog_id, professional_id->Professionals.professional_id, treatment_type_code->Treatment_Types.treatment_type_code, date_of_treatment, cost_of_treatment)

Question:
What are the id, role, and first name of the professionals who have performed two or more treatments?

SQL:

2026-07-31 15:25:16,384 [INFO   ]   >> OUTPUT : SELECT T1.professional_id ,  T1.role_code ,  T1.first_name FROM Professionals AS T1 JOIN treatments AS T2 ON T1.professional_id  =  T2.professional_id GROUP BY T1.professional_id HAVING count(*)  >=  2
2026-07-31 15:25:17,541 [INFO   ] [inference] generate_sql  latency_sec=1.1401  input_tokens=298  output_tokens=22
2026-07-31 15:25:17,542 [INFO   ]   >> INPUT  : Translate the natural language question into a valid SQL query using the provided schema.

Schema:
Breeds(breed_code, breed_name) | Sizes(size_code, size_description) | Treatment_Types(treatment_type_code, treatment_type_description) | Owners(owner_id, first_name, last_name, street, city, state, zip_code, email_address, home_phone, cell_number) | Dogs(dog_id, owner_id->Owners.owner_id, abandoned_yn, breed_code->Breeds.breed_code, size_code->Sizes.size_code, name, age, date_of_birth, gender, weight, date_arrived, date_adopted, date_departed) | Professionals(professional_id, role_code, first_name, street, city, state, zip_code, last_name, email_address, home_phone, cell_number) | Treatments(treatment_id, dog_id->Dogs.dog_id, professional_id->Professionals.professional_id, treatment_type_code->Treatment_Types.treatment_type_code, date_of_treatment, cost_of_treatment)

Question:
What is the name of the breed with the most dogs?

SQL:

2026-07-31 15:25:17,542 [INFO   ]   >> OUTPUT : SELECT breed_name FROM breeds GROUP BY breed_name ORDER BY count(*) DESC LIMIT 1
2026-07-31 15:25:20,228 [INFO   ] [inference] generate_sql  latency_sec=2.6669  input_tokens=300  output_tokens=57
2026-07-31 15:25:20,228 [INFO   ]   >> INPUT  : Translate the natural language question into a valid SQL query using the provided schema.

Schema:
Breeds(breed_code, breed_name) | Sizes(size_code, size_description) | Treatment_Types(treatment_type_code, treatment_type_description) | Owners(owner_id, first_name, last_name, street, city, state, zip_code, email_address, home_phone, cell_number) | Dogs(dog_id, owner_id->Owners.owner_id, abandoned_yn, breed_code->Breeds.breed_code, size_code->Sizes.size_code, name, age, date_of_birth, gender, weight, date_arrived, date_adopted, date_departed) | Professionals(professional_id, role_code, first_name, street, city, state, zip_code, last_name, email_address, home_phone, cell_number) | Treatments(treatment_id, dog_id->Dogs.dog_id, professional_id->Professionals.professional_id, treatment_type_code->Treatment_Types.treatment_type_code, date_of_treatment, cost_of_treatment)

Question:
Which breed do the most dogs have? Give me the breed name.

SQL:

2026-07-31 15:25:20,228 [INFO   ]   >> OUTPUT : SELECT T1.breed_name FROM breeds AS T1 JOIN Dogs AS T2 ON T1.breed_code  =  T2.breed_code GROUP BY T2.breed_code ORDER BY count(*) DESC LIMIT 1
2026-07-31 15:25:23,345 [INFO   ] [inference] generate_sql  latency_sec=3.0995  input_tokens=308  output_tokens=61
2026-07-31 15:25:23,345 [INFO   ]   >> INPUT  : Translate the natural language question into a valid SQL query using the provided schema.

Schema:
Breeds(breed_code, breed_name) | Sizes(size_code, size_description) | Treatment_Types(treatment_type_code, treatment_type_description) | Owners(owner_id, first_name, last_name, street, city, state, zip_code, email_address, home_phone, cell_number) | Dogs(dog_id, owner_id->Owners.owner_id, abandoned_yn, breed_code->Breeds.breed_code, size_code->Sizes.size_code, name, age, date_of_birth, gender, weight, date_arrived, date_adopted, date_departed) | Professionals(professional_id, role_code, first_name, street, city, state, zip_code, last_name, email_address, home_phone, cell_number) | Treatments(treatment_id, dog_id->Dogs.dog_id, professional_id->Professionals.professional_id, treatment_type_code->Treatment_Types.treatment_type_code, date_of_treatment, cost_of_treatment)

Question:
Which owner has paid for the most treatments on his or her dogs? List the owner id and last name.

SQL:

2026-07-31 15:25:23,345 [INFO   ]   >> OUTPUT : SELECT T1.owner_id ,  T1.last_name FROM Owners AS T1 JOIN dogs AS T2 ON T1.dog_id  =  T2.dog_id GROUP BY T1.owner_id ORDER BY count(*) DESC LIMIT 1
2026-07-31 15:25:26,921 [INFO   ] [inference] generate_sql  latency_sec=3.5487  input_tokens=309  output_tokens=61
2026-07-31 15:25:26,921 [INFO   ]   >> INPUT  : Translate the natural language question into a valid SQL query using the provided schema.

Schema:
Breeds(breed_code, breed_name) | Sizes(size_code, size_description) | Treatment_Types(treatment_type_code, treatment_type_description) | Owners(owner_id, first_name, last_name, street, city, state, zip_code, email_address, home_phone, cell_number) | Dogs(dog_id, owner_id->Owners.owner_id, abandoned_yn, breed_code->Breeds.breed_code, size_code->Sizes.size_code, name, age, date_of_birth, gender, weight, date_arrived, date_adopted, date_departed) | Professionals(professional_id, role_code, first_name, street, city, state, zip_code, last_name, email_address, home_phone, cell_number) | Treatments(treatment_id, dog_id->Dogs.dog_id, professional_id->Professionals.professional_id, treatment_type_code->Treatment_Types.treatment_type_code, date_of_treatment, cost_of_treatment)

Question:
Tell me the owner id and last name of the owner who spent the most on treatments of his or her dogs.

SQL:

2026-07-31 15:25:26,921 [INFO   ]   >> OUTPUT : SELECT T2.owner_id ,  T2.last_name FROM treatments AS T1 JOIN dogs AS T2 ON T1.dog_id  =  T2.dog_id GROUP BY T1.dog_id ORDER BY count(*) DESC LIMIT 1
2026-07-31 15:25:28,271 [INFO   ] [inference] generate_sql  latency_sec=1.3319  input_tokens=255  output_tokens=21
2026-07-31 15:25:28,271 [INFO   ]   >> INPUT  : Translate the natural language question into a valid SQL query using the provided schema.

Schema:
Charges(charge_id, charge_type, charge_amount) | Treatment_Types(treatment_type_code, treatment_type_description) | Dogs(dog_id, owner_id->Owners.owner_id, abandoned_yn, breed_code->Breeds.breed_code, size_code->Sizes.size_code, name, age, date_of_birth, gender, weight, date_arrived, date_adopted, date_departed) | Professionals(professional_id, role_code, first_name, street, city, state, zip_code, last_name, email_address, home_phone, cell_number) | Treatments(treatment_id, dog_id->Dogs.dog_id, professional_id->Professionals.professional_id, treatment_type_code->Treatment_Types.treatment_type_code, date_of_treatment, cost_of_treatment)

Question:
What is the description of the treatment type that costs the least money in total?

SQL:

2026-07-31 15:25:28,271 [INFO   ]   >> OUTPUT : SELECT treatment_type_description FROM Treatment_Types ORDER BY cost_of_treatment LIMIT 1
2026-07-31 15:25:29,463 [INFO   ] [inference] generate_sql  latency_sec=1.1745  input_tokens=254  output_tokens=24
2026-07-31 15:25:29,463 [INFO   ]   >> INPUT  : Translate the natural language question into a valid SQL query using the provided schema.

Schema:
Charges(charge_id, charge_type, charge_amount) | Treatment_Types(treatment_type_code, treatment_type_description) | Dogs(dog_id, owner_id->Owners.owner_id, abandoned_yn, breed_code->Breeds.breed_code, size_code->Sizes.size_code, name, age, date_of_birth, gender, weight, date_arrived, date_adopted, date_departed) | Professionals(professional_id, role_code, first_name, street, city, state, zip_code, last_name, email_address, home_phone, cell_number) | Treatments(treatment_id, dog_id->Dogs.dog_id, professional_id->Professionals.professional_id, treatment_type_code->Treatment_Types.treatment_type_code, date_of_treatment, cost_of_treatment)

Question:
Give me the description of the treatment type whose total cost is the lowest.

SQL:

2026-07-31 15:25:29,463 [INFO   ]   >> OUTPUT : SELECT treatment_type_description FROM Treatment_Types ORDER BY sum(cost_of_treatment) LIMIT 1
2026-07-31 15:25:32,507 [INFO   ] [inference] generate_sql  latency_sec=3.0257  input_tokens=250  output_tokens=65
2026-07-31 15:25:32,507 [INFO   ]   >> INPUT  : Translate the natural language question into a valid SQL query using the provided schema.

Schema:
Breeds(breed_code, breed_name) | Sizes(size_code, size_description) | Owners(owner_id, first_name, last_name, street, city, state, zip_code, email_address, home_phone, cell_number) | Dogs(dog_id, owner_id->Owners.owner_id, abandoned_yn, breed_code->Breeds.breed_code, size_code->Sizes.size_code, name, age, date_of_birth, gender, weight, date_arrived, date_adopted, date_departed) | Treatments(treatment_id, dog_id->Dogs.dog_id, professional_id->Professionals.professional_id, treatment_type_code->Treatment_Types.treatment_type_code, date_of_treatment, cost_of_treatment)

Question:
Which owner has paid the largest amount of money in total for their dogs? Show the owner id and zip code.

SQL:

2026-07-31 15:25:32,507 [INFO   ]   >> OUTPUT : SELECT T1.owner_id ,  T1.zip_code FROM owners AS T1 JOIN dogs AS T2 ON T1.owner_id  =  T2.owner_id GROUP BY T1.owner_id ORDER BY sum(T2.weight) DESC LIMIT 1
2026-07-31 15:25:37,951 [INFO   ] [inference] generate_sql  latency_sec=5.4261  input_tokens=250  output_tokens=97
2026-07-31 15:25:37,951 [INFO   ]   >> INPUT  : Translate the natural language question into a valid SQL query using the provided schema.

Schema:
Breeds(breed_code, breed_name) | Sizes(size_code, size_description) | Owners(owner_id, first_name, last_name, street, city, state, zip_code, email_address, home_phone, cell_number) | Dogs(dog_id, owner_id->Owners.owner_id, abandoned_yn, breed_code->Breeds.breed_code, size_code->Sizes.size_code, name, age, date_of_birth, gender, weight, date_arrived, date_adopted, date_departed) | Treatments(treatment_id, dog_id->Dogs.dog_id, professional_id->Professionals.professional_id, treatment_type_code->Treatment_Types.treatment_type_code, date_of_treatment, cost_of_treatment)

Question:
Find the owner id and zip code of the owner who spent the most money in total for his or her dogs.

SQL:

2026-07-31 15:25:37,951 [INFO   ]   >> OUTPUT : SELECT T1.owner_id ,  T1.zip_code FROM DOGS AS T1 JOIN owners AS T2 ON T1.owner_id  =  T2.owner_id JOIN sizes AS T3 ON T3.size_code  =  T2.size_code GROUP BY T1.owner_id ,  T1.zip_code ORDER BY sum(T1.weight) DESC LIMIT 1
2026-07-31 15:25:41,354 [INFO   ] [inference] generate_sql  latency_sec=3.3762  input_tokens=244  output_tokens=63
2026-07-31 15:25:41,354 [INFO   ]   >> INPUT  : Translate the natural language question into a valid SQL query using the provided schema.

Schema:
Treatment_Types(treatment_type_code, treatment_type_description) | Dogs(dog_id, owner_id->Owners.owner_id, abandoned_yn, breed_code->Breeds.breed_code, size_code->Sizes.size_code, name, age, date_of_birth, gender, weight, date_arrived, date_adopted, date_departed) | Professionals(professional_id, role_code, first_name, street, city, state, zip_code, last_name, email_address, home_phone, cell_number) | Treatments(treatment_id, dog_id->Dogs.dog_id, professional_id->Professionals.professional_id, treatment_type_code->Treatment_Types.treatment_type_code, date_of_treatment, cost_of_treatment)

Question:
Which professionals have done at least two types of treatments? List the professional id and cell phone.

SQL:

2026-07-31 15:25:41,354 [INFO   ]   >> OUTPUT : SELECT T1.professional_id ,  T1.cell_number FROM Professionals AS T1 JOIN treatments AS T2 ON T1.professional_id  =  T2.professional_id GROUP BY T1.professional_id HAVING count(*)  >=  2
2026-07-31 15:25:44,403 [INFO   ] [inference] generate_sql  latency_sec=3.0303  input_tokens=243  output_tokens=64
2026-07-31 15:25:44,403 [INFO   ]   >> INPUT  : Translate the natural language question into a valid SQL query using the provided schema.

Schema:
Treatment_Types(treatment_type_code, treatment_type_description) | Dogs(dog_id, owner_id->Owners.owner_id, abandoned_yn, breed_code->Breeds.breed_code, size_code->Sizes.size_code, name, age, date_of_birth, gender, weight, date_arrived, date_adopted, date_departed) | Professionals(professional_id, role_code, first_name, street, city, state, zip_code, last_name, email_address, home_phone, cell_number) | Treatments(treatment_id, dog_id->Dogs.dog_id, professional_id->Professionals.professional_id, treatment_type_code->Treatment_Types.treatment_type_code, date_of_treatment, cost_of_treatment)

Question:
Find the id and cell phone of the professionals who operate two or more types of treatments.

SQL:

2026-07-31 15:25:44,403 [INFO   ]   >> OUTPUT : SELECT T1.professional_id ,  T1.cell_number FROM Treatments AS T1 JOIN Professionals AS T2 ON T1.professional_id  =  T2.professional_id GROUP BY T1.professional_id HAVING count(*)  >=  2
2026-07-31 15:25:47,713 [INFO   ] [inference] generate_sql  latency_sec=3.2923  input_tokens=245  output_tokens=69
2026-07-31 15:25:47,713 [INFO   ]   >> INPUT  : Translate the natural language question into a valid SQL query using the provided schema.

Schema:
Treatment_Types(treatment_type_code, treatment_type_description) | Dogs(dog_id, owner_id->Owners.owner_id, abandoned_yn, breed_code->Breeds.breed_code, size_code->Sizes.size_code, name, age, date_of_birth, gender, weight, date_arrived, date_adopted, date_departed) | Professionals(professional_id, role_code, first_name, street, city, state, zip_code, last_name, email_address, home_phone, cell_number) | Treatments(treatment_id, dog_id->Dogs.dog_id, professional_id->Professionals.professional_id, treatment_type_code->Treatment_Types.treatment_type_code, date_of_treatment, cost_of_treatment)

Question:
What are the first name and last name of the professionals who have done treatment with cost below average?

SQL:

2026-07-31 15:25:47,713 [INFO   ]   >> OUTPUT : SELECT T1.first_name ,  T1.last_name FROM Professionals AS T1 JOIN treatments AS T2 ON T1.professional_id  =  T2.professional_id WHERE T2.cost_of_treatment  <  (SELECT avg(cost_of_treatment) FROM treatments)
2026-07-31 15:25:54,707 [INFO   ] [inference] generate_sql  latency_sec=6.9752  input_tokens=247  output_tokens=125
2026-07-31 15:25:54,707 [INFO   ]   >> INPUT  : Translate the natural language question into a valid SQL query using the provided schema.

Schema:
Treatment_Types(treatment_type_code, treatment_type_description) | Dogs(dog_id, owner_id->Owners.owner_id, abandoned_yn, breed_code->Breeds.breed_code, size_code->Sizes.size_code, name, age, date_of_birth, gender, weight, date_arrived, date_adopted, date_departed) | Professionals(professional_id, role_code, first_name, street, city, state, zip_code, last_name, email_address, home_phone, cell_number) | Treatments(treatment_id, dog_id->Dogs.dog_id, professional_id->Professionals.professional_id, treatment_type_code->Treatment_Types.treatment_type_code, date_of_treatment, cost_of_treatment)

Question:
Which professionals have operated a treatment that costs less than the average? Give me theor first names and last names.

SQL:

2026-07-31 15:25:54,707 [INFO   ]   >> OUTPUT : SELECT T1.first_name ,  T1.last_name FROM Treatment_Types AS T1 JOIN Professionals AS T2 ON T1.treatment_type_code  =  T2.treatment_type_code GROUP BY T1.treatment_type_code HAVING avg(T1.cost_of_treatment)  <  (SELECT avg(T1.cost_of_treatment) FROM Treatment_Types AS T1 JOIN Professionals AS T2 ON T1.treatment_type_code  =  T2.treatment_type_code)
2026-07-31 15:25:56,390 [INFO   ] [inference] generate_sql  latency_sec=1.6649  input_tokens=244  output_tokens=28
2026-07-31 15:25:56,390 [INFO   ]   >> INPUT  : Translate the natural language question into a valid SQL query using the provided schema.

Schema:
Treatment_Types(treatment_type_code, treatment_type_description) | Dogs(dog_id, owner_id->Owners.owner_id, abandoned_yn, breed_code->Breeds.breed_code, size_code->Sizes.size_code, name, age, date_of_birth, gender, weight, date_arrived, date_adopted, date_departed) | Professionals(professional_id, role_code, first_name, street, city, state, zip_code, last_name, email_address, home_phone, cell_number) | Treatments(treatment_id, dog_id->Dogs.dog_id, professional_id->Professionals.professional_id, treatment_type_code->Treatment_Types.treatment_type_code, date_of_treatment, cost_of_treatment)

Question:
List the date of each treatment, together with the first name of the professional who operated it.

SQL:

2026-07-31 15:25:56,390 [INFO   ]   >> OUTPUT : SELECT date_of_treatment ,  first_name FROM treatments_types WHERE treatment_type_code  =  "professional"
2026-07-31 15:25:59,892 [INFO   ] [inference] generate_sql  latency_sec=3.4842  input_tokens=240  output_tokens=60
2026-07-31 15:25:59,892 [INFO   ]   >> INPUT  : Translate the natural language question into a valid SQL query using the provided schema.

Schema:
Treatment_Types(treatment_type_code, treatment_type_description) | Dogs(dog_id, owner_id->Owners.owner_id, abandoned_yn, breed_code->Breeds.breed_code, size_code->Sizes.size_code, name, age, date_of_birth, gender, weight, date_arrived, date_adopted, date_departed) | Professionals(professional_id, role_code, first_name, street, city, state, zip_code, last_name, email_address, home_phone, cell_number) | Treatments(treatment_id, dog_id->Dogs.dog_id, professional_id->Professionals.professional_id, treatment_type_code->Treatment_Types.treatment_type_code, date_of_treatment, cost_of_treatment)

Question:
What are the date and the operating professional's first name of each treatment?

SQL:

2026-07-31 15:25:59,893 [INFO   ]   >> OUTPUT : SELECT T1.first_name ,  T1.last_name FROM Treatment_Types AS T1 JOIN Professionals AS T2 ON T1.treatment_type_code  =  T2.treatment_type_code GROUP BY T1.treatment_type_code
2026-07-31 15:26:02,308 [INFO   ] [inference] generate_sql  latency_sec=2.396  input_tokens=252  output_tokens=51
2026-07-31 15:26:02,308 [INFO   ]   >> INPUT  : Translate the natural language question into a valid SQL query using the provided schema.

Schema:
Charges(charge_id, charge_type, charge_amount) | Treatment_Types(treatment_type_code, treatment_type_description) | Dogs(dog_id, owner_id->Owners.owner_id, abandoned_yn, breed_code->Breeds.breed_code, size_code->Sizes.size_code, name, age, date_of_birth, gender, weight, date_arrived, date_adopted, date_departed) | Professionals(professional_id, role_code, first_name, street, city, state, zip_code, last_name, email_address, home_phone, cell_number) | Treatments(treatment_id, dog_id->Dogs.dog_id, professional_id->Professionals.professional_id, treatment_type_code->Treatment_Types.treatment_type_code, date_of_treatment, cost_of_treatment)

Question:
List the cost of each treatment and the corresponding treatment type description.

SQL:

2026-07-31 15:26:02,308 [INFO   ]   >> OUTPUT : SELECT T1.treatment_type_code ,  T1.treatment_type_description FROM Treatment_Types AS T1 JOIN Charges AS T2 ON T1.treatment_type_code = T2.treatment_type_code
2026-07-31 15:26:03,284 [INFO   ] [inference] generate_sql  latency_sec=0.958  input_tokens=251  output_tokens=18
2026-07-31 15:26:03,285 [INFO   ]   >> INPUT  : Translate the natural language question into a valid SQL query using the provided schema.

Schema:
Charges(charge_id, charge_type, charge_amount) | Treatment_Types(treatment_type_code, treatment_type_description) | Dogs(dog_id, owner_id->Owners.owner_id, abandoned_yn, breed_code->Breeds.breed_code, size_code->Sizes.size_code, name, age, date_of_birth, gender, weight, date_arrived, date_adopted, date_departed) | Professionals(professional_id, role_code, first_name, street, city, state, zip_code, last_name, email_address, home_phone, cell_number) | Treatments(treatment_id, dog_id->Dogs.dog_id, professional_id->Professionals.professional_id, treatment_type_code->Treatment_Types.treatment_type_code, date_of_treatment, cost_of_treatment)

Question:
What are the cost and treatment type description of each treatment?

SQL:

2026-07-31 15:26:03,285 [INFO   ]   >> OUTPUT : SELECT cost_of_treatment ,  treatment_type_description FROM treatments_types
2026-07-31 15:26:08,253 [INFO   ] [inference] generate_sql  latency_sec=4.937  input_tokens=246  output_tokens=74
2026-07-31 15:26:08,253 [INFO   ]   >> INPUT  : Translate the natural language question into a valid SQL query using the provided schema.

Schema:
Breeds(breed_code, breed_name) | Sizes(size_code, size_description) | Owners(owner_id, first_name, last_name, street, city, state, zip_code, email_address, home_phone, cell_number) | Dogs(dog_id, owner_id->Owners.owner_id, abandoned_yn, breed_code->Breeds.breed_code, size_code->Sizes.size_code, name, age, date_of_birth, gender, weight, date_arrived, date_adopted, date_departed) | Treatments(treatment_id, dog_id->Dogs.dog_id, professional_id->Professionals.professional_id, treatment_type_code->Treatment_Types.treatment_type_code, date_of_treatment, cost_of_treatment)

Question:
List each owner's first name, last name, and the size of his for her dog.

SQL:

2026-07-31 15:26:08,253 [INFO   ]   >> OUTPUT : SELECT T1.first_name ,  T1.last_name ,  T1.size_description FROM Owners AS T1 JOIN Sizes AS T2 ON T1.size_code  =  T2.size_code JOIN Dogs AS T3 ON T1.dog_id  =  T3.dog_id
2026-07-31 15:26:10,730 [INFO   ] [inference] generate_sql  latency_sec=2.4591  input_tokens=245  output_tokens=52
2026-07-31 15:26:10,730 [INFO   ]   >> INPUT  : Translate the natural language question into a valid SQL query using the provided schema.

Schema:
Breeds(breed_code, breed_name) | Sizes(size_code, size_description) | Owners(owner_id, first_name, last_name, street, city, state, zip_code, email_address, home_phone, cell_number) | Dogs(dog_id, owner_id->Owners.owner_id, abandoned_yn, breed_code->Breeds.breed_code, size_code->Sizes.size_code, name, age, date_of_birth, gender, weight, date_arrived, date_adopted, date_departed) | Treatments(treatment_id, dog_id->Dogs.dog_id, professional_id->Professionals.professional_id, treatment_type_code->Treatment_Types.treatment_type_code, date_of_treatment, cost_of_treatment)

Question:
What are each owner's first name, last name, and the size of their dog?

SQL:

2026-07-31 15:26:10,730 [INFO   ]   >> OUTPUT : SELECT T1.first_name ,  T1.last_name ,  T1.size_description FROM Owners AS T1 JOIN Sizes AS T2 ON T1.size_code  =  T2.size_code
2026-07-31 15:26:13,426 [INFO   ] [inference] generate_sql  latency_sec=2.6767  input_tokens=241  output_tokens=41
2026-07-31 15:26:13,426 [INFO   ]   >> INPUT  : Translate the natural language question into a valid SQL query using the provided schema.

Schema:
Breeds(breed_code, breed_name) | Sizes(size_code, size_description) | Owners(owner_id, first_name, last_name, street, city, state, zip_code, email_address, home_phone, cell_number) | Dogs(dog_id, owner_id->Owners.owner_id, abandoned_yn, breed_code->Breeds.breed_code, size_code->Sizes.size_code, name, age, date_of_birth, gender, weight, date_arrived, date_adopted, date_departed) | Treatments(treatment_id, dog_id->Dogs.dog_id, professional_id->Professionals.professional_id, treatment_type_code->Treatment_Types.treatment_type_code, date_of_treatment, cost_of_treatment)

Question:
List pairs of the owner's first name and the dogs's name.

SQL:

2026-07-31 15:26:13,426 [INFO   ]   >> OUTPUT : SELECT T1.name ,  T2.name FROM DOGS AS T1 JOIN owners AS T2 ON T1.owner_id  =  T2.owner_id
2026-07-31 15:26:15,940 [INFO   ] [inference] generate_sql  latency_sec=2.495  input_tokens=240  output_tokens=51
2026-07-31 15:26:15,940 [INFO   ]   >> INPUT  : Translate the natural language question into a valid SQL query using the provided schema.

Schema:
Breeds(breed_code, breed_name) | Sizes(size_code, size_description) | Owners(owner_id, first_name, last_name, street, city, state, zip_code, email_address, home_phone, cell_number) | Dogs(dog_id, owner_id->Owners.owner_id, abandoned_yn, breed_code->Breeds.breed_code, size_code->Sizes.size_code, name, age, date_of_birth, gender, weight, date_arrived, date_adopted, date_departed) | Treatments(treatment_id, dog_id->Dogs.dog_id, professional_id->Professionals.professional_id, treatment_type_code->Treatment_Types.treatment_type_code, date_of_treatment, cost_of_treatment)

Question:
What are each owner's first name and their dogs's name?

SQL:

2026-07-31 15:26:15,941 [INFO   ]   >> OUTPUT : SELECT T2.name ,  T1.first_name ,  T1.last_name FROM DOGS AS T1 JOIN owners AS T2 ON T1.owner_id  =  T2.owner_id
2026-07-31 15:26:20,567 [INFO   ] [inference] generate_sql  latency_sec=4.609  input_tokens=304  output_tokens=78
2026-07-31 15:26:20,567 [INFO   ]   >> INPUT  : Translate the natural language question into a valid SQL query using the provided schema.

Schema:
Breeds(breed_code, breed_name) | Sizes(size_code, size_description) | Treatment_Types(treatment_type_code, treatment_type_description) | Owners(owner_id, first_name, last_name, street, city, state, zip_code, email_address, home_phone, cell_number) | Dogs(dog_id, owner_id->Owners.owner_id, abandoned_yn, breed_code->Breeds.breed_code, size_code->Sizes.size_code, name, age, date_of_birth, gender, weight, date_arrived, date_adopted, date_departed) | Professionals(professional_id, role_code, first_name, street, city, state, zip_code, last_name, email_address, home_phone, cell_number) | Treatments(treatment_id, dog_id->Dogs.dog_id, professional_id->Professionals.professional_id, treatment_type_code->Treatment_Types.treatment_type_code, date_of_treatment, cost_of_treatment)

Question:
List the names of the dogs of the rarest breed and the treatment dates of them.

SQL:

2026-07-31 15:26:20,567 [INFO   ]   >> OUTPUT : SELECT T1.name ,  T2.date_of_treatment FROM dogs AS T1 JOIN treatment_types AS T2 ON T1.treatment_type_code  =  T2.treatment_type_code WHERE T2.treatment_type_description  =  "Rarest" ORDER BY T2.treatment_type_description LIMIT 1
2026-07-31 15:26:23,650 [INFO   ] [inference] generate_sql  latency_sec=3.0646  input_tokens=302  output_tokens=65
2026-07-31 15:26:23,650 [INFO   ]   >> INPUT  : Translate the natural language question into a valid SQL query using the provided schema.

Schema:
Breeds(breed_code, breed_name) | Sizes(size_code, size_description) | Treatment_Types(treatment_type_code, treatment_type_description) | Owners(owner_id, first_name, last_name, street, city, state, zip_code, email_address, home_phone, cell_number) | Dogs(dog_id, owner_id->Owners.owner_id, abandoned_yn, breed_code->Breeds.breed_code, size_code->Sizes.size_code, name, age, date_of_birth, gender, weight, date_arrived, date_adopted, date_departed) | Professionals(professional_id, role_code, first_name, street, city, state, zip_code, last_name, email_address, home_phone, cell_number) | Treatments(treatment_id, dog_id->Dogs.dog_id, professional_id->Professionals.professional_id, treatment_type_code->Treatment_Types.treatment_type_code, date_of_treatment, cost_of_treatment)

Question:
Which dogs are of the rarest breed? Show their names and treatment dates.

SQL:

2026-07-31 15:26:23,650 [INFO   ]   >> OUTPUT : SELECT T1.name ,  T1.treatment_date FROM dogs AS T1 JOIN treatment_types AS T2 ON T1.treatment_id  =  T2.treatment_type_code GROUP BY T1.treatment_type_code ORDER BY count(*) DESC LIMIT 1
2026-07-31 15:26:26,264 [INFO   ] [inference] generate_sql  latency_sec=2.5966  input_tokens=250  output_tokens=54
2026-07-31 15:26:26,265 [INFO   ]   >> INPUT  : Translate the natural language question into a valid SQL query using the provided schema.

Schema:
Breeds(breed_code, breed_name) | Sizes(size_code, size_description) | Owners(owner_id, first_name, last_name, street, city, state, zip_code, email_address, home_phone, cell_number) | Dogs(dog_id, owner_id->Owners.owner_id, abandoned_yn, breed_code->Breeds.breed_code, size_code->Sizes.size_code, name, age, date_of_birth, gender, weight, date_arrived, date_adopted, date_departed) | Treatments(treatment_id, dog_id->Dogs.dog_id, professional_id->Professionals.professional_id, treatment_type_code->Treatment_Types.treatment_type_code, date_of_treatment, cost_of_treatment)

Question:
Which dogs are owned by someone who lives in Virginia? List the owner's first name and the dog's name.

SQL:

2026-07-31 15:26:26,265 [INFO   ]   >> OUTPUT : SELECT T1.first_name ,  T1.last_name FROM dogs AS T1 JOIN owners AS T2 ON T1.owner_id  =  T2.owner_id WHERE T2.city  =  "Virginia"
2026-07-31 15:26:29,300 [INFO   ] [inference] generate_sql  latency_sec=3.0172  input_tokens=244  output_tokens=54
2026-07-31 15:26:29,300 [INFO   ]   >> INPUT  : Translate the natural language question into a valid SQL query using the provided schema.

Schema:
Breeds(breed_code, breed_name) | Sizes(size_code, size_description) | Owners(owner_id, first_name, last_name, street, city, state, zip_code, email_address, home_phone, cell_number) | Dogs(dog_id, owner_id->Owners.owner_id, abandoned_yn, breed_code->Breeds.breed_code, size_code->Sizes.size_code, name, age, date_of_birth, gender, weight, date_arrived, date_adopted, date_departed) | Treatments(treatment_id, dog_id->Dogs.dog_id, professional_id->Professionals.professional_id, treatment_type_code->Treatment_Types.treatment_type_code, date_of_treatment, cost_of_treatment)

Question:
Find the first names of owners living in Virginia and the names of dogs they own.

SQL:

2026-07-31 15:26:29,300 [INFO   ]   >> OUTPUT : SELECT T1.first_name ,  T1.last_name FROM Owners AS T1 JOIN Dogs AS T2 ON T1.owner_id  =  T2.owner_id WHERE T2.city  =  "Virginia"
2026-07-31 15:26:34,029 [INFO   ] [inference] generate_sql  latency_sec=4.7114  input_tokens=305  output_tokens=64
2026-07-31 15:26:34,029 [INFO   ]   >> INPUT  : Translate the natural language question into a valid SQL query using the provided schema.

Schema:
Breeds(breed_code, breed_name) | Sizes(size_code, size_description) | Treatment_Types(treatment_type_code, treatment_type_description) | Owners(owner_id, first_name, last_name, street, city, state, zip_code, email_address, home_phone, cell_number) | Dogs(dog_id, owner_id->Owners.owner_id, abandoned_yn, breed_code->Breeds.breed_code, size_code->Sizes.size_code, name, age, date_of_birth, gender, weight, date_arrived, date_adopted, date_departed) | Professionals(professional_id, role_code, first_name, street, city, state, zip_code, last_name, email_address, home_phone, cell_number) | Treatments(treatment_id, dog_id->Dogs.dog_id, professional_id->Professionals.professional_id, treatment_type_code->Treatment_Types.treatment_type_code, date_of_treatment, cost_of_treatment)

Question:
What are the arriving date and the departing date of the dogs who have gone through a treatment?

SQL:

2026-07-31 15:26:34,029 [INFO   ]   >> OUTPUT : SELECT T1.date_arrived ,  T2.date_departed FROM DOGS AS T1 JOIN TREATMENTS AS T2 ON T1.dog_id  =  T2.dog_id WHERE T2.treatment_type_code  =  "treatment"
2026-07-31 15:26:36,713 [INFO   ] [inference] generate_sql  latency_sec=2.6661  input_tokens=302  output_tokens=50
2026-07-31 15:26:36,713 [INFO   ]   >> INPUT  : Translate the natural language question into a valid SQL query using the provided schema.

Schema:
Breeds(breed_code, breed_name) | Sizes(size_code, size_description) | Treatment_Types(treatment_type_code, treatment_type_description) | Owners(owner_id, first_name, last_name, street, city, state, zip_code, email_address, home_phone, cell_number) | Dogs(dog_id, owner_id->Owners.owner_id, abandoned_yn, breed_code->Breeds.breed_code, size_code->Sizes.size_code, name, age, date_of_birth, gender, weight, date_arrived, date_adopted, date_departed) | Professionals(professional_id, role_code, first_name, street, city, state, zip_code, last_name, email_address, home_phone, cell_number) | Treatments(treatment_id, dog_id->Dogs.dog_id, professional_id->Professionals.professional_id, treatment_type_code->Treatment_Types.treatment_type_code, date_of_treatment, cost_of_treatment)

Question:
Find the arriving date and the departing date of the dogs that received a treatment.

SQL:

2026-07-31 15:26:36,713 [INFO   ]   >> OUTPUT : SELECT T1.date_arrived ,  T2.date_departed FROM DOGS AS T1 JOIN TREATMENTS AS T2 ON T1.dog_id  =  T2.Treatment_id
2026-07-31 15:26:39,245 [INFO   ] [inference] generate_sql  latency_sec=2.5136  input_tokens=239  output_tokens=54
2026-07-31 15:26:39,245 [INFO   ]   >> INPUT  : Translate the natural language question into a valid SQL query using the provided schema.

Schema:
Breeds(breed_code, breed_name) | Sizes(size_code, size_description) | Owners(owner_id, first_name, last_name, street, city, state, zip_code, email_address, home_phone, cell_number) | Dogs(dog_id, owner_id->Owners.owner_id, abandoned_yn, breed_code->Breeds.breed_code, size_code->Sizes.size_code, name, age, date_of_birth, gender, weight, date_arrived, date_adopted, date_departed) | Treatments(treatment_id, dog_id->Dogs.dog_id, professional_id->Professionals.professional_id, treatment_type_code->Treatment_Types.treatment_type_code, date_of_treatment, cost_of_treatment)

Question:
List the last name of the owner owning the youngest dog.

SQL:

2026-07-31 15:26:39,245 [INFO   ]   >> OUTPUT : SELECT T2.last_name FROM DOGS AS T1 JOIN owners AS T2 ON T1.owner_id  =  T2.owner_id WHERE T1.weight  =  (SELECT min(weight) FROM dogs)
2026-07-31 15:26:41,284 [INFO   ] [inference] generate_sql  latency_sec=2.0208  input_tokens=241  output_tokens=42
2026-07-31 15:26:41,284 [INFO   ]   >> INPUT  : Translate the natural language question into a valid SQL query using the provided schema.

Schema:
Breeds(breed_code, breed_name) | Sizes(size_code, size_description) | Owners(owner_id, first_name, last_name, street, city, state, zip_code, email_address, home_phone, cell_number) | Dogs(dog_id, owner_id->Owners.owner_id, abandoned_yn, breed_code->Breeds.breed_code, size_code->Sizes.size_code, name, age, date_of_birth, gender, weight, date_arrived, date_adopted, date_departed) | Treatments(treatment_id, dog_id->Dogs.dog_id, professional_id->Professionals.professional_id, treatment_type_code->Treatment_Types.treatment_type_code, date_of_treatment, cost_of_treatment)

Question:
Who owns the youngest dog? Give me his or her last name.

SQL:

2026-07-31 15:26:41,284 [INFO   ]   >> OUTPUT : SELECT T1.name FROM dogs AS T1 JOIN owners AS T2 ON T1.owner_id  =  T2.owner_id ORDER BY T2.age LIMIT 1
2026-07-31 15:26:42,626 [INFO   ] [inference] generate_sql  latency_sec=1.3209  input_tokens=281  output_tokens=26
2026-07-31 15:26:42,626 [INFO   ]   >> INPUT  : Translate the natural language question into a valid SQL query using the provided schema.

Schema:
Treatment_Types(treatment_type_code, treatment_type_description) | Owners(owner_id, first_name, last_name, street, city, state, zip_code, email_address, home_phone, cell_number) | Dogs(dog_id, owner_id->Owners.owner_id, abandoned_yn, breed_code->Breeds.breed_code, size_code->Sizes.size_code, name, age, date_of_birth, gender, weight, date_arrived, date_adopted, date_departed) | Professionals(professional_id, role_code, first_name, street, city, state, zip_code, last_name, email_address, home_phone, cell_number) | Treatments(treatment_id, dog_id->Dogs.dog_id, professional_id->Professionals.professional_id, treatment_type_code->Treatment_Types.treatment_type_code, date_of_treatment, cost_of_treatment)

Question:
List the emails of the professionals who live in the state of Hawaii or the state of Wisconsin.

SQL:

2026-07-31 15:26:42,626 [INFO   ]   >> OUTPUT : SELECT email_address FROM Professionals WHERE state  =  "Hawaiian" OR state  =  "Wisconsin"
2026-07-31 15:26:44,703 [INFO   ] [inference] generate_sql  latency_sec=2.0587  input_tokens=289  output_tokens=38
2026-07-31 15:26:44,703 [INFO   ]   >> INPUT  : Translate the natural language question into a valid SQL query using the provided schema.

Schema:
Breeds(breed_code, breed_name) | Sizes(size_code, size_description) | Owners(owner_id, first_name, last_name, street, city, state, zip_code, email_address, home_phone, cell_number) | Dogs(dog_id, owner_id->Owners.owner_id, abandoned_yn, breed_code->Breeds.breed_code, size_code->Sizes.size_code, name, age, date_of_birth, gender, weight, date_arrived, date_adopted, date_departed) | Professionals(professional_id, role_code, first_name, street, city, state, zip_code, last_name, email_address, home_phone, cell_number) | Treatments(treatment_id, dog_id->Dogs.dog_id, professional_id->Professionals.professional_id, treatment_type_code->Treatment_Types.treatment_type_code, date_of_treatment, cost_of_treatment)

Question:
What are the emails of the professionals living in either the state of Hawaii or the state of Wisconsin?

SQL:

2026-07-31 15:26:44,704 [INFO   ]   >> OUTPUT : SELECT email_address FROM DOGS WHERE city  =  "Hawaiian" INTERSECT SELECT email_address FROM DOGS WHERE city  =  "Wisconsin"
2026-07-31 15:26:45,808 [INFO   ] [inference] generate_sql  latency_sec=1.077  input_tokens=300  output_tokens=14
2026-07-31 15:26:45,809 [INFO   ]   >> INPUT  : Translate the natural language question into a valid SQL query using the provided schema.

Schema:
Breeds(breed_code, breed_name) | Sizes(size_code, size_description) | Treatment_Types(treatment_type_code, treatment_type_description) | Owners(owner_id, first_name, last_name, street, city, state, zip_code, email_address, home_phone, cell_number) | Dogs(dog_id, owner_id->Owners.owner_id, abandoned_yn, breed_code->Breeds.breed_code, size_code->Sizes.size_code, name, age, date_of_birth, gender, weight, date_arrived, date_adopted, date_departed) | Professionals(professional_id, role_code, first_name, street, city, state, zip_code, last_name, email_address, home_phone, cell_number) | Treatments(treatment_id, dog_id->Dogs.dog_id, professional_id->Professionals.professional_id, treatment_type_code->Treatment_Types.treatment_type_code, date_of_treatment, cost_of_treatment)

Question:
What are the arriving date and the departing date of all the dogs?

SQL:

2026-07-31 15:26:45,809 [INFO   ]   >> OUTPUT : SELECT date_arrived ,  date_departed FROM Dogs
2026-07-31 15:26:46,915 [INFO   ] [inference] generate_sql  latency_sec=1.0755  input_tokens=299  output_tokens=14
2026-07-31 15:26:46,916 [INFO   ]   >> INPUT  : Translate the natural language question into a valid SQL query using the provided schema.

Schema:
Breeds(breed_code, breed_name) | Sizes(size_code, size_description) | Treatment_Types(treatment_type_code, treatment_type_description) | Owners(owner_id, first_name, last_name, street, city, state, zip_code, email_address, home_phone, cell_number) | Dogs(dog_id, owner_id->Owners.owner_id, abandoned_yn, breed_code->Breeds.breed_code, size_code->Sizes.size_code, name, age, date_of_birth, gender, weight, date_arrived, date_adopted, date_departed) | Professionals(professional_id, role_code, first_name, street, city, state, zip_code, last_name, email_address, home_phone, cell_number) | Treatments(treatment_id, dog_id->Dogs.dog_id, professional_id->Professionals.professional_id, treatment_type_code->Treatment_Types.treatment_type_code, date_of_treatment, cost_of_treatment)

Question:
List the arrival date and the departure date for all the dogs.

SQL:

2026-07-31 15:26:46,916 [INFO   ]   >> OUTPUT : SELECT date_arrived ,  date_departed FROM Dogs
2026-07-31 15:26:49,056 [INFO   ] [inference] generate_sql  latency_sec=2.1103  input_tokens=294  output_tokens=32
2026-07-31 15:26:49,057 [INFO   ]   >> INPUT  : Translate the natural language question into a valid SQL query using the provided schema.

Schema:
Breeds(breed_code, breed_name) | Sizes(size_code, size_description) | Treatment_Types(treatment_type_code, treatment_type_description) | Owners(owner_id, first_name, last_name, street, city, state, zip_code, email_address, home_phone, cell_number) | Dogs(dog_id, owner_id->Owners.owner_id, abandoned_yn, breed_code->Breeds.breed_code, size_code->Sizes.size_code, name, age, date_of_birth, gender, weight, date_arrived, date_adopted, date_departed) | Professionals(professional_id, role_code, first_name, street, city, state, zip_code, last_name, email_address, home_phone, cell_number) | Treatments(treatment_id, dog_id->Dogs.dog_id, professional_id->Professionals.professional_id, treatment_type_code->Treatment_Types.treatment_type_code, date_of_treatment, cost_of_treatment)

Question:
How many dogs went through any treatments?

SQL:

2026-07-31 15:26:49,057 [INFO   ]   >> OUTPUT : SELECT count(*) FROM treatments AS T1 JOIN dogs AS T2 ON T1.dog_id  =  T2.dog_id
2026-07-31 15:26:51,373 [INFO   ] [inference] generate_sql  latency_sec=2.2978  input_tokens=297  output_tokens=47
2026-07-31 15:26:51,373 [INFO   ]   >> INPUT  : Translate the natural language question into a valid SQL query using the provided schema.

Schema:
Breeds(breed_code, breed_name) | Sizes(size_code, size_description) | Treatment_Types(treatment_type_code, treatment_type_description) | Owners(owner_id, first_name, last_name, street, city, state, zip_code, email_address, home_phone, cell_number) | Dogs(dog_id, owner_id->Owners.owner_id, abandoned_yn, breed_code->Breeds.breed_code, size_code->Sizes.size_code, name, age, date_of_birth, gender, weight, date_arrived, date_adopted, date_departed) | Professionals(professional_id, role_code, first_name, street, city, state, zip_code, last_name, email_address, home_phone, cell_number) | Treatments(treatment_id, dog_id->Dogs.dog_id, professional_id->Professionals.professional_id, treatment_type_code->Treatment_Types.treatment_type_code, date_of_treatment, cost_of_treatment)

Question:
Count the number of dogs that went through a treatment.

SQL:

2026-07-31 15:26:51,373 [INFO   ]   >> OUTPUT : SELECT count(*) FROM dogs AS T1 JOIN treatments AS T2 ON T1.dog_id  =  T2.dog_id WHERE T2.treatment_type_code  =  "treatment"
2026-07-31 15:26:53,625 [INFO   ] [inference] generate_sql  latency_sec=2.2347  input_tokens=296  output_tokens=47
2026-07-31 15:26:53,625 [INFO   ]   >> INPUT  : Translate the natural language question into a valid SQL query using the provided schema.

Schema:
Breeds(breed_code, breed_name) | Sizes(size_code, size_description) | Treatment_Types(treatment_type_code, treatment_type_description) | Owners(owner_id, first_name, last_name, street, city, state, zip_code, email_address, home_phone, cell_number) | Dogs(dog_id, owner_id->Owners.owner_id, abandoned_yn, breed_code->Breeds.breed_code, size_code->Sizes.size_code, name, age, date_of_birth, gender, weight, date_arrived, date_adopted, date_departed) | Professionals(professional_id, role_code, first_name, street, city, state, zip_code, last_name, email_address, home_phone, cell_number) | Treatments(treatment_id, dog_id->Dogs.dog_id, professional_id->Professionals.professional_id, treatment_type_code->Treatment_Types.treatment_type_code, date_of_treatment, cost_of_treatment)

Question:
How many professionals have performed any treatment to dogs?

SQL:

2026-07-31 15:26:53,625 [INFO   ]   >> OUTPUT : SELECT count(*) FROM treatments AS T1 JOIN dogs AS T2 ON T1.dog_id  =  T2.dog_id WHERE T1.treatment_type_code  =  "professional"
2026-07-31 15:26:57,250 [INFO   ] [inference] generate_sql  latency_sec=3.5975  input_tokens=297  output_tokens=77
2026-07-31 15:26:57,250 [INFO   ]   >> INPUT  : Translate the natural language question into a valid SQL query using the provided schema.

Schema:
Breeds(breed_code, breed_name) | Sizes(size_code, size_description) | Treatment_Types(treatment_type_code, treatment_type_description) | Owners(owner_id, first_name, last_name, street, city, state, zip_code, email_address, home_phone, cell_number) | Dogs(dog_id, owner_id->Owners.owner_id, abandoned_yn, breed_code->Breeds.breed_code, size_code->Sizes.size_code, name, age, date_of_birth, gender, weight, date_arrived, date_adopted, date_departed) | Professionals(professional_id, role_code, first_name, street, city, state, zip_code, last_name, email_address, home_phone, cell_number) | Treatments(treatment_id, dog_id->Dogs.dog_id, professional_id->Professionals.professional_id, treatment_type_code->Treatment_Types.treatment_type_code, date_of_treatment, cost_of_treatment)

Question:
Find the number of professionals who have ever treated dogs.

SQL:

2026-07-31 15:26:57,250 [INFO   ]   >> OUTPUT : SELECT count(*) FROM dogs AS T1 JOIN treatment_types AS T2 ON T1.treatment_type_code  =  T2.treatment_type_code JOIN breeds AS T3 ON T1.breed_code  =  T3.breed_code WHERE T3.breed_name  =  'Dogs'
2026-07-31 15:27:01,302 [INFO   ] [inference] generate_sql  latency_sec=4.0334  input_tokens=294  output_tokens=66
2026-07-31 15:27:01,302 [INFO   ]   >> INPUT  : Translate the natural language question into a valid SQL query using the provided schema.

Schema:
Breeds(breed_code, breed_name) | Sizes(size_code, size_description) | Owners(owner_id, first_name, last_name, street, city, state, zip_code, email_address, home_phone, cell_number) | Dogs(dog_id, owner_id->Owners.owner_id, abandoned_yn, breed_code->Breeds.breed_code, size_code->Sizes.size_code, name, age, date_of_birth, gender, weight, date_arrived, date_adopted, date_departed) | Professionals(professional_id, role_code, first_name, street, city, state, zip_code, last_name, email_address, home_phone, cell_number) | Treatments(treatment_id, dog_id->Dogs.dog_id, professional_id->Professionals.professional_id, treatment_type_code->Treatment_Types.treatment_type_code, date_of_treatment, cost_of_treatment)

Question:
Which professionals live in a city containing the substring 'West'? List his or her role, street, city and state.

SQL:

2026-07-31 15:27:01,302 [INFO   ]   >> OUTPUT : SELECT T1.role_code ,  T1.street ,  T1.city ,  T1.state FROM Treatments AS T1 JOIN Professionals AS T2 ON T1.professional_id  =  T2.professional_id WHERE T2.city LIKE '% West%'
2026-07-31 15:27:04,645 [INFO   ] [inference] generate_sql  latency_sec=3.3244  input_tokens=286  output_tokens=70
2026-07-31 15:27:04,645 [INFO   ]   >> INPUT  : Translate the natural language question into a valid SQL query using the provided schema.

Schema:
Treatment_Types(treatment_type_code, treatment_type_description) | Owners(owner_id, first_name, last_name, street, city, state, zip_code, email_address, home_phone, cell_number) | Dogs(dog_id, owner_id->Owners.owner_id, abandoned_yn, breed_code->Breeds.breed_code, size_code->Sizes.size_code, name, age, date_of_birth, gender, weight, date_arrived, date_adopted, date_departed) | Professionals(professional_id, role_code, first_name, street, city, state, zip_code, last_name, email_address, home_phone, cell_number) | Treatments(treatment_id, dog_id->Dogs.dog_id, professional_id->Professionals.professional_id, treatment_type_code->Treatment_Types.treatment_type_code, date_of_treatment, cost_of_treatment)

Question:
Find the role, street, city and state of the professionals living in a city that contains the substring 'West'.

SQL:

2026-07-31 15:27:04,645 [INFO   ]   >> OUTPUT : SELECT T1.role_code ,  T1.street ,  T1.city ,  T1.state FROM Professionals AS T1 JOIN Treatments AS T2 ON T1.professional_id  =  T2.professional_id WHERE T2.treatment_type_code  =  "West"
2026-07-31 15:27:07,402 [INFO   ] [inference] generate_sql  latency_sec=2.7389  input_tokens=294  output_tokens=59
2026-07-31 15:27:07,402 [INFO   ]   >> INPUT  : Translate the natural language question into a valid SQL query using the provided schema.

Schema:
Breeds(breed_code, breed_name) | Sizes(size_code, size_description) | Owners(owner_id, first_name, last_name, street, city, state, zip_code, email_address, home_phone, cell_number) | Dogs(dog_id, owner_id->Owners.owner_id, abandoned_yn, breed_code->Breeds.breed_code, size_code->Sizes.size_code, name, age, date_of_birth, gender, weight, date_arrived, date_adopted, date_departed) | Professionals(professional_id, role_code, first_name, street, city, state, zip_code, last_name, email_address, home_phone, cell_number) | Treatments(treatment_id, dog_id->Dogs.dog_id, professional_id->Professionals.professional_id, treatment_type_code->Treatment_Types.treatment_type_code, date_of_treatment, cost_of_treatment)

Question:
Which owners live in the state whose name contains the substring 'North'? List his first name, last name and email.

SQL:

2026-07-31 15:27:07,402 [INFO   ]   >> OUTPUT : SELECT T1.first_name ,  T1.last_name ,  T1.email_address FROM Owners AS T1 JOIN states AS T2 ON T1.state  =  T2.state WHERE T2.state_name LIKE 'North%'
2026-07-31 15:27:10,336 [INFO   ] [inference] generate_sql  latency_sec=2.9159  input_tokens=294  output_tokens=58
2026-07-31 15:27:10,336 [INFO   ]   >> INPUT  : Translate the natural language question into a valid SQL query using the provided schema.

Schema:
Breeds(breed_code, breed_name) | Sizes(size_code, size_description) | Owners(owner_id, first_name, last_name, street, city, state, zip_code, email_address, home_phone, cell_number) | Dogs(dog_id, owner_id->Owners.owner_id, abandoned_yn, breed_code->Breeds.breed_code, size_code->Sizes.size_code, name, age, date_of_birth, gender, weight, date_arrived, date_adopted, date_departed) | Professionals(professional_id, role_code, first_name, street, city, state, zip_code, last_name, email_address, home_phone, cell_number) | Treatments(treatment_id, dog_id->Dogs.dog_id, professional_id->Professionals.professional_id, treatment_type_code->Treatment_Types.treatment_type_code, date_of_treatment, cost_of_treatment)

Question:
Return the first name, last name and email of the owners living in a state whose name contains the substring 'North'.

SQL:

2026-07-31 15:27:10,336 [INFO   ]   >> OUTPUT : SELECT T1.first_name ,  T1.last_name ,  T1.email_address FROM Owners AS T1 JOIN states AS T2 ON T1.state  =  T2.state WHERE T2.state_name LIKE 'North'
2026-07-31 15:27:11,675 [INFO   ] [inference] generate_sql  latency_sec=1.319  input_tokens=296  output_tokens=21
2026-07-31 15:27:11,676 [INFO   ]   >> INPUT  : Translate the natural language question into a valid SQL query using the provided schema.

Schema:
Breeds(breed_code, breed_name) | Sizes(size_code, size_description) | Treatment_Types(treatment_type_code, treatment_type_description) | Owners(owner_id, first_name, last_name, street, city, state, zip_code, email_address, home_phone, cell_number) | Dogs(dog_id, owner_id->Owners.owner_id, abandoned_yn, breed_code->Breeds.breed_code, size_code->Sizes.size_code, name, age, date_of_birth, gender, weight, date_arrived, date_adopted, date_departed) | Professionals(professional_id, role_code, first_name, street, city, state, zip_code, last_name, email_address, home_phone, cell_number) | Treatments(treatment_id, dog_id->Dogs.dog_id, professional_id->Professionals.professional_id, treatment_type_code->Treatment_Types.treatment_type_code, date_of_treatment, cost_of_treatment)

Question:
How many dogs have an age below the average?

SQL:

2026-07-31 15:27:11,676 [INFO   ]   >> OUTPUT : SELECT count(*) FROM Dogs WHERE age  <  (SELECT avg(age) FROM Dogs)
2026-07-31 15:27:13,156 [INFO   ] [inference] generate_sql  latency_sec=1.4514  input_tokens=298  output_tokens=21
2026-07-31 15:27:13,157 [INFO   ]   >> INPUT  : Translate the natural language question into a valid SQL query using the provided schema.

Schema:
Breeds(breed_code, breed_name) | Sizes(size_code, size_description) | Treatment_Types(treatment_type_code, treatment_type_description) | Owners(owner_id, first_name, last_name, street, city, state, zip_code, email_address, home_phone, cell_number) | Dogs(dog_id, owner_id->Owners.owner_id, abandoned_yn, breed_code->Breeds.breed_code, size_code->Sizes.size_code, name, age, date_of_birth, gender, weight, date_arrived, date_adopted, date_departed) | Professionals(professional_id, role_code, first_name, street, city, state, zip_code, last_name, email_address, home_phone, cell_number) | Treatments(treatment_id, dog_id->Dogs.dog_id, professional_id->Professionals.professional_id, treatment_type_code->Treatment_Types.treatment_type_code, date_of_treatment, cost_of_treatment)

Question:
Count the number of dogs of an age below the average.

SQL:

2026-07-31 15:27:13,157 [INFO   ]   >> OUTPUT : SELECT count(*) FROM Dogs WHERE age  <  (SELECT avg(age) FROM Dogs)
2026-07-31 15:27:15,161 [INFO   ] [inference] generate_sql  latency_sec=1.9753  input_tokens=248  output_tokens=31
2026-07-31 15:27:15,162 [INFO   ]   >> INPUT  : Translate the natural language question into a valid SQL query using the provided schema.

Schema:
Charges(charge_id, charge_type, charge_amount) | Treatment_Types(treatment_type_code, treatment_type_description) | Dogs(dog_id, owner_id->Owners.owner_id, abandoned_yn, breed_code->Breeds.breed_code, size_code->Sizes.size_code, name, age, date_of_birth, gender, weight, date_arrived, date_adopted, date_departed) | Professionals(professional_id, role_code, first_name, street, city, state, zip_code, last_name, email_address, home_phone, cell_number) | Treatments(treatment_id, dog_id->Dogs.dog_id, professional_id->Professionals.professional_id, treatment_type_code->Treatment_Types.treatment_type_code, date_of_treatment, cost_of_treatment)

Question:
How much does the most recent treatment cost?

SQL:

2026-07-31 15:27:15,162 [INFO   ]   >> OUTPUT : SELECT cost_of_treatment FROM treatments WHERE date_of_treatment  =  (SELECT max(date_of_treatment) FROM treatments)
2026-07-31 15:27:16,321 [INFO   ] [inference] generate_sql  latency_sec=1.1396  input_tokens=250  output_tokens=21
2026-07-31 15:27:16,322 [INFO   ]   >> INPUT  : Translate the natural language question into a valid SQL query using the provided schema.

Schema:
Charges(charge_id, charge_type, charge_amount) | Treatment_Types(treatment_type_code, treatment_type_description) | Dogs(dog_id, owner_id->Owners.owner_id, abandoned_yn, breed_code->Breeds.breed_code, size_code->Sizes.size_code, name, age, date_of_birth, gender, weight, date_arrived, date_adopted, date_departed) | Professionals(professional_id, role_code, first_name, street, city, state, zip_code, last_name, email_address, home_phone, cell_number) | Treatments(treatment_id, dog_id->Dogs.dog_id, professional_id->Professionals.professional_id, treatment_type_code->Treatment_Types.treatment_type_code, date_of_treatment, cost_of_treatment)

Question:
Show me the cost of the most recently performed treatment.

SQL:

2026-07-31 15:27:16,322 [INFO   ]   >> OUTPUT : SELECT cost_of_treatment FROM treatments ORDER BY date_of_treatment DESC LIMIT 1
2026-07-31 15:27:18,926 [INFO   ] [inference] generate_sql  latency_sec=2.5857  input_tokens=296  output_tokens=49
2026-07-31 15:27:18,926 [INFO   ]   >> INPUT  : Translate the natural language question into a valid SQL query using the provided schema.

Schema:
Breeds(breed_code, breed_name) | Sizes(size_code, size_description) | Treatment_Types(treatment_type_code, treatment_type_description) | Owners(owner_id, first_name, last_name, street, city, state, zip_code, email_address, home_phone, cell_number) | Dogs(dog_id, owner_id->Owners.owner_id, abandoned_yn, breed_code->Breeds.breed_code, size_code->Sizes.size_code, name, age, date_of_birth, gender, weight, date_arrived, date_adopted, date_departed) | Professionals(professional_id, role_code, first_name, street, city, state, zip_code, last_name, email_address, home_phone, cell_number) | Treatments(treatment_id, dog_id->Dogs.dog_id, professional_id->Professionals.professional_id, treatment_type_code->Treatment_Types.treatment_type_code, date_of_treatment, cost_of_treatment)

Question:
How many dogs have not gone through any treatment?

SQL:

2026-07-31 15:27:18,926 [INFO   ]   >> OUTPUT : SELECT count(*) FROM Dogs WHERE dog_id NOT IN (SELECT T1.dog_id FROM treatments AS T1 JOIN owners AS T2 ON T1.dog_id  =  T2.dog_id)
2026-07-31 15:27:21,246 [INFO   ] [inference] generate_sql  latency_sec=2.2989  input_tokens=299  output_tokens=49
2026-07-31 15:27:21,246 [INFO   ]   >> INPUT  : Translate the natural language question into a valid SQL query using the provided schema.

Schema:
Breeds(breed_code, breed_name) | Sizes(size_code, size_description) | Treatment_Types(treatment_type_code, treatment_type_description) | Owners(owner_id, first_name, last_name, street, city, state, zip_code, email_address, home_phone, cell_number) | Dogs(dog_id, owner_id->Owners.owner_id, abandoned_yn, breed_code->Breeds.breed_code, size_code->Sizes.size_code, name, age, date_of_birth, gender, weight, date_arrived, date_adopted, date_departed) | Professionals(professional_id, role_code, first_name, street, city, state, zip_code, last_name, email_address, home_phone, cell_number) | Treatments(treatment_id, dog_id->Dogs.dog_id, professional_id->Professionals.professional_id, treatment_type_code->Treatment_Types.treatment_type_code, date_of_treatment, cost_of_treatment)

Question:
Tell me the number of dogs that have not received any treatment .

SQL:

2026-07-31 15:27:21,246 [INFO   ]   >> OUTPUT : SELECT count(*) FROM Dogs WHERE dog_id NOT IN (SELECT T1.dog_id FROM treatments AS T1 JOIN owners AS T2 ON T1.dog_id  =  T2.dog_id)
2026-07-31 15:27:22,594 [INFO   ] [inference] generate_sql  latency_sec=1.3302  input_tokens=237  output_tokens=21
2026-07-31 15:27:22,594 [INFO   ]   >> INPUT  : Translate the natural language question into a valid SQL query using the provided schema.

Schema:
Breeds(breed_code, breed_name) | Sizes(size_code, size_description) | Owners(owner_id, first_name, last_name, street, city, state, zip_code, email_address, home_phone, cell_number) | Dogs(dog_id, owner_id->Owners.owner_id, abandoned_yn, breed_code->Breeds.breed_code, size_code->Sizes.size_code, name, age, date_of_birth, gender, weight, date_arrived, date_adopted, date_departed) | Treatments(treatment_id, dog_id->Dogs.dog_id, professional_id->Professionals.professional_id, treatment_type_code->Treatment_Types.treatment_type_code, date_of_treatment, cost_of_treatment)

Question:
How many owners temporarily do not have any dogs?

SQL:

2026-07-31 15:27:22,594 [INFO   ]   >> OUTPUT : SELECT count(*) FROM Owners WHERE owner_id NOT IN (SELECT owner_id FROM Dogs)
2026-07-31 15:27:24,012 [INFO   ] [inference] generate_sql  latency_sec=1.3965  input_tokens=242  output_tokens=21
2026-07-31 15:27:24,012 [INFO   ]   >> INPUT  : Translate the natural language question into a valid SQL query using the provided schema.

Schema:
Breeds(breed_code, breed_name) | Sizes(size_code, size_description) | Owners(owner_id, first_name, last_name, street, city, state, zip_code, email_address, home_phone, cell_number) | Dogs(dog_id, owner_id->Owners.owner_id, abandoned_yn, breed_code->Breeds.breed_code, size_code->Sizes.size_code, name, age, date_of_birth, gender, weight, date_arrived, date_adopted, date_departed) | Treatments(treatment_id, dog_id->Dogs.dog_id, professional_id->Professionals.professional_id, treatment_type_code->Treatment_Types.treatment_type_code, date_of_treatment, cost_of_treatment)

Question:
Find the number of owners who do not own any dogs at this moment.

SQL:

2026-07-31 15:27:24,012 [INFO   ]   >> OUTPUT : SELECT count(*) FROM Owners WHERE owner_id NOT IN (SELECT owner_id FROM Dogs)
2026-07-31 15:27:28,847 [INFO   ] [inference] generate_sql  latency_sec=4.8165  input_tokens=297  output_tokens=83
2026-07-31 15:27:28,847 [INFO   ]   >> INPUT  : Translate the natural language question into a valid SQL query using the provided schema.

Schema:
Breeds(breed_code, breed_name) | Sizes(size_code, size_description) | Treatment_Types(treatment_type_code, treatment_type_description) | Owners(owner_id, first_name, last_name, street, city, state, zip_code, email_address, home_phone, cell_number) | Dogs(dog_id, owner_id->Owners.owner_id, abandoned_yn, breed_code->Breeds.breed_code, size_code->Sizes.size_code, name, age, date_of_birth, gender, weight, date_arrived, date_adopted, date_departed) | Professionals(professional_id, role_code, first_name, street, city, state, zip_code, last_name, email_address, home_phone, cell_number) | Treatments(treatment_id, dog_id->Dogs.dog_id, professional_id->Professionals.professional_id, treatment_type_code->Treatment_Types.treatment_type_code, date_of_treatment, cost_of_treatment)

Question:
How many professionals did not operate any treatment on dogs?

SQL:

2026-07-31 15:27:28,847 [INFO   ]   >> OUTPUT : SELECT count(*) FROM professionals AS T1 JOIN dogs AS T2 ON T1.dog_id  =  T2.dog_id EXCEPT SELECT T3.professional_id FROM treatments AS T3 JOIN dogs AS T4 ON T3.treatment_id  =  T4.treatment_id WHERE T4.treatment_type_code  =  "professional"
2026-07-31 15:27:34,079 [INFO   ] [inference] generate_sql  latency_sec=5.2141  input_tokens=298  output_tokens=99
2026-07-31 15:27:34,079 [INFO   ]   >> INPUT  : Translate the natural language question into a valid SQL query using the provided schema.

Schema:
Breeds(breed_code, breed_name) | Sizes(size_code, size_description) | Treatment_Types(treatment_type_code, treatment_type_description) | Owners(owner_id, first_name, last_name, street, city, state, zip_code, email_address, home_phone, cell_number) | Dogs(dog_id, owner_id->Owners.owner_id, abandoned_yn, breed_code->Breeds.breed_code, size_code->Sizes.size_code, name, age, date_of_birth, gender, weight, date_arrived, date_adopted, date_departed) | Professionals(professional_id, role_code, first_name, street, city, state, zip_code, last_name, email_address, home_phone, cell_number) | Treatments(treatment_id, dog_id->Dogs.dog_id, professional_id->Professionals.professional_id, treatment_type_code->Treatment_Types.treatment_type_code, date_of_treatment, cost_of_treatment)

Question:
Find the number of professionals who have not treated any dogs.

SQL:

2026-07-31 15:27:34,079 [INFO   ]   >> OUTPUT : SELECT count(*) FROM professionals AS T1 JOIN treatments AS T2 ON T1.professional_id  =  T2.professional_id JOIN dogs AS T3 ON T2.dog_id  =  T3.dog_id WHERE T3.treatment_id NOT IN (SELECT T3.treatment_id FROM treatments AS T4 JOIN dogs AS T5 ON T4.dog_id  =  T5.dog_id)
2026-07-31 15:27:37,005 [INFO   ] [inference] generate_sql  latency_sec=2.9055  input_tokens=313  output_tokens=60
2026-07-31 15:27:37,005 [INFO   ]   >> INPUT  : Translate the natural language question into a valid SQL query using the provided schema.

Schema:
Breeds(breed_code, breed_name) | Sizes(size_code, size_description) | Treatment_Types(treatment_type_code, treatment_type_description) | Owners(owner_id, first_name, last_name, street, city, state, zip_code, email_address, home_phone, cell_number) | Dogs(dog_id, owner_id->Owners.owner_id, abandoned_yn, breed_code->Breeds.breed_code, size_code->Sizes.size_code, name, age, date_of_birth, gender, weight, date_arrived, date_adopted, date_departed) | Professionals(professional_id, role_code, first_name, street, city, state, zip_code, last_name, email_address, home_phone, cell_number) | Treatments(treatment_id, dog_id->Dogs.dog_id, professional_id->Professionals.professional_id, treatment_type_code->Treatment_Types.treatment_type_code, date_of_treatment, cost_of_treatment)

Question:
List the dog name, age and weight of the dogs who have been abandoned? 1 stands for yes, and 0 stands for no.

S
2026-07-31 15:27:37,005 [INFO   ]   >> OUTPUT : SELECT T1.name ,  T1.age ,  T1.weight FROM dogs AS T1 JOIN abandoned_dogs AS T2 ON T1.dog_id  =  T2.dog_id WHERE T2.abandoned_yn  =  1
2026-07-31 15:27:40,615 [INFO   ] [inference] generate_sql  latency_sec=3.5915  input_tokens=318  output_tokens=65
2026-07-31 15:27:40,615 [INFO   ]   >> INPUT  : Translate the natural language question into a valid SQL query using the provided schema.

Schema:
Breeds(breed_code, breed_name) | Sizes(size_code, size_description) | Treatment_Types(treatment_type_code, treatment_type_description) | Owners(owner_id, first_name, last_name, street, city, state, zip_code, email_address, home_phone, cell_number) | Dogs(dog_id, owner_id->Owners.owner_id, abandoned_yn, breed_code->Breeds.breed_code, size_code->Sizes.size_code, name, age, date_of_birth, gender, weight, date_arrived, date_adopted, date_departed) | Professionals(professional_id, role_code, first_name, street, city, state, zip_code, last_name, email_address, home_phone, cell_number) | Treatments(treatment_id, dog_id->Dogs.dog_id, professional_id->Professionals.professional_id, treatment_type_code->Treatment_Types.treatment_type_code, date_of_treatment, cost_of_treatment)

Question:
What are the dog name, age and weight of the dogs that were abandoned? Note that 1 stands for yes, and 0 stands 
2026-07-31 15:27:40,615 [INFO   ]   >> OUTPUT : SELECT T1.name ,  T1.age ,  T1.weight FROM dogs AS T1 JOIN abandoned_dogs AS T2 ON T1.dog_id  =  T2.dog_id GROUP BY T1.name ,  T1.age ,  T1.weight
2026-07-31 15:27:41,263 [INFO   ] [inference] generate_sql  latency_sec=0.6179  input_tokens=296  output_tokens=8
2026-07-31 15:27:41,263 [INFO   ]   >> INPUT  : Translate the natural language question into a valid SQL query using the provided schema.

Schema:
Breeds(breed_code, breed_name) | Sizes(size_code, size_description) | Treatment_Types(treatment_type_code, treatment_type_description) | Owners(owner_id, first_name, last_name, street, city, state, zip_code, email_address, home_phone, cell_number) | Dogs(dog_id, owner_id->Owners.owner_id, abandoned_yn, breed_code->Breeds.breed_code, size_code->Sizes.size_code, name, age, date_of_birth, gender, weight, date_arrived, date_adopted, date_departed) | Professionals(professional_id, role_code, first_name, street, city, state, zip_code, last_name, email_address, home_phone, cell_number) | Treatments(treatment_id, dog_id->Dogs.dog_id, professional_id->Professionals.professional_id, treatment_type_code->Treatment_Types.treatment_type_code, date_of_treatment, cost_of_treatment)

Question:
What is the average age of all the dogs?

SQL:

2026-07-31 15:27:41,263 [INFO   ]   >> OUTPUT : SELECT avg(age) FROM Dogs
2026-07-31 15:27:41,966 [INFO   ] [inference] generate_sql  latency_sec=0.6757  input_tokens=296  output_tokens=8
2026-07-31 15:27:41,966 [INFO   ]   >> INPUT  : Translate the natural language question into a valid SQL query using the provided schema.

Schema:
Breeds(breed_code, breed_name) | Sizes(size_code, size_description) | Treatment_Types(treatment_type_code, treatment_type_description) | Owners(owner_id, first_name, last_name, street, city, state, zip_code, email_address, home_phone, cell_number) | Dogs(dog_id, owner_id->Owners.owner_id, abandoned_yn, breed_code->Breeds.breed_code, size_code->Sizes.size_code, name, age, date_of_birth, gender, weight, date_arrived, date_adopted, date_departed) | Professionals(professional_id, role_code, first_name, street, city, state, zip_code, last_name, email_address, home_phone, cell_number) | Treatments(treatment_id, dog_id->Dogs.dog_id, professional_id->Professionals.professional_id, treatment_type_code->Treatment_Types.treatment_type_code, date_of_treatment, cost_of_treatment)

Question:
Compute the average age of all the dogs.

SQL:

2026-07-31 15:27:41,966 [INFO   ]   >> OUTPUT : SELECT avg(age) FROM Dogs
2026-07-31 15:27:43,108 [INFO   ] [inference] generate_sql  latency_sec=1.11  input_tokens=295  output_tokens=17
2026-07-31 15:27:43,108 [INFO   ]   >> INPUT  : Translate the natural language question into a valid SQL query using the provided schema.

Schema:
Breeds(breed_code, breed_name) | Sizes(size_code, size_description) | Treatment_Types(treatment_type_code, treatment_type_description) | Owners(owner_id, first_name, last_name, street, city, state, zip_code, email_address, home_phone, cell_number) | Dogs(dog_id, owner_id->Owners.owner_id, abandoned_yn, breed_code->Breeds.breed_code, size_code->Sizes.size_code, name, age, date_of_birth, gender, weight, date_arrived, date_adopted, date_departed) | Professionals(professional_id, role_code, first_name, street, city, state, zip_code, last_name, email_address, home_phone, cell_number) | Treatments(treatment_id, dog_id->Dogs.dog_id, professional_id->Professionals.professional_id, treatment_type_code->Treatment_Types.treatment_type_code, date_of_treatment, cost_of_treatment)

Question:
What is the age of the oldest dog?

SQL:

2026-07-31 15:27:43,108 [INFO   ]   >> OUTPUT : SELECT date_of_birth FROM Dogs WHERE dog_id  =  1
2026-07-31 15:27:44,258 [INFO   ] [inference] generate_sql  latency_sec=1.1307  input_tokens=295  output_tokens=23
2026-07-31 15:27:44,258 [INFO   ]   >> INPUT  : Translate the natural language question into a valid SQL query using the provided schema.

Schema:
Breeds(breed_code, breed_name) | Sizes(size_code, size_description) | Treatment_Types(treatment_type_code, treatment_type_description) | Owners(owner_id, first_name, last_name, street, city, state, zip_code, email_address, home_phone, cell_number) | Dogs(dog_id, owner_id->Owners.owner_id, abandoned_yn, breed_code->Breeds.breed_code, size_code->Sizes.size_code, name, age, date_of_birth, gender, weight, date_arrived, date_adopted, date_departed) | Professionals(professional_id, role_code, first_name, street, city, state, zip_code, last_name, email_address, home_phone, cell_number) | Treatments(treatment_id, dog_id->Dogs.dog_id, professional_id->Professionals.professional_id, treatment_type_code->Treatment_Types.treatment_type_code, date_of_treatment, cost_of_treatment)

Question:
Tell me the age of the oldest dog.

SQL:

2026-07-31 15:27:44,258 [INFO   ]   >> OUTPUT : SELECT date_of_birth FROM Dogs WHERE age  =  (SELECT max(age) FROM Dogs)
2026-07-31 15:27:46,452 [INFO   ] [inference] generate_sql  latency_sec=2.1748  input_tokens=254  output_tokens=47
2026-07-31 15:27:46,452 [INFO   ]   >> INPUT  : Translate the natural language question into a valid SQL query using the provided schema.

Schema:
Charges(charge_id, charge_type, charge_amount) | Treatment_Types(treatment_type_code, treatment_type_description) | Dogs(dog_id, owner_id->Owners.owner_id, abandoned_yn, breed_code->Breeds.breed_code, size_code->Sizes.size_code, name, age, date_of_birth, gender, weight, date_arrived, date_adopted, date_departed) | Professionals(professional_id, role_code, first_name, street, city, state, zip_code, last_name, email_address, home_phone, cell_number) | Treatments(treatment_id, dog_id->Dogs.dog_id, professional_id->Professionals.professional_id, treatment_type_code->Treatment_Types.treatment_type_code, date_of_treatment, cost_of_treatment)

Question:
How much does each charge type costs? List both charge type and amount.

SQL:

2026-07-31 15:27:46,452 [INFO   ]   >> OUTPUT : SELECT T1.charge_type ,  T1.charge_amount FROM Charges AS T1 JOIN Treatment_Types AS T2 ON T1.charge_type  =  T2.treatment_type_code
2026-07-31 15:27:47,268 [INFO   ] [inference] generate_sql  latency_sec=0.7975  input_tokens=247  output_tokens=12
2026-07-31 15:27:47,268 [INFO   ]   >> INPUT  : Translate the natural language question into a valid SQL query using the provided schema.

Schema:
Charges(charge_id, charge_type, charge_amount) | Treatment_Types(treatment_type_code, treatment_type_description) | Dogs(dog_id, owner_id->Owners.owner_id, abandoned_yn, breed_code->Breeds.breed_code, size_code->Sizes.size_code, name, age, date_of_birth, gender, weight, date_arrived, date_adopted, date_departed) | Professionals(professional_id, role_code, first_name, street, city, state, zip_code, last_name, email_address, home_phone, cell_number) | Treatments(treatment_id, dog_id->Dogs.dog_id, professional_id->Professionals.professional_id, treatment_type_code->Treatment_Types.treatment_type_code, date_of_treatment, cost_of_treatment)

Question:
List each charge type and its amount.

SQL:

2026-07-31 15:27:47,268 [INFO   ]   >> OUTPUT : SELECT charge_type ,  charge_amount FROM Charges
2026-07-31 15:27:49,515 [INFO   ] [inference] generate_sql  latency_sec=2.2279  input_tokens=286  output_tokens=38
2026-07-31 15:27:49,515 [INFO   ]   >> INPUT  : Translate the natural language question into a valid SQL query using the provided schema.

Schema:
Charges(charge_id, charge_type, charge_amount) | Treatment_Types(treatment_type_code, treatment_type_description) | Owners(owner_id, first_name, last_name, street, city, state, zip_code, email_address, home_phone, cell_number) | Dogs(dog_id, owner_id->Owners.owner_id, abandoned_yn, breed_code->Breeds.breed_code, size_code->Sizes.size_code, name, age, date_of_birth, gender, weight, date_arrived, date_adopted, date_departed) | Professionals(professional_id, role_code, first_name, street, city, state, zip_code, last_name, email_address, home_phone, cell_number) | Treatments(treatment_id, dog_id->Dogs.dog_id, professional_id->Professionals.professional_id, treatment_type_code->Treatment_Types.treatment_type_code, date_of_treatment, cost_of_treatment)

Question:
How much does the most expensive charge type costs?

SQL:

2026-07-31 15:27:49,515 [INFO   ]   >> OUTPUT : SELECT cost_of_treatment FROM Charges WHERE charge_type_code  =  "expensive" GROUP BY charge_type_code ORDER BY count(*) DESC LIMIT 1
2026-07-31 15:27:51,076 [INFO   ] [inference] generate_sql  latency_sec=1.5433  input_tokens=251  output_tokens=15
2026-07-31 15:27:51,077 [INFO   ]   >> INPUT  : Translate the natural language question into a valid SQL query using the provided schema.

Schema:
Charges(charge_id, charge_type, charge_amount) | Treatment_Types(treatment_type_code, treatment_type_description) | Dogs(dog_id, owner_id->Owners.owner_id, abandoned_yn, breed_code->Breeds.breed_code, size_code->Sizes.size_code, name, age, date_of_birth, gender, weight, date_arrived, date_adopted, date_departed) | Professionals(professional_id, role_code, first_name, street, city, state, zip_code, last_name, email_address, home_phone, cell_number) | Treatments(treatment_id, dog_id->Dogs.dog_id, professional_id->Professionals.professional_id, treatment_type_code->Treatment_Types.treatment_type_code, date_of_treatment, cost_of_treatment)

Question:
What is the charge amount of the most expensive charge type?

SQL:

2026-07-31 15:27:51,077 [INFO   ]   >> OUTPUT : SELECT charge_amount FROM Charges ORDER BY charge_type LIMIT 1
2026-07-31 15:27:52,061 [INFO   ] [inference] generate_sql  latency_sec=0.9665  input_tokens=276  output_tokens=18
2026-07-31 15:27:52,062 [INFO   ]   >> INPUT  : Translate the natural language question into a valid SQL query using the provided schema.

Schema:
Treatment_Types(treatment_type_code, treatment_type_description) | Owners(owner_id, first_name, last_name, street, city, state, zip_code, email_address, home_phone, cell_number) | Dogs(dog_id, owner_id->Owners.owner_id, abandoned_yn, breed_code->Breeds.breed_code, size_code->Sizes.size_code, name, age, date_of_birth, gender, weight, date_arrived, date_adopted, date_departed) | Professionals(professional_id, role_code, first_name, street, city, state, zip_code, last_name, email_address, home_phone, cell_number) | Treatments(treatment_id, dog_id->Dogs.dog_id, professional_id->Professionals.professional_id, treatment_type_code->Treatment_Types.treatment_type_code, date_of_treatment, cost_of_treatment)

Question:
List the email, cell phone and home phone of all the professionals.

SQL:

2026-07-31 15:27:52,062 [INFO   ]   >> OUTPUT : SELECT email_address ,  cell_number ,  home_phone FROM Professionals
2026-07-31 15:27:53,239 [INFO   ] [inference] generate_sql  latency_sec=1.1572  input_tokens=276  output_tokens=17
2026-07-31 15:27:53,240 [INFO   ]   >> INPUT  : Translate the natural language question into a valid SQL query using the provided schema.

Schema:
Treatment_Types(treatment_type_code, treatment_type_description) | Owners(owner_id, first_name, last_name, street, city, state, zip_code, email_address, home_phone, cell_number) | Dogs(dog_id, owner_id->Owners.owner_id, abandoned_yn, breed_code->Breeds.breed_code, size_code->Sizes.size_code, name, age, date_of_birth, gender, weight, date_arrived, date_adopted, date_departed) | Professionals(professional_id, role_code, first_name, street, city, state, zip_code, last_name, email_address, home_phone, cell_number) | Treatments(treatment_id, dog_id->Dogs.dog_id, professional_id->Professionals.professional_id, treatment_type_code->Treatment_Types.treatment_type_code, date_of_treatment, cost_of_treatment)

Question:
What are the email, cell phone and home phone of each professional?

SQL:

2026-07-31 15:27:53,240 [INFO   ]   >> OUTPUT : SELECT email_address ,  cell_number ,  home_phone FROM professionals
2026-07-31 15:27:56,159 [INFO   ] [inference] generate_sql  latency_sec=2.8879  input_tokens=239  output_tokens=48
2026-07-31 15:27:56,159 [INFO   ]   >> INPUT  : Translate the natural language question into a valid SQL query using the provided schema.

Schema:
Breeds(breed_code, breed_name) | Sizes(size_code, size_description) | Owners(owner_id, first_name, last_name, street, city, state, zip_code, email_address, home_phone, cell_number) | Dogs(dog_id, owner_id->Owners.owner_id, abandoned_yn, breed_code->Breeds.breed_code, size_code->Sizes.size_code, name, age, date_of_birth, gender, weight, date_arrived, date_adopted, date_departed) | Treatments(treatment_id, dog_id->Dogs.dog_id, professional_id->Professionals.professional_id, treatment_type_code->Treatment_Types.treatment_type_code, date_of_treatment, cost_of_treatment)

Question:
What are all the possible breed type and size type combinations?

SQL:

2026-07-31 15:27:56,159 [INFO   ]   >> OUTPUT : SELECT T1.treatment_type_code ,  T1.size_code FROM treatments AS T1 JOIN breeds AS T2 ON T1.treatment_type_code  =  T2.breed_code
2026-07-31 15:27:59,652 [INFO   ] [inference] generate_sql  latency_sec=3.4739  input_tokens=239  output_tokens=64
2026-07-31 15:27:59,652 [INFO   ]   >> INPUT  : Translate the natural language question into a valid SQL query using the provided schema.

Schema:
Breeds(breed_code, breed_name) | Sizes(size_code, size_description) | Owners(owner_id, first_name, last_name, street, city, state, zip_code, email_address, home_phone, cell_number) | Dogs(dog_id, owner_id->Owners.owner_id, abandoned_yn, breed_code->Breeds.breed_code, size_code->Sizes.size_code, name, age, date_of_birth, gender, weight, date_arrived, date_adopted, date_departed) | Treatments(treatment_id, dog_id->Dogs.dog_id, professional_id->Professionals.professional_id, treatment_type_code->Treatment_Types.treatment_type_code, date_of_treatment, cost_of_treatment)

Question:
Find the distinct breed type and size type combinations for dogs.

SQL:

2026-07-31 15:27:59,652 [INFO   ]   >> OUTPUT : SELECT DISTINCT T1.treatment_type_code ,  T1.treatment_type_description FROM treatments AS T1 JOIN breeds AS T2 ON T1.treatment_type_code  =  T2.breed_code GROUP BY T1.treatment_type_code
2026-07-31 15:28:03,140 [INFO   ] [inference] generate_sql  latency_sec=3.4689  input_tokens=244  output_tokens=75
2026-07-31 15:28:03,140 [INFO   ]   >> INPUT  : Translate the natural language question into a valid SQL query using the provided schema.

Schema:
Treatment_Types(treatment_type_code, treatment_type_description) | Dogs(dog_id, owner_id->Owners.owner_id, abandoned_yn, breed_code->Breeds.breed_code, size_code->Sizes.size_code, name, age, date_of_birth, gender, weight, date_arrived, date_adopted, date_departed) | Professionals(professional_id, role_code, first_name, street, city, state, zip_code, last_name, email_address, home_phone, cell_number) | Treatments(treatment_id, dog_id->Dogs.dog_id, professional_id->Professionals.professional_id, treatment_type_code->Treatment_Types.treatment_type_code, date_of_treatment, cost_of_treatment)

Question:
List the first name of all the professionals along with the description of the treatment they have done.

SQL:

2026-07-31 15:28:03,140 [INFO   ]   >> OUTPUT : SELECT T1.first_name ,  T2.treatment_type_description FROM Treatments AS T1 JOIN Professionals AS T2 ON T1.professional_id  =  T2.professional_id JOIN Treatment_Types AS T3 ON T1.treatment_type_code  =  T3.treatment_type_code
2026-07-31 15:28:06,929 [INFO   ] [inference] generate_sql  latency_sec=3.7715  input_tokens=241  output_tokens=75
2026-07-31 15:28:06,930 [INFO   ]   >> INPUT  : Translate the natural language question into a valid SQL query using the provided schema.

Schema:
Treatment_Types(treatment_type_code, treatment_type_description) | Dogs(dog_id, owner_id->Owners.owner_id, abandoned_yn, breed_code->Breeds.breed_code, size_code->Sizes.size_code, name, age, date_of_birth, gender, weight, date_arrived, date_adopted, date_departed) | Professionals(professional_id, role_code, first_name, street, city, state, zip_code, last_name, email_address, home_phone, cell_number) | Treatments(treatment_id, dog_id->Dogs.dog_id, professional_id->Professionals.professional_id, treatment_type_code->Treatment_Types.treatment_type_code, date_of_treatment, cost_of_treatment)

Question:
What are each professional's first name and description of the treatment they have performed?

SQL:

2026-07-31 15:28:06,930 [INFO   ]   >> OUTPUT : SELECT T2.first_name ,  T2.treatment_type_description FROM Treatments AS T1 JOIN Professionals AS T2 ON T1.professional_id  =  T2.professional_id JOIN Treatment_Types AS T3 ON T1.treatment_type_code  =  T3.treatment_type_code
2026-07-31 15:28:07,525 [INFO   ] [inference] generate_sql  latency_sec=0.568  input_tokens=89  output_tokens=7
2026-07-31 15:28:07,525 [INFO   ]   >> INPUT  : Translate the natural language question into a valid SQL query using the provided schema.

Schema:
singer(Singer_ID, Name, Birth_Year, Net_Worth_Millions, Citizenship) | song(Song_ID, Title, Singer_ID->singer.Singer_ID, Sales, Highest_Position)

Question:
How many singers are there?

SQL:

2026-07-31 15:28:07,525 [INFO   ]   >> OUTPUT : SELECT count(*) FROM singer
2026-07-31 15:28:08,102 [INFO   ] [inference] generate_sql  latency_sec=0.5492  input_tokens=90  output_tokens=7
2026-07-31 15:28:08,103 [INFO   ]   >> INPUT  : Translate the natural language question into a valid SQL query using the provided schema.

Schema:
singer(Singer_ID, Name, Birth_Year, Net_Worth_Millions, Citizenship) | song(Song_ID, Title, Singer_ID->singer.Singer_ID, Sales, Highest_Position)

Question:
What is the count of singers?

SQL:

2026-07-31 15:28:08,103 [INFO   ]   >> OUTPUT : SELECT count(*) FROM singer
2026-07-31 15:28:09,129 [INFO   ] [inference] generate_sql  latency_sec=0.9983  input_tokens=95  output_tokens=15
2026-07-31 15:28:09,130 [INFO   ]   >> INPUT  : Translate the natural language question into a valid SQL query using the provided schema.

Schema:
singer(Singer_ID, Name, Birth_Year, Net_Worth_Millions, Citizenship) | song(Song_ID, Title, Singer_ID->singer.Singer_ID, Sales, Highest_Position)

Question:
List the name of singers in ascending order of net worth.

SQL:

2026-07-31 15:28:09,130 [INFO   ]   >> OUTPUT : SELECT Name FROM singer ORDER BY Net_Worth_Millions ASC
2026-07-31 15:28:09,989 [INFO   ] [inference] generate_sql  latency_sec=0.8282  input_tokens=95  output_tokens=15
2026-07-31 15:28:09,989 [INFO   ]   >> INPUT  : Translate the natural language question into a valid SQL query using the provided schema.

Schema:
singer(Singer_ID, Name, Birth_Year, Net_Worth_Millions, Citizenship) | song(Song_ID, Title, Singer_ID->singer.Singer_ID, Sales, Highest_Position)

Question:
What are the names of singers ordered by ascending net worth?

SQL:

2026-07-31 15:28:09,989 [INFO   ]   >> OUTPUT : SELECT Name FROM singer ORDER BY Net_Worth_Millions ASC
2026-07-31 15:28:10,556 [INFO   ] [inference] generate_sql  latency_sec=0.5466  input_tokens=93  output_tokens=11
2026-07-31 15:28:10,557 [INFO   ]   >> INPUT  : Translate the natural language question into a valid SQL query using the provided schema.

Schema:
singer(Singer_ID, Name, Birth_Year, Net_Worth_Millions, Citizenship) | song(Song_ID, Title, Singer_ID->singer.Singer_ID, Sales, Highest_Position)

Question:
What are the birth year and citizenship of singers?

SQL:

2026-07-31 15:28:10,557 [INFO   ]   >> OUTPUT : SELECT Birth_Year ,  Citizen FROM singer
2026-07-31 15:28:11,141 [INFO   ] [inference] generate_sql  latency_sec=0.5664  input_tokens=95  output_tokens=11
2026-07-31 15:28:11,142 [INFO   ]   >> INPUT  : Translate the natural language question into a valid SQL query using the provided schema.

Schema:
singer(Singer_ID, Name, Birth_Year, Net_Worth_Millions, Citizenship) | song(Song_ID, Title, Singer_ID->singer.Singer_ID, Sales, Highest_Position)

Question:
What are the birth years and citizenships of the singers?

SQL:

2026-07-31 15:28:11,142 [INFO   ]   >> OUTPUT : SELECT Birth_Year ,  Citizen FROM singer
2026-07-31 15:28:11,703 [INFO   ] [inference] generate_sql  latency_sec=0.5421  input_tokens=95  output_tokens=11
2026-07-31 15:28:11,703 [INFO   ]   >> INPUT  : Translate the natural language question into a valid SQL query using the provided schema.

Schema:
singer(Singer_ID, Name, Birth_Year, Net_Worth_Millions, Citizenship) | song(Song_ID, Title, Singer_ID->singer.Singer_ID, Sales, Highest_Position)

Question:
List the name of singers whose citizenship is not "France".

SQL:

2026-07-31 15:28:11,703 [INFO   ]   >> OUTPUT : SELECT Name FROM singer WHERE Citizenship != "France"
2026-07-31 15:28:12,265 [INFO   ] [inference] generate_sql  latency_sec=0.5436  input_tokens=96  output_tokens=11
2026-07-31 15:28:12,266 [INFO   ]   >> INPUT  : Translate the natural language question into a valid SQL query using the provided schema.

Schema:
singer(Singer_ID, Name, Birth_Year, Net_Worth_Millions, Citizenship) | song(Song_ID, Title, Singer_ID->singer.Singer_ID, Sales, Highest_Position)

Question:
What are the names of the singers who are not French citizens?

SQL:

2026-07-31 15:28:12,266 [INFO   ]   >> OUTPUT : SELECT Name FROM singer WHERE Citizenship != 'French'
2026-07-31 15:28:14,923 [INFO   ] [inference] generate_sql  latency_sec=2.6379  input_tokens=97  output_tokens=59
2026-07-31 15:28:14,923 [INFO   ]   >> INPUT  : Translate the natural language question into a valid SQL query using the provided schema.

Schema:
singer(Singer_ID, Name, Birth_Year, Net_Worth_Millions, Citizenship) | song(Song_ID, Title, Singer_ID->singer.Singer_ID, Sales, Highest_Position)

Question:
Show the name of singers whose birth year is either 1948 or 1949?

SQL:

2026-07-31 15:28:14,923 [INFO   ]   >> OUTPUT : SELECT T2.Name FROM singer AS T1 JOIN song AS T2 ON T1.Singer_ID  =  T2.Singer_ID WHERE T1.Birth_Year  =  1948 OR T1.Birth_Year  =  1949
2026-07-31 15:28:16,253 [INFO   ] [inference] generate_sql  latency_sec=1.3112  input_tokens=99  output_tokens=27
2026-07-31 15:28:16,253 [INFO   ]   >> INPUT  : Translate the natural language question into a valid SQL query using the provided schema.

Schema:
singer(Singer_ID, Name, Birth_Year, Net_Worth_Millions, Citizenship) | song(Song_ID, Title, Singer_ID->singer.Singer_ID, Sales, Highest_Position)

Question:
What are the names of the singers whose birth years are either 1948 or 1949?

SQL:

2026-07-31 15:28:16,253 [INFO   ]   >> OUTPUT : SELECT Name FROM singer WHERE Birth_Year  =  "1948" OR Birth_Year  =  "1949"
2026-07-31 15:28:19,029 [INFO   ] [inference] generate_sql  latency_sec=2.7578  input_tokens=96  output_tokens=52
2026-07-31 15:28:19,029 [INFO   ]   >> INPUT  : Translate the natural language question into a valid SQL query using the provided schema.

Schema:
singer(Singer_ID, Name, Birth_Year, Net_Worth_Millions, Citizenship) | song(Song_ID, Title, Singer_ID->singer.Singer_ID, Sales, Highest_Position)

Question:
What is the name of the singer with the largest net worth?

SQL:

2026-07-31 15:28:19,029 [INFO   ]   >> OUTPUT : SELECT T1.Name FROM singer AS T1 JOIN song AS T2 ON T1.Singer_ID  =  T2.Singer_ID WHERE T2.Sales  =  (SELECT max(Sales) FROM song)
2026-07-31 15:28:22,440 [INFO   ] [inference] generate_sql  latency_sec=3.3923  input_tokens=96  output_tokens=58
2026-07-31 15:28:22,440 [INFO   ]   >> INPUT  : Translate the natural language question into a valid SQL query using the provided schema.

Schema:
singer(Singer_ID, Name, Birth_Year, Net_Worth_Millions, Citizenship) | song(Song_ID, Title, Singer_ID->singer.Singer_ID, Sales, Highest_Position)

Question:
What is the name of the singer who is worth the most?

SQL:

2026-07-31 15:28:22,440 [INFO   ]   >> OUTPUT : SELECT T1.Name FROM singer AS T1 JOIN song AS T2 ON T1.Singer_ID  =  T2.Singer_ID GROUP BY T1.Singer_ID ORDER BY sum(T2.Sales) DESC LIMIT 1
2026-07-31 15:28:23,272 [INFO   ] [inference] generate_sql  latency_sec=0.8032  input_tokens=97  output_tokens=14
2026-07-31 15:28:23,272 [INFO   ]   >> INPUT  : Translate the natural language question into a valid SQL query using the provided schema.

Schema:
singer(Singer_ID, Name, Birth_Year, Net_Worth_Millions, Citizenship) | song(Song_ID, Title, Singer_ID->singer.Singer_ID, Sales, Highest_Position)

Question:
Show different citizenship of singers and the number of singers of each citizenship.

SQL:

2026-07-31 15:28:23,272 [INFO   ]   >> OUTPUT : SELECT Citizenship ,  COUNT(*) FROM singer GROUP BY Citizenship
2026-07-31 15:28:25,768 [INFO   ] [inference] generate_sql  latency_sec=2.4785  input_tokens=95  output_tokens=48
2026-07-31 15:28:25,769 [INFO   ]   >> INPUT  : Translate the natural language question into a valid SQL query using the provided schema.

Schema:
singer(Singer_ID, Name, Birth_Year, Net_Worth_Millions, Citizenship) | song(Song_ID, Title, Singer_ID->singer.Singer_ID, Sales, Highest_Position)

Question:
For each citizenship, how many singers are from that country?

SQL:

2026-07-31 15:28:25,769 [INFO   ]   >> OUTPUT : SELECT T1.Name ,  count(*) FROM singer AS T1 JOIN song AS T2 ON T1.Singer_ID  =  T2.Singer_ID GROUP BY T1.Citizenship
2026-07-31 15:28:26,659 [INFO   ] [inference] generate_sql  latency_sec=0.8728  input_tokens=92  output_tokens=19
2026-07-31 15:28:26,659 [INFO   ]   >> INPUT  : Translate the natural language question into a valid SQL query using the provided schema.

Schema:
singer(Singer_ID, Name, Birth_Year, Net_Worth_Millions, Citizenship) | song(Song_ID, Title, Singer_ID->singer.Singer_ID, Sales, Highest_Position)

Question:
Please show the most common citizenship of singers.

SQL:

2026-07-31 15:28:26,659 [INFO   ]   >> OUTPUT : SELECT Citizenship FROM singer GROUP BY Citizenship ORDER BY COUNT(*) DESC LIMIT 1
2026-07-31 15:28:27,581 [INFO   ] [inference] generate_sql  latency_sec=0.8954  input_tokens=91  output_tokens=19
2026-07-31 15:28:27,581 [INFO   ]   >> INPUT  : Translate the natural language question into a valid SQL query using the provided schema.

Schema:
singer(Singer_ID, Name, Birth_Year, Net_Worth_Millions, Citizenship) | song(Song_ID, Title, Singer_ID->singer.Singer_ID, Sales, Highest_Position)

Question:
What is the most common singer citizenship ?

SQL:

2026-07-31 15:28:27,581 [INFO   ]   >> OUTPUT : SELECT Citizenship FROM singer GROUP BY Citizenship ORDER BY COUNT(*) DESC LIMIT 1
2026-07-31 15:28:28,639 [INFO   ] [inference] generate_sql  latency_sec=1.0396  input_tokens=98  output_tokens=21
2026-07-31 15:28:28,640 [INFO   ]   >> INPUT  : Translate the natural language question into a valid SQL query using the provided schema.

Schema:
singer(Singer_ID, Name, Birth_Year, Net_Worth_Millions, Citizenship) | song(Song_ID, Title, Singer_ID->singer.Singer_ID, Sales, Highest_Position)

Question:
Show different citizenships and the maximum net worth of singers of each citizenship.

SQL:

2026-07-31 15:28:28,640 [INFO   ]   >> OUTPUT : SELECT max(Net_Worth_Millions) ,  Citizen FROM singer GROUP BY Citizen
2026-07-31 15:28:29,679 [INFO   ] [inference] generate_sql  latency_sec=1.021  input_tokens=94  output_tokens=22
2026-07-31 15:28:29,680 [INFO   ]   >> INPUT  : Translate the natural language question into a valid SQL query using the provided schema.

Schema:
singer(Singer_ID, Name, Birth_Year, Net_Worth_Millions, Citizenship) | song(Song_ID, Title, Singer_ID->singer.Singer_ID, Sales, Highest_Position)

Question:
For each citizenship, what is the maximum net worth?

SQL:

2026-07-31 15:28:29,680 [INFO   ]   >> OUTPUT : SELECT Max(Net_Worth_Millions) ,  Citizenship FROM singer GROUP BY Citizenship
2026-07-31 15:28:31,605 [INFO   ] [inference] generate_sql  latency_sec=1.9066  input_tokens=92  output_tokens=41
2026-07-31 15:28:31,605 [INFO   ]   >> INPUT  : Translate the natural language question into a valid SQL query using the provided schema.

Schema:
singer(Singer_ID, Name, Birth_Year, Net_Worth_Millions, Citizenship) | song(Song_ID, Title, Singer_ID->singer.Singer_ID, Sales, Highest_Position)

Question:
Show titles of songs and names of singers.

SQL:

2026-07-31 15:28:31,605 [INFO   ]   >> OUTPUT : SELECT T2.Title ,  T1.Name FROM song AS T1 JOIN singer AS T2 ON T1.Singer_ID  =  T2.Singer_ID
2026-07-31 15:28:32,606 [INFO   ] [inference] generate_sql  latency_sec=0.978  input_tokens=92  output_tokens=11
2026-07-31 15:28:32,607 [INFO   ]   >> INPUT  : Translate the natural language question into a valid SQL query using the provided schema.

Schema:
singer(Singer_ID, Name, Birth_Year, Net_Worth_Millions, Citizenship) | song(Song_ID, Title, Singer_ID->singer.Singer_ID, Sales, Highest_Position)

Question:
What are the song titles and singer names?

SQL:

2026-07-31 15:28:32,607 [INFO   ]   >> OUTPUT : SELECT title ,  singer_name FROM song
2026-07-31 15:28:35,486 [INFO   ] [inference] generate_sql  latency_sec=2.8565  input_tokens=98  output_tokens=49
2026-07-31 15:28:35,486 [INFO   ]   >> INPUT  : Translate the natural language question into a valid SQL query using the provided schema.

Schema:
singer(Singer_ID, Name, Birth_Year, Net_Worth_Millions, Citizenship) | song(Song_ID, Title, Singer_ID->singer.Singer_ID, Sales, Highest_Position)

Question:
Show distinct names of singers that have songs with sales more than 300000.

SQL:

2026-07-31 15:28:35,486 [INFO   ]   >> OUTPUT : SELECT DISTINCT T1.Name FROM singer AS T1 JOIN song AS T2 ON T1.Singer_ID  =  T2.Singer_ID WHERE T2.Sales  >  300000
2026-07-31 15:28:36,549 [INFO   ] [inference] generate_sql  latency_sec=1.0355  input_tokens=99  output_tokens=16
2026-07-31 15:28:36,550 [INFO   ]   >> INPUT  : Translate the natural language question into a valid SQL query using the provided schema.

Schema:
singer(Singer_ID, Name, Birth_Year, Net_Worth_Millions, Citizenship) | song(Song_ID, Title, Singer_ID->singer.Singer_ID, Sales, Highest_Position)

Question:
what are the different names of the singers that have sales more than 300000?

SQL:

2026-07-31 15:28:36,550 [INFO   ]   >> OUTPUT : SELECT DISTINCT Name FROM singer WHERE Sales  >  300000
2026-07-31 15:28:39,049 [INFO   ] [inference] generate_sql  latency_sec=2.4809  input_tokens=95  output_tokens=55
2026-07-31 15:28:39,050 [INFO   ]   >> INPUT  : Translate the natural language question into a valid SQL query using the provided schema.

Schema:
singer(Singer_ID, Name, Birth_Year, Net_Worth_Millions, Citizenship) | song(Song_ID, Title, Singer_ID->singer.Singer_ID, Sales, Highest_Position)

Question:
Show the names of singers that have more than one song.

SQL:

2026-07-31 15:28:39,050 [INFO   ]   >> OUTPUT : SELECT T2.Name FROM singer AS T1 JOIN song AS T2 ON T1.Singer_ID  =  T2.Singer_ID GROUP BY T1.Singer_ID HAVING COUNT(*)  >  1
2026-07-31 15:28:41,640 [INFO   ] [inference] generate_sql  latency_sec=2.5717  input_tokens=97  output_tokens=54
2026-07-31 15:28:41,640 [INFO   ]   >> INPUT  : Translate the natural language question into a valid SQL query using the provided schema.

Schema:
singer(Singer_ID, Name, Birth_Year, Net_Worth_Millions, Citizenship) | song(Song_ID, Title, Singer_ID->singer.Singer_ID, Sales, Highest_Position)

Question:
What are the names of the singers that have more than one songs?

SQL:

2026-07-31 15:28:41,640 [INFO   ]   >> OUTPUT : SELECT T2.Name FROM singer AS T1 JOIN song AS T2 ON T1.Singer_ID  =  T2.Singer_ID GROUP BY T1.Singer_ID HAVING count(*)  >  1
2026-07-31 15:28:43,746 [INFO   ] [inference] generate_sql  latency_sec=2.087  input_tokens=96  output_tokens=44
2026-07-31 15:28:43,746 [INFO   ]   >> INPUT  : Translate the natural language question into a valid SQL query using the provided schema.

Schema:
singer(Singer_ID, Name, Birth_Year, Net_Worth_Millions, Citizenship) | song(Song_ID, Title, Singer_ID->singer.Singer_ID, Sales, Highest_Position)

Question:
Show the names of singers and the total sales of their songs.

SQL:

2026-07-31 15:28:43,746 [INFO   ]   >> OUTPUT : SELECT T1.Name ,  sum(T2.Sales) FROM singer AS T1 JOIN song AS T2 ON T1.Singer_ID  =  T2.Singer_ID
2026-07-31 15:28:46,118 [INFO   ] [inference] generate_sql  latency_sec=2.3533  input_tokens=97  output_tokens=50
2026-07-31 15:28:46,118 [INFO   ]   >> INPUT  : Translate the natural language question into a valid SQL query using the provided schema.

Schema:
singer(Singer_ID, Name, Birth_Year, Net_Worth_Millions, Citizenship) | song(Song_ID, Title, Singer_ID->singer.Singer_ID, Sales, Highest_Position)

Question:
For each singer name, what is the total sales for their songs?

SQL:

2026-07-31 15:28:46,118 [INFO   ]   >> OUTPUT : SELECT T1.Name ,  sum(T2.Sales) FROM singer AS T1 JOIN song AS T2 ON T1.Singer_ID  =  T2.Singer_ID GROUP BY T1.Name
2026-07-31 15:28:47,326 [INFO   ] [inference] generate_sql  latency_sec=1.189  input_tokens=95  output_tokens=19
2026-07-31 15:28:47,327 [INFO   ]   >> INPUT  : Translate the natural language question into a valid SQL query using the provided schema.

Schema:
singer(Singer_ID, Name, Birth_Year, Net_Worth_Millions, Citizenship) | song(Song_ID, Title, Singer_ID->singer.Singer_ID, Sales, Highest_Position)

Question:
List the name of singers that do not have any song.

SQL:

2026-07-31 15:28:47,327 [INFO   ]   >> OUTPUT : SELECT Name FROM singer WHERE Singer_ID NOT IN (SELECT Singer_ID FROM song)
2026-07-31 15:28:50,211 [INFO   ] [inference] generate_sql  latency_sec=2.8481  input_tokens=98  output_tokens=42
2026-07-31 15:28:50,211 [INFO   ]   >> INPUT  : Translate the natural language question into a valid SQL query using the provided schema.

Schema:
singer(Singer_ID, Name, Birth_Year, Net_Worth_Millions, Citizenship) | song(Song_ID, Title, Singer_ID->singer.Singer_ID, Sales, Highest_Position)

Question:
What is the sname of every sing that does not have any song?

SQL:

2026-07-31 15:28:50,211 [INFO   ]   >> OUTPUT : SELECT DISTINCT T1.Singer_ID FROM singer AS T1 JOIN song AS T2 ON T1.Singer_ID  =  T2.Singer_ID
2026-07-31 15:28:53,280 [INFO   ] [inference] generate_sql  latency_sec=3.0509  input_tokens=98  output_tokens=61
2026-07-31 15:28:53,280 [INFO   ]   >> INPUT  : Translate the natural language question into a valid SQL query using the provided schema.

Schema:
singer(Singer_ID, Name, Birth_Year, Net_Worth_Millions, Citizenship) | song(Song_ID, Title, Singer_ID->singer.Singer_ID, Sales, Highest_Position)

Question:
Show the citizenship shared by singers with birth year before 1945 and after 1955.

SQL:

2026-07-31 15:28:53,280 [INFO   ]   >> OUTPUT : SELECT T2.Citizenship FROM singer AS T1 JOIN song AS T2 ON T1.Singer_ID  =  T2.Singer_ID WHERE T1.Birth_Year  <  2005 AND T2.Highest_Position  >  1955
2026-07-31 15:28:56,402 [INFO   ] [inference] generate_sql  latency_sec=3.1032  input_tokens=103  output_tokens=60
2026-07-31 15:28:56,403 [INFO   ]   >> INPUT  : Translate the natural language question into a valid SQL query using the provided schema.

Schema:
singer(Singer_ID, Name, Birth_Year, Net_Worth_Millions, Citizenship) | song(Song_ID, Title, Singer_ID->singer.Singer_ID, Sales, Highest_Position)

Question:
What are the citizenships that are shared by singers with a birth year before 1945 and after 1955?

SQL:

2026-07-31 15:28:56,403 [INFO   ]   >> OUTPUT : SELECT T2.Citizen FROM singer AS T1 JOIN song AS T2 ON T1.Singer_ID  =  T2.Singer_ID WHERE T1.Birth_Year  <  2005 AND T2.Highest_Position  >  1955
2026-07-31 15:28:57,096 [INFO   ] [inference] generate_sql  latency_sec=0.675  input_tokens=328  output_tokens=11
2026-07-31 15:28:57,096 [INFO   ]   >> INPUT  : Translate the natural language question into a valid SQL query using the provided schema.

Schema:
Ref_Feature_Types(feature_type_code, feature_type_name) | Ref_Property_Types(property_type_code, property_type_description) | Other_Available_Features(feature_id, feature_type_code->Ref_Feature_Types.feature_type_code, feature_name, feature_description) | Properties(property_id, property_type_code->Ref_Property_Types.property_type_code, date_on_market, date_sold, property_name, property_address, room_count, vendor_requested_price, buyer_offered_price, agreed_selling_price, apt_feature_1, apt_feature_2, apt_feature_3, fld_feature_1, fld_feature_2, fld_feature_3, hse_feature_1, hse_feature_2, hse_feature_3, oth_feature_1, oth_feature_2, oth_feature_3, shp_feature_1, shp_feature_2, shp_feature_3, other_property_details) | Other_Property_Features(property_id->Properties.property_id, feature_id->Other_Available_Features.feature_id, property_feature_description)

Question:
How many available fe
2026-07-31 15:28:57,096 [INFO   ]   >> OUTPUT : SELECT count(*) FROM Other_Available_Features
2026-07-31 15:28:58,455 [INFO   ] [inference] generate_sql  latency_sec=1.3385  input_tokens=311  output_tokens=26
2026-07-31 15:28:58,455 [INFO   ]   >> INPUT  : Translate the natural language question into a valid SQL query using the provided schema.

Schema:
Ref_Feature_Types(feature_type_code, feature_type_name) | Other_Available_Features(feature_id, feature_type_code->Ref_Feature_Types.feature_type_code, feature_name, feature_description) | Properties(property_id, property_type_code->Ref_Property_Types.property_type_code, date_on_market, date_sold, property_name, property_address, room_count, vendor_requested_price, buyer_offered_price, agreed_selling_price, apt_feature_1, apt_feature_2, apt_feature_3, fld_feature_1, fld_feature_2, fld_feature_3, hse_feature_1, hse_feature_2, hse_feature_3, oth_feature_1, oth_feature_2, oth_feature_3, shp_feature_1, shp_feature_2, shp_feature_3, other_property_details) | Other_Property_Features(property_id->Properties.property_id, feature_id->Other_Available_Features.feature_id, property_feature_description)

Question:
What is the feature type name of feature AirCon?

SQL:

2026-07-31 15:28:58,455 [INFO   ]   >> OUTPUT : SELECT feature_type_name FROM Ref_Feature_Types WHERE feature_type_code  =  "AirCon";
2026-07-31 15:28:59,747 [INFO   ] [inference] generate_sql  latency_sec=1.2734  input_tokens=312  output_tokens=26
2026-07-31 15:28:59,748 [INFO   ]   >> INPUT  : Translate the natural language question into a valid SQL query using the provided schema.

Schema:
Ref_Property_Types(property_type_code, property_type_description) | Other_Available_Features(feature_id, feature_type_code->Ref_Feature_Types.feature_type_code, feature_name, feature_description) | Properties(property_id, property_type_code->Ref_Property_Types.property_type_code, date_on_market, date_sold, property_name, property_address, room_count, vendor_requested_price, buyer_offered_price, agreed_selling_price, apt_feature_1, apt_feature_2, apt_feature_3, fld_feature_1, fld_feature_2, fld_feature_3, hse_feature_1, hse_feature_2, hse_feature_3, oth_feature_1, oth_feature_2, oth_feature_3, shp_feature_1, shp_feature_2, shp_feature_3, other_property_details) | Other_Property_Features(property_id->Properties.property_id, feature_id->Other_Available_Features.feature_id, property_feature_description)

Question:
Show the property type descriptions of properties belonging to that code.

SQL:
2026-07-31 15:28:59,748 [INFO   ]   >> OUTPUT : SELECT property_type_description FROM Ref_Property_Types WHERE property_type_code  =  "Properties"
2026-07-31 15:29:04,625 [INFO   ] [inference] generate_sql  latency_sec=4.8589  input_tokens=318  output_tokens=83
2026-07-31 15:29:04,625 [INFO   ]   >> INPUT  : Translate the natural language question into a valid SQL query using the provided schema.

Schema:
Ref_Property_Types(property_type_code, property_type_description) | Other_Available_Features(feature_id, feature_type_code->Ref_Feature_Types.feature_type_code, feature_name, feature_description) | Properties(property_id, property_type_code->Ref_Property_Types.property_type_code, date_on_market, date_sold, property_name, property_address, room_count, vendor_requested_price, buyer_offered_price, agreed_selling_price, apt_feature_1, apt_feature_2, apt_feature_3, fld_feature_1, fld_feature_2, fld_feature_3, hse_feature_1, hse_feature_2, hse_feature_3, oth_feature_1, oth_feature_2, oth_feature_3, shp_feature_1, shp_feature_2, shp_feature_3, other_property_details) | Other_Property_Features(property_id->Properties.property_id, feature_id->Other_Available_Features.feature_id, property_feature_description)

Question:
What are the names of properties that are either houses or apartments with more
2026-07-31 15:29:04,625 [INFO   ]   >> OUTPUT : SELECT T1.property_name FROM properties AS T1 JOIN other_property_features AS T2 ON T1.property_id  =  T2.property_id JOIN other_available_features AS T3 ON T2.feature_id  =  T3.feature_id GROUP BY T1.property_name HAVING count(*)  >  1
