2026-07-31 16:06:17,998 [INFO   ] [data_loading] docspider_tasks_loaded  path=docspider/docspider_ground_truth_dataset/dev.json  total_raw=620  valid=620  skipped_incomplete=0  returned=620  limit_applied=False
2026-07-31 16:06:18,002 [INFO   ] [data_loading] docspider_schema_map_loaded  path=docspider/docspider_ground_truth_dataset/collections.json  db_count=159
2026-07-31 16:06:32,196 [INFO   ] [inference] generate_nosql  latency_sec=1.9864  input_tokens=125  output_tokens=29
2026-07-31 16:06:32,196 [INFO   ]   >> INPUT  : Translate the natural language question into a MongoDB MQL query using the provided schema.

Schema:
concert(Stadium_ID, Theme, Year, _id, concert_ID, concert_Name) | singer(Age, Country, Is_male, Name, Singer_ID, Song_Name, Song_release_year, _id) | singer_in_concert(Singer_ID, _id, concert_ID)

Question:
Show name, country, age for all singers ordered by age from the oldest to the youngest.

MQL:

2026-07-31 16:06:32,196 [INFO   ]   >> OUTPUT : db.singer.find({}, {Name: 1, Country: 1, Age: 1}).sort({Age: 1})
2026-07-31 16:06:39,818 [INFO   ] [inference] generate_nosql  latency_sec=7.6104  input_tokens=124  output_tokens=149
2026-07-31 16:06:39,818 [INFO   ]   >> INPUT  : Translate the natural language question into a MongoDB MQL query using the provided schema.

Schema:
concert(Stadium_ID, Theme, Year, _id, concert_ID, concert_Name) | singer(Age, Country, Is_male, Name, Singer_ID, Song_Name, Song_release_year, _id) | singer_in_concert(Singer_ID, _id, concert_ID)

Question:
What are the names, countries, and ages for every singer in descending order of age?

MQL:

2026-07-31 16:06:39,818 [INFO   ]   >> OUTPUT : db.singer.aggregate([ { $lookup: { from: "singer_in_concert", localField: "Singer_ID", foreignField: "Singer_ID", as: "singer_in_concert" } }, { $unwind: "$singer_in_concert" }, { $lookup: { from: "concert", localField: "singer_in_concert.concert_ID", foreignField: "concert_ID", as: "concert" } }, { $unwind: "$concert" }, { $project: { Name: 1, Country: 1, Age: 1 } }, { $sort: { Age: -1 } } ])
2026-07-31 16:06:44,654 [INFO   ] [inference] generate_nosql  latency_sec=4.8186  input_tokens=123  output_tokens=89
2026-07-31 16:06:44,655 [INFO   ]   >> INPUT  : Translate the natural language question into a MongoDB MQL query using the provided schema.

Schema:
stadium(Average, Capacity, Highest, Location, Lowest, Name, Stadium_ID, _id) | singer(Age, Country, Is_male, Name, Singer_ID, Song_Name, Song_release_year, _id) | singer_in_concert(Singer_ID, _id, concert_ID)

Question:
What is the average, minimum, and maximum age of all singers from France?

MQL:

2026-07-31 16:06:44,655 [INFO   ]   >> OUTPUT : db.singer.aggregate([ { $match: { Country: "France" } }, { $group: { _id: null, avgAge: { $avg: "$Age" }, minAge: { $min: "$Age" }, maxAge: { $max: "$Age" } } }, { $project: { avgAge: 1, minAge: 1, maxAge: 1 } } ])
2026-07-31 16:06:48,948 [INFO   ] [inference] generate_nosql  latency_sec=4.2813  input_tokens=122  output_tokens=89
2026-07-31 16:06:48,948 [INFO   ]   >> INPUT  : Translate the natural language question into a MongoDB MQL query using the provided schema.

Schema:
stadium(Average, Capacity, Highest, Location, Lowest, Name, Stadium_ID, _id) | singer(Age, Country, Is_male, Name, Singer_ID, Song_Name, Song_release_year, _id) | singer_in_concert(Singer_ID, _id, concert_ID)

Question:
What is the average, minimum, and maximum age for all French singers?

MQL:

2026-07-31 16:06:48,948 [INFO   ]   >> OUTPUT : db.singer.aggregate([ { $match: { Country: "French" } }, { $group: { _id: null, avgAge: { $avg: "$Age" }, minAge: { $min: "$Age" }, maxAge: { $max: "$Age" } } }, { $project: { avgAge: 1, minAge: 1, maxAge: 1 } } ])
2026-07-31 16:06:54,923 [INFO   ] [inference] generate_nosql  latency_sec=5.9638  input_tokens=121  output_tokens=107
2026-07-31 16:06:54,924 [INFO   ]   >> INPUT  : Translate the natural language question into a MongoDB MQL query using the provided schema.

Schema:
concert(Stadium_ID, Theme, Year, _id, concert_ID, concert_Name) | singer(Age, Country, Is_male, Name, Singer_ID, Song_Name, Song_release_year, _id) | singer_in_concert(Singer_ID, _id, concert_ID)

Question:
Show the name and the release year of the song by the youngest singer.

MQL:

2026-07-31 16:06:54,924 [INFO   ]   >> OUTPUT : db.singer.aggregate([ { $lookup: { from: "singer_in_concert", localField: "Singer_ID", foreignField: "Singer_ID", as: "concert_info" } }, { $unwind: "$concert_info" }, { $sort: { "concert_info.Song_Name": 1 } }, { $limit: 1 }, { $project: { Song_Name: 1, Song_release_year: 1 } } ])
2026-07-31 16:07:00,148 [INFO   ] [inference] generate_nosql  latency_sec=5.2089  input_tokens=122  output_tokens=36
2026-07-31 16:07:00,148 [INFO   ]   >> INPUT  : Translate the natural language question into a MongoDB MQL query using the provided schema.

Schema:
concert(Stadium_ID, Theme, Year, _id, concert_ID, concert_Name) | singer(Age, Country, Is_male, Name, Singer_ID, Song_Name, Song_release_year, _id) | singer_in_concert(Singer_ID, _id, concert_ID)

Question:
What are the names and release years for all the songs of the youngest singer?

MQL:

2026-07-31 16:07:00,148 [INFO   ]   >> OUTPUT : db.singer.find({}, { Song_Name: 1, Song_release_year: 1 }).sort({ Age: 1 }).limit(1)
2026-07-31 16:07:01,809 [INFO   ] [inference] generate_nosql  latency_sec=1.6502  input_tokens=118  output_tokens=31
2026-07-31 16:07:01,809 [INFO   ]   >> INPUT  : Translate the natural language question into a MongoDB MQL query using the provided schema.

Schema:
concert(Stadium_ID, Theme, Year, _id, concert_ID, concert_Name) | singer(Age, Country, Is_male, Name, Singer_ID, Song_Name, Song_release_year, _id) | singer_in_concert(Singer_ID, _id, concert_ID)

Question:
Show all countries and the number of singers in each country.

MQL:

2026-07-31 16:07:01,809 [INFO   ]   >> OUTPUT : db.singer.aggregate([ { $group: { _id: "$Country", count: { $sum: 1 } } } ])
2026-07-31 16:07:05,734 [INFO   ] [inference] generate_nosql  latency_sec=3.9136  input_tokens=114  output_tokens=31
2026-07-31 16:07:05,734 [INFO   ]   >> INPUT  : Translate the natural language question into a MongoDB MQL query using the provided schema.

Schema:
concert(Stadium_ID, Theme, Year, _id, concert_ID, concert_Name) | singer(Age, Country, Is_male, Name, Singer_ID, Song_Name, Song_release_year, _id) | singer_in_concert(Singer_ID, _id, concert_ID)

Question:
How many singers are from each country?

MQL:

2026-07-31 16:07:05,734 [INFO   ]   >> OUTPUT : db.singer.aggregate([ { $group: { _id: "$Country", count: { $sum: 1 } } } ])
2026-07-31 16:07:13,271 [INFO   ] [inference] generate_nosql  latency_sec=7.5194  input_tokens=117  output_tokens=137
2026-07-31 16:07:13,271 [INFO   ]   >> INPUT  : Translate the natural language question into a MongoDB MQL query using the provided schema.

Schema:
concert(Stadium_ID, Theme, Year, _id, concert_ID, concert_Name) | singer(Age, Country, Is_male, Name, Singer_ID, Song_Name, Song_release_year, _id) | singer_in_concert(Singer_ID, _id, concert_ID)

Question:
List all song names by singers above the average age.

MQL:

2026-07-31 16:07:13,271 [INFO   ]   >> OUTPUT : db.singer.aggregate([ { $group: { _id: null, avgAge: { $avg: "$Age" } } }, { $lookup: { from: "singer_in_concert", let: { avgAge: "$avgAge" }, pipeline: [ { $match: { $expr: { $gt: [ "$Age", "$$avgAge" ] } } }, { $project: { Song_Name: 1 } } ], as: "concerts" } }, { $unwind: "$concerts" }, { $replaceRoot: { newRoot: "$concerts" } } ])
2026-07-31 16:07:20,884 [INFO   ] [inference] generate_nosql  latency_sec=7.5963  input_tokens=120  output_tokens=150
2026-07-31 16:07:20,884 [INFO   ]   >> INPUT  : Translate the natural language question into a MongoDB MQL query using the provided schema.

Schema:
concert(Stadium_ID, Theme, Year, _id, concert_ID, concert_Name) | singer(Age, Country, Is_male, Name, Singer_ID, Song_Name, Song_release_year, _id) | singer_in_concert(Singer_ID, _id, concert_ID)

Question:
What are all the song names by singers who are older than average?

MQL:

2026-07-31 16:07:20,884 [INFO   ]   >> OUTPUT : db.singer.aggregate([ { $lookup: { from: "singer_in_concert", localField: "Singer_ID", foreignField: "Singer_ID", as: "in_concert" } }, { $unwind: "$in_concert" }, { $lookup: { from: "concert", localField: "in_concert.concert_ID", foreignField: "concert_ID", as: "in_concert_info" } }, { $unwind: "$in_concert_info" }, { $match: { "in_concert_info.Age": { $gt: (db.singer.aggregate([ { $match: { $
2026-07-31 16:07:24,587 [INFO   ] [inference] generate_nosql  latency_sec=3.6843  input_tokens=111  output_tokens=67
2026-07-31 16:07:24,587 [INFO   ]   >> INPUT  : Translate the natural language question into a MongoDB MQL query using the provided schema.

Schema:
stadium(Average, Capacity, Highest, Location, Lowest, Name, Stadium_ID, _id) | concert(Stadium_ID, Theme, Year, _id, concert_ID, concert_Name) | singer_in_concert(Singer_ID, _id, concert_ID)

Question:
What is the average and maximum capacities for all stadiums ?

MQL:

2026-07-31 16:07:24,587 [INFO   ]   >> OUTPUT : db.stadium.aggregate([ { $group: { _id: null, avgCapacity: { $avg: "$Capacity" }, maxCapacity: { $max: "$Capacity" } } }, { $project: { avgCapacity: 1, maxCapacity: 1 } } ])
2026-07-31 16:07:26,100 [INFO   ] [inference] generate_nosql  latency_sec=1.5027  input_tokens=114  output_tokens=31
2026-07-31 16:07:26,101 [INFO   ]   >> INPUT  : Translate the natural language question into a MongoDB MQL query using the provided schema.

Schema:
stadium(Average, Capacity, Highest, Location, Lowest, Name, Stadium_ID, _id) | concert(Stadium_ID, Theme, Year, _id, concert_ID, concert_Name) | singer_in_concert(Singer_ID, _id, concert_ID)

Question:
What is the name and capacity for the stadium with highest average attendance?

MQL:

2026-07-31 16:07:26,101 [INFO   ]   >> OUTPUT : db.stadium.find({}, {Name: 1, Capacity: 1}).sort({Average: -1}).limit(1)
2026-07-31 16:07:27,647 [INFO   ] [inference] generate_nosql  latency_sec=1.535  input_tokens=115  output_tokens=31
2026-07-31 16:07:27,647 [INFO   ]   >> INPUT  : Translate the natural language question into a MongoDB MQL query using the provided schema.

Schema:
stadium(Average, Capacity, Highest, Location, Lowest, Name, Stadium_ID, _id) | concert(Stadium_ID, Theme, Year, _id, concert_ID, concert_Name) | singer_in_concert(Singer_ID, _id, concert_ID)

Question:
What is the name and capacity for the stadium with the highest average attendance?

MQL:

2026-07-31 16:07:27,647 [INFO   ]   >> OUTPUT : db.stadium.find({}, {Name: 1, Capacity: 1}).sort({Average: -1}).limit(1)
2026-07-31 16:07:30,455 [INFO   ] [inference] generate_nosql  latency_sec=2.7971  input_tokens=108  output_tokens=60
2026-07-31 16:07:30,455 [INFO   ]   >> INPUT  : Translate the natural language question into a MongoDB MQL query using the provided schema.

Schema:
stadium(Average, Capacity, Highest, Location, Lowest, Name, Stadium_ID, _id) | concert(Stadium_ID, Theme, Year, _id, concert_ID, concert_Name) | singer_in_concert(Singer_ID, _id, concert_ID)

Question:
Which year has most number of concerts?

MQL:

2026-07-31 16:07:30,455 [INFO   ]   >> OUTPUT : db.concert.aggregate([ { $group: { _id: "$Year", count: { $sum: 1 } } }, { $sort: { count: -1 } }, { $limit: 1 }, { $project: { Year: "$_id" } } ])
2026-07-31 16:07:33,527 [INFO   ] [inference] generate_nosql  latency_sec=3.0606  input_tokens=110  output_tokens=60
2026-07-31 16:07:33,527 [INFO   ]   >> INPUT  : Translate the natural language question into a MongoDB MQL query using the provided schema.

Schema:
stadium(Average, Capacity, Highest, Location, Lowest, Name, Stadium_ID, _id) | concert(Stadium_ID, Theme, Year, _id, concert_ID, concert_Name) | singer_in_concert(Singer_ID, _id, concert_ID)

Question:
What is the year that had the most concerts?

MQL:

2026-07-31 16:07:33,527 [INFO   ]   >> OUTPUT : db.concert.aggregate([ { $group: { _id: "$Year", count: { $sum: 1 } } }, { $sort: { count: -1 } }, { $limit: 1 }, { $project: { year: "$_id" } } ])
2026-07-31 16:07:39,598 [INFO   ] [inference] generate_nosql  latency_sec=6.0555  input_tokens=122  output_tokens=91
2026-07-31 16:07:39,598 [INFO   ]   >> INPUT  : Translate the natural language question into a MongoDB MQL query using the provided schema.

Schema:
concert(Stadium_ID, Theme, Year, _id, concert_ID, concert_Name) | singer(Age, Country, Is_male, Name, Singer_ID, Song_Name, Song_release_year, _id) | singer_in_concert(Singer_ID, _id, concert_ID)

Question:
Show countries where a singer above age 40 and a singer below 30 are from.

MQL:

2026-07-31 16:07:39,598 [INFO   ]   >> OUTPUT : db.singer.aggregate([ { $match: { $or: [ { Age: { $gt: 40 } }, { Age: { $lt: 30 } } ] } }, { $group: { _id: "$Country", count: { $sum: 1 } } }, { $match: { count: { $gt: 1 } } }, { $project: { Country: "$_id" } } ])
2026-07-31 16:07:44,373 [INFO   ] [inference] generate_nosql  latency_sec=4.7615  input_tokens=123  output_tokens=46
2026-07-31 16:07:44,373 [INFO   ]   >> INPUT  : Translate the natural language question into a MongoDB MQL query using the provided schema.

Schema:
concert(Stadium_ID, Theme, Year, _id, concert_ID, concert_Name) | singer(Age, Country, Is_male, Name, Singer_ID, Song_Name, Song_release_year, _id) | singer_in_concert(Singer_ID, _id, concert_ID)

Question:
Show the name and theme for all concerts and the number of singers in each concert.

MQL:

2026-07-31 16:07:44,373 [INFO   ]   >> OUTPUT : db.concert.aggregate([ { $group: { _id: "$Theme", count: { $sum: 1 } } }, { $project: { Theme: "$_id", count: 1 } } ])
2026-07-31 16:07:52,675 [INFO   ] [inference] generate_nosql  latency_sec=8.2904  input_tokens=121  output_tokens=150
2026-07-31 16:07:52,675 [INFO   ]   >> INPUT  : Translate the natural language question into a MongoDB MQL query using the provided schema.

Schema:
concert(Stadium_ID, Theme, Year, _id, concert_ID, concert_Name) | singer(Age, Country, Is_male, Name, Singer_ID, Song_Name, Song_release_year, _id) | singer_in_concert(Singer_ID, _id, concert_ID)

Question:
What are the names , themes , and number of singers for every concert ?

MQL:

2026-07-31 16:07:52,675 [INFO   ]   >> OUTPUT : db.singer_in_concert.aggregate([ { $lookup: { from: "concert", localField: "Singer_ID", foreignField: "Singer_ID", as: "concert_info" } }, { $unwind: "$concert_info" }, { $lookup: { from: "singer", localField: "Singer_ID", foreignField: "Singer_ID", as: "singer_info" } }, { $unwind: "$singer_info" }, { $group: { _id: "$singer_info.Name", Theme: "$singer_info.Theme", NumberOfSingers: { $sum: 1 }
2026-07-31 16:07:59,788 [INFO   ] [inference] generate_nosql  latency_sec=7.1008  input_tokens=127  output_tokens=150
2026-07-31 16:07:59,788 [INFO   ]   >> INPUT  : Translate the natural language question into a MongoDB MQL query using the provided schema.

Schema:
concert(Stadium_ID, Theme, Year, _id, concert_ID, concert_Name) | singer(Age, Country, Is_male, Name, Singer_ID, Song_Name, Song_release_year, _id) | singer_in_concert(Singer_ID, _id, concert_ID)

Question:
what is the name and nation of the singer who have a song having 'Hey' in its name?

MQL:

2026-07-31 16:07:59,788 [INFO   ]   >> OUTPUT : db.singer.aggregate([ { $lookup: { from: "song_in_concert", localField: "Singer_ID", foreignField: "Singer_ID", as: "song_in_concert" } }, { $unwind: "$song_in_concert" }, { $lookup: { from: "concert", localField: "song_in_concert.concert_ID", foreignField: "concert_ID", as: "concert" } }, { $unwind: "$concert" }, { $match: { "song_in_concert.song_name": { $regex: "^Hey", $options: "i" } } }, { $
2026-07-31 16:08:07,952 [INFO   ] [inference] generate_nosql  latency_sec=8.1528  input_tokens=131  output_tokens=150
2026-07-31 16:08:07,952 [INFO   ]   >> INPUT  : Translate the natural language question into a MongoDB MQL query using the provided schema.

Schema:
concert(Stadium_ID, Theme, Year, _id, concert_ID, concert_Name) | singer(Age, Country, Is_male, Name, Singer_ID, Song_Name, Song_release_year, _id) | singer_in_concert(Singer_ID, _id, concert_ID)

Question:
What is the name and country of origin of every singer who has a song with the word 'Hey' in its title?

MQL:

2026-07-31 16:08:07,952 [INFO   ]   >> OUTPUT : db.singer.aggregate([ { $lookup: { from: "singer_in_concert", localField: "Singer_ID", foreignField: "Singer_ID", as: "concert_info" } }, { $unwind: "$concert_info" }, { $lookup: { from: "concert", localField: "concert_info.concert_ID", foreignField: "concert_ID", as: "concert_info" } }, { $unwind: "$concert_info" }, { $match: { "concert_info.Song_Name": { $regex: /^Hey/, $options: 'i' } } }, { $project: {
2026-07-31 16:08:10,448 [INFO   ] [inference] generate_nosql  latency_sec=2.4848  input_tokens=115  output_tokens=35
2026-07-31 16:08:10,448 [INFO   ]   >> INPUT  : Translate the natural language question into a MongoDB MQL query using the provided schema.

Schema:
Pets(PetID, PetType, _id, pet_age, weight) | Student(Advisor, Age, Fname, LName, Major, Sex, StuID, _id, city_code) | Has_Pet(PetID, StuID, _id)

Question:
Find the maximum weight for each type of pet. List the maximum weight and pet type.

MQL:

2026-07-31 16:08:10,449 [INFO   ]   >> OUTPUT : db.Pets.aggregate([ { $group: { _id: "$PetType", maxWeight: { $max: "$weight" } } } ])
2026-07-31 16:08:12,225 [INFO   ] [inference] generate_nosql  latency_sec=1.7653  input_tokens=109  output_tokens=35
2026-07-31 16:08:12,225 [INFO   ]   >> INPUT  : Translate the natural language question into a MongoDB MQL query using the provided schema.

Schema:
Pets(PetID, PetType, _id, pet_age, weight) | Student(Advisor, Age, Fname, LName, Major, Sex, StuID, _id, city_code) | Has_Pet(PetID, StuID, _id)

Question:
List the maximum weight and type for each type of pet.

MQL:

2026-07-31 16:08:12,225 [INFO   ]   >> OUTPUT : db.Pets.aggregate([ { $group: { _id: "$PetType", maxWeight: { $max: "$weight" } } } ])
2026-07-31 16:08:18,204 [INFO   ] [inference] generate_nosql  latency_sec=5.9681  input_tokens=114  output_tokens=100
2026-07-31 16:08:18,204 [INFO   ]   >> INPUT  : Translate the natural language question into a MongoDB MQL query using the provided schema.

Schema:
Pets(PetID, PetType, _id, pet_age, weight) | Student(Advisor, Age, Fname, LName, Major, Sex, StuID, _id, city_code) | Has_Pet(PetID, StuID, _id)

Question:
Find the number of dog pets that are raised by female students (with sex F).

MQL:

2026-07-31 16:08:18,204 [INFO   ]   >> OUTPUT : db.Student.aggregate([ { $match: { Sex: "F" } }, { $lookup: { from: "Has_Pet", localField: "StuID", foreignField: "StuID", as: "pet_info" } }, { $unwind: "$pet_info" }, { $group: { _id: null, count: { $sum: 1 } } }, { $project: { count: 1 } } ])
2026-07-31 16:08:22,988 [INFO   ] [inference] generate_nosql  latency_sec=4.7722  input_tokens=107  output_tokens=100
2026-07-31 16:08:22,988 [INFO   ]   >> INPUT  : Translate the natural language question into a MongoDB MQL query using the provided schema.

Schema:
Pets(PetID, PetType, _id, pet_age, weight) | Student(Advisor, Age, Fname, LName, Major, Sex, StuID, _id, city_code) | Has_Pet(PetID, StuID, _id)

Question:
How many dog pets are raised by female students?

MQL:

2026-07-31 16:08:22,988 [INFO   ]   >> OUTPUT : db.Student.aggregate([ { $match: { Sex: "F" } }, { $lookup: { from: "Has_Pet", localField: "StuID", foreignField: "StuID", as: "has_pet" } }, { $unwind: "$has_pet" }, { $group: { _id: null, count: { $sum: 1 } } }, { $project: { count: 1 } } ])
2026-07-31 16:08:30,753 [INFO   ] [inference] generate_nosql  latency_sec=7.7534  input_tokens=110  output_tokens=146
2026-07-31 16:08:30,753 [INFO   ]   >> INPUT  : Translate the natural language question into a MongoDB MQL query using the provided schema.

Schema:
Pets(PetID, PetType, _id, pet_age, weight) | Student(Advisor, Age, Fname, LName, Major, Sex, StuID, _id, city_code) | Has_Pet(PetID, StuID, _id)

Question:
Find the first name of students who have cat or dog pet.

MQL:

2026-07-31 16:08:30,753 [INFO   ]   >> OUTPUT : db.Student.aggregate([ { $lookup: { from: "Has_Pet", localField: "StuID", foreignField: "StuID", as: "pet_info" } }, { $unwind: "$pet_info" }, { $lookup: { from: "Pets", localField: "pet_info.PetID", foreignField: "PetID", as: "pet_info" } }, { $unwind: "$pet_info" }, { $match: { "pet_info.pet_type": { $in: ["Cat", "Dog"] } } }, { $project: { Fname: 1 } } ])
2026-07-31 16:08:38,219 [INFO   ] [inference] generate_nosql  latency_sec=7.4466  input_tokens=115  output_tokens=146
2026-07-31 16:08:38,219 [INFO   ]   >> INPUT  : Translate the natural language question into a MongoDB MQL query using the provided schema.

Schema:
Pets(PetID, PetType, _id, pet_age, weight) | Student(Advisor, Age, Fname, LName, Major, Sex, StuID, _id, city_code) | Has_Pet(PetID, StuID, _id)

Question:
What are the first names of every student who has a cat or dog as a pet?

MQL:

2026-07-31 16:08:38,219 [INFO   ]   >> OUTPUT : db.Student.aggregate([ { $lookup: { from: "Has_Pet", localField: "StuID", foreignField: "StuID", as: "pet_info" } }, { $unwind: "$pet_info" }, { $lookup: { from: "Pets", localField: "pet_info.PetID", foreignField: "PetID", as: "pet_info" } }, { $unwind: "$pet_info" }, { $match: { "pet_info.pet_type": { $in: ["Cat", "Dog"] } } }, { $project: { Fname: 1 } } ])
2026-07-31 16:08:39,835 [INFO   ] [inference] generate_nosql  latency_sec=1.6056  input_tokens=107  output_tokens=33
2026-07-31 16:08:39,836 [INFO   ]   >> INPUT  : Translate the natural language question into a MongoDB MQL query using the provided schema.

Schema:
Pets(PetID, PetType, _id, pet_age, weight) | Student(Advisor, Age, Fname, LName, Major, Sex, StuID, _id, city_code) | Has_Pet(PetID, StuID, _id)

Question:
Find the type and weight of the youngest pet.

MQL:

2026-07-31 16:08:39,836 [INFO   ]   >> OUTPUT : db.Pets.find({}, { PetType: 1, weight: 1 }).sort({ pet_age: 1 }).limit(1)
2026-07-31 16:08:45,800 [INFO   ] [inference] generate_nosql  latency_sec=5.9534  input_tokens=113  output_tokens=106
2026-07-31 16:08:45,800 [INFO   ]   >> INPUT  : Translate the natural language question into a MongoDB MQL query using the provided schema.

Schema:
Pets(PetID, PetType, _id, pet_age, weight) | Student(Advisor, Age, Fname, LName, Major, Sex, StuID, _id, city_code) | Has_Pet(PetID, StuID, _id)

Question:
What type of pet is the youngest animal, and how much does it weigh?

MQL:

2026-07-31 16:08:45,801 [INFO   ]   >> OUTPUT : db.Pets.aggregate([ { $sort: { pet_age: 1 } }, { $limit: 1 }, { $lookup: { from: "Has_Pet", localField: "pet_type", foreignField: "pet_type", as: "pet_info" } }, { $unwind: "$pet_info" }, { $project: { pet_type: "$pet_info.pet_type", weight: "$pet_info.weight" } } ])
2026-07-31 16:08:47,176 [INFO   ] [inference] generate_nosql  latency_sec=1.3642  input_tokens=112  output_tokens=27
2026-07-31 16:08:47,176 [INFO   ]   >> INPUT  : Translate the natural language question into a MongoDB MQL query using the provided schema.

Schema:
Pets(PetID, PetType, _id, pet_age, weight) | Student(Advisor, Age, Fname, LName, Major, Sex, StuID, _id, city_code) | Has_Pet(PetID, StuID, _id)

Question:
Find the id and weight of all pets whose age is older than 1.

MQL:

2026-07-31 16:08:47,176 [INFO   ]   >> OUTPUT : db.Pets.find({age: {$gt: 1}}, {PetID: 1, weight: 1})
2026-07-31 16:08:48,614 [INFO   ] [inference] generate_nosql  latency_sec=1.4261  input_tokens=112  output_tokens=29
2026-07-31 16:08:48,615 [INFO   ]   >> INPUT  : Translate the natural language question into a MongoDB MQL query using the provided schema.

Schema:
Pets(PetID, PetType, _id, pet_age, weight) | Student(Advisor, Age, Fname, LName, Major, Sex, StuID, _id, city_code) | Has_Pet(PetID, StuID, _id)

Question:
What is the id and weight of every pet who is older than 1?

MQL:

2026-07-31 16:08:48,615 [INFO   ]   >> OUTPUT : db.Pets.find({pet_age: {$gt: 1}}, {PetID: 1, weight: 1})
2026-07-31 16:08:51,117 [INFO   ] [inference] generate_nosql  latency_sec=2.4883  input_tokens=109  output_tokens=53
2026-07-31 16:08:51,117 [INFO   ]   >> INPUT  : Translate the natural language question into a MongoDB MQL query using the provided schema.

Schema:
Pets(PetID, PetType, _id, pet_age, weight) | Student(Advisor, Age, Fname, LName, Major, Sex, StuID, _id, city_code) | Has_Pet(PetID, StuID, _id)

Question:
Find the average and maximum age for each type of pet.

MQL:

2026-07-31 16:08:51,117 [INFO   ]   >> OUTPUT : db.Pets.aggregate([ { $group: { _id: "$PetType", avgPetAge: { $avg: "$pet_age" }, maxPetAge: { $max: "$pet_age" } } } ])
2026-07-31 16:08:53,705 [INFO   ] [inference] generate_nosql  latency_sec=2.5758  input_tokens=109  output_tokens=51
2026-07-31 16:08:53,705 [INFO   ]   >> INPUT  : Translate the natural language question into a MongoDB MQL query using the provided schema.

Schema:
Pets(PetID, PetType, _id, pet_age, weight) | Student(Advisor, Age, Fname, LName, Major, Sex, StuID, _id, city_code) | Has_Pet(PetID, StuID, _id)

Question:
What is the average and maximum age for each pet type?

MQL:

2026-07-31 16:08:53,705 [INFO   ]   >> OUTPUT : db.Pets.aggregate([ { $group: { _id: "$PetType", avgAge: { $avg: "$pet_age" }, maxAge: { $max: "$pet_age" } } } ])
2026-07-31 16:08:56,412 [INFO   ] [inference] generate_nosql  latency_sec=2.6953  input_tokens=106  output_tokens=36
2026-07-31 16:08:56,412 [INFO   ]   >> INPUT  : Translate the natural language question into a MongoDB MQL query using the provided schema.

Schema:
Pets(PetID, PetType, _id, pet_age, weight) | Student(Advisor, Age, Fname, LName, Major, Sex, StuID, _id, city_code) | Has_Pet(PetID, StuID, _id)

Question:
Find the average weight for each pet type.

MQL:

2026-07-31 16:08:56,412 [INFO   ]   >> OUTPUT : db.Pets.aggregate([ { $group: { _id: "$PetType", averageWeight: { $avg: "$weight" } } } ])
2026-07-31 16:08:58,667 [INFO   ] [inference] generate_nosql  latency_sec=2.24  input_tokens=108  output_tokens=36
2026-07-31 16:08:58,667 [INFO   ]   >> INPUT  : Translate the natural language question into a MongoDB MQL query using the provided schema.

Schema:
Pets(PetID, PetType, _id, pet_age, weight) | Student(Advisor, Age, Fname, LName, Major, Sex, StuID, _id, city_code) | Has_Pet(PetID, StuID, _id)

Question:
What is the average weight for each type of pet?

MQL:

2026-07-31 16:08:58,667 [INFO   ]   >> OUTPUT : db.Pets.aggregate([ { $group: { _id: "$PetType", averageWeight: { $avg: "$weight" } } } ])
2026-07-31 16:09:05,127 [INFO   ] [inference] generate_nosql  latency_sec=6.4473  input_tokens=110  output_tokens=85
2026-07-31 16:09:05,127 [INFO   ]   >> INPUT  : Translate the natural language question into a MongoDB MQL query using the provided schema.

Schema:
Pets(PetID, PetType, _id, pet_age, weight) | Student(Advisor, Age, Fname, LName, Major, Sex, StuID, _id, city_code) | Has_Pet(PetID, StuID, _id)

Question:
Find the first name and age of students who have a pet.

MQL:

2026-07-31 16:09:05,127 [INFO   ]   >> OUTPUT : db.Student.aggregate([ { $lookup: { from: "Has_Pet", localField: "StuID", foreignField: "StuID", as: "pet_info" } }, { $unwind: "$pet_info" }, { $project: { Fname: "$pet_info.Fname", Age: "$pet_info.Age" } } ])
2026-07-31 16:09:13,177 [INFO   ] [inference] generate_nosql  latency_sec=8.0384  input_tokens=113  output_tokens=150
2026-07-31 16:09:13,177 [INFO   ]   >> INPUT  : Translate the natural language question into a MongoDB MQL query using the provided schema.

Schema:
Pets(PetID, PetType, _id, pet_age, weight) | Student(Advisor, Age, Fname, LName, Major, Sex, StuID, _id, city_code) | Has_Pet(PetID, StuID, _id)

Question:
What are the different first names and ages of the students who do have pets?

MQL:

2026-07-31 16:09:13,177 [INFO   ]   >> OUTPUT : db.Student.aggregate([ { $lookup: { from: "Has_Pet", localField: "StuID", foreignField: "StuID", as: "pet_info" } }, { $unwind: "$pet_info" }, { $lookup: { from: "Pets", localField: "pet_info.PetID", foreignField: "PetID", as: "pet_info" } }, { $unwind: "$pet_info" }, { $group: { _id: "$Fname", age: { $first: "$pet_info.pet_age" } } }, { $project: { Fname: "$_id", age:
2026-07-31 16:09:19,333 [INFO   ] [inference] generate_nosql  latency_sec=6.1447  input_tokens=116  output_tokens=89
2026-07-31 16:09:19,333 [INFO   ]   >> INPUT  : Translate the natural language question into a MongoDB MQL query using the provided schema.

Schema:
Pets(PetID, PetType, _id, pet_age, weight) | Student(Advisor, Age, Fname, LName, Major, Sex, StuID, _id, city_code) | Has_Pet(PetID, StuID, _id)

Question:
Find the id of the pet owned by student whose last name is ‘Smith’.

MQL:

2026-07-31 16:09:19,333 [INFO   ]   >> OUTPUT : db.Student.aggregate([ { $match: { LName: "Smith" } }, { $lookup: { from: "Has_Pet", localField: "StuID", foreignField: "StuID", as: "pet_info" } }, { $unwind: "$pet_info" }, { $project: { PetID: "$pet_info.PetID" } } ])
2026-07-31 16:09:24,664 [INFO   ] [inference] generate_nosql  latency_sec=5.3198  input_tokens=113  output_tokens=34
2026-07-31 16:09:24,664 [INFO   ]   >> INPUT  : Translate the natural language question into a MongoDB MQL query using the provided schema.

Schema:
Pets(PetID, PetType, _id, pet_age, weight) | Student(Advisor, Age, Fname, LName, Major, Sex, StuID, _id, city_code) | Has_Pet(PetID, StuID, _id)

Question:
Find the number of pets for each student who has any pet and student id.

MQL:

2026-07-31 16:09:24,665 [INFO   ]   >> OUTPUT : db.Has_Pet.aggregate([ { $group: { _id: "$StuID", count: { $sum: 1 } } } ])
2026-07-31 16:09:31,356 [INFO   ] [inference] generate_nosql  latency_sec=6.6761  input_tokens=119  output_tokens=138
2026-07-31 16:09:31,357 [INFO   ]   >> INPUT  : Translate the natural language question into a MongoDB MQL query using the provided schema.

Schema:
Pets(PetID, PetType, _id, pet_age, weight) | Student(Advisor, Age, Fname, LName, Major, Sex, StuID, _id, city_code) | Has_Pet(PetID, StuID, _id)

Question:
For students who have pets , how many pets does each student have ? list their ids instead of names .

MQL:

2026-07-31 16:09:31,357 [INFO   ]   >> OUTPUT : db.Has_Pet.aggregate([ { $lookup: { from: "Student", localField: "StuID", foreignField: "StuID", as: "student_info" } }, { $unwind: "$student_info" }, { $lookup: { from: "Pets", localField: "StuID", foreignField: "PetID", as: "pet_info" } }, { $unwind: "$pet_info" }, { $group: { _id: "$StuID", count: { $sum: 1 } } }, { $project: { count: 1 } } ])
2026-07-31 16:09:39,375 [INFO   ] [inference] generate_nosql  latency_sec=8.0074  input_tokens=112  output_tokens=114
2026-07-31 16:09:39,375 [INFO   ]   >> INPUT  : Translate the natural language question into a MongoDB MQL query using the provided schema.

Schema:
Pets(PetID, PetType, _id, pet_age, weight) | Student(Advisor, Age, Fname, LName, Major, Sex, StuID, _id, city_code) | Has_Pet(PetID, StuID, _id)

Question:
Find the first name and gender of student who have more than one pet.

MQL:

2026-07-31 16:09:39,375 [INFO   ]   >> OUTPUT : db.Student.aggregate([ { $lookup: { from: "Has_Pet", localField: "StuID", foreignField: "StuID", as: "pet_info" } }, { $unwind: "$pet_info" }, { $group: { _id: "$Fname", count: { $sum: 1 } } }, { $match: { count: { $gt: 1 } } }, { $project: { Fname: "$_id", Sex: "$sex" } } ])
2026-07-31 16:09:44,700 [INFO   ] [inference] generate_nosql  latency_sec=5.3134  input_tokens=116  output_tokens=114
2026-07-31 16:09:44,700 [INFO   ]   >> INPUT  : Translate the natural language question into a MongoDB MQL query using the provided schema.

Schema:
Pets(PetID, PetType, _id, pet_age, weight) | Student(Advisor, Age, Fname, LName, Major, Sex, StuID, _id, city_code) | Has_Pet(PetID, StuID, _id)

Question:
What is the first name and gender of the all the students who have more than one pet?

MQL:

2026-07-31 16:09:44,700 [INFO   ]   >> OUTPUT : db.Student.aggregate([ { $lookup: { from: "Has_Pet", localField: "StuID", foreignField: "StuID", as: "pet_info" } }, { $unwind: "$pet_info" }, { $group: { _id: "$Fname", count: { $sum: 1 } } }, { $match: { count: { $gt: 1 } } }, { $project: { Fname: "$_id", Sex: "$sex" } } ])
2026-07-31 16:09:51,857 [INFO   ] [inference] generate_nosql  latency_sec=7.1452  input_tokens=113  output_tokens=133
2026-07-31 16:09:51,857 [INFO   ]   >> INPUT  : Translate the natural language question into a MongoDB MQL query using the provided schema.

Schema:
Pets(PetID, PetType, _id, pet_age, weight) | Student(Advisor, Age, Fname, LName, Major, Sex, StuID, _id, city_code) | Has_Pet(PetID, StuID, _id)

Question:
Find the last name of the student who has a cat that is age 3.

MQL:

2026-07-31 16:09:51,857 [INFO   ]   >> OUTPUT : db.Student.aggregate([ { $lookup: { from: "Has_Pet", localField: "StuID", foreignField: "StuID", as: "has_pet" } }, { $unwind: "$has_pet" }, { $lookup: { from: "Pets", localField: "has_pet.PetID", foreignField: "PetID", as: "pets" } }, { $unwind: "$pets" }, { $match: { "pets.pet_age": 3 } }, { $project: { LName: 1 } } ])
2026-07-31 16:09:58,613 [INFO   ] [inference] generate_nosql  latency_sec=6.7403  input_tokens=115  output_tokens=133
2026-07-31 16:09:58,613 [INFO   ]   >> INPUT  : Translate the natural language question into a MongoDB MQL query using the provided schema.

Schema:
Pets(PetID, PetType, _id, pet_age, weight) | Student(Advisor, Age, Fname, LName, Major, Sex, StuID, _id, city_code) | Has_Pet(PetID, StuID, _id)

Question:
What is the last name of the student who has a cat that is 3 years old?

MQL:

2026-07-31 16:09:58,613 [INFO   ]   >> OUTPUT : db.Student.aggregate([ { $match: { Age: 3 } }, { $lookup: { from: "Has_Pet", localField: "StuID", foreignField: "StuID", as: "has_pet" } }, { $unwind: "$has_pet" }, { $lookup: { from: "Pets", localField: "has_pet.PetID", foreignField: "PetID", as: "pets" } }, { $unwind: "$pets" }, { $project: { LName: "$pets.LName" } } ])
2026-07-31 16:10:04,032 [INFO   ] [inference] generate_nosql  latency_sec=5.4018  input_tokens=110  output_tokens=101
2026-07-31 16:10:04,032 [INFO   ]   >> INPUT  : Translate the natural language question into a MongoDB MQL query using the provided schema.

Schema:
Pets(PetID, PetType, _id, pet_age, weight) | Student(Advisor, Age, Fname, LName, Major, Sex, StuID, _id, city_code) | Has_Pet(PetID, StuID, _id)

Question:
Find the average age of students who do not have any pet .

MQL:

2026-07-31 16:10:04,032 [INFO   ]   >> OUTPUT : db.Student.aggregate([ { $lookup: { from: "Has_Pet", localField: "StuID", foreignField: "StuID", as: "pet_info" } }, { $match: { "pet_info": { $size: 0 } } }, { $group: { _id: null, avgAge: { $avg: "$Age" } } } , { $project: { avgAge: 1 } }])
2026-07-31 16:10:09,736 [INFO   ] [inference] generate_nosql  latency_sec=5.6885  input_tokens=112  output_tokens=101
2026-07-31 16:10:09,737 [INFO   ]   >> INPUT  : Translate the natural language question into a MongoDB MQL query using the provided schema.

Schema:
Pets(PetID, PetType, _id, pet_age, weight) | Student(Advisor, Age, Fname, LName, Major, Sex, StuID, _id, city_code) | Has_Pet(PetID, StuID, _id)

Question:
What is the average age for all students who do not own any pets ?

MQL:

2026-07-31 16:10:09,737 [INFO   ]   >> OUTPUT : db.Student.aggregate([ { $lookup: { from: "Has_Pet", localField: "StuID", foreignField: "StuID", as: "pet_info" } }, { $match: { "pet_info": { $size: 0 } } }, { $group: { _id: null, avgAge: { $avg: "$Age" } } } , { $project: { avgAge: 1 } }])
2026-07-31 16:10:14,641 [INFO   ] [inference] generate_nosql  latency_sec=4.8927  input_tokens=98  output_tokens=32
2026-07-31 16:10:14,641 [INFO   ]   >> INPUT  : Translate the natural language question into a MongoDB MQL query using the provided schema.

Schema:
car_makers(Country, FullName, Id, Maker, _id) | countries(Continent, CountryId, CountryName, _id) | continents(ContId, Continent, _id)

Question:
How many countries does each continent have? List the continent id, continent name and the number of countries.

MQL:

2026-07-31 16:10:14,641 [INFO   ]   >> OUTPUT : db.countries.aggregate([ { $group: { _id: "$Continent", count: { $sum: 1 } } } ])
2026-07-31 16:10:20,270 [INFO   ] [inference] generate_nosql  latency_sec=5.6174  input_tokens=94  output_tokens=32
2026-07-31 16:10:20,270 [INFO   ]   >> INPUT  : Translate the natural language question into a MongoDB MQL query using the provided schema.

Schema:
car_makers(Country, FullName, Id, Maker, _id) | countries(Continent, CountryId, CountryName, _id) | continents(ContId, Continent, _id)

Question:
For each continent, list its id, name, and how many countries it has?

MQL:

2026-07-31 16:10:20,270 [INFO   ]   >> OUTPUT : db.countries.aggregate([ { $group: { _id: "$Continent", count: { $sum: 1 } } } ])
2026-07-31 16:10:25,870 [INFO   ] [inference] generate_nosql  latency_sec=5.5895  input_tokens=105  output_tokens=119
2026-07-31 16:10:25,871 [INFO   ]   >> INPUT  : Translate the natural language question into a MongoDB MQL query using the provided schema.

Schema:
car_names(Make, MakeId, Model, _id) | model_list(Maker, Model, ModelId, _id) | cars_data(Accelerate, Cylinders, Edispl, Horsepower, Id, MPG, Weight, Year, _id)

Question:
Which model of the car has the minimum horsepower?

MQL:

2026-07-31 16:10:25,871 [INFO   ]   >> OUTPUT : db.cars_data.aggregate([ { $group: { _id: "$Model", minHorsepower: { $min: "$Horsepower" } } }, { $sort: { minHorsepower: 1 } }, { $limit: 1 }, { $lookup: { from: "model_list", localField: "_id", foreignField: "Model", as: "model_info" } }, { $unwind: "$model_info" }, { $project: { Model: "$model_info.Model" } } ])
2026-07-31 16:10:30,203 [INFO   ] [inference] generate_nosql  latency_sec=4.3212  input_tokens=111  output_tokens=89
2026-07-31 16:10:30,203 [INFO   ]   >> INPUT  : Translate the natural language question into a MongoDB MQL query using the provided schema.

Schema:
car_makers(Country, FullName, Id, Maker, _id) | car_names(Make, MakeId, Model, _id) | cars_data(Accelerate, Cylinders, Edispl, Horsepower, Id, MPG, Weight, Year, _id)

Question:
What is the model of the car with the smallest amount of horsepower?

MQL:

2026-07-31 16:10:30,203 [INFO   ]   >> OUTPUT : db.cars_data.aggregate([ { $sort: { Horsepower: 1 } }, { $limit: 1 }, { $lookup: { from: "car_names", localField: "Id", foreignField: "Maker", as: "car_names" } }, { $unwind: "$car_names" }, { $project: { Model: "$car_names.Model" } } ])
2026-07-31 16:10:34,906 [INFO   ] [inference] generate_nosql  latency_sec=4.6855  input_tokens=113  output_tokens=81
2026-07-31 16:10:34,906 [INFO   ]   >> INPUT  : Translate the natural language question into a MongoDB MQL query using the provided schema.

Schema:
car_makers(Country, FullName, Id, Maker, _id) | car_names(Make, MakeId, Model, _id) | cars_data(Accelerate, Cylinders, Edispl, Horsepower, Id, MPG, Weight, Year, _id)

Question:
Find the name of the makers that produced some cars in the year of 1970?

MQL:

2026-07-31 16:10:34,906 [INFO   ]   >> OUTPUT : db.car_makers.aggregate([ { $lookup: { from: "cars_data", localField: "Maker", foreignField: "Id", as: "cars_data" } }, { $unwind: "$cars_data" }, { $match: { "cars_data.Year": 1970 } }, { $project: { Maker: 1 } } ])
2026-07-31 16:10:38,731 [INFO   ] [inference] generate_nosql  latency_sec=3.8131  input_tokens=113  output_tokens=81
2026-07-31 16:10:38,731 [INFO   ]   >> INPUT  : Translate the natural language question into a MongoDB MQL query using the provided schema.

Schema:
car_makers(Country, FullName, Id, Maker, _id) | car_names(Make, MakeId, Model, _id) | cars_data(Accelerate, Cylinders, Edispl, Horsepower, Id, MPG, Weight, Year, _id)

Question:
What is the name of the different car makers who produced a car in 1970?

MQL:

2026-07-31 16:10:38,731 [INFO   ]   >> OUTPUT : db.car_makers.aggregate([ { $lookup: { from: "cars_data", localField: "Maker", foreignField: "Id", as: "car_data" } }, { $unwind: "$car_data" }, { $match: { "car_data.Year": 1970 } }, { $project: { Maker: 1 } } ])
2026-07-31 16:10:46,581 [INFO   ] [inference] generate_nosql  latency_sec=7.8387  input_tokens=114  output_tokens=92
2026-07-31 16:10:46,582 [INFO   ]   >> INPUT  : Translate the natural language question into a MongoDB MQL query using the provided schema.

Schema:
car_makers(Country, FullName, Id, Maker, _id) | car_names(Make, MakeId, Model, _id) | cars_data(Accelerate, Cylinders, Edispl, Horsepower, Id, MPG, Weight, Year, _id)

Question:
What is the accelerate of the car make amc hornet sportabout (sw)?

MQL:

2026-07-31 16:10:46,582 [INFO   ]   >> OUTPUT : db.car_names.aggregate([ { $match: { Make: "Hornet Sport About" } }, { $lookup: { from: "cars_data", localField: "MakeId", foreignField: "Id", as: "car_data" } }, { $unwind: "$car_data" }, { $project: { Accelerate: "$car_data.Accelerate" } } ])
2026-07-31 16:10:53,984 [INFO   ] [inference] generate_nosql  latency_sec=7.387  input_tokens=114  output_tokens=150
2026-07-31 16:10:53,985 [INFO   ]   >> INPUT  : Translate the natural language question into a MongoDB MQL query using the provided schema.

Schema:
car_makers(Country, FullName, Id, Maker, _id) | car_names(Make, MakeId, Model, _id) | cars_data(Accelerate, Cylinders, Edispl, Horsepower, Id, MPG, Weight, Year, _id)

Question:
How much does the car accelerate that makes amc hornet sportabout (sw)?

MQL:

2026-07-31 16:10:53,985 [INFO   ]   >> OUTPUT : db.cars_data.aggregate([ { $lookup: { from: "car_names", localField: "Id", foreignField: "Maker", as: "car_name_info" } }, { $unwind: "$car_name_info" }, { $lookup: { from: "car_makers", localField: "Maker", foreignField: "Id", as: "car_maker_info" } }, { $unwind: "$car_maker_info" }, { $match: { "car_maker_info.Maker": "Hornet", "car_name_info.Make": "sw" } }, { $group: { _id: null,
2026-07-31 16:10:59,175 [INFO   ] [inference] generate_nosql  latency_sec=5.1787  input_tokens=112  output_tokens=98
2026-07-31 16:10:59,175 [INFO   ]   >> INPUT  : Translate the natural language question into a MongoDB MQL query using the provided schema.

Schema:
car_makers(Country, FullName, Id, Maker, _id) | car_names(Make, MakeId, Model, _id) | cars_data(Accelerate, Cylinders, Edispl, Horsepower, Id, MPG, Weight, Year, _id)

Question:
What is the smallest weight of the car produced with 8 cylinders on 1974 ?

MQL:

2026-07-31 16:10:59,175 [INFO   ]   >> OUTPUT : db.cars_data.aggregate([ { $lookup: { from: "car_names", localField: "Id", foreignField: "Maker", as: "car_name_info" } }, { $unwind: "$car_name_info" }, { $match: { "year": 1974 } }, { $sort: { "Weight": 1 } }, { $limit: 1 }, { $project: { Weight: 1 } } ])
2026-07-31 16:11:02,409 [INFO   ] [inference] generate_nosql  latency_sec=3.2173  input_tokens=112  output_tokens=55
2026-07-31 16:11:02,409 [INFO   ]   >> INPUT  : Translate the natural language question into a MongoDB MQL query using the provided schema.

Schema:
car_makers(Country, FullName, Id, Maker, _id) | car_names(Make, MakeId, Model, _id) | cars_data(Accelerate, Cylinders, Edispl, Horsepower, Id, MPG, Weight, Year, _id)

Question:
What is the minimum weight of the car with 8 cylinders produced in 1974 ?

MQL:

2026-07-31 16:11:02,409 [INFO   ]   >> OUTPUT : db.cars_data.aggregate([ { $match: { Year: 1974 } }, { $group: { _id: null, minWeight: { $min: "$Weight" } } }, { $project: { minWeight: 1 } } ])
2026-07-31 16:11:04,165 [INFO   ] [inference] generate_nosql  latency_sec=1.7447  input_tokens=107  output_tokens=36
2026-07-31 16:11:04,165 [INFO   ]   >> INPUT  : Translate the natural language question into a MongoDB MQL query using the provided schema.

Schema:
car_makers(Country, FullName, Id, Maker, _id) | car_names(Make, MakeId, Model, _id) | cars_data(Accelerate, Cylinders, Edispl, Horsepower, Id, MPG, Weight, Year, _id)

Question:
What is the average weight of cars each year?

MQL:

2026-07-31 16:11:04,165 [INFO   ]   >> OUTPUT : db.cars_data.aggregate([ { $group: { _id: "$Year", averageWeight: { $avg: "$Weight" } } } ])
2026-07-31 16:11:05,933 [INFO   ] [inference] generate_nosql  latency_sec=1.7514  input_tokens=103  output_tokens=36
2026-07-31 16:11:05,933 [INFO   ]   >> INPUT  : Translate the natural language question into a MongoDB MQL query using the provided schema.

Schema:
countries(Continent, CountryId, CountryName, _id) | continents(ContId, Continent, _id) | cars_data(Accelerate, Cylinders, Edispl, Horsepower, Id, MPG, Weight, Year, _id)

Question:
What is the average weight and year for each year?

MQL:

2026-07-31 16:11:05,933 [INFO   ]   >> OUTPUT : db.cars_data.aggregate([ { $group: { _id: "$Year", averageWeight: { $avg: "$Weight" } } } ])
2026-07-31 16:11:12,341 [INFO   ] [inference] generate_nosql  latency_sec=6.3963  input_tokens=113  output_tokens=51
2026-07-31 16:11:12,342 [INFO   ]   >> INPUT  : Translate the natural language question into a MongoDB MQL query using the provided schema.

Schema:
car_makers(Country, FullName, Id, Maker, _id) | car_names(Make, MakeId, Model, _id) | cars_data(Accelerate, Cylinders, Edispl, Horsepower, Id, MPG, Weight, Year, _id)

Question:
What is the maximum horsepower and the make of the car models with 3 cylinders?

MQL:

2026-07-31 16:11:12,342 [INFO   ]   >> OUTPUT : db.cars_data.aggregate([ { $match: { Cylinders: 3 } }, { $group: { _id: "$Make", maxHorsepower: { $max: "$Horsepower" } } } ])
2026-07-31 16:11:16,879 [INFO   ] [inference] generate_nosql  latency_sec=4.5182  input_tokens=116  output_tokens=71
2026-07-31 16:11:16,879 [INFO   ]   >> INPUT  : Translate the natural language question into a MongoDB MQL query using the provided schema.

Schema:
car_makers(Country, FullName, Id, Maker, _id) | car_names(Make, MakeId, Model, _id) | cars_data(Accelerate, Cylinders, Edispl, Horsepower, Id, MPG, Weight, Year, _id)

Question:
What is the largest amount of horsepower for the models with 3 cylinders and what make is it?

MQL:

2026-07-31 16:11:16,879 [INFO   ]   >> OUTPUT : db.cars_data.aggregate([ { $match: { Cylinders: 3 } }, { $group: { _id: "$Maker", maxHorsepower: { $max: "$Horsepower" } } }, { $sort: { maxHorsepower: -1 } }, { $limit: 1 } ])
2026-07-31 16:11:21,034 [INFO   ] [inference] generate_nosql  latency_sec=4.1436  input_tokens=108  output_tokens=29
2026-07-31 16:11:21,035 [INFO   ]   >> INPUT  : Translate the natural language question into a MongoDB MQL query using the provided schema.

Schema:
car_makers(Country, FullName, Id, Maker, _id) | car_names(Make, MakeId, Model, _id) | cars_data(Accelerate, Cylinders, Edispl, Horsepower, Id, MPG, Weight, Year, _id)

Question:
What is the car model with the highest mpg ?

MQL:

2026-07-31 16:11:21,035 [INFO   ]   >> OUTPUT : db.cars_data.find({}, {Model: 1}).sort({MPG: -1}).limit(1)
2026-07-31 16:11:24,118 [INFO   ] [inference] generate_nosql  latency_sec=3.072  input_tokens=112  output_tokens=66
2026-07-31 16:11:24,118 [INFO   ]   >> INPUT  : Translate the natural language question into a MongoDB MQL query using the provided schema.

Schema:
car_makers(Country, FullName, Id, Maker, _id) | car_names(Make, MakeId, Model, _id) | cars_data(Accelerate, Cylinders, Edispl, Horsepower, Id, MPG, Weight, Year, _id)

Question:
What is the average edispl of the cars of model volvo?

MQL:

2026-07-31 16:11:24,118 [INFO   ]   >> OUTPUT : db.cars_data.aggregate([ { $match: { Model: "Volvo" } }, { $group: { _id: null, averageEdispl: { $avg: "$Edispl" } } } , { $project: { averageEdispl: 1 } }])
2026-07-31 16:11:27,347 [INFO   ] [inference] generate_nosql  latency_sec=3.2165  input_tokens=110  output_tokens=52
2026-07-31 16:11:27,347 [INFO   ]   >> INPUT  : Translate the natural language question into a MongoDB MQL query using the provided schema.

Schema:
car_makers(Country, FullName, Id, Maker, _id) | car_names(Make, MakeId, Model, _id) | cars_data(Accelerate, Cylinders, Edispl, Horsepower, Id, MPG, Weight, Year, _id)

Question:
What is the average edispl for all volvos?

MQL:

2026-07-31 16:11:27,347 [INFO   ]   >> OUTPUT : db.cars_data.aggregate([ { $group: { _id: null, averageEdispl: { $avg: "$Edispl" } } }, { $project: { averageEdispl: 1 } } ])
2026-07-31 16:11:29,578 [INFO   ] [inference] generate_nosql  latency_sec=2.2147  input_tokens=102  output_tokens=41
2026-07-31 16:11:29,578 [INFO   ]   >> INPUT  : Translate the natural language question into a MongoDB MQL query using the provided schema.

Schema:
car_names(Make, MakeId, Model, _id) | continents(ContId, Continent, _id) | cars_data(Accelerate, Cylinders, Edispl, Horsepower, Id, MPG, Weight, Year, _id)

Question:
What is the maximum accelerate for different number of cylinders?

MQL:

2026-07-31 16:11:29,578 [INFO   ]   >> OUTPUT : db.cars_data.aggregate([ { $group: { _id: "$Cylinders", maxAccelerate: { $max: "$Accelerate" } } } ])
2026-07-31 16:11:32,030 [INFO   ] [inference] generate_nosql  latency_sec=2.441  input_tokens=102  output_tokens=41
2026-07-31 16:11:32,030 [INFO   ]   >> INPUT  : Translate the natural language question into a MongoDB MQL query using the provided schema.

Schema:
car_names(Make, MakeId, Model, _id) | continents(ContId, Continent, _id) | cars_data(Accelerate, Cylinders, Edispl, Horsepower, Id, MPG, Weight, Year, _id)

Question:
What is the maximum accelerate for all the different cylinders?

MQL:

2026-07-31 16:11:32,030 [INFO   ]   >> OUTPUT : db.cars_data.aggregate([ { $group: { _id: "$Cylinders", maxAccelerate: { $max: "$Accelerate" } } } ])
2026-07-31 16:11:34,966 [INFO   ] [inference] generate_nosql  latency_sec=2.9246  input_tokens=109  output_tokens=62
2026-07-31 16:11:34,966 [INFO   ]   >> INPUT  : Translate the natural language question into a MongoDB MQL query using the provided schema.

Schema:
car_makers(Country, FullName, Id, Maker, _id) | car_names(Make, MakeId, Model, _id) | cars_data(Accelerate, Cylinders, Edispl, Horsepower, Id, MPG, Weight, Year, _id)

Question:
Which model has the most version(make) of cars?

MQL:

2026-07-31 16:11:34,966 [INFO   ]   >> OUTPUT : db.cars_data.aggregate([ { $group: { _id: "$Model", count: { $sum: 1 } } }, { $sort: { count: -1 } }, { $limit: 1 }, { $project: { Model: "$_id" } } ])
2026-07-31 16:11:37,933 [INFO   ] [inference] generate_nosql  latency_sec=2.9549  input_tokens=103  output_tokens=62
2026-07-31 16:11:37,933 [INFO   ]   >> INPUT  : Translate the natural language question into a MongoDB MQL query using the provided schema.

Schema:
car_names(Make, MakeId, Model, _id) | model_list(Maker, Model, ModelId, _id) | cars_data(Accelerate, Cylinders, Edispl, Horsepower, Id, MPG, Weight, Year, _id)

Question:
What model has the most different versions?

MQL:

2026-07-31 16:11:37,933 [INFO   ]   >> OUTPUT : db.model_list.aggregate([ { $group: { _id: "$Model", count: { $sum: 1 } } }, { $sort: { count: -1 } }, { $limit: 1 }, { $project: { Model: "$_id" } } ])
2026-07-31 16:11:43,951 [INFO   ] [inference] generate_nosql  latency_sec=6.0061  input_tokens=97  output_tokens=102
2026-07-31 16:11:43,951 [INFO   ]   >> INPUT  : Translate the natural language question into a MongoDB MQL query using the provided schema.

Schema:
car_makers(Country, FullName, Id, Maker, _id) | car_names(Make, MakeId, Model, _id) | model_list(Maker, Model, ModelId, _id)

Question:
How many car models were produced by the maker with full name American Motor Company?

MQL:

2026-07-31 16:11:43,951 [INFO   ]   >> OUTPUT : db.car_makers.aggregate([ { $match: { FullName: "American Motor Company" } }, { $lookup: { from: "car_names", localField: "Maker", foreignField: "MakeId", as: "car_names" } }, { $unwind: "$car_names" }, { $group: { _id: null, count: { $sum: 1 } } }, { $project: { count: 1 } } ])
2026-07-31 16:11:46,555 [INFO   ] [inference] generate_nosql  latency_sec=2.5919  input_tokens=97  output_tokens=55
2026-07-31 16:11:46,555 [INFO   ]   >> INPUT  : Translate the natural language question into a MongoDB MQL query using the provided schema.

Schema:
car_makers(Country, FullName, Id, Maker, _id) | car_names(Make, MakeId, Model, _id) | model_list(Maker, Model, ModelId, _id)

Question:
What is the number of car models created by the car maker American Motor Company?

MQL:

2026-07-31 16:11:46,555 [INFO   ]   >> OUTPUT : db.car_makers.aggregate([ { $match: { Maker: "American Motor Company" } }, { $group: { _id: null, count: { $sum: 1 } } }, { $project: { count: 1 } } ])
2026-07-31 16:11:51,910 [INFO   ] [inference] generate_nosql  latency_sec=5.3435  input_tokens=97  output_tokens=111
2026-07-31 16:11:51,910 [INFO   ]   >> INPUT  : Translate the natural language question into a MongoDB MQL query using the provided schema.

Schema:
car_makers(Country, FullName, Id, Maker, _id) | car_names(Make, MakeId, Model, _id) | model_list(Maker, Model, ModelId, _id)

Question:
Which makers designed more than 3 car models? List full name and the id.

MQL:

2026-07-31 16:11:51,910 [INFO   ]   >> OUTPUT : db.car_makers.aggregate([ { $group: { _id: "$Maker", count: { $sum: 1 } } }, { $match: { count: { $gt: 3 } } }, { $lookup: { from: "car_names", localField: "_id", foreignField: "Maker", as: "names" } }, { $unwind: "$names" }, { $project: { FullName: "$names.FullName", MakeId: "$_id" } } ])
2026-07-31 16:11:58,517 [INFO   ] [inference] generate_nosql  latency_sec=6.591  input_tokens=97  output_tokens=119
2026-07-31 16:11:58,517 [INFO   ]   >> INPUT  : Translate the natural language question into a MongoDB MQL query using the provided schema.

Schema:
car_makers(Country, FullName, Id, Maker, _id) | car_names(Make, MakeId, Model, _id) | model_list(Maker, Model, ModelId, _id)

Question:
What are the names and ids of all makers with more than 3 models?

MQL:

2026-07-31 16:11:58,518 [INFO   ]   >> OUTPUT : db.car_makers.aggregate([ { $group: { _id: "$Maker", count: { $sum: 1 } } }, { $match: { count: { $gt: 3 } } }, { $lookup: { from: "car_names", localField: "_id", foreignField: "Maker", as: "car_names" } }, { $unwind: "$car_names" }, { $project: { Make: "$car_names.Make", MakeId: "$car_names.MakeId" } } ])
2026-07-31 16:12:04,491 [INFO   ] [inference] generate_nosql  latency_sec=5.9613  input_tokens=117  output_tokens=116
2026-07-31 16:12:04,491 [INFO   ]   >> INPUT  : Translate the natural language question into a MongoDB MQL query using the provided schema.

Schema:
car_makers(Country, FullName, Id, Maker, _id) | car_names(Make, MakeId, Model, _id) | cars_data(Accelerate, Cylinders, Edispl, Horsepower, Id, MPG, Weight, Year, _id)

Question:
Which distinctive models are produced by maker with the full name General Motors or weighing more than 3500?

MQL:

2026-07-31 16:12:04,491 [INFO   ]   >> OUTPUT : db.car_makers.aggregate([ { $lookup: { from: "car_names", localField: "Maker", foreignField: "MakeId", as: "car_name_info" } }, { $unwind: "$car_name_info" }, { $match: { $or: [ { "car_name_info.Model": "General Motors" }, { "car_name_info.Weight": { $gt: 3500 } } ] } }, { $project: { Model: 1 } } ])
2026-07-31 16:12:11,789 [INFO   ] [inference] generate_nosql  latency_sec=7.2867  input_tokens=117  output_tokens=68
2026-07-31 16:12:11,789 [INFO   ]   >> INPUT  : Translate the natural language question into a MongoDB MQL query using the provided schema.

Schema:
car_makers(Country, FullName, Id, Maker, _id) | car_names(Make, MakeId, Model, _id) | cars_data(Accelerate, Cylinders, Edispl, Horsepower, Id, MPG, Weight, Year, _id)

Question:
What are the different models created by either the car maker General Motors or weighed more than 3500?

MQL:

2026-07-31 16:12:11,789 [INFO   ]   >> OUTPUT : db.car_makers.aggregate([ { $match: { $or: [ { Maker: "General Motors" }, { Weight: { $gt: 3500 } } ] } }, { $group: { _id: "$Model" } }, { $project: { Model: "$_id" } } ])
2026-07-31 16:12:15,509 [INFO   ] [inference] generate_nosql  latency_sec=3.7078  input_tokens=114  output_tokens=73
2026-07-31 16:12:15,509 [INFO   ]   >> INPUT  : Translate the natural language question into a MongoDB MQL query using the provided schema.

Schema:
car_makers(Country, FullName, Id, Maker, _id) | car_names(Make, MakeId, Model, _id) | cars_data(Accelerate, Cylinders, Edispl, Horsepower, Id, MPG, Weight, Year, _id)

Question:
In which years cars were produced weighing no less than 3000 and no more than 4000 ?

MQL:

2026-07-31 16:12:15,509 [INFO   ]   >> OUTPUT : db.cars_data.aggregate([ { $group: { _id: "$Year", minWeight: { $min: "$Weight" }, maxWeight: { $max: "$Weight" } } }, { $match: { minWeight: { $lte: 3000 }, maxWeight: { $lte: 4000 } } } ])
2026-07-31 16:12:19,887 [INFO   ] [inference] generate_nosql  latency_sec=4.3667  input_tokens=122  output_tokens=52
2026-07-31 16:12:19,887 [INFO   ]   >> INPUT  : Translate the natural language question into a MongoDB MQL query using the provided schema.

Schema:
car_makers(Country, FullName, Id, Maker, _id) | car_names(Make, MakeId, Model, _id) | cars_data(Accelerate, Cylinders, Edispl, Horsepower, Id, MPG, Weight, Year, _id)

Question:
What are the different years in which there were cars produced that weighed less than 4000 and also cars that weighted more than 3000 ?

MQL:

2026-07-31 16:12:19,887 [INFO   ]   >> OUTPUT : db.cars_data.aggregate([ { $match: { Weight: { $lt: 4000 } } }, { $group: { _id: "$Year" } }, { $project: { Year: "$_id" } } ])
2026-07-31 16:12:25,003 [INFO   ] [inference] generate_nosql  latency_sec=5.1005  input_tokens=109  output_tokens=32
2026-07-31 16:12:25,004 [INFO   ]   >> INPUT  : Translate the natural language question into a MongoDB MQL query using the provided schema.

Schema:
car_makers(Country, FullName, Id, Maker, _id) | car_names(Make, MakeId, Model, _id) | cars_data(Accelerate, Cylinders, Edispl, Horsepower, Id, MPG, Weight, Year, _id)

Question:
What is the horsepower of the car with the largest accelerate?

MQL:

2026-07-31 16:12:25,004 [INFO   ]   >> OUTPUT : db.cars_data.find({}, {Horsepower: 1}).sort({Accelerate: -1}).limit(1)
2026-07-31 16:12:29,293 [INFO   ] [inference] generate_nosql  latency_sec=4.2773  input_tokens=109  output_tokens=91
2026-07-31 16:12:29,293 [INFO   ]   >> INPUT  : Translate the natural language question into a MongoDB MQL query using the provided schema.

Schema:
car_makers(Country, FullName, Id, Maker, _id) | car_names(Make, MakeId, Model, _id) | cars_data(Accelerate, Cylinders, Edispl, Horsepower, Id, MPG, Weight, Year, _id)

Question:
What is the horsepower of the car with the greatest accelerate?

MQL:

2026-07-31 16:12:29,293 [INFO   ]   >> OUTPUT : db.cars_data.aggregate([ { $lookup: { from: "car_names", localField: "Id", foreignField: "Maker", as: "car_name_info" } }, { $unwind: "$car_name_info" }, { $sort: { "Accelerate": -1 } }, { $limit: 1 }, { $project: { Horsepower: 1 } } ])
2026-07-31 16:12:37,263 [INFO   ] [inference] generate_nosql  latency_sec=7.9584  input_tokens=114  output_tokens=134
2026-07-31 16:12:37,263 [INFO   ]   >> INPUT  : Translate the natural language question into a MongoDB MQL query using the provided schema.

Schema:
car_makers(Country, FullName, Id, Maker, _id) | car_names(Make, MakeId, Model, _id) | cars_data(Accelerate, Cylinders, Edispl, Horsepower, Id, MPG, Weight, Year, _id)

Question:
For model volvo, how many cylinders does the car with the least accelerate have?

MQL:

2026-07-31 16:12:37,264 [INFO   ]   >> OUTPUT : db.cars_data.aggregate([ { $lookup: { from: "car_names", localField: "Id", foreignField: "Maker", as: "car_name_info" } }, { $unwind: "$car_name_info" }, { $match: { "car_name_info.Model": "volvo" } }, { $group: { _id: "$Cylinders", count: { $sum: 1 } } }, { $sort: { count: -1 } }, { $limit: 1 } , { $project: { cylinders: "$_id" } }])
2026-07-31 16:12:43,559 [INFO   ] [inference] generate_nosql  latency_sec=6.2834  input_tokens=114  output_tokens=134
2026-07-31 16:12:43,559 [INFO   ]   >> INPUT  : Translate the natural language question into a MongoDB MQL query using the provided schema.

Schema:
car_makers(Country, FullName, Id, Maker, _id) | car_names(Make, MakeId, Model, _id) | cars_data(Accelerate, Cylinders, Edispl, Horsepower, Id, MPG, Weight, Year, _id)

Question:
For a volvo model, how many cylinders does the version with least accelerate have?

MQL:

2026-07-31 16:12:43,559 [INFO   ]   >> OUTPUT : db.cars_data.aggregate([ { $lookup: { from: "car_names", localField: "Id", foreignField: "Maker", as: "car_name_info" } }, { $unwind: "$car_name_info" }, { $match: { "car_name_info.Model": "volvo" } }, { $group: { _id: "$Cylinders", count: { $sum: 1 } } }, { $sort: { count: -1 } }, { $limit: 1 } , { $project: { cylinders: "$_id" } }])
2026-07-31 16:12:51,057 [INFO   ] [inference] generate_nosql  latency_sec=7.4859  input_tokens=112  output_tokens=51
2026-07-31 16:12:51,057 [INFO   ]   >> INPUT  : Translate the natural language question into a MongoDB MQL query using the provided schema.

Schema:
car_makers(Country, FullName, Id, Maker, _id) | car_names(Make, MakeId, Model, _id) | cars_data(Accelerate, Cylinders, Edispl, Horsepower, Id, MPG, Weight, Year, _id)

Question:
How many cars have a larger accelerate than the car with the largest horsepower?

MQL:

2026-07-31 16:12:51,057 [INFO   ]   >> OUTPUT : db.cars_data.aggregate([ { $group: { _id: "$Accelerate", count: { $sum: 1 } } }, { $sort: { count: -1 } }, { $limit: 1 } ])
2026-07-31 16:12:53,976 [INFO   ] [inference] generate_nosql  latency_sec=2.9071  input_tokens=115  output_tokens=61
2026-07-31 16:12:53,976 [INFO   ]   >> INPUT  : Translate the natural language question into a MongoDB MQL query using the provided schema.

Schema:
car_makers(Country, FullName, Id, Maker, _id) | car_names(Make, MakeId, Model, _id) | cars_data(Accelerate, Cylinders, Edispl, Horsepower, Id, MPG, Weight, Year, _id)

Question:
What is the number of cars with a greater accelerate than the one with the most horsepower?

MQL:

2026-07-31 16:12:53,976 [INFO   ]   >> OUTPUT : db.cars_data.aggregate([ { $group: { _id: "$Accelerate", count: { $sum: 1 } } }, { $sort: { count: -1 } }, { $limit: 1 }, { $project: { count: 1 } } ])
2026-07-31 16:12:56,271 [INFO   ] [inference] generate_nosql  latency_sec=2.283  input_tokens=105  output_tokens=49
2026-07-31 16:12:56,271 [INFO   ]   >> INPUT  : Translate the natural language question into a MongoDB MQL query using the provided schema.

Schema:
car_makers(Country, FullName, Id, Maker, _id) | car_names(Make, MakeId, Model, _id) | cars_data(Accelerate, Cylinders, Edispl, Horsepower, Id, MPG, Weight, Year, _id)

Question:
How many cars has over 6 cylinders?

MQL:

2026-07-31 16:12:56,271 [INFO   ]   >> OUTPUT : db.cars_data.aggregate([ { $group: { _id: "$Cylinders", count: { $sum: 1 } } }, { $match: { count: { $gt: 6 } } } ])
2026-07-31 16:12:59,011 [INFO   ] [inference] generate_nosql  latency_sec=2.728  input_tokens=110  output_tokens=59
2026-07-31 16:12:59,011 [INFO   ]   >> INPUT  : Translate the natural language question into a MongoDB MQL query using the provided schema.

Schema:
car_makers(Country, FullName, Id, Maker, _id) | car_names(Make, MakeId, Model, _id) | cars_data(Accelerate, Cylinders, Edispl, Horsepower, Id, MPG, Weight, Year, _id)

Question:
What is the number of carsw ith over 6 cylinders?

MQL:

2026-07-31 16:12:59,011 [INFO   ]   >> OUTPUT : db.cars_data.aggregate([ { $group: { _id: "$Cylinders", count: { $sum: 1 } } }, { $match: { count: { $gt: 6 } } }, { $project: { count: 1 } } ])
2026-07-31 16:13:05,828 [INFO   ] [inference] generate_nosql  latency_sec=6.7974  input_tokens=111  output_tokens=120
2026-07-31 16:13:05,828 [INFO   ]   >> INPUT  : Translate the natural language question into a MongoDB MQL query using the provided schema.

Schema:
car_makers(Country, FullName, Id, Maker, _id) | car_names(Make, MakeId, Model, _id) | cars_data(Accelerate, Cylinders, Edispl, Horsepower, Id, MPG, Weight, Year, _id)

Question:
For the cars with 4 cylinders, which model has the largest horsepower?

MQL:

2026-07-31 16:13:05,828 [INFO   ]   >> OUTPUT : db.cars_data.aggregate([ { $group: { _id: "$Model", maxHorsepower: { $max: "$Horsepower" } } }, { $sort: { maxHorsepower: -1 } }, { $limit: 4 }, { $lookup: { from: "cars_data", localField: "_id", foreignField: "Model", as: "car_data" } }, { $unwind: "$car_data" }, { $project: { Make: "$car_data.Make" } } ])
2026-07-31 16:13:11,990 [INFO   ] [inference] generate_nosql  latency_sec=6.1502  input_tokens=112  output_tokens=115
2026-07-31 16:13:11,990 [INFO   ]   >> INPUT  : Translate the natural language question into a MongoDB MQL query using the provided schema.

Schema:
car_makers(Country, FullName, Id, Maker, _id) | car_names(Make, MakeId, Model, _id) | cars_data(Accelerate, Cylinders, Edispl, Horsepower, Id, MPG, Weight, Year, _id)

Question:
For all of the 4 cylinder cars, which model has the most horsepower?

MQL:

2026-07-31 16:13:11,990 [INFO   ]   >> OUTPUT : db.cars_data.aggregate([ { $lookup: { from: "car_names", localField: "Id", foreignField: "Maker", as: "name_info" } }, { $unwind: "$name_info" }, { $group: { _id: "$name_info.Model", horsepower: { $sum: "$Horsepower" } } }, { $sort: { horsepower: -1 } }, { $limit: 4 }, { $project: { Model: "$_id" } } ])
2026-07-31 16:13:16,995 [INFO   ] [inference] generate_nosql  latency_sec=4.9928  input_tokens=108  output_tokens=86
2026-07-31 16:13:16,995 [INFO   ]   >> INPUT  : Translate the natural language question into a MongoDB MQL query using the provided schema.

Schema:
flights(Airline, DestAirport, FlightNo, SourceAirport, _id) | airports(AirportCode, AirportName, City, Country, CountryAbbrev, _id) | airlines(Abbreviation, Airline, Country, _id, uid)

Question:
Which country does Airline 'JetBlue Airways' belong to?

MQL:

2026-07-31 16:13:16,995 [INFO   ]   >> OUTPUT : db.airlines.aggregate([ { $match: { Airline: "JetBlue Airways" } }, { $lookup: { from: "airports", localField: "AirportCode", foreignField: "AirportCode", as: "airports" } }, { $unwind: "$airports" }, { $project: { Country: "$airports.Country" } } ])
2026-07-31 16:13:23,549 [INFO   ] [inference] generate_nosql  latency_sec=6.5408  input_tokens=104  output_tokens=92
2026-07-31 16:13:23,549 [INFO   ]   >> INPUT  : Translate the natural language question into a MongoDB MQL query using the provided schema.

Schema:
flights(Airline, DestAirport, FlightNo, SourceAirport, _id) | airports(AirportCode, AirportName, City, Country, CountryAbbrev, _id) | airlines(Abbreviation, Airline, Country, _id, uid)

Question:
What country is Jetblue Airways affiliated with?

MQL:

2026-07-31 16:13:23,549 [INFO   ]   >> OUTPUT : db.airlines.aggregate([ { $match: { Airline: "Jetblue Airways" } }, { $lookup: { from: "airports", localField: "AirportCode", foreignField: "AirportCode", as: "airport_info" } }, { $unwind: "$airport_info" }, { $project: { Country: "$airport_info.Country" } } ])
2026-07-31 16:13:24,793 [INFO   ] [inference] generate_nosql  latency_sec=1.2322  input_tokens=108  output_tokens=25
2026-07-31 16:13:24,793 [INFO   ]   >> INPUT  : Translate the natural language question into a MongoDB MQL query using the provided schema.

Schema:
flights(Airline, DestAirport, FlightNo, SourceAirport, _id) | airports(AirportCode, AirportName, City, Country, CountryAbbrev, _id) | airlines(Abbreviation, Airline, Country, _id, uid)

Question:
What is the abbreviation of Airline 'JetBlue Airways'?

MQL:

2026-07-31 16:13:24,793 [INFO   ]   >> OUTPUT : db.airlines.findOne({Airline: 'JetBlue Airways'}, {Abbreviation: 1})
2026-07-31 16:13:25,976 [INFO   ] [inference] generate_nosql  latency_sec=1.171  input_tokens=104  output_tokens=25
2026-07-31 16:13:25,976 [INFO   ]   >> INPUT  : Translate the natural language question into a MongoDB MQL query using the provided schema.

Schema:
flights(Airline, DestAirport, FlightNo, SourceAirport, _id) | airports(AirportCode, AirportName, City, Country, CountryAbbrev, _id) | airlines(Abbreviation, Airline, Country, _id, uid)

Question:
Which abbreviation corresponds to Jetblue Airways?

MQL:

2026-07-31 16:13:25,976 [INFO   ]   >> OUTPUT : db.airlines.findOne({Abbreviation: 'Jetblue'}, {Abbreviation: 1})
2026-07-31 16:13:27,366 [INFO   ] [inference] generate_nosql  latency_sec=1.3772  input_tokens=107  output_tokens=26
2026-07-31 16:13:27,367 [INFO   ]   >> INPUT  : Translate the natural language question into a MongoDB MQL query using the provided schema.

Schema:
flights(Airline, DestAirport, FlightNo, SourceAirport, _id) | airports(AirportCode, AirportName, City, Country, CountryAbbrev, _id) | airlines(Abbreviation, Airline, Country, _id, uid)

Question:
List all airline names and their abbreviations in 'USA'.

MQL:

2026-07-31 16:13:27,367 [INFO   ]   >> OUTPUT : db.airlines.find({Country: 'USA'}, {Airline: 1, Abbreviation: 1})
2026-07-31 16:13:29,001 [INFO   ] [inference] generate_nosql  latency_sec=1.6175  input_tokens=109  output_tokens=26
2026-07-31 16:13:29,001 [INFO   ]   >> INPUT  : Translate the natural language question into a MongoDB MQL query using the provided schema.

Schema:
flights(Airline, DestAirport, FlightNo, SourceAirport, _id) | airports(AirportCode, AirportName, City, Country, CountryAbbrev, _id) | airlines(Abbreviation, Airline, Country, _id, uid)

Question:
What are the airline names and abbreviations for airlines in the USA?

MQL:

2026-07-31 16:13:29,001 [INFO   ]   >> OUTPUT : db.airlines.find({Country: 'USA'}, {Airline: 1, Abbreviation: 1})
2026-07-31 16:13:30,580 [INFO   ] [inference] generate_nosql  latency_sec=1.5621  input_tokens=103  output_tokens=22
2026-07-31 16:13:30,580 [INFO   ]   >> INPUT  : Translate the natural language question into a MongoDB MQL query using the provided schema.

Schema:
flights(Airline, DestAirport, FlightNo, SourceAirport, _id) | airports(AirportCode, AirportName, City, Country, CountryAbbrev, _id) | airlines(Abbreviation, Airline, Country, _id, uid)

Question:
Which airline has abbreviation 'UAL'?

MQL:

2026-07-31 16:13:30,580 [INFO   ]   >> OUTPUT : db.airlines.find({Abbreviation: 'UAL'}, {Airline: 1})
2026-07-31 16:13:31,703 [INFO   ] [inference] generate_nosql  latency_sec=1.1031  input_tokens=104  output_tokens=22
2026-07-31 16:13:31,703 [INFO   ]   >> INPUT  : Translate the natural language question into a MongoDB MQL query using the provided schema.

Schema:
flights(Airline, DestAirport, FlightNo, SourceAirport, _id) | airports(AirportCode, AirportName, City, Country, CountryAbbrev, _id) | airlines(Abbreviation, Airline, Country, _id, uid)

Question:
Give the airline with abbreviation 'UAL'.

MQL:

2026-07-31 16:13:31,703 [INFO   ]   >> OUTPUT : db.airlines.find({Abbreviation: 'UAL'}, {Airline: 1})
2026-07-31 16:13:32,808 [INFO   ] [inference] generate_nosql  latency_sec=1.093  input_tokens=106  output_tokens=22
2026-07-31 16:13:32,808 [INFO   ]   >> INPUT  : Translate the natural language question into a MongoDB MQL query using the provided schema.

Schema:
flights(Airline, DestAirport, FlightNo, SourceAirport, _id) | airports(AirportCode, AirportName, City, Country, CountryAbbrev, _id) | airlines(Abbreviation, Airline, Country, _id, uid)

Question:
What is the airport name for airport 'AKO'?

MQL:

2026-07-31 16:13:32,808 [INFO   ]   >> OUTPUT : db.airports.find({ AirportName: 'AKO' }, { AirportName: 1 })
2026-07-31 16:13:33,923 [INFO   ] [inference] generate_nosql  latency_sec=1.1036  input_tokens=107  output_tokens=22
2026-07-31 16:13:33,923 [INFO   ]   >> INPUT  : Translate the natural language question into a MongoDB MQL query using the provided schema.

Schema:
flights(Airline, DestAirport, FlightNo, SourceAirport, _id) | airports(AirportCode, AirportName, City, Country, CountryAbbrev, _id) | airlines(Abbreviation, Airline, Country, _id, uid)

Question:
Return the name of the airport with code 'AKO'.

MQL:

2026-07-31 16:13:33,923 [INFO   ]   >> OUTPUT : db.airports.find({ AirportCode: 'AKO' }, { AirportName: 1 })
2026-07-31 16:13:38,743 [INFO   ] [inference] generate_nosql  latency_sec=4.8083  input_tokens=107  output_tokens=103
2026-07-31 16:13:38,743 [INFO   ]   >> INPUT  : Translate the natural language question into a MongoDB MQL query using the provided schema.

Schema:
flights(Airline, DestAirport, FlightNo, SourceAirport, _id) | airports(AirportCode, AirportName, City, Country, CountryAbbrev, _id) | airlines(Abbreviation, Airline, Country, _id, uid)

Question:
How many flights does airline 'JetBlue Airways' have?

MQL:

2026-07-31 16:13:38,743 [INFO   ]   >> OUTPUT : db.airlines.aggregate([ { $match: { Airline: "JetBlue Airways" } }, { $lookup: { from: "airports", localField: "uid", foreignField: "AirportCode", as: "airport_info" } }, { $unwind: "$airport_info" }, { $group: { _id: null, count: { $sum: 1 } } }, { $project: { count: 1 } } ])
2026-07-31 16:13:46,725 [INFO   ] [inference] generate_nosql  latency_sec=7.964  input_tokens=104  output_tokens=108
2026-07-31 16:13:46,725 [INFO   ]   >> INPUT  : Translate the natural language question into a MongoDB MQL query using the provided schema.

Schema:
flights(Airline, DestAirport, FlightNo, SourceAirport, _id) | airports(AirportCode, AirportName, City, Country, CountryAbbrev, _id) | airlines(Abbreviation, Airline, Country, _id, uid)

Question:
Give the number of Jetblue Airways flights.

MQL:

2026-07-31 16:13:46,725 [INFO   ]   >> OUTPUT : db.flights.aggregate([ { $lookup: { from: "airlines", localField: "Airline", foreignField: "uid", as: "airline_info" } }, { $unwind: "$airline_info" }, { $match: { "airline_info.Airline": "Jetblue Airways" } }, { $group: { _id: null, count: { $sum: 1 } } }, { $project: { count: 1 } } ])
2026-07-31 16:13:50,235 [INFO   ] [inference] generate_nosql  latency_sec=3.498  input_tokens=105  output_tokens=61
2026-07-31 16:13:50,235 [INFO   ]   >> INPUT  : Translate the natural language question into a MongoDB MQL query using the provided schema.

Schema:
flights(Airline, DestAirport, FlightNo, SourceAirport, _id) | airports(AirportCode, AirportName, City, Country, CountryAbbrev, _id) | airlines(Abbreviation, Airline, Country, _id, uid)

Question:
Find all airlines that have fewer than 200 flights.

MQL:

2026-07-31 16:13:50,235 [INFO   ]   >> OUTPUT : db.airlines.aggregate([ { $group: { _id: "$Airline", count: { $sum: 1 } } }, { $match: { count: { $lt: 200 } } }, { $project: { Airline: "$_id" } } ])
2026-07-31 16:13:53,801 [INFO   ] [inference] generate_nosql  latency_sec=3.5544  input_tokens=103  output_tokens=74
2026-07-31 16:13:53,801 [INFO   ]   >> INPUT  : Translate the natural language question into a MongoDB MQL query using the provided schema.

Schema:
flights(Airline, DestAirport, FlightNo, SourceAirport, _id) | airports(AirportCode, AirportName, City, Country, CountryAbbrev, _id) | airlines(Abbreviation, Airline, Country, _id, uid)

Question:
Which airlines have less than 200 flights?

MQL:

2026-07-31 16:13:53,801 [INFO   ]   >> OUTPUT : db.airlines.aggregate([ { $lookup: { from: "flights", localField: "uid", foreignField: "Airline", as: "flights" } }, { $match: { "flights.1": { $lt: 200 } } }, { $project: { Abbreviation: 1 } } ])
2026-07-31 16:13:55,060 [INFO   ] [inference] generate_nosql  latency_sec=1.247  input_tokens=103  output_tokens=21
2026-07-31 16:13:55,061 [INFO   ]   >> INPUT  : Translate the natural language question into a MongoDB MQL query using the provided schema.

Schema:
evaluation(Bonus, Employee_ID, Year_awarded, _id) | hiring(Employee_ID, Is_full_time, Shop_ID, Start_from, _id) | employee(Age, City, Employee_ID, Name, _id)

Question:
Sort employee names by their age in ascending order.

MQL:

2026-07-31 16:13:55,061 [INFO   ]   >> OUTPUT : db.employee.find({}, {Name: 1}).sort({Age: 1})
2026-07-31 16:13:56,441 [INFO   ] [inference] generate_nosql  latency_sec=1.3637  input_tokens=106  output_tokens=21
2026-07-31 16:13:56,442 [INFO   ]   >> INPUT  : Translate the natural language question into a MongoDB MQL query using the provided schema.

Schema:
evaluation(Bonus, Employee_ID, Year_awarded, _id) | hiring(Employee_ID, Is_full_time, Shop_ID, Start_from, _id) | employee(Age, City, Employee_ID, Name, _id)

Question:
List the names of employees and sort in ascending order of age.

MQL:

2026-07-31 16:13:56,442 [INFO   ]   >> OUTPUT : db.employee.find({}, {Name: 1}).sort({Age: 1})
2026-07-31 16:13:59,074 [INFO   ] [inference] generate_nosql  latency_sec=2.6161  input_tokens=109  output_tokens=31
2026-07-31 16:13:59,074 [INFO   ]   >> INPUT  : Translate the natural language question into a MongoDB MQL query using the provided schema.

Schema:
shop(District, Location, Manager_name, Name, Number_products, Shop_ID, _id) | hiring(Employee_ID, Is_full_time, Shop_ID, Start_from, _id) | employee(Age, City, Employee_ID, Name, _id)

Question:
What is the number of employees from each city?

MQL:

2026-07-31 16:13:59,074 [INFO   ]   >> OUTPUT : db.employee.aggregate([ { $group: { _id: "$City", count: { $sum: 1 } } } ])
2026-07-31 16:14:01,297 [INFO   ] [inference] generate_nosql  latency_sec=2.2102  input_tokens=102  output_tokens=31
2026-07-31 16:14:01,297 [INFO   ]   >> INPUT  : Translate the natural language question into a MongoDB MQL query using the provided schema.

Schema:
evaluation(Bonus, Employee_ID, Year_awarded, _id) | hiring(Employee_ID, Is_full_time, Shop_ID, Start_from, _id) | employee(Age, City, Employee_ID, Name, _id)

Question:
Count the number of employees for each city.

MQL:

2026-07-31 16:14:01,297 [INFO   ]   >> OUTPUT : db.employee.aggregate([ { $group: { _id: "$City", count: { $sum: 1 } } } ])
2026-07-31 16:14:05,693 [INFO   ] [inference] generate_nosql  latency_sec=4.3839  input_tokens=106  output_tokens=59
2026-07-31 16:14:05,693 [INFO   ]   >> INPUT  : Translate the natural language question into a MongoDB MQL query using the provided schema.

Schema:
evaluation(Bonus, Employee_ID, Year_awarded, _id) | hiring(Employee_ID, Is_full_time, Shop_ID, Start_from, _id) | employee(Age, City, Employee_ID, Name, _id)

Question:
Which cities do more than one employee under age 30 come from?

MQL:

2026-07-31 16:14:05,693 [INFO   ]   >> OUTPUT : db.employee.aggregate([ { $group: { _id: "$City", count: { $sum: 1 } } }, { $match: { count: { $gt: 1 } } }, { $project: { City: "$_id" } } ])
2026-07-31 16:14:10,805 [INFO   ] [inference] generate_nosql  latency_sec=5.1003  input_tokens=106  output_tokens=59
2026-07-31 16:14:10,806 [INFO   ]   >> INPUT  : Translate the natural language question into a MongoDB MQL query using the provided schema.

Schema:
evaluation(Bonus, Employee_ID, Year_awarded, _id) | hiring(Employee_ID, Is_full_time, Shop_ID, Start_from, _id) | employee(Age, City, Employee_ID, Name, _id)

Question:
Find the cities that have more than one employee under age 30.

MQL:

2026-07-31 16:14:10,806 [INFO   ]   >> OUTPUT : db.employee.aggregate([ { $group: { _id: "$City", count: { $sum: 1 } } }, { $match: { count: { $gt: 1 } } }, { $project: { City: "$_id" } } ])
2026-07-31 16:14:13,313 [INFO   ] [inference] generate_nosql  latency_sec=2.4902  input_tokens=108  output_tokens=30
2026-07-31 16:14:13,313 [INFO   ]   >> INPUT  : Translate the natural language question into a MongoDB MQL query using the provided schema.

Schema:
shop(District, Location, Manager_name, Name, Number_products, Shop_ID, _id) | hiring(Employee_ID, Is_full_time, Shop_ID, Start_from, _id) | employee(Age, City, Employee_ID, Name, _id)

Question:
Find the number of shops in each location.

MQL:

2026-07-31 16:14:13,313 [INFO   ]   >> OUTPUT : db.shop.aggregate([ { $group: { _id: "$Location", count: { $sum: 1 } } } ])
2026-07-31 16:14:15,493 [INFO   ] [inference] generate_nosql  latency_sec=2.1683  input_tokens=108  output_tokens=30
2026-07-31 16:14:15,493 [INFO   ]   >> INPUT  : Translate the natural language question into a MongoDB MQL query using the provided schema.

Schema:
shop(District, Location, Manager_name, Name, Number_products, Shop_ID, _id) | hiring(Employee_ID, Is_full_time, Shop_ID, Start_from, _id) | employee(Age, City, Employee_ID, Name, _id)

Question:
How many shops are there in each location?

MQL:

2026-07-31 16:14:15,493 [INFO   ]   >> OUTPUT : db.shop.aggregate([ { $group: { _id: "$Location", count: { $sum: 1 } } } ])
2026-07-31 16:14:18,883 [INFO   ] [inference] generate_nosql  latency_sec=3.3779  input_tokens=111  output_tokens=71
2026-07-31 16:14:18,883 [INFO   ]   >> INPUT  : Translate the natural language question into a MongoDB MQL query using the provided schema.

Schema:
shop(District, Location, Manager_name, Name, Number_products, Shop_ID, _id) | hiring(Employee_ID, Is_full_time, Shop_ID, Start_from, _id) | employee(Age, City, Employee_ID, Name, _id)

Question:
find the minimum and maximum number of products of all stores.

MQL:

2026-07-31 16:14:18,883 [INFO   ]   >> OUTPUT : db.shop.aggregate([ { $group: { _id: null, minNumberOfProducts: { $min: "$Number_products" }, maxNumberOfProducts: { $max: "$Number_products" } } }, { $project: { minNumberOfProducts: 1, maxNumberOfProducts: 1 } } ])
2026-07-31 16:14:22,422 [INFO   ] [inference] generate_nosql  latency_sec=3.5276  input_tokens=113  output_tokens=71
2026-07-31 16:14:22,422 [INFO   ]   >> INPUT  : Translate the natural language question into a MongoDB MQL query using the provided schema.

Schema:
shop(District, Location, Manager_name, Name, Number_products, Shop_ID, _id) | hiring(Employee_ID, Is_full_time, Shop_ID, Start_from, _id) | employee(Age, City, Employee_ID, Name, _id)

Question:
What are the minimum and maximum number of products across all the shops?

MQL:

2026-07-31 16:14:22,423 [INFO   ]   >> OUTPUT : db.shop.aggregate([ { $group: { _id: null, minNumberOfProducts: { $min: "$Number_products" }, maxNumberOfProducts: { $max: "$Number_products" } } }, { $project: { minNumberOfProducts: 1, maxNumberOfProducts: 1 } } ])
2026-07-31 16:14:27,778 [INFO   ] [inference] generate_nosql  latency_sec=5.3397  input_tokens=117  output_tokens=31
2026-07-31 16:14:27,779 [INFO   ]   >> INPUT  : Translate the natural language question into a MongoDB MQL query using the provided schema.

Schema:
shop(District, Location, Manager_name, Name, Number_products, Shop_ID, _id) | hiring(Employee_ID, Is_full_time, Shop_ID, Start_from, _id) | employee(Age, City, Employee_ID, Name, _id)

Question:
Return the name, location and district of all shops in descending order of number of products.

MQL:

2026-07-31 16:14:27,779 [INFO   ]   >> OUTPUT : db.shop.find({}, { Name: 1, Location: 1, District: 1 }).sort({ Number_products: -1 })
2026-07-31 16:14:29,298 [INFO   ] [inference] generate_nosql  latency_sec=1.5065  input_tokens=122  output_tokens=31
2026-07-31 16:14:29,298 [INFO   ]   >> INPUT  : Translate the natural language question into a MongoDB MQL query using the provided schema.

Schema:
shop(District, Location, Manager_name, Name, Number_products, Shop_ID, _id) | hiring(Employee_ID, Is_full_time, Shop_ID, Start_from, _id) | employee(Age, City, Employee_ID, Name, _id)

Question:
Sort all the shops by number products in descending order, and return the name, location and district of each shop.

MQL:

2026-07-31 16:14:29,298 [INFO   ]   >> OUTPUT : db.shop.find({}, { Name: 1, Location: 1, District: 1 }).sort({ Number_products: -1 })
2026-07-31 16:14:34,805 [INFO   ] [inference] generate_nosql  latency_sec=5.4946  input_tokens=108  output_tokens=118
2026-07-31 16:14:34,805 [INFO   ]   >> INPUT  : Translate the natural language question into a MongoDB MQL query using the provided schema.

Schema:
evaluation(Bonus, Employee_ID, Year_awarded, _id) | hiring(Employee_ID, Is_full_time, Shop_ID, Start_from, _id) | employee(Age, City, Employee_ID, Name, _id)

Question:
find the name of employee who was awarded the most times in the evaluation.

MQL:

2026-07-31 16:14:34,805 [INFO   ]   >> OUTPUT : db.evaluation.aggregate([ { $lookup: { from: "employee", localField: "Employee_ID", foreignField: "Employee_ID", as: "employee_info" } }, { $unwind: "$employee_info" }, { $group: { _id: "$employee_info.Name", count: { $sum: 1 } } }, { $sort: { count: -1 } }, { $limit: 1 }, { $project: { Name: "$_id" } } ])
2026-07-31 16:14:42,906 [INFO   ] [inference] generate_nosql  latency_sec=8.0888  input_tokens=108  output_tokens=118
2026-07-31 16:14:42,906 [INFO   ]   >> INPUT  : Translate the natural language question into a MongoDB MQL query using the provided schema.

Schema:
evaluation(Bonus, Employee_ID, Year_awarded, _id) | hiring(Employee_ID, Is_full_time, Shop_ID, Start_from, _id) | employee(Age, City, Employee_ID, Name, _id)

Question:
Which employee received the most awards in evaluations? Give me the employee name.

MQL:

2026-07-31 16:14:42,906 [INFO   ]   >> OUTPUT : db.evaluation.aggregate([ { $lookup: { from: "employee", localField: "Employee_ID", foreignField: "Employee_ID", as: "employee_info" } }, { $unwind: "$employee_info" }, { $group: { _id: "$employee_info.Name", count: { $sum: 1 } } }, { $sort: { count: -1 } }, { $limit: 1 }, { $project: { Name: "$_id" } } ])
2026-07-31 16:14:48,150 [INFO   ] [inference] generate_nosql  latency_sec=5.2319  input_tokens=115  output_tokens=110
2026-07-31 16:14:48,150 [INFO   ]   >> INPUT  : Translate the natural language question into a MongoDB MQL query using the provided schema.

Schema:
shop(District, Location, Manager_name, Name, Number_products, Shop_ID, _id) | hiring(Employee_ID, Is_full_time, Shop_ID, Start_from, _id) | employee(Age, City, Employee_ID, Name, _id)

Question:
What is the name of the shop that is hiring the largest number of employees?

MQL:

2026-07-31 16:14:48,150 [INFO   ]   >> OUTPUT : db.employee.aggregate([ { $lookup: { from: "shop", localField: "Employee_ID", foreignField: "Employee_ID", as: "shop_info" } }, { $unwind: "$shop_info" }, { $group: { _id: "$Name", count: { $sum: 1 } } }, { $sort: { count: -1 } }, { $limit: 1 }, { $project: { Name: "$_id" } } ])
2026-07-31 16:14:50,272 [INFO   ] [inference] generate_nosql  latency_sec=2.1093  input_tokens=112  output_tokens=36
2026-07-31 16:14:50,272 [INFO   ]   >> INPUT  : Translate the natural language question into a MongoDB MQL query using the provided schema.

Schema:
shop(District, Location, Manager_name, Name, Number_products, Shop_ID, _id) | hiring(Employee_ID, Is_full_time, Shop_ID, Start_from, _id) | employee(Age, City, Employee_ID, Name, _id)

Question:
Find the name of the shops that do not hire any employee.

MQL:

2026-07-31 16:14:50,272 [INFO   ]   >> OUTPUT : db.shop.find( { Shop_ID: { $nin: db.employee.distinct("Shop_ID") } }, { Name: 1 } )
2026-07-31 16:14:54,485 [INFO   ] [inference] generate_nosql  latency_sec=4.1942  input_tokens=110  output_tokens=76
2026-07-31 16:14:54,485 [INFO   ]   >> INPUT  : Translate the natural language question into a MongoDB MQL query using the provided schema.

Schema:
shop(District, Location, Manager_name, Name, Number_products, Shop_ID, _id) | hiring(Employee_ID, Is_full_time, Shop_ID, Start_from, _id) | employee(Age, City, Employee_ID, Name, _id)

Question:
Which shops run with no employees? Find the shop names

MQL:

2026-07-31 16:14:54,485 [INFO   ]   >> OUTPUT : db.shop.aggregate([ { $lookup: { from: "employee", localField: "Shop_ID", foreignField: "Shop_ID", as: "employee_info" } }, { $match: { "employee_info": { $size: 0 } } }, { $project: { Name: 1 } } ])
2026-07-31 16:14:58,476 [INFO   ] [inference] generate_nosql  latency_sec=3.979  input_tokens=116  output_tokens=84
2026-07-31 16:14:58,476 [INFO   ]   >> INPUT  : Translate the natural language question into a MongoDB MQL query using the provided schema.

Schema:
shop(District, Location, Manager_name, Name, Number_products, Shop_ID, _id) | hiring(Employee_ID, Is_full_time, Shop_ID, Start_from, _id) | employee(Age, City, Employee_ID, Name, _id)

Question:
Find the number of employees hired in each shop; show the shop name as well.

MQL:

2026-07-31 16:14:58,476 [INFO   ]   >> OUTPUT : db.employee.aggregate([ { $lookup: { from: "shop", localField: "Employee_ID", foreignField: "Employee_ID", as: "shop_info" } }, { $unwind: "$shop_info" }, { $group: { _id: "$shop_info.Name", count: { $sum: 1 } } } ])
2026-07-31 16:15:04,656 [INFO   ] [inference] generate_nosql  latency_sec=6.1678  input_tokens=117  output_tokens=117
2026-07-31 16:15:04,656 [INFO   ]   >> INPUT  : Translate the natural language question into a MongoDB MQL query using the provided schema.

Schema:
shop(District, Location, Manager_name, Name, Number_products, Shop_ID, _id) | hiring(Employee_ID, Is_full_time, Shop_ID, Start_from, _id) | employee(Age, City, Employee_ID, Name, _id)

Question:
For each shop, return the number of employees working there and the name of the shop.

MQL:

2026-07-31 16:15:04,656 [INFO   ]   >> OUTPUT : db.employee.aggregate([ { $lookup: { from: "shop", localField: "Employee_ID", foreignField: "Employee_ID", as: "shop_info" } }, { $unwind: "$shop_info" }, { $group: { _id: "$Employee_ID", Name: { $first: "$Name" }, Number_of_employees: { $sum: 1 } } }, { $project: { Number_of_employees: 1, Name: 1 } } ])
2026-07-31 16:15:07,169 [INFO   ] [inference] generate_nosql  latency_sec=2.4956  input_tokens=102  output_tokens=45
2026-07-31 16:15:07,169 [INFO   ]   >> INPUT  : Translate the natural language question into a MongoDB MQL query using the provided schema.

Schema:
evaluation(Bonus, Employee_ID, Year_awarded, _id) | hiring(Employee_ID, Is_full_time, Shop_ID, Start_from, _id) | employee(Age, City, Employee_ID, Name, _id)

Question:
What is total bonus given in all evaluations?

MQL:

2026-07-31 16:15:07,169 [INFO   ]   >> OUTPUT : db.evaluation.aggregate([ { $group: { _id: null, totalBonus: { $sum: "$Bonus" } } } , { $project: { totalBonus: 1 } }])
2026-07-31 16:15:09,292 [INFO   ] [inference] generate_nosql  latency_sec=2.111  input_tokens=105  output_tokens=45
2026-07-31 16:15:09,292 [INFO   ]   >> INPUT  : Translate the natural language question into a MongoDB MQL query using the provided schema.

Schema:
evaluation(Bonus, Employee_ID, Year_awarded, _id) | hiring(Employee_ID, Is_full_time, Shop_ID, Start_from, _id) | employee(Age, City, Employee_ID, Name, _id)

Question:
Find the total amount of bonus given in all the evaluations.

MQL:

2026-07-31 16:15:09,292 [INFO   ]   >> OUTPUT : db.evaluation.aggregate([ { $group: { _id: null, totalBonus: { $sum: "$Bonus" } } } , { $project: { totalBonus: 1 } }])
2026-07-31 16:15:09,975 [INFO   ] [inference] generate_nosql  latency_sec=0.6714  input_tokens=101  output_tokens=14
2026-07-31 16:15:09,976 [INFO   ]   >> INPUT  : Translate the natural language question into a MongoDB MQL query using the provided schema.

Schema:
evaluation(Bonus, Employee_ID, Year_awarded, _id) | hiring(Employee_ID, Is_full_time, Shop_ID, Start_from, _id) | employee(Age, City, Employee_ID, Name, _id)

Question:
Give me all the information about hiring.

MQL:

2026-07-31 16:15:09,976 [INFO   ]   >> OUTPUT : db.hiring.find({}, { Name: 1})
2026-07-31 16:15:10,687 [INFO   ] [inference] generate_nosql  latency_sec=0.6984  input_tokens=107  output_tokens=14
2026-07-31 16:15:10,687 [INFO   ]   >> INPUT  : Translate the natural language question into a MongoDB MQL query using the provided schema.

Schema:
shop(District, Location, Manager_name, Name, Number_products, Shop_ID, _id) | hiring(Employee_ID, Is_full_time, Shop_ID, Start_from, _id) | employee(Age, City, Employee_ID, Name, _id)

Question:
What is all the information about hiring?

MQL:

2026-07-31 16:15:10,687 [INFO   ]   >> OUTPUT : db.hiring.find({}, { Name: 1})
2026-07-31 16:15:12,372 [INFO   ] [inference] generate_nosql  latency_sec=1.6724  input_tokens=107  output_tokens=33
2026-07-31 16:15:12,372 [INFO   ]   >> INPUT  : Translate the natural language question into a MongoDB MQL query using the provided schema.

Schema:
shop(District, Location, Manager_name, Name, Number_products, Shop_ID, _id) | hiring(Employee_ID, Is_full_time, Shop_ID, Start_from, _id) | employee(Age, City, Employee_ID, Name, _id)

Question:
Count the number of distinct store locations.

MQL:

2026-07-31 16:15:12,372 [INFO   ]   >> OUTPUT : db.shop.aggregate([ { $group: { _id: "$Location" } }, { $count: "distinct_stores" } ])
2026-07-31 16:15:13,701 [INFO   ] [inference] generate_nosql  latency_sec=1.3159  input_tokens=122  output_tokens=27
2026-07-31 16:15:13,701 [INFO   ]   >> INPUT  : Translate the natural language question into a MongoDB MQL query using the provided schema.

Schema:
Paragraphs(Document_ID, Other_Details, Paragraph_ID, Paragraph_Text, _id) | Documents(Document_Description, Document_ID, Document_Name, Other_Details, Template_ID, _id) | Ref_Template_Types(Template_Type_Code, Template_Type_Description, _id)

Question:
List document IDs, document names, and document descriptions for all documents.

MQL:

2026-07-31 16:15:13,701 [INFO   ]   >> OUTPUT : db.Documents.find({}, { Document_ID: 1, Document_Name: 1, Document_Description: 1 })
2026-07-31 16:15:15,024 [INFO   ] [inference] generate_nosql  latency_sec=1.3109  input_tokens=122  output_tokens=27
2026-07-31 16:15:15,024 [INFO   ]   >> INPUT  : Translate the natural language question into a MongoDB MQL query using the provided schema.

Schema:
Paragraphs(Document_ID, Other_Details, Paragraph_ID, Paragraph_Text, _id) | Documents(Document_Description, Document_ID, Document_Name, Other_Details, Template_ID, _id) | Ref_Template_Types(Template_Type_Code, Template_Type_Description, _id)

Question:
What are the ids, names, and descriptions for all documents?

MQL:

2026-07-31 16:15:15,024 [INFO   ]   >> OUTPUT : db.Documents.find({}, { Document_ID: 1, Document_Name: 1, Document_Description: 1 })
2026-07-31 16:15:16,742 [INFO   ] [inference] generate_nosql  latency_sec=1.7052  input_tokens=129  output_tokens=32
2026-07-31 16:15:16,743 [INFO   ]   >> INPUT  : Translate the natural language question into a MongoDB MQL query using the provided schema.

Schema:
Paragraphs(Document_ID, Other_Details, Paragraph_ID, Paragraph_Text, _id) | Documents(Document_Description, Document_ID, Document_Name, Other_Details, Template_ID, _id) | Ref_Template_Types(Template_Type_Code, Template_Type_Description, _id)

Question:
What is the document name and template id for document with description with the letter 'w' in it?

MQL:

2026-07-31 16:15:16,743 [INFO   ]   >> OUTPUT : db.Documents.find( { Document_Description: /w/i/ }, { Document_Name: 1, Template_ID: 1 } )
2026-07-31 16:15:24,610 [INFO   ] [inference] generate_nosql  latency_sec=7.8487  input_tokens=126  output_tokens=150
2026-07-31 16:15:24,610 [INFO   ]   >> INPUT  : Translate the natural language question into a MongoDB MQL query using the provided schema.

Schema:
Paragraphs(Document_ID, Other_Details, Paragraph_ID, Paragraph_Text, _id) | Documents(Document_Description, Document_ID, Document_Name, Other_Details, Template_ID, _id) | Ref_Template_Types(Template_Type_Code, Template_Type_Description, _id)

Question:
Return the names and template ids for documents that contain the letter w in their description.

MQL:

2026-07-31 16:15:24,610 [INFO   ]   >> OUTPUT : db.Documents.aggregate([ { $lookup: { from: "Ref_Template_Types", localField: "Template_Type_Code", foreignField: "Template_Type_Code", as: "template_type" } }, { $unwind: "$template_type" }, { $lookup: { from: "Paragraphs", localField: "template_type.Template_Type_Description", foreignField: "template_type.Template_Type_Description", as: "paragraphs" } }, { $unwind: "$paragraphs" }, { $project: { Document_Name: "$paragraphs.Document_Name", Document_ID: "$paragraphs.Document_ID"
2026-07-31 16:15:26,302 [INFO   ] [inference] generate_nosql  latency_sec=1.6759  input_tokens=126  output_tokens=36
2026-07-31 16:15:26,302 [INFO   ]   >> INPUT  : Translate the natural language question into a MongoDB MQL query using the provided schema.

Schema:
Paragraphs(Document_ID, Other_Details, Paragraph_ID, Paragraph_Text, _id) | Documents(Document_Description, Document_ID, Document_Name, Other_Details, Template_ID, _id) | Ref_Template_Types(Template_Type_Code, Template_Type_Description, _id)

Question:
What is the document id, template id and description for document named 'Robbin CV'?

MQL:

2026-07-31 16:15:26,302 [INFO   ]   >> OUTPUT : db.Documents.find({Document_Name: 'Robbin CV'}, { Document_ID: 1, Template_ID: 1, Document_Description: 1 })
2026-07-31 16:15:34,354 [INFO   ] [inference] generate_nosql  latency_sec=8.0404  input_tokens=128  output_tokens=36
2026-07-31 16:15:34,355 [INFO   ]   >> INPUT  : Translate the natural language question into a MongoDB MQL query using the provided schema.

Schema:
Paragraphs(Document_ID, Other_Details, Paragraph_ID, Paragraph_Text, _id) | Documents(Document_Description, Document_ID, Document_Name, Other_Details, Template_ID, _id) | Ref_Template_Types(Template_Type_Code, Template_Type_Description, _id)

Question:
Return the document id, template id, and description for the document with the name Robbin CV.

MQL:

2026-07-31 16:15:34,355 [INFO   ]   >> OUTPUT : db.Documents.find({Document_Name: 'Robbin CV'}, { Document_ID: 1, Template_ID: 1, Document_Description: 1 })
2026-07-31 16:15:36,161 [INFO   ] [inference] generate_nosql  latency_sec=1.7943  input_tokens=128  output_tokens=36
2026-07-31 16:15:36,161 [INFO   ]   >> INPUT  : Translate the natural language question into a MongoDB MQL query using the provided schema.

Schema:
Templates(Date_Effective_From, Date_Effective_To, Template_Details, Template_ID, Template_Type_Code, Version_Number, _id) | Documents(Document_Description, Document_ID, Document_Name, Other_Details, Template_ID, _id) | Ref_Template_Types(Template_Type_Code, Template_Type_Description, _id)

Question:
How many different templates do all document use?

MQL:

2026-07-31 16:15:36,161 [INFO   ]   >> OUTPUT : db.Documents.aggregate([ { $group: { _id: "$Template_ID" } }, { $count: "distinct_templates" } ])
2026-07-31 16:15:38,014 [INFO   ] [inference] generate_nosql  latency_sec=1.8413  input_tokens=129  output_tokens=36
2026-07-31 16:15:38,014 [INFO   ]   >> INPUT  : Translate the natural language question into a MongoDB MQL query using the provided schema.

Schema:
Templates(Date_Effective_From, Date_Effective_To, Template_Details, Template_ID, Template_Type_Code, Version_Number, _id) | Documents(Document_Description, Document_ID, Document_Name, Other_Details, Template_ID, _id) | Ref_Template_Types(Template_Type_Code, Template_Type_Description, _id)

Question:
Count the number of different templates used for documents.

MQL:

2026-07-31 16:15:38,014 [INFO   ]   >> OUTPUT : db.Documents.aggregate([ { $group: { _id: "$Template_ID" } }, { $count: "distinct_templates" } ])
2026-07-31 16:15:41,935 [INFO   ] [inference] generate_nosql  latency_sec=3.9085  input_tokens=133  output_tokens=83
2026-07-31 16:15:41,935 [INFO   ]   >> INPUT  : Translate the natural language question into a MongoDB MQL query using the provided schema.

Schema:
Templates(Date_Effective_From, Date_Effective_To, Template_Details, Template_ID, Template_Type_Code, Version_Number, _id) | Documents(Document_Description, Document_ID, Document_Name, Other_Details, Template_ID, _id) | Ref_Template_Types(Template_Type_Code, Template_Type_Description, _id)

Question:
How many documents are using the template with type code 'PPT'?

MQL:

2026-07-31 16:15:41,935 [INFO   ]   >> OUTPUT : db.Templates.aggregate([ { $match: { Template_Type_Code: "PPT" } }, { $lookup: { from: "Documents", localField: "Template_ID", foreignField: "Template_ID", as: "documents" } }, { $unwind: "$documents" }, { $count: "documents_count" } ])
2026-07-31 16:15:48,019 [INFO   ] [inference] generate_nosql  latency_sec=6.0713  input_tokens=132  output_tokens=110
2026-07-31 16:15:48,019 [INFO   ]   >> INPUT  : Translate the natural language question into a MongoDB MQL query using the provided schema.

Schema:
Templates(Date_Effective_From, Date_Effective_To, Template_Details, Template_ID, Template_Type_Code, Version_Number, _id) | Documents(Document_Description, Document_ID, Document_Name, Other_Details, Template_ID, _id) | Ref_Template_Types(Template_Type_Code, Template_Type_Description, _id)

Question:
Count the number of documents that use the PPT template type.

MQL:

2026-07-31 16:15:48,019 [INFO   ]   >> OUTPUT : db.Documents.aggregate([ { $lookup: { from: "Templates", localField: "Template_ID", foreignField: "Template_ID", as: "template_info" } }, { $unwind: "$template_info" }, { $match: { "template_info.Template_Type_Code": "PPT" } }, { $group: { _id: null, count: { $sum: 1 } } } , { $project: { count: 1 } }])
2026-07-31 16:15:50,284 [INFO   ] [inference] generate_nosql  latency_sec=2.2526  input_tokens=132  output_tokens=33
2026-07-31 16:15:50,284 [INFO   ]   >> INPUT  : Translate the natural language question into a MongoDB MQL query using the provided schema.

Schema:
Templates(Date_Effective_From, Date_Effective_To, Template_Details, Template_ID, Template_Type_Code, Version_Number, _id) | Documents(Document_Description, Document_ID, Document_Name, Other_Details, Template_ID, _id) | Ref_Template_Types(Template_Type_Code, Template_Type_Description, _id)

Question:
Show all template ids and number of documents using each template.

MQL:

2026-07-31 16:15:50,284 [INFO   ]   >> OUTPUT : db.Templates.aggregate([ { $group: { _id: "$Template_ID", count: { $sum: 1 } } } ])
2026-07-31 16:15:52,527 [INFO   ] [inference] generate_nosql  latency_sec=2.23  input_tokens=140  output_tokens=32
2026-07-31 16:15:52,527 [INFO   ]   >> INPUT  : Translate the natural language question into a MongoDB MQL query using the provided schema.

Schema:
Templates(Date_Effective_From, Date_Effective_To, Template_Details, Template_ID, Template_Type_Code, Version_Number, _id) | Documents(Document_Description, Document_ID, Document_Name, Other_Details, Template_ID, _id) | Ref_Template_Types(Template_Type_Code, Template_Type_Description, _id)

Question:
What are all different template ids used for documents, and how many times were each of them used?

MQL:

2026-07-31 16:15:52,527 [INFO   ]   >> OUTPUT : db.Documents.aggregate([ { $group: { _id: "$Template_ID", count: { $sum: 1 } } } ])
2026-07-31 16:15:56,231 [INFO   ] [inference] generate_nosql  latency_sec=3.6912  input_tokens=123  output_tokens=62
2026-07-31 16:15:56,231 [INFO   ]   >> INPUT  : Translate the natural language question into a MongoDB MQL query using the provided schema.

Schema:
Paragraphs(Document_ID, Other_Details, Paragraph_ID, Paragraph_Text, _id) | Documents(Document_Description, Document_ID, Document_Name, Other_Details, Template_ID, _id) | Ref_Template_Types(Template_Type_Code, Template_Type_Description, _id)

Question:
Show ids for all templates that are used by more than one document.

MQL:

2026-07-31 16:15:56,231 [INFO   ]   >> OUTPUT : db.Documents.aggregate([ { $group: { _id: "$Template_ID", count: { $sum: 1 } } }, { $match: { count: { $gt: 1 } } }, { $project: { Template_ID: "$_id" } } ])
2026-07-31 16:16:02,801 [INFO   ] [inference] generate_nosql  latency_sec=6.5576  input_tokens=125  output_tokens=62
2026-07-31 16:16:02,801 [INFO   ]   >> INPUT  : Translate the natural language question into a MongoDB MQL query using the provided schema.

Schema:
Paragraphs(Document_ID, Other_Details, Paragraph_ID, Paragraph_Text, _id) | Documents(Document_Description, Document_ID, Document_Name, Other_Details, Template_ID, _id) | Ref_Template_Types(Template_Type_Code, Template_Type_Description, _id)

Question:
What are the template ids of any templates used in more than a single document?

MQL:

2026-07-31 16:16:02,801 [INFO   ]   >> OUTPUT : db.Documents.aggregate([ { $group: { _id: "$Template_ID", count: { $sum: 1 } } }, { $match: { count: { $gt: 1 } } }, { $project: { Template_ID: "$_id" } } ])
2026-07-31 16:16:06,440 [INFO   ] [inference] generate_nosql  latency_sec=3.6266  input_tokens=131  output_tokens=74
2026-07-31 16:16:06,441 [INFO   ]   >> INPUT  : Translate the natural language question into a MongoDB MQL query using the provided schema.

Schema:
Templates(Date_Effective_From, Date_Effective_To, Template_Details, Template_ID, Template_Type_Code, Version_Number, _id) | Documents(Document_Description, Document_ID, Document_Name, Other_Details, Template_ID, _id) | Ref_Template_Types(Template_Type_Code, Template_Type_Description, _id)

Question:
Show ids for all templates not used by any document.

MQL:

2026-07-31 16:16:06,441 [INFO   ]   >> OUTPUT : db.Templates.aggregate([ { $lookup: { from: "Documents", localField: "Template_ID", foreignField: "Template_ID", as: "documents" } }, { $match: { "documents": { $size: 0 } } }, { $project: { Template_ID: 1 } } ])
2026-07-31 16:16:09,867 [INFO   ] [inference] generate_nosql  latency_sec=3.4147  input_tokens=134  output_tokens=72
2026-07-31 16:16:09,868 [INFO   ]   >> INPUT  : Translate the natural language question into a MongoDB MQL query using the provided schema.

Schema:
Templates(Date_Effective_From, Date_Effective_To, Template_Details, Template_ID, Template_Type_Code, Version_Number, _id) | Documents(Document_Description, Document_ID, Document_Name, Other_Details, Template_ID, _id) | Ref_Template_Types(Template_Type_Code, Template_Type_Description, _id)

Question:
What are the ids for templates that are not used in any documents?

MQL:

2026-07-31 16:16:09,868 [INFO   ]   >> OUTPUT : db.Templates.aggregate([ { $lookup: { from: "Documents", localField: "Template_ID", foreignField: "Template_ID", as: "documents" } }, { $match: { documents: { $size: 0 } } }, { $project: { Template_ID: 1 } } ])
2026-07-31 16:16:11,648 [INFO   ] [inference] generate_nosql  latency_sec=1.7682  input_tokens=135  output_tokens=30
2026-07-31 16:16:11,648 [INFO   ]   >> INPUT  : Translate the natural language question into a MongoDB MQL query using the provided schema.

Schema:
Templates(Date_Effective_From, Date_Effective_To, Template_Details, Template_ID, Template_Type_Code, Version_Number, _id) | Documents(Document_Description, Document_ID, Document_Name, Other_Details, Template_ID, _id) | Ref_Template_Types(Template_Type_Code, Template_Type_Description, _id)

Question:
Show template ids, version numbers, and template type codes for all templates.

MQL:

2026-07-31 16:16:11,648 [INFO   ]   >> OUTPUT : db.Templates.find({}, { Template_ID: 1, Version_Number: 1, Template_Type_Code: 1 })
2026-07-31 16:16:16,281 [INFO   ] [inference] generate_nosql  latency_sec=4.6156  input_tokens=135  output_tokens=30
2026-07-31 16:16:16,281 [INFO   ]   >> INPUT  : Translate the natural language question into a MongoDB MQL query using the provided schema.

Schema:
Templates(Date_Effective_From, Date_Effective_To, Template_Details, Template_ID, Template_Type_Code, Version_Number, _id) | Documents(Document_Description, Document_ID, Document_Name, Other_Details, Template_ID, _id) | Ref_Template_Types(Template_Type_Code, Template_Type_Description, _id)

Question:
What are the ids, version numbers, and type codes for each template?

MQL:

2026-07-31 16:16:16,281 [INFO   ]   >> OUTPUT : db.Templates.find({}, { Template_ID: 1, Version_Number: 1, Template_Type_Code: 1 })
2026-07-31 16:16:17,710 [INFO   ] [inference] generate_nosql  latency_sec=1.4162  input_tokens=129  output_tokens=18
2026-07-31 16:16:17,710 [INFO   ]   >> INPUT  : Translate the natural language question into a MongoDB MQL query using the provided schema.

Schema:
Templates(Date_Effective_From, Date_Effective_To, Template_Details, Template_ID, Template_Type_Code, Version_Number, _id) | Documents(Document_Description, Document_ID, Document_Name, Other_Details, Template_ID, _id) | Ref_Template_Types(Template_Type_Code, Template_Type_Description, _id)

Question:
Show all distinct template type codes for all templates.

MQL:

2026-07-31 16:16:17,710 [INFO   ]   >> OUTPUT : db.Templates.find({}, { Template_Type_Code: 1 })
2026-07-31 16:16:19,512 [INFO   ] [inference] generate_nosql  latency_sec=1.7892  input_tokens=135  output_tokens=35
2026-07-31 16:16:19,512 [INFO   ]   >> INPUT  : Translate the natural language question into a MongoDB MQL query using the provided schema.

Schema:
Templates(Date_Effective_From, Date_Effective_To, Template_Details, Template_ID, Template_Type_Code, Version_Number, _id) | Documents(Document_Description, Document_ID, Document_Name, Other_Details, Template_ID, _id) | Ref_Template_Types(Template_Type_Code, Template_Type_Description, _id)

Question:
What are the ids of templates with template type code PP or PPT?

MQL:

2026-07-31 16:16:19,512 [INFO   ]   >> OUTPUT : db.Templates.find({ Template_Type_Code: { $in: ["PPT", "PPP"] } }, { Template_ID: 1 })
2026-07-31 16:16:21,234 [INFO   ] [inference] generate_nosql  latency_sec=1.7092  input_tokens=134  output_tokens=35
2026-07-31 16:16:21,234 [INFO   ]   >> INPUT  : Translate the natural language question into a MongoDB MQL query using the provided schema.

Schema:
Templates(Date_Effective_From, Date_Effective_To, Template_Details, Template_ID, Template_Type_Code, Version_Number, _id) | Documents(Document_Description, Document_ID, Document_Name, Other_Details, Template_ID, _id) | Ref_Template_Types(Template_Type_Code, Template_Type_Description, _id)

Question:
Return the ids of templates that have the code PP or PPT.

MQL:

2026-07-31 16:16:21,234 [INFO   ]   >> OUTPUT : db.Templates.find({ Template_Type_Code: { $in: ["PPT", "PPP"] } }, { Template_ID: 1 })
2026-07-31 16:16:22,958 [INFO   ] [inference] generate_nosql  latency_sec=1.7124  input_tokens=129  output_tokens=34
2026-07-31 16:16:22,958 [INFO   ]   >> INPUT  : Translate the natural language question into a MongoDB MQL query using the provided schema.

Schema:
Templates(Date_Effective_From, Date_Effective_To, Template_Details, Template_ID, Template_Type_Code, Version_Number, _id) | Documents(Document_Description, Document_ID, Document_Name, Other_Details, Template_ID, _id) | Ref_Template_Types(Template_Type_Code, Template_Type_Description, _id)

Question:
Count the number of templates of the type CV.

MQL:

2026-07-31 16:16:22,958 [INFO   ]   >> OUTPUT : db.Templates.aggregate([ { $match: { Template_Type_Code: "CV" } }, { $count: "total" } ])
2026-07-31 16:16:24,829 [INFO   ] [inference] generate_nosql  latency_sec=1.8587  input_tokens=138  output_tokens=36
2026-07-31 16:16:24,829 [INFO   ]   >> INPUT  : Translate the natural language question into a MongoDB MQL query using the provided schema.

Schema:
Templates(Date_Effective_From, Date_Effective_To, Template_Details, Template_ID, Template_Type_Code, Version_Number, _id) | Documents(Document_Description, Document_ID, Document_Name, Other_Details, Template_ID, _id) | Ref_Template_Types(Template_Type_Code, Template_Type_Description, _id)

Question:
What is the version number and template type code for the template with version number later than 5?

MQL:

2026-07-31 16:16:24,829 [INFO   ]   >> OUTPUT : db.Templates.find({Version_Number: {$gt: 5}}, {Template_Type_Code: 1, Template_Type_Description: 1})
2026-07-31 16:16:27,091 [INFO   ] [inference] generate_nosql  latency_sec=2.2436  input_tokens=137  output_tokens=34
2026-07-31 16:16:27,091 [INFO   ]   >> INPUT  : Translate the natural language question into a MongoDB MQL query using the provided schema.

Schema:
Templates(Date_Effective_From, Date_Effective_To, Template_Details, Template_ID, Template_Type_Code, Version_Number, _id) | Documents(Document_Description, Document_ID, Document_Name, Other_Details, Template_ID, _id) | Ref_Template_Types(Template_Type_Code, Template_Type_Description, _id)

Question:
Return the version numbers and template type codes of templates with a version number greater than 5.

MQL:

2026-07-31 16:16:27,091 [INFO   ]   >> OUTPUT : db.Templates.find({Version_Number: {$gt: 5}}, {Version_Number: 1, Template_Type_Code: 1})
2026-07-31 16:16:31,365 [INFO   ] [inference] generate_nosql  latency_sec=4.2553  input_tokens=131  output_tokens=35
2026-07-31 16:16:31,365 [INFO   ]   >> INPUT  : Translate the natural language question into a MongoDB MQL query using the provided schema.

Schema:
Templates(Date_Effective_From, Date_Effective_To, Template_Details, Template_ID, Template_Type_Code, Version_Number, _id) | Documents(Document_Description, Document_ID, Document_Name, Other_Details, Template_ID, _id) | Ref_Template_Types(Template_Type_Code, Template_Type_Description, _id)

Question:
Show all template type codes and number of templates for each.

MQL:

2026-07-31 16:16:31,365 [INFO   ]   >> OUTPUT : db.Templates.aggregate([ { $group: { _id: "$Template_Type_Code", count: { $sum: 1 } } } ])
2026-07-31 16:16:35,159 [INFO   ] [inference] generate_nosql  latency_sec=3.7812  input_tokens=135  output_tokens=35
2026-07-31 16:16:35,159 [INFO   ]   >> INPUT  : Translate the natural language question into a MongoDB MQL query using the provided schema.

Schema:
Templates(Date_Effective_From, Date_Effective_To, Template_Details, Template_ID, Template_Type_Code, Version_Number, _id) | Documents(Document_Description, Document_ID, Document_Name, Other_Details, Template_ID, _id) | Ref_Template_Types(Template_Type_Code, Template_Type_Description, _id)

Question:
What are the different template type codes, and how many templates correspond to each?

MQL:

2026-07-31 16:16:35,159 [INFO   ]   >> OUTPUT : db.Templates.aggregate([ { $group: { _id: "$Template_Type_Code", count: { $sum: 1 } } } ])
2026-07-31 16:16:41,643 [INFO   ] [inference] generate_nosql  latency_sec=6.4725  input_tokens=129  output_tokens=69
2026-07-31 16:16:41,644 [INFO   ]   >> INPUT  : Translate the natural language question into a MongoDB MQL query using the provided schema.

Schema:
Templates(Date_Effective_From, Date_Effective_To, Template_Details, Template_ID, Template_Type_Code, Version_Number, _id) | Documents(Document_Description, Document_ID, Document_Name, Other_Details, Template_ID, _id) | Ref_Template_Types(Template_Type_Code, Template_Type_Description, _id)

Question:
Which template type code has most number of templates?

MQL:

2026-07-31 16:16:41,644 [INFO   ]   >> OUTPUT : db.Templates.aggregate([ { $group: { _id: "$Template_Type_Code", count: { $sum: 1 } } }, { $sort: { count: -1 } }, { $limit: 1 }, { $project: { Template_Type_Code: "$_id" } } ])
2026-07-31 16:16:47,558 [INFO   ] [inference] generate_nosql  latency_sec=5.9023  input_tokens=134  output_tokens=84
2026-07-31 16:16:47,558 [INFO   ]   >> INPUT  : Translate the natural language question into a MongoDB MQL query using the provided schema.

Schema:
Templates(Date_Effective_From, Date_Effective_To, Template_Details, Template_ID, Template_Type_Code, Version_Number, _id) | Documents(Document_Description, Document_ID, Document_Name, Other_Details, Template_ID, _id) | Ref_Template_Types(Template_Type_Code, Template_Type_Description, _id)

Question:
Return the type code of the template type that the most templates belong to.

MQL:

2026-07-31 16:16:47,558 [INFO   ]   >> OUTPUT : db.Ref_Template_Types.aggregate([ { $lookup: { from: "Templates", localField: "Template_Type_Code", foreignField: "Template_Type_Code", as: "templates" } }, { $project: { Template_Type_Code: 1 } }, { $sort: { count: -1 } }, { $limit: 1 } ])
2026-07-31 16:16:50,577 [INFO   ] [inference] generate_nosql  latency_sec=3.0059  input_tokens=130  output_tokens=64
2026-07-31 16:16:50,577 [INFO   ]   >> INPUT  : Translate the natural language question into a MongoDB MQL query using the provided schema.

Schema:
Templates(Date_Effective_From, Date_Effective_To, Template_Details, Template_ID, Template_Type_Code, Version_Number, _id) | Documents(Document_Description, Document_ID, Document_Name, Other_Details, Template_ID, _id) | Ref_Template_Types(Template_Type_Code, Template_Type_Description, _id)

Question:
Show all template type codes with less than three templates.

MQL:

2026-07-31 16:16:50,577 [INFO   ]   >> OUTPUT : db.Ref_Template_Types.aggregate([ { $group: { _id: "$Template_Type_Code", count: { $sum: 1 } } }, { $match: { count: { $lt: 3 } } }, { $project: { _id: 1 } } ])
2026-07-31 16:16:54,491 [INFO   ] [inference] generate_nosql  latency_sec=3.901  input_tokens=133  output_tokens=67
2026-07-31 16:16:54,491 [INFO   ]   >> INPUT  : Translate the natural language question into a MongoDB MQL query using the provided schema.

Schema:
Templates(Date_Effective_From, Date_Effective_To, Template_Details, Template_ID, Template_Type_Code, Version_Number, _id) | Documents(Document_Description, Document_ID, Document_Name, Other_Details, Template_ID, _id) | Ref_Template_Types(Template_Type_Code, Template_Type_Description, _id)

Question:
What are the codes of template types that have fewer than 3 templates?

MQL:

2026-07-31 16:16:54,491 [INFO   ]   >> OUTPUT : db.Templates.aggregate([ { $group: { _id: "$Template_Type_Code", count: { $sum: 1 } } }, { $match: { count: { $lt: 3 } } }, { $project: { Template_Type_Code: "$_id" } } ])
2026-07-31 16:17:00,380 [INFO   ] [inference] generate_nosql  latency_sec=5.8685  input_tokens=130  output_tokens=120
2026-07-31 16:17:00,380 [INFO   ]   >> INPUT  : Translate the natural language question into a MongoDB MQL query using the provided schema.

Schema:
Templates(Date_Effective_From, Date_Effective_To, Template_Details, Template_ID, Template_Type_Code, Version_Number, _id) | Documents(Document_Description, Document_ID, Document_Name, Other_Details, Template_ID, _id) | Ref_Template_Types(Template_Type_Code, Template_Type_Description, _id)

Question:
What the smallest version number and its template type code?

MQL:

2026-07-31 16:17:00,381 [INFO   ]   >> OUTPUT : db.Templates.aggregate([ { $sort: { Version_Number: 1 } }, { $limit: 1 }, { $lookup: { from: "Ref_Template_Types", localField: "Template_Type_Code", foreignField: "Template_Type_Code", as: "type_info" } }, { $unwind: "$type_info" }, { $project: { Version_Number: "$type_info.Version_Number", Template_Type_Code: "$type_info.Template_Type_Code" } } ])
2026-07-31 16:17:02,899 [INFO   ] [inference] generate_nosql  latency_sec=2.506  input_tokens=133  output_tokens=40
2026-07-31 16:17:02,899 [INFO   ]   >> INPUT  : Translate the natural language question into a MongoDB MQL query using the provided schema.

Schema:
Templates(Date_Effective_From, Date_Effective_To, Template_Details, Template_ID, Template_Type_Code, Version_Number, _id) | Documents(Document_Description, Document_ID, Document_Name, Other_Details, Template_ID, _id) | Ref_Template_Types(Template_Type_Code, Template_Type_Description, _id)

Question:
Return the lowest version number, along with its corresponding template type code.

MQL:

2026-07-31 16:17:02,899 [INFO   ]   >> OUTPUT : db.Templates.find({}, { Template_Type_Code: 1, Template_Type_Description: 1 }).sort({ Version_Number: 1 }).limit(1)
2026-07-31 16:17:11,239 [INFO   ] [inference] generate_nosql  latency_sec=8.3255  input_tokens=138  output_tokens=145
2026-07-31 16:17:11,239 [INFO   ]   >> INPUT  : Translate the natural language question into a MongoDB MQL query using the provided schema.

Schema:
Templates(Date_Effective_From, Date_Effective_To, Template_Details, Template_ID, Template_Type_Code, Version_Number, _id) | Documents(Document_Description, Document_ID, Document_Name, Other_Details, Template_ID, _id) | Ref_Template_Types(Template_Type_Code, Template_Type_Description, _id)

Question:
What is the template type code of the template used by document with the name 'Data base'?

MQL:

2026-07-31 16:17:11,239 [INFO   ]   >> OUTPUT : db.Templates.aggregate([ { $lookup: { from: "Documents", localField: "Template_Type_Code", foreignField: "Template_Type_Code", as: "documents" } }, { $unwind: "$documents" }, { $lookup: { from: "Ref_Template_Types", localField: "Template_Type_Code", foreignField: "Template_Type_Code", as: "references" } }, { $unwind: "$references" }, { $match: { "documents.Document_Name": "Data base" } }, { $project: { Template_Type_Code: 1 } } ])
2026-07-31 16:17:18,449 [INFO   ] [inference] generate_nosql  latency_sec=7.1972  input_tokens=137  output_tokens=145
2026-07-31 16:17:18,449 [INFO   ]   >> INPUT  : Translate the natural language question into a MongoDB MQL query using the provided schema.

Schema:
Templates(Date_Effective_From, Date_Effective_To, Template_Details, Template_ID, Template_Type_Code, Version_Number, _id) | Documents(Document_Description, Document_ID, Document_Name, Other_Details, Template_ID, _id) | Ref_Template_Types(Template_Type_Code, Template_Type_Description, _id)

Question:
Return the template type code of the template that is used by a document named Data base.

MQL:

2026-07-31 16:17:18,449 [INFO   ]   >> OUTPUT : db.Templates.aggregate([ { $lookup: { from: "Documents", localField: "Template_Type_Code", foreignField: "Template_Type_Code", as: "documents" } }, { $unwind: "$documents" }, { $lookup: { from: "Ref_Template_Types", localField: "Template_Type_Code", foreignField: "Template_Type_Code", as: "references" } }, { $unwind: "$references" }, { $match: { "documents.Document_Name": "Data base" } }, { $project: { Template_Type_Code: 1 } } ])
2026-07-31 16:17:23,807 [INFO   ] [inference] generate_nosql  latency_sec=5.3436  input_tokens=132  output_tokens=91
2026-07-31 16:17:23,808 [INFO   ]   >> INPUT  : Translate the natural language question into a MongoDB MQL query using the provided schema.

Schema:
Templates(Date_Effective_From, Date_Effective_To, Template_Details, Template_ID, Template_Type_Code, Version_Number, _id) | Documents(Document_Description, Document_ID, Document_Name, Other_Details, Template_ID, _id) | Ref_Template_Types(Template_Type_Code, Template_Type_Description, _id)

Question:
Show all document names using templates with template type code BK.

MQL:

2026-07-31 16:17:23,808 [INFO   ]   >> OUTPUT : db.Templates.aggregate([ { $match: { Template_Type_Code: "BK" } }, { $lookup: { from: "Documents", localField: "Template_ID", foreignField: "Template_ID", as: "documents" } }, { $unwind: "$documents" }, { $project: { Document_Name: "$documents.Document_Name" } } ])
2026-07-31 16:17:28,185 [INFO   ] [inference] generate_nosql  latency_sec=4.364  input_tokens=134  output_tokens=91
2026-07-31 16:17:28,186 [INFO   ]   >> INPUT  : Translate the natural language question into a MongoDB MQL query using the provided schema.

Schema:
Templates(Date_Effective_From, Date_Effective_To, Template_Details, Template_ID, Template_Type_Code, Version_Number, _id) | Documents(Document_Description, Document_ID, Document_Name, Other_Details, Template_ID, _id) | Ref_Template_Types(Template_Type_Code, Template_Type_Description, _id)

Question:
What are the names of documents that use templates with the code BK?

MQL:

2026-07-31 16:17:28,186 [INFO   ]   >> OUTPUT : db.Documents.aggregate([ { $lookup: { from: "Templates", localField: "Template_ID", foreignField: "Template_ID", as: "template_info" } }, { $unwind: "$template_info" }, { $match: { "template_info.Template_Type_Code": "BK" } }, { $project: { Document_Name: 1 } } ])
2026-07-31 16:17:30,801 [INFO   ] [inference] generate_nosql  latency_sec=2.6033  input_tokens=133  output_tokens=54
2026-07-31 16:17:30,802 [INFO   ]   >> INPUT  : Translate the natural language question into a MongoDB MQL query using the provided schema.

Schema:
Templates(Date_Effective_From, Date_Effective_To, Template_Details, Template_ID, Template_Type_Code, Version_Number, _id) | Documents(Document_Description, Document_ID, Document_Name, Other_Details, Template_ID, _id) | Ref_Template_Types(Template_Type_Code, Template_Type_Description, _id)

Question:
Show all template type codes and the number of documents using each type.

MQL:

2026-07-31 16:17:30,802 [INFO   ]   >> OUTPUT : db.Documents.aggregate([ { $group: { _id: "$Template_Type_Code", count: { $sum: 1 } } }, { $project: { Template_Type_Code: "$_id", count: 1 } } ])
2026-07-31 16:17:32,656 [INFO   ] [inference] generate_nosql  latency_sec=1.8415  input_tokens=135  output_tokens=35
2026-07-31 16:17:32,656 [INFO   ]   >> INPUT  : Translate the natural language question into a MongoDB MQL query using the provided schema.

Schema:
Templates(Date_Effective_From, Date_Effective_To, Template_Details, Template_ID, Template_Type_Code, Version_Number, _id) | Documents(Document_Description, Document_ID, Document_Name, Other_Details, Template_ID, _id) | Ref_Template_Types(Template_Type_Code, Template_Type_Description, _id)

Question:
What are the different template type codes, and how many documents use each type?

MQL:

2026-07-31 16:17:32,656 [INFO   ]   >> OUTPUT : db.Templates.aggregate([ { $group: { _id: "$Template_Type_Code", count: { $sum: 1 } } } ])
2026-07-31 16:17:39,485 [INFO   ] [inference] generate_nosql  latency_sec=6.8096  input_tokens=131  output_tokens=120
2026-07-31 16:17:39,485 [INFO   ]   >> INPUT  : Translate the natural language question into a MongoDB MQL query using the provided schema.

Schema:
Templates(Date_Effective_From, Date_Effective_To, Template_Details, Template_ID, Template_Type_Code, Version_Number, _id) | Documents(Document_Description, Document_ID, Document_Name, Other_Details, Template_ID, _id) | Ref_Template_Types(Template_Type_Code, Template_Type_Description, _id)

Question:
Which template type code is used by most number of documents?

MQL:

2026-07-31 16:17:39,485 [INFO   ]   >> OUTPUT : db.Documents.aggregate([ { $group: { _id: "$Template_Type_Code", count: { $sum: 1 } } }, { $sort: { count: -1 } }, { $limit: 1 }, { $lookup: { from: "Templates", localField: "_id", foreignField: "Template_Type_Code", as: "templates" } }, { $unwind: "$templates" }, { $project: { Template_Type_Code: "$templates.Template_Type_Code" } } ])
2026-07-31 16:17:45,484 [INFO   ] [inference] generate_nosql  latency_sec=5.9854  input_tokens=134  output_tokens=126
2026-07-31 16:17:45,485 [INFO   ]   >> INPUT  : Translate the natural language question into a MongoDB MQL query using the provided schema.

Schema:
Templates(Date_Effective_From, Date_Effective_To, Template_Details, Template_ID, Template_Type_Code, Version_Number, _id) | Documents(Document_Description, Document_ID, Document_Name, Other_Details, Template_ID, _id) | Ref_Template_Types(Template_Type_Code, Template_Type_Description, _id)

Question:
Return the code of the template type that is most commonly used in documents.

MQL:

2026-07-31 16:17:45,485 [INFO   ]   >> OUTPUT : db.Documents.aggregate([ { $group: { _id: "$Template_Type_Code", count: { $sum: 1 } } }, { $sort: { count: -1 } }, { $limit: 1 }, { $lookup: { from: "Ref_Template_Types", localField: "_id", foreignField: "Template_Type_Code", as: "template_type" } }, { $unwind: "$template_type" }, { $project: { Template_Type_Code: "$template_type.Template_Type_Code" } } ])
2026-07-31 16:17:46,928 [INFO   ] [inference] generate_nosql  latency_sec=1.4308  input_tokens=127  output_tokens=26
2026-07-31 16:17:46,928 [INFO   ]   >> INPUT  : Translate the natural language question into a MongoDB MQL query using the provided schema.

Schema:
Templates(Date_Effective_From, Date_Effective_To, Template_Details, Template_ID, Template_Type_Code, Version_Number, _id) | Documents(Document_Description, Document_ID, Document_Name, Other_Details, Template_ID, _id) | Ref_Template_Types(Template_Type_Code, Template_Type_Description, _id)

Question:
Show all template type codes and descriptions.

MQL:

2026-07-31 16:17:46,928 [INFO   ]   >> OUTPUT : db.Templates.find({}, { Template_Type_Code: 1, Template_Type_Description: 1 })
2026-07-31 16:17:48,720 [INFO   ] [inference] generate_nosql  latency_sec=1.7751  input_tokens=131  output_tokens=26
2026-07-31 16:17:48,720 [INFO   ]   >> INPUT  : Translate the natural language question into a MongoDB MQL query using the provided schema.

Schema:
Templates(Date_Effective_From, Date_Effective_To, Template_Details, Template_ID, Template_Type_Code, Version_Number, _id) | Documents(Document_Description, Document_ID, Document_Name, Other_Details, Template_ID, _id) | Ref_Template_Types(Template_Type_Code, Template_Type_Description, _id)

Question:
What are the type codes and descriptions for all template types?

MQL:

2026-07-31 16:17:48,720 [INFO   ]   >> OUTPUT : db.Templates.find({}, { Template_Type_Code: 1, Template_Type_Description: 1 })
2026-07-31 16:17:50,573 [INFO   ] [inference] generate_nosql  latency_sec=1.8355  input_tokens=132  output_tokens=30
2026-07-31 16:17:50,573 [INFO   ]   >> INPUT  : Translate the natural language question into a MongoDB MQL query using the provided schema.

Schema:
Templates(Date_Effective_From, Date_Effective_To, Template_Details, Template_ID, Template_Type_Code, Version_Number, _id) | Documents(Document_Description, Document_ID, Document_Name, Other_Details, Template_ID, _id) | Ref_Template_Types(Template_Type_Code, Template_Type_Description, _id)

Question:
What is the template type descriptions for template type code 'AD'.

MQL:

2026-07-31 16:17:50,574 [INFO   ]   >> OUTPUT : db.Ref_Template_Types.find({ Template_Type_Code: 'AD' }, { Template_Type_Description: 1 })
2026-07-31 16:17:51,983 [INFO   ] [inference] generate_nosql  latency_sec=1.3969  input_tokens=133  output_tokens=30
2026-07-31 16:17:51,984 [INFO   ]   >> INPUT  : Translate the natural language question into a MongoDB MQL query using the provided schema.

Schema:
Templates(Date_Effective_From, Date_Effective_To, Template_Details, Template_ID, Template_Type_Code, Version_Number, _id) | Documents(Document_Description, Document_ID, Document_Name, Other_Details, Template_ID, _id) | Ref_Template_Types(Template_Type_Code, Template_Type_Description, _id)

Question:
Return the template type description of the template type with the code AD.

MQL:

2026-07-31 16:17:51,984 [INFO   ]   >> OUTPUT : db.Ref_Template_Types.find({ Template_Type_Code: 'AD' }, { Template_Type_Description: 1 })
2026-07-31 16:17:53,526 [INFO   ] [inference] generate_nosql  latency_sec=1.5291  input_tokens=132  output_tokens=31
2026-07-31 16:17:53,526 [INFO   ]   >> INPUT  : Translate the natural language question into a MongoDB MQL query using the provided schema.

Schema:
Templates(Date_Effective_From, Date_Effective_To, Template_Details, Template_ID, Template_Type_Code, Version_Number, _id) | Documents(Document_Description, Document_ID, Document_Name, Other_Details, Template_ID, _id) | Ref_Template_Types(Template_Type_Code, Template_Type_Description, _id)

Question:
What is the template type code for template type description 'Book'.

MQL:

2026-07-31 16:17:53,526 [INFO   ]   >> OUTPUT : db.Ref_Template_Types.findOne({Template_Type_Description: 'Book'}, {Template_Type_Code: 1})
2026-07-31 16:17:54,940 [INFO   ] [inference] generate_nosql  latency_sec=1.402  input_tokens=133  output_tokens=30
2026-07-31 16:17:54,941 [INFO   ]   >> INPUT  : Translate the natural language question into a MongoDB MQL query using the provided schema.

Schema:
Templates(Date_Effective_From, Date_Effective_To, Template_Details, Template_ID, Template_Type_Code, Version_Number, _id) | Documents(Document_Description, Document_ID, Document_Name, Other_Details, Template_ID, _id) | Ref_Template_Types(Template_Type_Code, Template_Type_Description, _id)

Question:
Return the type code of the template type with the description 'Book'.

MQL:

2026-07-31 16:17:54,941 [INFO   ]   >> OUTPUT : db.Ref_Template_Types.find({Template_Type_Description: 'Book'}, { Template_Type_Code: 1})
2026-07-31 16:18:02,409 [INFO   ] [inference] generate_nosql  latency_sec=7.4561  input_tokens=135  output_tokens=146
2026-07-31 16:18:02,409 [INFO   ]   >> INPUT  : Translate the natural language question into a MongoDB MQL query using the provided schema.

Schema:
Templates(Date_Effective_From, Date_Effective_To, Template_Details, Template_ID, Template_Type_Code, Version_Number, _id) | Documents(Document_Description, Document_ID, Document_Name, Other_Details, Template_ID, _id) | Ref_Template_Types(Template_Type_Code, Template_Type_Description, _id)

Question:
What are the distinct template type descriptions for the templates ever used by any document?

MQL:

2026-07-31 16:18:02,409 [INFO   ]   >> OUTPUT : db.Templates.aggregate([ { $lookup: { from: "Documents", localField: "Template_Type_Code", foreignField: "Template_Type_Code", as: "documents" } }, { $unwind: "$documents" }, { $lookup: { from: "Ref_Template_Types", localField: "Template_Type_Code", foreignField: "Template_Type_Code", as: "references" } }, { $unwind: "$references" }, { $group: { _id: "$Template_Type_Description" } }, { $project: { Template_Type_Description: "$_id" } } ])
2026-07-31 16:18:09,431 [INFO   ] [inference] generate_nosql  latency_sec=7.0044  input_tokens=122  output_tokens=140
2026-07-31 16:18:09,431 [INFO   ]   >> INPUT  : Translate the natural language question into a MongoDB MQL query using the provided schema.

Schema:
Paragraphs(Document_ID, Other_Details, Paragraph_ID, Paragraph_Text, _id) | Documents(Document_Description, Document_ID, Document_Name, Other_Details, Template_ID, _id) | Ref_Template_Types(Template_Type_Code, Template_Type_Description, _id)

Question:
Return the different descriptions for templates that have been used in a document.

MQL:

2026-07-31 16:18:09,431 [INFO   ]   >> OUTPUT : db.Ref_Template_Types.aggregate([ { $lookup: { from: "Documents", localField: "Template_Type_Code", foreignField: "Template_Type_Code", as: "documents" } }, { $unwind: "$documents" }, { $lookup: { from: "Paragraphs", localField: "documents.Document_ID", foreignField: "Document_ID", as: "paragraphs" } }, { $unwind: "$paragraphs" }, { $group: { _id: "$Template_Type_Description" } }, { $project: { _id: 1 } } ])
2026-07-31 16:18:10,967 [INFO   ] [inference] generate_nosql  latency_sec=1.5235  input_tokens=133  output_tokens=31
2026-07-31 16:18:10,967 [INFO   ]   >> INPUT  : Translate the natural language question into a MongoDB MQL query using the provided schema.

Schema:
Templates(Date_Effective_From, Date_Effective_To, Template_Details, Template_ID, Template_Type_Code, Version_Number, _id) | Documents(Document_Description, Document_ID, Document_Name, Other_Details, Template_ID, _id) | Ref_Template_Types(Template_Type_Code, Template_Type_Description, _id)

Question:
What are the template ids with template type description 'Presentation'.

MQL:

2026-07-31 16:18:10,967 [INFO   ]   >> OUTPUT : db.Ref_Template_Types.find({Template_Type_Description: 'Presentation'}, { Template_Type_Code: 1})
2026-07-31 16:18:12,198 [INFO   ] [inference] generate_nosql  latency_sec=1.2187  input_tokens=133  output_tokens=24
2026-07-31 16:18:12,199 [INFO   ]   >> INPUT  : Translate the natural language question into a MongoDB MQL query using the provided schema.

Schema:
Templates(Date_Effective_From, Date_Effective_To, Template_Details, Template_ID, Template_Type_Code, Version_Number, _id) | Documents(Document_Description, Document_ID, Document_Name, Other_Details, Template_ID, _id) | Ref_Template_Types(Template_Type_Code, Template_Type_Description, _id)

Question:
Return the ids corresponding to templates with the description 'Presentation'.

MQL:

2026-07-31 16:18:12,199 [INFO   ]   >> OUTPUT : db.Templates.find({ Template_Details: 'Presentation' }, { Template_ID: 1 })
2026-07-31 16:18:17,942 [INFO   ] [inference] generate_nosql  latency_sec=5.7308  input_tokens=135  output_tokens=101
2026-07-31 16:18:17,942 [INFO   ]   >> INPUT  : Translate the natural language question into a MongoDB MQL query using the provided schema.

Schema:
Paragraphs(Document_ID, Other_Details, Paragraph_ID, Paragraph_Text, _id) | Templates(Date_Effective_From, Date_Effective_To, Template_Details, Template_ID, Template_Type_Code, Version_Number, _id) | Documents(Document_Description, Document_ID, Document_Name, Other_Details, Template_ID, _id)

Question:
How many paragraphs for the document with name 'Summer Show'?

MQL:

2026-07-31 16:18:17,942 [INFO   ]   >> OUTPUT : db.Documents.aggregate([ { $match: { Document_Name: "Summer Show" } }, { $lookup: { from: "Paragraphs", localField: "Document_ID", foreignField: "Document_ID", as: "paragraphs" } }, { $unwind: "$paragraphs" }, { $group: { _id: null, count: { $sum: 1 } } }, { $project: { count: 1 } } ])
2026-07-31 16:18:22,246 [INFO   ] [inference] generate_nosql  latency_sec=4.2908  input_tokens=136  output_tokens=80
2026-07-31 16:18:22,246 [INFO   ]   >> INPUT  : Translate the natural language question into a MongoDB MQL query using the provided schema.

Schema:
Paragraphs(Document_ID, Other_Details, Paragraph_ID, Paragraph_Text, _id) | Templates(Date_Effective_From, Date_Effective_To, Template_Details, Template_ID, Template_Type_Code, Version_Number, _id) | Documents(Document_Description, Document_ID, Document_Name, Other_Details, Template_ID, _id)

Question:
Count the number of paragraphs in the document named 'Summer Show'.

MQL:

2026-07-31 16:18:22,246 [INFO   ]   >> OUTPUT : db.Documents.aggregate([ { $match: { Document_Name: "Summer Show" } }, { $lookup: { from: "Paragraphs", localField: "Document_ID", foreignField: "Document_ID", as: "paragraphs" } }, { $project: { paragraphsCount: { $size: "$paragraphs" } } } ])
2026-07-31 16:18:23,737 [INFO   ] [inference] generate_nosql  latency_sec=1.4784  input_tokens=140  output_tokens=30
2026-07-31 16:18:23,737 [INFO   ]   >> INPUT  : Translate the natural language question into a MongoDB MQL query using the provided schema.

Schema:
Paragraphs(Document_ID, Other_Details, Paragraph_ID, Paragraph_Text, _id) | Templates(Date_Effective_From, Date_Effective_To, Template_Details, Template_ID, Template_Type_Code, Version_Number, _id) | Documents(Document_Description, Document_ID, Document_Name, Other_Details, Template_ID, _id)

Question:
Show all paragraph ids and texts for the document with name 'Welcome to NY'.

MQL:

2026-07-31 16:18:23,737 [INFO   ]   >> OUTPUT : db.Documents.find({Document_Name: 'Welcome to NY'}, { Document_ID: 1, Document_Text: 1})
2026-07-31 16:18:31,693 [INFO   ] [inference] generate_nosql  latency_sec=7.9433  input_tokens=126  output_tokens=150
2026-07-31 16:18:31,693 [INFO   ]   >> INPUT  : Translate the natural language question into a MongoDB MQL query using the provided schema.

Schema:
Paragraphs(Document_ID, Other_Details, Paragraph_ID, Paragraph_Text, _id) | Documents(Document_Description, Document_ID, Document_Name, Other_Details, Template_ID, _id) | Ref_Template_Types(Template_Type_Code, Template_Type_Description, _id)

Question:
What are the ids and texts of paragraphs in the document titled 'Welcome to NY'?

MQL:

2026-07-31 16:18:31,693 [INFO   ]   >> OUTPUT : db.Paragraphs.aggregate([ { $lookup: { from: "Documents", localField: "Document_ID", foreignField: "Document_ID", as: "document_info" } }, { $unwind: "$document_info" }, { $lookup: { from: "Ref_Template_Types", localField: "document_info.Template_Type_Code", foreignField: "Template_Type_Code", as: "ref_template_info" } }, { $unwind: "$ref_template_info" }, { $match: { "document_info.Document_Name": "Welcome to NY" } }, { $project: { Document_ID: 1
2026-07-31 16:18:32,925 [INFO   ] [inference] generate_nosql  latency_sec=1.2195  input_tokens=119  output_tokens=24
2026-07-31 16:18:32,926 [INFO   ]   >> INPUT  : Translate the natural language question into a MongoDB MQL query using the provided schema.

Schema:
Paragraphs(Document_ID, Other_Details, Paragraph_ID, Paragraph_Text, _id) | Documents(Document_Description, Document_ID, Document_Name, Other_Details, Template_ID, _id) | Ref_Template_Types(Template_Type_Code, Template_Type_Description, _id)

Question:
Show all paragraph texts for the document 'Customer reviews'.

MQL:

2026-07-31 16:18:32,926 [INFO   ]   >> OUTPUT : db.Documents.find({Document_Name: 'Customer reviews'}, {Paragraph_Text: 1})
2026-07-31 16:18:34,417 [INFO   ] [inference] generate_nosql  latency_sec=1.4785  input_tokens=123  output_tokens=24
2026-07-31 16:18:34,417 [INFO   ]   >> INPUT  : Translate the natural language question into a MongoDB MQL query using the provided schema.

Schema:
Paragraphs(Document_ID, Other_Details, Paragraph_ID, Paragraph_Text, _id) | Documents(Document_Description, Document_ID, Document_Name, Other_Details, Template_ID, _id) | Ref_Template_Types(Template_Type_Code, Template_Type_Description, _id)

Question:
What are the paragraph texts for the document with the name 'Customer reviews'?

MQL:

2026-07-31 16:18:34,417 [INFO   ]   >> OUTPUT : db.Documents.find({Document_Name: 'Customer reviews'}, {Paragraph_Text: 1})
2026-07-31 16:18:36,482 [INFO   ] [inference] generate_nosql  latency_sec=2.0526  input_tokens=127  output_tokens=42
2026-07-31 16:18:36,483 [INFO   ]   >> INPUT  : Translate the natural language question into a MongoDB MQL query using the provided schema.

Schema:
Paragraphs(Document_ID, Other_Details, Paragraph_ID, Paragraph_Text, _id) | Documents(Document_Description, Document_ID, Document_Name, Other_Details, Template_ID, _id) | Ref_Template_Types(Template_Type_Code, Template_Type_Description, _id)

Question:
Show all document ids and the number of paragraphs in each document. Order by document id.

MQL:

2026-07-31 16:18:36,483 [INFO   ]   >> OUTPUT : db.Documents.aggregate([ { $group: { _id: "$Document_ID", count: { $sum: 1 } } }, { $sort: { count: 1 } } ])
2026-07-31 16:18:38,641 [INFO   ] [inference] generate_nosql  latency_sec=2.1408  input_tokens=128  output_tokens=45
2026-07-31 16:18:38,641 [INFO   ]   >> INPUT  : Translate the natural language question into a MongoDB MQL query using the provided schema.

Schema:
Paragraphs(Document_ID, Other_Details, Paragraph_ID, Paragraph_Text, _id) | Documents(Document_Description, Document_ID, Document_Name, Other_Details, Template_ID, _id) | Ref_Template_Types(Template_Type_Code, Template_Type_Description, _id)

Question:
Return the different document ids along with the number of paragraphs corresponding to each, ordered by id.

MQL:

2026-07-31 16:18:38,641 [INFO   ]   >> OUTPUT : db.Paragraphs.aggregate([ { $group: { _id: "$Document_ID", count: { $sum: 1 } } }, { $sort: { count: -1 } } ])
2026-07-31 16:18:42,930 [INFO   ] [inference] generate_nosql  latency_sec=4.2761  input_tokens=124  output_tokens=59
2026-07-31 16:18:42,930 [INFO   ]   >> INPUT  : Translate the natural language question into a MongoDB MQL query using the provided schema.

Schema:
Paragraphs(Document_ID, Other_Details, Paragraph_ID, Paragraph_Text, _id) | Documents(Document_Description, Document_ID, Document_Name, Other_Details, Template_ID, _id) | Ref_Template_Types(Template_Type_Code, Template_Type_Description, _id)

Question:
Show all document ids, names and the number of paragraphs in each document.

MQL:

2026-07-31 16:18:42,930 [INFO   ]   >> OUTPUT : db.Documents.aggregate([ { $group: { _id: "$Document_ID", count: { $sum: 1 } } }, { $project: { Document_ID: "$_id", Document_Name: "$Document_Name", count: 1 } } ])
2026-07-31 16:18:47,098 [INFO   ] [inference] generate_nosql  latency_sec=4.1505  input_tokens=129  output_tokens=77
2026-07-31 16:18:47,099 [INFO   ]   >> INPUT  : Translate the natural language question into a MongoDB MQL query using the provided schema.

Schema:
Paragraphs(Document_ID, Other_Details, Paragraph_ID, Paragraph_Text, _id) | Documents(Document_Description, Document_ID, Document_Name, Other_Details, Template_ID, _id) | Ref_Template_Types(Template_Type_Code, Template_Type_Description, _id)

Question:
What are the ids and names of each document, as well as the number of paragraphs in each?

MQL:

2026-07-31 16:18:47,099 [INFO   ]   >> OUTPUT : db.Documents.aggregate([ { $lookup: { from: "Paragraphs", localField: "Document_ID", foreignField: "Document_ID", as: "paragraphs" } }, { $project: { Document_ID: 1, Document_Name: 1, paragraphCount: { $size: "$paragraphs" } } } ])
2026-07-31 16:18:50,021 [INFO   ] [inference] generate_nosql  latency_sec=2.9102  input_tokens=119  output_tokens=63
2026-07-31 16:18:50,021 [INFO   ]   >> INPUT  : Translate the natural language question into a MongoDB MQL query using the provided schema.

Schema:
Paragraphs(Document_ID, Other_Details, Paragraph_ID, Paragraph_Text, _id) | Documents(Document_Description, Document_ID, Document_Name, Other_Details, Template_ID, _id) | Ref_Template_Types(Template_Type_Code, Template_Type_Description, _id)

Question:
List all document ids with at least two paragraphs.

MQL:

2026-07-31 16:18:50,021 [INFO   ]   >> OUTPUT : db.Documents.aggregate([ { $group: { _id: "$Document_ID", count: { $sum: 1 } } }, { $match: { count: { $gte: 2 } } }, { $project: { Document_ID: "$_id" } } ])
2026-07-31 16:18:53,067 [INFO   ] [inference] generate_nosql  latency_sec=3.0334  input_tokens=122  output_tokens=63
2026-07-31 16:18:53,067 [INFO   ]   >> INPUT  : Translate the natural language question into a MongoDB MQL query using the provided schema.

Schema:
Paragraphs(Document_ID, Other_Details, Paragraph_ID, Paragraph_Text, _id) | Documents(Document_Description, Document_ID, Document_Name, Other_Details, Template_ID, _id) | Ref_Template_Types(Template_Type_Code, Template_Type_Description, _id)

Question:
What are the ids of documents that have 2 or more paragraphs?

MQL:

2026-07-31 16:18:53,067 [INFO   ]   >> OUTPUT : db.Documents.aggregate([ { $group: { _id: "$Document_ID", count: { $sum: 1 } } }, { $match: { count: { $gte: 2 } } }, { $project: { Document_ID: "$_id" } } ])
2026-07-31 16:18:59,786 [INFO   ] [inference] generate_nosql  latency_sec=6.7059  input_tokens=121  output_tokens=121
2026-07-31 16:18:59,786 [INFO   ]   >> INPUT  : Translate the natural language question into a MongoDB MQL query using the provided schema.

Schema:
Paragraphs(Document_ID, Other_Details, Paragraph_ID, Paragraph_Text, _id) | Documents(Document_Description, Document_ID, Document_Name, Other_Details, Template_ID, _id) | Ref_Template_Types(Template_Type_Code, Template_Type_Description, _id)

Question:
What is the document id and name with greatest number of paragraphs?

MQL:

2026-07-31 16:18:59,786 [INFO   ]   >> OUTPUT : db.Paragraphs.aggregate([ { $group: { _id: "$Document_ID", count: { $sum: 1 } } }, { $sort: { count: -1 } }, { $limit: 1 }, { $lookup: { from: "Documents", localField: "_id", foreignField: "Document_ID", as: "documents" } }, { $unwind: "$documents" }, { $project: { document_id: "$_id", document_name: "$documents.Document_Name" } } ])
2026-07-31 16:19:05,477 [INFO   ] [inference] generate_nosql  latency_sec=5.6786  input_tokens=121  output_tokens=121
2026-07-31 16:19:05,477 [INFO   ]   >> INPUT  : Translate the natural language question into a MongoDB MQL query using the provided schema.

Schema:
Paragraphs(Document_ID, Other_Details, Paragraph_ID, Paragraph_Text, _id) | Documents(Document_Description, Document_ID, Document_Name, Other_Details, Template_ID, _id) | Ref_Template_Types(Template_Type_Code, Template_Type_Description, _id)

Question:
Return the id and name of the document with the most paragraphs.

MQL:

2026-07-31 16:19:05,477 [INFO   ]   >> OUTPUT : db.Paragraphs.aggregate([ { $group: { _id: "$Document_ID", count: { $sum: 1 } } }, { $sort: { count: -1 } }, { $limit: 1 }, { $lookup: { from: "Documents", localField: "_id", foreignField: "Document_ID", as: "documents" } }, { $unwind: "$documents" }, { $project: { Document_ID: "$_id", Document_Name: "$documents.Document_Name" } } ])
2026-07-31 16:19:08,409 [INFO   ] [inference] generate_nosql  latency_sec=2.9189  input_tokens=119  output_tokens=61
2026-07-31 16:19:08,409 [INFO   ]   >> INPUT  : Translate the natural language question into a MongoDB MQL query using the provided schema.

Schema:
Paragraphs(Document_ID, Other_Details, Paragraph_ID, Paragraph_Text, _id) | Documents(Document_Description, Document_ID, Document_Name, Other_Details, Template_ID, _id) | Ref_Template_Types(Template_Type_Code, Template_Type_Description, _id)

Question:
What is the document id with 1 to 2 paragraphs?

MQL:

2026-07-31 16:19:08,409 [INFO   ]   >> OUTPUT : db.Paragraphs.aggregate([ { $group: { _id: "$Document_ID", count: { $sum: 1 } } }, { $match: { count: { $gte: 2 } } }, { $project: { _id: 1 } } ])
2026-07-31 16:19:12,520 [INFO   ] [inference] generate_nosql  latency_sec=4.0932  input_tokens=122  output_tokens=66
2026-07-31 16:19:12,521 [INFO   ]   >> INPUT  : Translate the natural language question into a MongoDB MQL query using the provided schema.

Schema:
Paragraphs(Document_ID, Other_Details, Paragraph_ID, Paragraph_Text, _id) | Documents(Document_Description, Document_ID, Document_Name, Other_Details, Template_ID, _id) | Ref_Template_Types(Template_Type_Code, Template_Type_Description, _id)

Question:
Give the ids of documents that have between one and two paragraphs.

MQL:

2026-07-31 16:19:12,521 [INFO   ]   >> OUTPUT : db.Paragraphs.aggregate([ { $group: { _id: "$Paragraph_ID", count: { $sum: 1 } } }, { $match: { count: { $gte: 2 } } }, { $project: { Document_ID: "$_id" } } ])
2026-07-31 16:19:14,128 [INFO   ] [inference] generate_nosql  latency_sec=1.5947  input_tokens=122  output_tokens=33
2026-07-31 16:19:14,128 [INFO   ]   >> INPUT  : Translate the natural language question into a MongoDB MQL query using the provided schema.

Schema:
Paragraphs(Document_ID, Other_Details, Paragraph_ID, Paragraph_Text, _id) | Documents(Document_Description, Document_ID, Document_Name, Other_Details, Template_ID, _id) | Ref_Template_Types(Template_Type_Code, Template_Type_Description, _id)

Question:
Show the document id with paragraph text 'Brazil' and 'Ireland'.

MQL:

2026-07-31 16:19:14,128 [INFO   ]   >> OUTPUT : db.Paragraphs.find( { Paragraph_Text: 'Brazil', Paragraph_ID: 1 }, { Document_ID: 1 } )
2026-07-31 16:19:15,771 [INFO   ] [inference] generate_nosql  latency_sec=1.6298  input_tokens=127  output_tokens=34
2026-07-31 16:19:15,771 [INFO   ]   >> INPUT  : Translate the natural language question into a MongoDB MQL query using the provided schema.

Schema:
Paragraphs(Document_ID, Other_Details, Paragraph_ID, Paragraph_Text, _id) | Documents(Document_Description, Document_ID, Document_Name, Other_Details, Template_ID, _id) | Ref_Template_Types(Template_Type_Code, Template_Type_Description, _id)

Question:
What are the ids of documents that contain the paragraph text 'Brazil' and 'Ireland'?

MQL:

2026-07-31 16:19:15,771 [INFO   ]   >> OUTPUT : db.Paragraphs.find( { Paragraph_Text: 'Brazil', Other_Details: 'Ireland' }, { Document_ID: 1 } )
2026-07-31 16:19:16,849 [INFO   ] [inference] generate_nosql  latency_sec=1.066  input_tokens=98  output_tokens=21
2026-07-31 16:19:16,850 [INFO   ]   >> INPUT  : Translate the natural language question into a MongoDB MQL query using the provided schema.

Schema:
course(Course, Course_ID, Staring_Date, _id) | course_arrange(Course_ID, Grade, Teacher_ID, _id) | teacher(Age, Hometown, Name, Teacher_ID, _id)

Question:
List the names of teachers in ascending order of age.

MQL:

2026-07-31 16:19:16,850 [INFO   ]   >> OUTPUT : db.teacher.find({}, {Name: 1}).sort({Age: 1})
2026-07-31 16:19:17,872 [INFO   ] [inference] generate_nosql  latency_sec=1.01  input_tokens=99  output_tokens=21
2026-07-31 16:19:17,873 [INFO   ]   >> INPUT  : Translate the natural language question into a MongoDB MQL query using the provided schema.

Schema:
course(Course, Course_ID, Staring_Date, _id) | course_arrange(Course_ID, Grade, Teacher_ID, _id) | teacher(Age, Hometown, Name, Teacher_ID, _id)

Question:
What are the names of the teachers ordered by ascending age?

MQL:

2026-07-31 16:19:17,873 [INFO   ]   >> OUTPUT : db.teacher.find({}, {Name: 1}).sort({Age: 1})
2026-07-31 16:19:18,743 [INFO   ] [inference] generate_nosql  latency_sec=0.8573  input_tokens=96  output_tokens=19
2026-07-31 16:19:18,744 [INFO   ]   >> INPUT  : Translate the natural language question into a MongoDB MQL query using the provided schema.

Schema:
course(Course, Course_ID, Staring_Date, _id) | course_arrange(Course_ID, Grade, Teacher_ID, _id) | teacher(Age, Hometown, Name, Teacher_ID, _id)

Question:
What are the age and hometown of teachers?

MQL:

2026-07-31 16:19:18,744 [INFO   ]   >> OUTPUT : db.teacher.find({}, {Hometown: 1, Age: 1})
2026-07-31 16:19:19,662 [INFO   ] [inference] generate_nosql  latency_sec=0.9062  input_tokens=97  output_tokens=19
2026-07-31 16:19:19,663 [INFO   ]   >> INPUT  : Translate the natural language question into a MongoDB MQL query using the provided schema.

Schema:
course(Course, Course_ID, Staring_Date, _id) | course_arrange(Course_ID, Grade, Teacher_ID, _id) | teacher(Age, Hometown, Name, Teacher_ID, _id)

Question:
What is the age and hometown of every teacher?

MQL:

2026-07-31 16:19:19,663 [INFO   ]   >> OUTPUT : db.teacher.find({}, {Hometown: 1, Age: 1})
2026-07-31 16:19:21,075 [INFO   ] [inference] generate_nosql  latency_sec=1.3986  input_tokens=103  output_tokens=28
2026-07-31 16:19:21,075 [INFO   ]   >> INPUT  : Translate the natural language question into a MongoDB MQL query using the provided schema.

Schema:
course(Course, Course_ID, Staring_Date, _id) | course_arrange(Course_ID, Grade, Teacher_ID, _id) | teacher(Age, Hometown, Name, Teacher_ID, _id)

Question:
List the name of teachers whose hometown is not `` Little Lever Urban District '' .

MQL:

2026-07-31 16:19:21,075 [INFO   ]   >> OUTPUT : db.teacher.find({Hometown: {$ne: 'Little Lever Urban District'}}, {Name: 1})
2026-07-31 16:19:22,624 [INFO   ] [inference] generate_nosql  latency_sec=1.5358  input_tokens=105  output_tokens=29
2026-07-31 16:19:22,624 [INFO   ]   >> INPUT  : Translate the natural language question into a MongoDB MQL query using the provided schema.

Schema:
course(Course, Course_ID, Staring_Date, _id) | course_arrange(Course_ID, Grade, Teacher_ID, _id) | teacher(Age, Hometown, Name, Teacher_ID, _id)

Question:
What are the names of the teachers whose hometown is not `` Little Lever Urban District '' ?

MQL:

2026-07-31 16:19:22,624 [INFO   ]   >> OUTPUT : db.teacher.find({Hometown: {$ne: 'Little Lever Urban District '''}}, {Name: 1})
2026-07-31 16:19:24,417 [INFO   ] [inference] generate_nosql  latency_sec=1.7745  input_tokens=96  output_tokens=27
2026-07-31 16:19:24,417 [INFO   ]   >> INPUT  : Translate the natural language question into a MongoDB MQL query using the provided schema.

Schema:
course(Course, Course_ID, Staring_Date, _id) | course_arrange(Course_ID, Grade, Teacher_ID, _id) | teacher(Age, Hometown, Name, Teacher_ID, _id)

Question:
What is the hometown of the youngest teacher?

MQL:

2026-07-31 16:19:24,417 [INFO   ]   >> OUTPUT : db.teacher.find({}, {Hometown: 1}).sort({Age: 1}).limit(1)
2026-07-31 16:19:26,034 [INFO   ] [inference] generate_nosql  latency_sec=1.5999  input_tokens=94  output_tokens=26
2026-07-31 16:19:26,034 [INFO   ]   >> INPUT  : Translate the natural language question into a MongoDB MQL query using the provided schema.

Schema:
course(Course, Course_ID, Staring_Date, _id) | course_arrange(Course_ID, Grade, Teacher_ID, _id) | teacher(Age, Hometown, Name, Teacher_ID, _id)

Question:
Where is the youngest teacher from?

MQL:

2026-07-31 16:19:26,034 [INFO   ]   >> OUTPUT : db.teacher.find({}, {Name: 1}).sort({Age: 1}).limit(1)
2026-07-31 16:19:28,307 [INFO   ] [inference] generate_nosql  latency_sec=2.2604  input_tokens=101  output_tokens=32
2026-07-31 16:19:28,308 [INFO   ]   >> INPUT  : Translate the natural language question into a MongoDB MQL query using the provided schema.

Schema:
course(Course, Course_ID, Staring_Date, _id) | course_arrange(Course_ID, Grade, Teacher_ID, _id) | teacher(Age, Hometown, Name, Teacher_ID, _id)

Question:
Show different hometown of teachers and the number of teachers from each hometown.

MQL:

2026-07-31 16:19:28,308 [INFO   ]   >> OUTPUT : db.teacher.aggregate([ { $group: { _id: "$Hometown", count: { $sum: 1 } } } ])
2026-07-31 16:19:33,057 [INFO   ] [inference] generate_nosql  latency_sec=4.7363  input_tokens=97  output_tokens=32
2026-07-31 16:19:33,057 [INFO   ]   >> INPUT  : Translate the natural language question into a MongoDB MQL query using the provided schema.

Schema:
course(Course, Course_ID, Staring_Date, _id) | course_arrange(Course_ID, Grade, Teacher_ID, _id) | teacher(Age, Hometown, Name, Teacher_ID, _id)

Question:
For each hometown, how many teachers are there?

MQL:

2026-07-31 16:19:33,057 [INFO   ]   >> OUTPUT : db.teacher.aggregate([ { $group: { _id: "$Hometown", count: { $sum: 1 } } } ])
2026-07-31 16:19:39,520 [INFO   ] [inference] generate_nosql  latency_sec=6.4505  input_tokens=98  output_tokens=63
2026-07-31 16:19:39,521 [INFO   ]   >> INPUT  : Translate the natural language question into a MongoDB MQL query using the provided schema.

Schema:
course(Course, Course_ID, Staring_Date, _id) | course_arrange(Course_ID, Grade, Teacher_ID, _id) | teacher(Age, Hometown, Name, Teacher_ID, _id)

Question:
What is the most commmon hometowns for teachers?

MQL:

2026-07-31 16:19:39,521 [INFO   ]   >> OUTPUT : db.teacher.aggregate([ { $group: { _id: "$Hometown", count: { $sum: 1 } } }, { $sort: { count: -1 } }, { $limit: 1 }, { $project: { Hometown: "$_id" } } ])
2026-07-31 16:19:43,568 [INFO   ] [inference] generate_nosql  latency_sec=4.0347  input_tokens=100  output_tokens=86
2026-07-31 16:19:43,568 [INFO   ]   >> INPUT  : Translate the natural language question into a MongoDB MQL query using the provided schema.

Schema:
course(Course, Course_ID, Staring_Date, _id) | course_arrange(Course_ID, Grade, Teacher_ID, _id) | teacher(Age, Hometown, Name, Teacher_ID, _id)

Question:
Show names of teachers and the courses they are arranged to teach.

MQL:

2026-07-31 16:19:43,568 [INFO   ]   >> OUTPUT : db.course_arrange.aggregate([ { $lookup: { from: "teacher", localField: "Teacher_ID", foreignField: "Teacher_ID", as: "teacher_info" } }, { $unwind: "$teacher_info" }, { $project: { Name: "$teacher_info.Name", Course_ID: 1 } } ])
2026-07-31 16:19:48,510 [INFO   ] [inference] generate_nosql  latency_sec=4.9291  input_tokens=100  output_tokens=104
2026-07-31 16:19:48,510 [INFO   ]   >> INPUT  : Translate the natural language question into a MongoDB MQL query using the provided schema.

Schema:
course(Course, Course_ID, Staring_Date, _id) | course_arrange(Course_ID, Grade, Teacher_ID, _id) | teacher(Age, Hometown, Name, Teacher_ID, _id)

Question:
What is the name of each teacher and what course they teach?

MQL:

2026-07-31 16:19:48,510 [INFO   ]   >> OUTPUT : db.teacher.aggregate([ { $lookup: { from: "course_arrange", localField: "Teacher_ID", foreignField: "Teacher_ID", as: "course_arrange_info" } }, { $unwind: "$course_arrange_info" }, { $project: { Name: "$course_arrange_info.Teacher_Name", Course: "$course_arrange_info.Course_ID" } } ])
2026-07-31 16:19:56,310 [INFO   ] [inference] generate_nosql  latency_sec=7.7867  input_tokens=110  output_tokens=143
2026-07-31 16:19:56,310 [INFO   ]   >> INPUT  : Translate the natural language question into a MongoDB MQL query using the provided schema.

Schema:
course(Course, Course_ID, Staring_Date, _id) | course_arrange(Course_ID, Grade, Teacher_ID, _id) | teacher(Age, Hometown, Name, Teacher_ID, _id)

Question:
Show names of teachers and the courses they are arranged to teach in ascending alphabetical order of the teacher's name.

MQL:

2026-07-31 16:19:56,310 [INFO   ]   >> OUTPUT : db.course_arrange.aggregate([ { $lookup: { from: "teacher", localField: "Teacher_ID", foreignField: "Teacher_ID", as: "teacher_info" } }, { $unwind: "$teacher_info" }, { $lookup: { from: "course", localField: "Course_ID", foreignField: "Course_ID", as: "course_info" } }, { $unwind: "$course_info" }, { $project: { teacher_name: "$teacher_info.Name", course_name: "$course_info.Course_name" } } ])
2026-07-31 16:20:03,265 [INFO   ] [inference] generate_nosql  latency_sec=6.9417  input_tokens=111  output_tokens=140
2026-07-31 16:20:03,265 [INFO   ]   >> INPUT  : Translate the natural language question into a MongoDB MQL query using the provided schema.

Schema:
course(Course, Course_ID, Staring_Date, _id) | course_arrange(Course_ID, Grade, Teacher_ID, _id) | teacher(Age, Hometown, Name, Teacher_ID, _id)

Question:
What are the names of the teachers and the courses they teach in ascending alphabetical order by the name of the teacher?

MQL:

2026-07-31 16:20:03,265 [INFO   ]   >> OUTPUT : db.teacher.aggregate([ { $lookup: { from: "course_arrange", localField: "Teacher_ID", foreignField: "Teacher_ID", as: "course_arrange" } }, { $unwind: "$course_arrange" }, { $lookup: { from: "course", localField: "course_arrange.Course_ID", foreignField: "Course_ID", as: "course" } }, { $unwind: "$course" }, { $project: { Name: 1, Course: "$course.Course" } }, { $sort: { Name: 1 } } ])
2026-07-31 16:20:11,213 [INFO   ] [inference] generate_nosql  latency_sec=7.9299  input_tokens=98  output_tokens=149
2026-07-31 16:20:11,213 [INFO   ]   >> INPUT  : Translate the natural language question into a MongoDB MQL query using the provided schema.

Schema:
course(Course, Course_ID, Staring_Date, _id) | course_arrange(Course_ID, Grade, Teacher_ID, _id) | teacher(Age, Hometown, Name, Teacher_ID, _id)

Question:
Show the name of the teacher for the math course.

MQL:

2026-07-31 16:20:11,213 [INFO   ]   >> OUTPUT : db.teacher.aggregate([ { $lookup: { from: "course_arrange", localField: "Teacher_ID", foreignField: "Teacher_ID", as: "course_arrange_info" } }, { $unwind: "$course_arrange_info" }, { $lookup: { from: "course", localField: "course_arrange_info.Course_ID", foreignField: "Course_ID", as: "course_info" } }, { $unwind: "$course_info" }, { $match: { "course_info.Course": "Math" } }, { $project: { Name: 1 } } ])
2026-07-31 16:20:18,849 [INFO   ] [inference] generate_nosql  latency_sec=7.6234  input_tokens=99  output_tokens=149
2026-07-31 16:20:18,849 [INFO   ]   >> INPUT  : Translate the natural language question into a MongoDB MQL query using the provided schema.

Schema:
course(Course, Course_ID, Staring_Date, _id) | course_arrange(Course_ID, Grade, Teacher_ID, _id) | teacher(Age, Hometown, Name, Teacher_ID, _id)

Question:
What are the names of the people who teach math courses?

MQL:

2026-07-31 16:20:18,849 [INFO   ]   >> OUTPUT : db.teacher.aggregate([ { $lookup: { from: "course_arrange", localField: "Teacher_ID", foreignField: "Teacher_ID", as: "course_arrange_info" } }, { $unwind: "$course_arrange_info" }, { $lookup: { from: "course", localField: "course_arrange_info.Course_ID", foreignField: "Course_ID", as: "course_info" } }, { $unwind: "$course_info" }, { $match: { "course_info.Grade": "Math" } }, { $project: { Name: 1 } } ])
2026-07-31 16:20:24,201 [INFO   ] [inference] generate_nosql  latency_sec=5.3325  input_tokens=99  output_tokens=101
2026-07-31 16:20:24,201 [INFO   ]   >> INPUT  : Translate the natural language question into a MongoDB MQL query using the provided schema.

Schema:
course(Course, Course_ID, Staring_Date, _id) | course_arrange(Course_ID, Grade, Teacher_ID, _id) | teacher(Age, Hometown, Name, Teacher_ID, _id)

Question:
Show names of teachers and the number of courses they teach.

MQL:

2026-07-31 16:20:24,201 [INFO   ]   >> OUTPUT : db.teacher.aggregate([ { $lookup: { from: "course_arrange", localField: "Teacher_ID", foreignField: "Teacher_ID", as: "arrange_info" } }, { $unwind: "$arrange_info" }, { $group: { _id: "$Name", count: { $sum: 1 } } }, { $project: { Name: "$_id", count: 1 } } ])
2026-07-31 16:20:28,989 [INFO   ] [inference] generate_nosql  latency_sec=4.7741  input_tokens=102  output_tokens=101
2026-07-31 16:20:28,989 [INFO   ]   >> INPUT  : Translate the natural language question into a MongoDB MQL query using the provided schema.

Schema:
course(Course, Course_ID, Staring_Date, _id) | course_arrange(Course_ID, Grade, Teacher_ID, _id) | teacher(Age, Hometown, Name, Teacher_ID, _id)

Question:
What are the names of the teachers and how many courses do they teach?

MQL:

2026-07-31 16:20:28,989 [INFO   ]   >> OUTPUT : db.teacher.aggregate([ { $lookup: { from: "course_arrange", localField: "Teacher_ID", foreignField: "Teacher_ID", as: "arrange_info" } }, { $unwind: "$arrange_info" }, { $group: { _id: "$Name", count: { $sum: 1 } } }, { $project: { Name: "$_id", count: 1 } } ])
2026-07-31 16:20:35,489 [INFO   ] [inference] generate_nosql  latency_sec=6.4871  input_tokens=98  output_tokens=114
2026-07-31 16:20:35,489 [INFO   ]   >> INPUT  : Translate the natural language question into a MongoDB MQL query using the provided schema.

Schema:
course(Course, Course_ID, Staring_Date, _id) | course_arrange(Course_ID, Grade, Teacher_ID, _id) | teacher(Age, Hometown, Name, Teacher_ID, _id)

Question:
Show names of teachers that teach at least two courses.

MQL:

2026-07-31 16:20:35,489 [INFO   ]   >> OUTPUT : db.teacher.aggregate([ { $lookup: { from: "course_arrange", localField: "Teacher_ID", foreignField: "Teacher_ID", as: "arrange_info" } }, { $unwind: "$arrange_info" }, { $group: { _id: "$Name", count: { $sum: 1 } } }, { $match: { count: { $gte: 2 } } }, { $project: { Name: "$_id" } } ])
2026-07-31 16:20:41,006 [INFO   ] [inference] generate_nosql  latency_sec=5.5045  input_tokens=101  output_tokens=114
2026-07-31 16:20:41,006 [INFO   ]   >> INPUT  : Translate the natural language question into a MongoDB MQL query using the provided schema.

Schema:
course(Course, Course_ID, Staring_Date, _id) | course_arrange(Course_ID, Grade, Teacher_ID, _id) | teacher(Age, Hometown, Name, Teacher_ID, _id)

Question:
What are the names of the teachers who teach at least two courses?

MQL:

2026-07-31 16:20:41,006 [INFO   ]   >> OUTPUT : db.teacher.aggregate([ { $lookup: { from: "course_arrange", localField: "Teacher_ID", foreignField: "Teacher_ID", as: "arrange_info" } }, { $unwind: "$arrange_info" }, { $group: { _id: "$Name", count: { $sum: 1 } } }, { $match: { count: { $gte: 2 } } }, { $project: { Name: "$_id" } } ])
2026-07-31 16:20:42,876 [INFO   ] [inference] generate_nosql  latency_sec=1.8576  input_tokens=101  output_tokens=40
2026-07-31 16:20:42,876 [INFO   ]   >> INPUT  : Translate the natural language question into a MongoDB MQL query using the provided schema.

Schema:
course(Course, Course_ID, Staring_Date, _id) | course_arrange(Course_ID, Grade, Teacher_ID, _id) | teacher(Age, Hometown, Name, Teacher_ID, _id)

Question:
List the names of teachers who have not been arranged to teach courses.

MQL:

2026-07-31 16:20:42,876 [INFO   ]   >> OUTPUT : db.teacher.find( { Teacher_ID: { $nin: db.course_arrange.distinct("Teacher_ID") } }, { Name: 1 } )
2026-07-31 16:20:45,255 [INFO   ] [inference] generate_nosql  latency_sec=2.3653  input_tokens=101  output_tokens=38
2026-07-31 16:20:45,255 [INFO   ]   >> INPUT  : Translate the natural language question into a MongoDB MQL query using the provided schema.

Schema:
course(Course, Course_ID, Staring_Date, _id) | course_arrange(Course_ID, Grade, Teacher_ID, _id) | teacher(Age, Hometown, Name, Teacher_ID, _id)

Question:
What are the names of the teachers whose courses have not been arranged?

MQL:

2026-07-31 16:20:45,255 [INFO   ]   >> OUTPUT : db.teacher.find({ Teacher_ID: { $nin: db.course_arrange.distinct("Teacher_ID") } }, { Name: 1 })
2026-07-31 16:20:52,970 [INFO   ] [inference] generate_nosql  latency_sec=7.6975  input_tokens=130  output_tokens=150
2026-07-31 16:20:52,971 [INFO   ]   >> INPUT  : Translate the natural language question into a MongoDB MQL query using the provided schema.

Schema:
museum(Museum_ID, Name, Num_of_Staff, Open_Year, _id) | visitor(Age, ID, Level_of_membership, Name, _id) | visit(Museum_ID, Num_of_Ticket, Total_spent, _id, visitor_ID)

Question:
Find the names of the visitors whose membership level is higher than 4, and order the results by the level from high to low.

MQL:

2026-07-31 16:20:52,971 [INFO   ]   >> OUTPUT : db.visitor.aggregate([ { $lookup: { from: "visit", localField: "ID", foreignField: "visitor_ID", as: "visit_info" } }, { $unwind: "$visit_info" }, { $lookup: { from: "museum", localField: "visit_info.Museum_ID", foreignField: "Museum_ID", as: "museum_info" } }, { $unwind: "$museum_info" }, { $match: { "museum_info.Level_of_membership": { $gt: 4 } } }, { $project: { Name: 1 } }
2026-07-31 16:20:59,459 [INFO   ] [inference] generate_nosql  latency_sec=6.4744  input_tokens=121  output_tokens=127
2026-07-31 16:20:59,459 [INFO   ]   >> INPUT  : Translate the natural language question into a MongoDB MQL query using the provided schema.

Schema:
museum(Museum_ID, Name, Num_of_Staff, Open_Year, _id) | visitor(Age, ID, Level_of_membership, Name, _id) | visit(Museum_ID, Num_of_Ticket, Total_spent, _id, visitor_ID)

Question:
What is the average age of the visitors whose membership level is not higher than 4?

MQL:

2026-07-31 16:20:59,459 [INFO   ]   >> OUTPUT : db.visitor.aggregate([ { $group: { _id: null, avgAge: { $avg: "$Age" } } }, { $lookup: { from: "visit", let: { avgAge: "$avgAge" }, pipeline: [ { $match: { $expr: { $gt: [ "$Age", 4 ] } } }, { $project: { avgAge: 1 } } ], as: "visits" } }, { $unwind: "$visits" }, { $replaceRoot: { newRoot: "$visits" } } ])
2026-07-31 16:21:04,373 [INFO   ] [inference] generate_nosql  latency_sec=4.895  input_tokens=131  output_tokens=96
2026-07-31 16:21:04,373 [INFO   ]   >> INPUT  : Translate the natural language question into a MongoDB MQL query using the provided schema.

Schema:
museum(Museum_ID, Name, Num_of_Staff, Open_Year, _id) | visitor(Age, ID, Level_of_membership, Name, _id) | visit(Museum_ID, Num_of_Ticket, Total_spent, _id, visitor_ID)

Question:
Find the name and membership level of the visitors whose membership level is higher than 4, and sort by their age from old to young.

MQL:

2026-07-31 16:21:04,373 [INFO   ]   >> OUTPUT : db.visitor.aggregate([ { $lookup: { from: "visit", localField: "ID", foreignField: "visitor_ID", as: "visit_info" } }, { $unwind: "$visit_info" }, { $match: { "visit_info.Level_of_membership": { $gt: 4 } } }, { $sort: { "Age": 1 } } ])
2026-07-31 16:21:11,565 [INFO   ] [inference] generate_nosql  latency_sec=7.1797  input_tokens=119  output_tokens=150
2026-07-31 16:21:11,565 [INFO   ]   >> INPUT  : Translate the natural language question into a MongoDB MQL query using the provided schema.

Schema:
museum(Museum_ID, Name, Num_of_Staff, Open_Year, _id) | visitor(Age, ID, Level_of_membership, Name, _id) | visit(Museum_ID, Num_of_Ticket, Total_spent, _id, visitor_ID)

Question:
Find the id and name of the museum that has the most staff members?

MQL:

2026-07-31 16:21:11,565 [INFO   ]   >> OUTPUT : db.museum.aggregate([ { $lookup: { from: "visitor", localField: "Museum_ID", foreignField: "Museum_ID", as: "visitor_info" } }, { $unwind: "$visitor_info" }, { $lookup: { from: "visit", localField: "Museum_ID", foreignField: "Museum_ID", as: "visit_info" } }, { $unwind: "$visit_info" }, { $group: { _id: "$Museum_ID", Name: { $first: "$Name" }, count: { $sum: 1 } } }, { $sort:
2026-07-31 16:21:17,247 [INFO   ] [inference] generate_nosql  latency_sec=5.6629  input_tokens=119  output_tokens=102
2026-07-31 16:21:17,247 [INFO   ]   >> INPUT  : Translate the natural language question into a MongoDB MQL query using the provided schema.

Schema:
museum(Museum_ID, Name, Num_of_Staff, Open_Year, _id) | visitor(Age, ID, Level_of_membership, Name, _id) | visit(Museum_ID, Num_of_Ticket, Total_spent, _id, visitor_ID)

Question:
What are the opening year and staff number of the museum named Plaza Museum?

MQL:

2026-07-31 16:21:17,247 [INFO   ]   >> OUTPUT : db.museum.aggregate([ { $match: { Name: "Plaza Museum" } }, { $lookup: { from: "visitor", localField: "Museum_ID", foreignField: "Museum_ID", as: "visitor_info" } }, { $unwind: "$visitor_info" }, { $project: { Open_Year: "$visitor_info.Age", Num_of_Staff: 1 } } ])
2026-07-31 16:21:24,281 [INFO   ] [inference] generate_nosql  latency_sec=7.0205  input_tokens=117  output_tokens=150
2026-07-31 16:21:24,281 [INFO   ]   >> INPUT  : Translate the natural language question into a MongoDB MQL query using the provided schema.

Schema:
museum(Museum_ID, Name, Num_of_Staff, Open_Year, _id) | visitor(Age, ID, Level_of_membership, Name, _id) | visit(Museum_ID, Num_of_Ticket, Total_spent, _id, visitor_ID)

Question:
What are the id and name of the museum visited most times?

MQL:

2026-07-31 16:21:24,281 [INFO   ]   >> OUTPUT : db.museum.aggregate([ { $lookup: { from: "visitor", localField: "Museum_ID", foreignField: "Museum_ID", as: "visitor_info" } }, { $unwind: "$visitor_info" }, { $lookup: { from: "visit", localField: "Museum_ID", foreignField: "Museum_ID", as: "visit_info" } }, { $unwind: "$visit_info" }, { $group: { _id: "$Museum_ID", Name: { $first: "$Name" }, count: { $sum: 1 } } }, { $sort:
2026-07-31 16:21:26,559 [INFO   ] [inference] generate_nosql  latency_sec=2.2658  input_tokens=117  output_tokens=37
2026-07-31 16:21:26,560 [INFO   ]   >> INPUT  : Translate the natural language question into a MongoDB MQL query using the provided schema.

Schema:
museum(Museum_ID, Name, Num_of_Staff, Open_Year, _id) | visitor(Age, ID, Level_of_membership, Name, _id) | visit(Museum_ID, Num_of_Ticket, Total_spent, _id, visitor_ID)

Question:
What is the name of the museum that had no visitor yet?

MQL:

2026-07-31 16:21:26,560 [INFO   ]   >> OUTPUT : db.museum.find({Museum_ID: {$nin: db.visitor.distinct("Museum_ID")}}, { Name: 1})
2026-07-31 16:21:30,737 [INFO   ] [inference] generate_nosql  latency_sec=4.1593  input_tokens=118  output_tokens=75
2026-07-31 16:21:30,737 [INFO   ]   >> INPUT  : Translate the natural language question into a MongoDB MQL query using the provided schema.

Schema:
museum(Museum_ID, Name, Num_of_Staff, Open_Year, _id) | visitor(Age, ID, Level_of_membership, Name, _id) | visit(Museum_ID, Num_of_Ticket, Total_spent, _id, visitor_ID)

Question:
What are the average and maximum number of tickets bought in all visits?

MQL:

2026-07-31 16:21:30,737 [INFO   ]   >> OUTPUT : db.visit.aggregate([ { $group: { _id: null, avgTicket: { $avg: "$Num_of_Ticket" }, maxTicket: { $max: "$Num_of_Ticket" } } }, { $project: { avgTicket: 1, maxTicket: 1 } } ])
2026-07-31 16:21:33,049 [INFO   ] [inference] generate_nosql  latency_sec=2.2994  input_tokens=226  output_tokens=48
2026-07-31 16:21:33,049 [INFO   ]   >> INPUT  : Translate the natural language question into a MongoDB MQL query using the provided schema.

Schema:
rankings(_id, player_id, ranking, ranking_date, ranking_points, tours) | matches(_id, best_of, draw_size, loser_age, loser_entry, loser_hand, loser_ht, loser_id, loser_ioc, loser_name, loser_rank, loser_rank_points, loser_seed, match_num, minutes, round, score, surface, tourney_date, tourney_id, tourney_level, tourney_name, winner_age, winner_entry, winner_hand, winner_ht, winner_id, winner_ioc, winner_name, winner_rank, winner_rank_points, winner_seed, year) | players(_id, birth_date, country_code, first_name, hand, last_name, player_id)

Question:
Find the average rank of winners in all matches.

MQL:

2026-07-31 16:21:33,049 [INFO   ]   >> OUTPUT : db.matches.aggregate([ { $group: { _id: null, averageRank: { $avg: "$winner_rank" } } } , { $project: { averageRank: 1 } }])
2026-07-31 16:21:35,392 [INFO   ] [inference] generate_nosql  latency_sec=2.3311  input_tokens=227  output_tokens=48
2026-07-31 16:21:35,392 [INFO   ]   >> INPUT  : Translate the natural language question into a MongoDB MQL query using the provided schema.

Schema:
rankings(_id, player_id, ranking, ranking_date, ranking_points, tours) | matches(_id, best_of, draw_size, loser_age, loser_entry, loser_hand, loser_ht, loser_id, loser_ioc, loser_name, loser_rank, loser_rank_points, loser_seed, match_num, minutes, round, score, surface, tourney_date, tourney_id, tourney_level, tourney_name, winner_age, winner_entry, winner_hand, winner_ht, winner_id, winner_ioc, winner_name, winner_rank, winner_rank_points, winner_seed, year) | players(_id, birth_date, country_code, first_name, hand, last_name, player_id)

Question:
What is the average rank for winners in all matches?

MQL:

2026-07-31 16:21:35,392 [INFO   ]   >> OUTPUT : db.matches.aggregate([ { $group: { _id: null, averageRank: { $avg: "$winner_rank" } } } , { $project: { averageRank: 1 } }])
2026-07-31 16:21:41,790 [INFO   ] [inference] generate_nosql  latency_sec=6.3851  input_tokens=226  output_tokens=65
2026-07-31 16:21:41,790 [INFO   ]   >> INPUT  : Translate the natural language question into a MongoDB MQL query using the provided schema.

Schema:
rankings(_id, player_id, ranking, ranking_date, ranking_points, tours) | matches(_id, best_of, draw_size, loser_age, loser_entry, loser_hand, loser_ht, loser_id, loser_ioc, loser_name, loser_rank, loser_rank_points, loser_seed, match_num, minutes, round, score, surface, tourney_date, tourney_id, tourney_level, tourney_name, winner_age, winner_entry, winner_hand, winner_ht, winner_id, winner_ioc, winner_name, winner_rank, winner_rank_points, winner_seed, year) | players(_id, birth_date, country_code, first_name, hand, last_name, player_id)

Question:
Find the highest rank of losers in all matches.

MQL:

2026-07-31 16:21:41,790 [INFO   ]   >> OUTPUT : db.matches.aggregate([ { $group: { _id: "$winner_rank", count: { $sum: 1 } } }, { $sort: { count: -1 } }, { $limit: 1 }, { $project: { winner_rank: "$_id" } } ])
2026-07-31 16:21:48,953 [INFO   ] [inference] generate_nosql  latency_sec=7.15  input_tokens=227  output_tokens=111
2026-07-31 16:21:48,953 [INFO   ]   >> INPUT  : Translate the natural language question into a MongoDB MQL query using the provided schema.

Schema:
rankings(_id, player_id, ranking, ranking_date, ranking_points, tours) | matches(_id, best_of, draw_size, loser_age, loser_entry, loser_hand, loser_ht, loser_id, loser_ioc, loser_name, loser_rank, loser_rank_points, loser_seed, match_num, minutes, round, score, surface, tourney_date, tourney_id, tourney_level, tourney_name, winner_age, winner_entry, winner_hand, winner_ht, winner_id, winner_ioc, winner_name, winner_rank, winner_rank_points, winner_seed, year) | players(_id, birth_date, country_code, first_name, hand, last_name, player_id)

Question:
What is the best rank of losers across all matches?

MQL:

2026-07-31 16:21:48,953 [INFO   ]   >> OUTPUT : db.matches.aggregate([ { $group: { _id: "$loser_rank", count: { $sum: 1 } } }, { $sort: { count: -1 } }, { $limit: 1 }, { $lookup: { from: "matches", localField: "_id", foreignField: "loser_rank", as: "matches" } }, { $unwind: "$matches" }, { $project: { loser_rank: "$_id" } } ])
2026-07-31 16:21:53,605 [INFO   ] [inference] generate_nosql  latency_sec=4.6391  input_tokens=224  output_tokens=88
2026-07-31 16:21:53,605 [INFO   ]   >> INPUT  : Translate the natural language question into a MongoDB MQL query using the provided schema.

Schema:
rankings(_id, player_id, ranking, ranking_date, ranking_points, tours) | matches(_id, best_of, draw_size, loser_age, loser_entry, loser_hand, loser_ht, loser_id, loser_ioc, loser_name, loser_rank, loser_rank_points, loser_seed, match_num, minutes, round, score, surface, tourney_date, tourney_id, tourney_level, tourney_name, winner_age, winner_entry, winner_hand, winner_ht, winner_id, winner_ioc, winner_name, winner_rank, winner_rank_points, winner_seed, year) | players(_id, birth_date, country_code, first_name, hand, last_name, player_id)

Question:
How many different loser names are there?

MQL:

2026-07-31 16:21:53,605 [INFO   ]   >> OUTPUT : db.matches.aggregate([ { $lookup: { from: "players", localField: "player_id", foreignField: "player_id", as: "player_info" } }, { $unwind: "$player_info" }, { $group: { _id: "$player_info.loser_name" } }, { $count: "distinct_players" } ])
2026-07-31 16:22:00,878 [INFO   ] [inference] generate_nosql  latency_sec=7.2535  input_tokens=229  output_tokens=65
2026-07-31 16:22:00,878 [INFO   ]   >> INPUT  : Translate the natural language question into a MongoDB MQL query using the provided schema.

Schema:
rankings(_id, player_id, ranking, ranking_date, ranking_points, tours) | matches(_id, best_of, draw_size, loser_age, loser_entry, loser_hand, loser_ht, loser_id, loser_ioc, loser_name, loser_rank, loser_rank_points, loser_seed, match_num, minutes, round, score, surface, tourney_date, tourney_id, tourney_level, tourney_name, winner_age, winner_entry, winner_hand, winner_ht, winner_id, winner_ioc, winner_name, winner_rank, winner_rank_points, winner_seed, year) | players(_id, birth_date, country_code, first_name, hand, last_name, player_id)

Question:
Find the name of tourney that has more than 10 matches.

MQL:

2026-07-31 16:22:00,878 [INFO   ]   >> OUTPUT : db.matches.aggregate([ { $group: { _id: "$tourney_name", count: { $sum: 1 } } }, { $match: { count: { $gt: 10 } } }, { $project: { tourney_name: "$_id" } } ])
2026-07-31 16:22:04,040 [INFO   ] [inference] generate_nosql  latency_sec=3.1488  input_tokens=229  output_tokens=64
2026-07-31 16:22:04,040 [INFO   ]   >> INPUT  : Translate the natural language question into a MongoDB MQL query using the provided schema.

Schema:
rankings(_id, player_id, ranking, ranking_date, ranking_points, tours) | matches(_id, best_of, draw_size, loser_age, loser_entry, loser_hand, loser_ht, loser_id, loser_ioc, loser_name, loser_rank, loser_rank_points, loser_seed, match_num, minutes, round, score, surface, tourney_date, tourney_id, tourney_level, tourney_name, winner_age, winner_entry, winner_hand, winner_ht, winner_id, winner_ioc, winner_name, winner_rank, winner_rank_points, winner_seed, year) | players(_id, birth_date, country_code, first_name, hand, last_name, player_id)

Question:
What are the names of tournaments that have more than 10 matches?

MQL:

2026-07-31 16:22:04,040 [INFO   ]   >> OUTPUT : db.matches.aggregate([ { $group: { _id: "$tourneys", count: { $sum: 1 } } }, { $match: { count: { $gt: 10 } } }, { $project: { tourney_name: "$_id" } } ])
2026-07-31 16:22:11,957 [INFO   ] [inference] generate_nosql  latency_sec=7.9039  input_tokens=230  output_tokens=111
2026-07-31 16:22:11,957 [INFO   ]   >> INPUT  : Translate the natural language question into a MongoDB MQL query using the provided schema.

Schema:
rankings(_id, player_id, ranking, ranking_date, ranking_points, tours) | matches(_id, best_of, draw_size, loser_age, loser_entry, loser_hand, loser_ht, loser_id, loser_ioc, loser_name, loser_rank, loser_rank_points, loser_seed, match_num, minutes, round, score, surface, tourney_date, tourney_id, tourney_level, tourney_name, winner_age, winner_entry, winner_hand, winner_ht, winner_id, winner_ioc, winner_name, winner_rank, winner_rank_points, winner_seed, year) | players(_id, birth_date, country_code, first_name, hand, last_name, player_id)

Question:
List the names of all winners who played in both 2013 and 2016.

MQL:

2026-07-31 16:22:11,957 [INFO   ]   >> OUTPUT : db.matches.aggregate([ { $lookup: { from: "players", localField: "winner_id", foreignField: "player_id", as: "winner_players" } }, { $unwind: "$winner_players" }, { $match: { "winner_players.year": { $in: [2013, 2016] } } }, { $group: { _id: "$winner_name" } }, { $project: { winner_name: "$_id" } } ])
2026-07-31 16:22:19,301 [INFO   ] [inference] generate_nosql  latency_sec=7.3311  input_tokens=230  output_tokens=150
2026-07-31 16:22:19,301 [INFO   ]   >> INPUT  : Translate the natural language question into a MongoDB MQL query using the provided schema.

Schema:
rankings(_id, player_id, ranking, ranking_date, ranking_points, tours) | matches(_id, best_of, draw_size, loser_age, loser_entry, loser_hand, loser_ht, loser_id, loser_ioc, loser_name, loser_rank, loser_rank_points, loser_seed, match_num, minutes, round, score, surface, tourney_date, tourney_id, tourney_level, tourney_name, winner_age, winner_entry, winner_hand, winner_ht, winner_id, winner_ioc, winner_name, winner_rank, winner_rank_points, winner_seed, year) | players(_id, birth_date, country_code, first_name, hand, last_name, player_id)

Question:
What are the names of players who won in both 2013 and 2016?

MQL:

2026-07-31 16:22:19,301 [INFO   ]   >> OUTPUT : db.players.aggregate([ { $lookup: { from: "matches", localField: "player_id", foreignField: "player_id", as: "matches" } }, { $unwind: "$matches" }, { $lookup: { from: "matches", localField: "matches.winner_id", foreignField: "winner_id", as: "matches_winner" } }, { $unwind: "$matches_winner" }, { $match: { "matches_winner.year": { $in: ["2013", "2016"] } } }, { $project: { first_name: 1, last_name: 1 } }
2026-07-31 16:22:23,035 [INFO   ] [inference] generate_nosql  latency_sec=3.7158  input_tokens=226  output_tokens=49
2026-07-31 16:22:23,036 [INFO   ]   >> INPUT  : Translate the natural language question into a MongoDB MQL query using the provided schema.

Schema:
rankings(_id, player_id, ranking, ranking_date, ranking_points, tours) | matches(_id, best_of, draw_size, loser_age, loser_entry, loser_hand, loser_ht, loser_id, loser_ioc, loser_name, loser_rank, loser_rank_points, loser_seed, match_num, minutes, round, score, surface, tourney_date, tourney_id, tourney_level, tourney_name, winner_age, winner_entry, winner_hand, winner_ht, winner_id, winner_ioc, winner_name, winner_rank, winner_rank_points, winner_seed, year) | players(_id, birth_date, country_code, first_name, hand, last_name, player_id)

Question:
How many matches were played in 2013 or 2016?

MQL:

2026-07-31 16:22:23,036 [INFO   ]   >> OUTPUT : db.matches.aggregate([ { $match: { year: { $in: [2013, 2016] } } }, { $group: { _id: null, count: { $sum: 1 } } } ])
2026-07-31 16:22:30,200 [INFO   ] [inference] generate_nosql  latency_sec=7.1519  input_tokens=238  output_tokens=150
2026-07-31 16:22:30,201 [INFO   ]   >> INPUT  : Translate the natural language question into a MongoDB MQL query using the provided schema.

Schema:
rankings(_id, player_id, ranking, ranking_date, ranking_points, tours) | matches(_id, best_of, draw_size, loser_age, loser_entry, loser_hand, loser_ht, loser_id, loser_ioc, loser_name, loser_rank, loser_rank_points, loser_seed, match_num, minutes, round, score, surface, tourney_date, tourney_id, tourney_level, tourney_name, winner_age, winner_entry, winner_hand, winner_ht, winner_id, winner_ioc, winner_name, winner_rank, winner_rank_points, winner_seed, year) | players(_id, birth_date, country_code, first_name, hand, last_name, player_id)

Question:
What are the first names and country codes for players who won both the WTA Championships and the Australian Open?

MQL:

2026-07-31 16:22:30,201 [INFO   ]   >> OUTPUT : db.players.aggregate([ { $lookup: { from: "matches", localField: "player_id", foreignField: "player_id", as: "matches" } }, { $unwind: "$matches" }, { $lookup: { from: "tours", localField: "matches.tourney_id", foreignField: "tourney_id", as: "tours" } }, { $unwind: "$tours" }, { $match: { "tours.tourney_name": { $all: ["WTA Championships", "Australian Open"] } } }, { $project: { first_name: 1, country_code: 1
2026-07-31 16:22:32,075 [INFO   ] [inference] generate_nosql  latency_sec=1.8613  input_tokens=228  output_tokens=36
2026-07-31 16:22:32,075 [INFO   ]   >> INPUT  : Translate the natural language question into a MongoDB MQL query using the provided schema.

Schema:
rankings(_id, player_id, ranking, ranking_date, ranking_points, tours) | matches(_id, best_of, draw_size, loser_age, loser_entry, loser_hand, loser_ht, loser_id, loser_ioc, loser_name, loser_rank, loser_rank_points, loser_seed, match_num, minutes, round, score, surface, tourney_date, tourney_id, tourney_level, tourney_name, winner_age, winner_entry, winner_hand, winner_ht, winner_id, winner_ioc, winner_name, winner_rank, winner_rank_points, winner_seed, year) | players(_id, birth_date, country_code, first_name, hand, last_name, player_id)

Question:
Find the first name and country code of the oldest player.

MQL:

2026-07-31 16:22:32,075 [INFO   ]   >> OUTPUT : db.players.find({}, {first_name: 1, country_code: 1}).sort({birth_date: -1}).limit(1)
2026-07-31 16:22:34,392 [INFO   ] [inference] generate_nosql  latency_sec=2.3046  input_tokens=229  output_tokens=36
2026-07-31 16:22:34,393 [INFO   ]   >> INPUT  : Translate the natural language question into a MongoDB MQL query using the provided schema.

Schema:
rankings(_id, player_id, ranking, ranking_date, ranking_points, tours) | matches(_id, best_of, draw_size, loser_age, loser_entry, loser_hand, loser_ht, loser_id, loser_ioc, loser_name, loser_rank, loser_rank_points, loser_seed, match_num, minutes, round, score, surface, tourney_date, tourney_id, tourney_level, tourney_name, winner_age, winner_entry, winner_hand, winner_ht, winner_id, winner_ioc, winner_name, winner_rank, winner_rank_points, winner_seed, year) | players(_id, birth_date, country_code, first_name, hand, last_name, player_id)

Question:
What is the first name and country code of the oldest player?

MQL:

2026-07-31 16:22:34,393 [INFO   ]   >> OUTPUT : db.players.find({}, {first_name: 1, country_code: 1}).sort({birth_date: -1}).limit(1)
2026-07-31 16:22:37,804 [INFO   ] [inference] generate_nosql  latency_sec=3.3919  input_tokens=227  output_tokens=48
2026-07-31 16:22:37,804 [INFO   ]   >> INPUT  : Translate the natural language question into a MongoDB MQL query using the provided schema.

Schema:
rankings(_id, player_id, ranking, ranking_date, ranking_points, tours) | matches(_id, best_of, draw_size, loser_age, loser_entry, loser_hand, loser_ht, loser_id, loser_ioc, loser_name, loser_rank, loser_rank_points, loser_seed, match_num, minutes, round, score, surface, tourney_date, tourney_id, tourney_level, tourney_name, winner_age, winner_entry, winner_hand, winner_ht, winner_id, winner_ioc, winner_name, winner_rank, winner_rank_points, winner_seed, year) | players(_id, birth_date, country_code, first_name, hand, last_name, player_id)

Question:
Find the year that has the most number of matches.

MQL:

2026-07-31 16:22:37,804 [INFO   ]   >> OUTPUT : db.matches.aggregate([ { $group: { _id: "$year", count: { $sum: 1 } } }, { $sort: { count: -1 } }, { $limit: 1 } ])
2026-07-31 16:22:40,740 [INFO   ] [inference] generate_nosql  latency_sec=2.9231  input_tokens=223  output_tokens=61
2026-07-31 16:22:40,740 [INFO   ]   >> INPUT  : Translate the natural language question into a MongoDB MQL query using the provided schema.

Schema:
rankings(_id, player_id, ranking, ranking_date, ranking_points, tours) | matches(_id, best_of, draw_size, loser_age, loser_entry, loser_hand, loser_ht, loser_id, loser_ioc, loser_name, loser_rank, loser_rank_points, loser_seed, match_num, minutes, round, score, surface, tourney_date, tourney_id, tourney_level, tourney_name, winner_age, winner_entry, winner_hand, winner_ht, winner_id, winner_ioc, winner_name, winner_rank, winner_rank_points, winner_seed, year) | players(_id, birth_date, country_code, first_name, hand, last_name, player_id)

Question:
Which year had the most matches?

MQL:

2026-07-31 16:22:40,740 [INFO   ]   >> OUTPUT : db.matches.aggregate([ { $group: { _id: "$year", count: { $sum: 1 } } }, { $sort: { count: -1 } }, { $limit: 1 }, { $project: { year: "$_id" } } ])
2026-07-31 16:22:48,426 [INFO   ] [inference] generate_nosql  latency_sec=7.6723  input_tokens=231  output_tokens=150
2026-07-31 16:22:48,426 [INFO   ]   >> INPUT  : Translate the natural language question into a MongoDB MQL query using the provided schema.

Schema:
rankings(_id, player_id, ranking, ranking_date, ranking_points, tours) | matches(_id, best_of, draw_size, loser_age, loser_entry, loser_hand, loser_ht, loser_id, loser_ioc, loser_name, loser_rank, loser_rank_points, loser_seed, match_num, minutes, round, score, surface, tourney_date, tourney_id, tourney_level, tourney_name, winner_age, winner_entry, winner_hand, winner_ht, winner_id, winner_ioc, winner_name, winner_rank, winner_rank_points, winner_seed, year) | players(_id, birth_date, country_code, first_name, hand, last_name, player_id)

Question:
Find the name and rank points of the winner who won the most times.

MQL:

2026-07-31 16:22:48,426 [INFO   ]   >> OUTPUT : db.matches.aggregate([ { $lookup: { from: "players", localField: "winner_id", foreignField: "player_id", as: "winner_players" } }, { $unwind: "$winner_players" }, { $lookup: { from: "rankings", localField: "winner_players.winner_id", foreignField: "winner_id", as: "winner_rank" } }, { $unwind: "$winner_rank" }, { $group: { _id: "$winner_rank.winner_name", count: { $sum: 1 } } }, { $sort: { count: -1 } }, { $limit: 1
2026-07-31 16:22:54,657 [INFO   ] [inference] generate_nosql  latency_sec=6.2126  input_tokens=240  output_tokens=99
2026-07-31 16:22:54,657 [INFO   ]   >> INPUT  : Translate the natural language question into a MongoDB MQL query using the provided schema.

Schema:
rankings(_id, player_id, ranking, ranking_date, ranking_points, tours) | matches(_id, best_of, draw_size, loser_age, loser_entry, loser_hand, loser_ht, loser_id, loser_ioc, loser_name, loser_rank, loser_rank_points, loser_seed, match_num, minutes, round, score, surface, tourney_date, tourney_id, tourney_level, tourney_name, winner_age, winner_entry, winner_hand, winner_ht, winner_id, winner_ioc, winner_name, winner_rank, winner_rank_points, winner_seed, year) | players(_id, birth_date, country_code, first_name, hand, last_name, player_id)

Question:
What is the name of the winner who has won the most matches, and how many rank points does this player have?

MQL:

2026-07-31 16:22:54,657 [INFO   ]   >> OUTPUT : db.matches.aggregate([ { $lookup: { from: "players", localField: "player_id", foreignField: "player_id", as: "player_info" } }, { $unwind: "$player_info" }, { $group: { _id: "$player_info.name", count: { $sum: 1 } } }, { $sort: { count: -1 } }, { $limit: 1 } ])
2026-07-31 16:23:02,479 [INFO   ] [inference] generate_nosql  latency_sec=7.8066  input_tokens=237  output_tokens=150
2026-07-31 16:23:02,479 [INFO   ]   >> INPUT  : Translate the natural language question into a MongoDB MQL query using the provided schema.

Schema:
rankings(_id, player_id, ranking, ranking_date, ranking_points, tours) | matches(_id, best_of, draw_size, loser_age, loser_entry, loser_hand, loser_ht, loser_id, loser_ioc, loser_name, loser_rank, loser_rank_points, loser_seed, match_num, minutes, round, score, surface, tourney_date, tourney_id, tourney_level, tourney_name, winner_age, winner_entry, winner_hand, winner_ht, winner_id, winner_ioc, winner_name, winner_rank, winner_rank_points, winner_seed, year) | players(_id, birth_date, country_code, first_name, hand, last_name, player_id)

Question:
Find the name of the winner who has the highest rank points and participated in the Australian Open tourney.

MQL:

2026-07-31 16:23:02,479 [INFO   ]   >> OUTPUT : db.matches.aggregate([ { $lookup: { from: "players", localField: "winner_id", foreignField: "player_id", as: "winner_players" } }, { $unwind: "$winner_players" }, { $lookup: { from: "tours", localField: "winner_players.tourney_id", foreignField: "tourney_id", as: "winner_tourneys" } }, { $unwind: "$winner_tourneys" }, { $lookup: { from: "rankings", localField: "winner_tourneys.tourney_id", foreignField: "tourney_id
2026-07-31 16:23:09,970 [INFO   ] [inference] generate_nosql  latency_sec=7.4716  input_tokens=236  output_tokens=150
2026-07-31 16:23:09,970 [INFO   ]   >> INPUT  : Translate the natural language question into a MongoDB MQL query using the provided schema.

Schema:
rankings(_id, player_id, ranking, ranking_date, ranking_points, tours) | matches(_id, best_of, draw_size, loser_age, loser_entry, loser_hand, loser_ht, loser_id, loser_ioc, loser_name, loser_rank, loser_rank_points, loser_seed, match_num, minutes, round, score, surface, tourney_date, tourney_id, tourney_level, tourney_name, winner_age, winner_entry, winner_hand, winner_ht, winner_id, winner_ioc, winner_name, winner_rank, winner_rank_points, winner_seed, year) | players(_id, birth_date, country_code, first_name, hand, last_name, player_id)

Question:
What is the name of the winner with the most rank points who participated in the Australian Open tournament?

MQL:

2026-07-31 16:23:09,970 [INFO   ]   >> OUTPUT : db.matches.aggregate([ { $lookup: { from: "players", localField: "winner_id", foreignField: "player_id", as: "winner_players" } }, { $unwind: "$winner_players" }, { $lookup: { from: "tours", localField: "winner_players.tourney_id", foreignField: "tourney_id", as: "winner_tourneys" } }, { $unwind: "$winner_tourneys" }, { $lookup: { from: "rankings", localField: "winner_tourneys.tourney_id", foreignField: "tourney_id
2026-07-31 16:23:18,106 [INFO   ] [inference] generate_nosql  latency_sec=8.123  input_tokens=234  output_tokens=150
2026-07-31 16:23:18,106 [INFO   ]   >> INPUT  : Translate the natural language question into a MongoDB MQL query using the provided schema.

Schema:
rankings(_id, player_id, ranking, ranking_date, ranking_points, tours) | matches(_id, best_of, draw_size, loser_age, loser_entry, loser_hand, loser_ht, loser_id, loser_ioc, loser_name, loser_rank, loser_rank_points, loser_seed, match_num, minutes, round, score, surface, tourney_date, tourney_id, tourney_level, tourney_name, winner_age, winner_entry, winner_hand, winner_ht, winner_id, winner_ioc, winner_name, winner_rank, winner_rank_points, winner_seed, year) | players(_id, birth_date, country_code, first_name, hand, last_name, player_id)

Question:
find the names of loser and winner who played in the match with greatest number of minutes.

MQL:

2026-07-31 16:23:18,106 [INFO   ]   >> OUTPUT : db.matches.aggregate([ { $lookup: { from: "players", localField: "player_id", foreignField: "player_id", as: "player_info" } }, { $unwind: "$player_info" }, { $lookup: { from: "rankings", localField: "player_info.player_id", foreignField: "player_id", as: "rank_info" } }, { $unwind: "$rank_info" }, { $group: { _id: "$rank_info.loser_name", count: { $sum: 1 } } }, { $sort: { count: -1 } }, { $limit:
2026-07-31 16:23:25,395 [INFO   ] [inference] generate_nosql  latency_sec=7.2756  input_tokens=232  output_tokens=150
2026-07-31 16:23:25,395 [INFO   ]   >> INPUT  : Translate the natural language question into a MongoDB MQL query using the provided schema.

Schema:
rankings(_id, player_id, ranking, ranking_date, ranking_points, tours) | matches(_id, best_of, draw_size, loser_age, loser_entry, loser_hand, loser_ht, loser_id, loser_ioc, loser_name, loser_rank, loser_rank_points, loser_seed, match_num, minutes, round, score, surface, tourney_date, tourney_id, tourney_level, tourney_name, winner_age, winner_entry, winner_hand, winner_ht, winner_id, winner_ioc, winner_name, winner_rank, winner_rank_points, winner_seed, year) | players(_id, birth_date, country_code, first_name, hand, last_name, player_id)

Question:
What are the names of the winner and loser who played in the longest match?

MQL:

2026-07-31 16:23:25,395 [INFO   ]   >> OUTPUT : db.matches.aggregate([ { $lookup: { from: "players", localField: "winner_id", foreignField: "player_id", as: "winner_players" } }, { $lookup: { from: "players", localField: "loser_id", foreignField: "player_id", as: "loser_players" } }, { $unwind: "$winner_players" }, { $unwind: "$loser_players" }, { $sort: { "winner_players.year": 1 } }, { $limit: 1 }, { $project: { winner_name: "$winner_players.first_name", loser_name: "$l
2026-07-31 16:23:28,965 [INFO   ] [inference] generate_nosql  latency_sec=3.5564  input_tokens=230  output_tokens=64
2026-07-31 16:23:28,965 [INFO   ]   >> INPUT  : Translate the natural language question into a MongoDB MQL query using the provided schema.

Schema:
rankings(_id, player_id, ranking, ranking_date, ranking_points, tours) | matches(_id, best_of, draw_size, loser_age, loser_entry, loser_hand, loser_ht, loser_id, loser_ioc, loser_name, loser_rank, loser_rank_points, loser_seed, match_num, minutes, round, score, surface, tourney_date, tourney_id, tourney_level, tourney_name, winner_age, winner_entry, winner_hand, winner_ht, winner_id, winner_ioc, winner_name, winner_rank, winner_rank_points, winner_seed, year) | players(_id, birth_date, country_code, first_name, hand, last_name, player_id)

Question:
find the code of the country where has the greatest number of players.

MQL:

2026-07-31 16:23:28,965 [INFO   ]   >> OUTPUT : db.players.aggregate([ { $group: { _id: "$country_code", count: { $sum: 1 } } }, { $sort: { count: -1 } }, { $limit: 1 }, { $project: { country_code: "$_id" } } ])
2026-07-31 16:23:32,576 [INFO   ] [inference] generate_nosql  latency_sec=3.593  input_tokens=228  output_tokens=64
2026-07-31 16:23:32,576 [INFO   ]   >> INPUT  : Translate the natural language question into a MongoDB MQL query using the provided schema.

Schema:
rankings(_id, player_id, ranking, ranking_date, ranking_points, tours) | matches(_id, best_of, draw_size, loser_age, loser_entry, loser_hand, loser_ht, loser_id, loser_ioc, loser_name, loser_rank, loser_rank_points, loser_seed, match_num, minutes, round, score, surface, tourney_date, tourney_id, tourney_level, tourney_name, winner_age, winner_entry, winner_hand, winner_ht, winner_id, winner_ioc, winner_name, winner_rank, winner_rank_points, winner_seed, year) | players(_id, birth_date, country_code, first_name, hand, last_name, player_id)

Question:
What is the code of the country with the most players?

MQL:

2026-07-31 16:23:32,576 [INFO   ]   >> OUTPUT : db.players.aggregate([ { $group: { _id: "$country_code", count: { $sum: 1 } } }, { $sort: { count: -1 } }, { $limit: 1 }, { $project: { country_code: "$_id" } } ])
2026-07-31 16:23:34,106 [INFO   ] [inference] generate_nosql  latency_sec=1.5165  input_tokens=226  output_tokens=31
2026-07-31 16:23:34,106 [INFO   ]   >> INPUT  : Translate the natural language question into a MongoDB MQL query using the provided schema.

Schema:
rankings(_id, player_id, ranking, ranking_date, ranking_points, tours) | matches(_id, best_of, draw_size, loser_age, loser_entry, loser_hand, loser_ht, loser_id, loser_ioc, loser_name, loser_rank, loser_rank_points, loser_seed, match_num, minutes, round, score, surface, tourney_date, tourney_id, tourney_level, tourney_name, winner_age, winner_entry, winner_hand, winner_ht, winner_id, winner_ioc, winner_name, winner_rank, winner_rank_points, winner_seed, year) | players(_id, birth_date, country_code, first_name, hand, last_name, player_id)

Question:
Find the number of matches happened in each year.

MQL:

2026-07-31 16:23:34,106 [INFO   ]   >> OUTPUT : db.matches.aggregate([ { $group: { _id: "$year", count: { $sum: 1 } } } ])
2026-07-31 16:23:35,704 [INFO   ] [inference] generate_nosql  latency_sec=1.5855  input_tokens=225  output_tokens=31
2026-07-31 16:23:35,704 [INFO   ]   >> INPUT  : Translate the natural language question into a MongoDB MQL query using the provided schema.

Schema:
rankings(_id, player_id, ranking, ranking_date, ranking_points, tours) | matches(_id, best_of, draw_size, loser_age, loser_entry, loser_hand, loser_ht, loser_id, loser_ioc, loser_name, loser_rank, loser_rank_points, loser_seed, match_num, minutes, round, score, surface, tourney_date, tourney_id, tourney_level, tourney_name, winner_age, winner_entry, winner_hand, winner_ht, winner_id, winner_ioc, winner_name, winner_rank, winner_rank_points, winner_seed, year) | players(_id, birth_date, country_code, first_name, hand, last_name, player_id)

Question:
How many matches were played in each year?

MQL:

2026-07-31 16:23:35,704 [INFO   ]   >> OUTPUT : db.matches.aggregate([ { $group: { _id: "$year", count: { $sum: 1 } } } ])
2026-07-31 16:23:43,586 [INFO   ] [inference] generate_nosql  latency_sec=7.8688  input_tokens=230  output_tokens=109
2026-07-31 16:23:43,586 [INFO   ]   >> INPUT  : Translate the natural language question into a MongoDB MQL query using the provided schema.

Schema:
rankings(_id, player_id, ranking, ranking_date, ranking_points, tours) | matches(_id, best_of, draw_size, loser_age, loser_entry, loser_hand, loser_ht, loser_id, loser_ioc, loser_name, loser_rank, loser_rank_points, loser_seed, match_num, minutes, round, score, surface, tourney_date, tourney_id, tourney_level, tourney_name, winner_age, winner_entry, winner_hand, winner_ht, winner_id, winner_ioc, winner_name, winner_rank, winner_rank_points, winner_seed, year) | players(_id, birth_date, country_code, first_name, hand, last_name, player_id)

Question:
Find the name and rank of the 3 youngest winners across all matches.

MQL:

2026-07-31 16:23:43,586 [INFO   ]   >> OUTPUT : db.matches.aggregate([ { $lookup: { from: "players", localField: "player_id", foreignField: "player_id", as: "player_info" } }, { $unwind: "$player_info" }, { $sort: { "winner_age": 1 } }, { $limit: 3 }, { $project: { winner_name: "$player_info.winner_name", winner_rank: "$player_info.winner_rank" } } ])
2026-07-31 16:23:51,003 [INFO   ] [inference] generate_nosql  latency_sec=7.3976  input_tokens=231  output_tokens=109
2026-07-31 16:23:51,003 [INFO   ]   >> INPUT  : Translate the natural language question into a MongoDB MQL query using the provided schema.

Schema:
rankings(_id, player_id, ranking, ranking_date, ranking_points, tours) | matches(_id, best_of, draw_size, loser_age, loser_entry, loser_hand, loser_ht, loser_id, loser_ioc, loser_name, loser_rank, loser_rank_points, loser_seed, match_num, minutes, round, score, surface, tourney_date, tourney_id, tourney_level, tourney_name, winner_age, winner_entry, winner_hand, winner_ht, winner_id, winner_ioc, winner_name, winner_rank, winner_rank_points, winner_seed, year) | players(_id, birth_date, country_code, first_name, hand, last_name, player_id)

Question:
What are the names and ranks of the three youngest winners across all matches?

MQL:

2026-07-31 16:23:51,003 [INFO   ]   >> OUTPUT : db.matches.aggregate([ { $lookup: { from: "players", localField: "player_id", foreignField: "player_id", as: "player_info" } }, { $unwind: "$player_info" }, { $sort: { "winner_age": 1 } }, { $limit: 3 }, { $project: { winner_name: "$player_info.winner_name", winner_rank: "$player_info.winner_rank" } } ])
2026-07-31 16:23:59,104 [INFO   ] [inference] generate_nosql  latency_sec=8.0873  input_tokens=232  output_tokens=150
2026-07-31 16:23:59,104 [INFO   ]   >> INPUT  : Translate the natural language question into a MongoDB MQL query using the provided schema.

Schema:
rankings(_id, player_id, ranking, ranking_date, ranking_points, tours) | matches(_id, best_of, draw_size, loser_age, loser_entry, loser_hand, loser_ht, loser_id, loser_ioc, loser_name, loser_rank, loser_rank_points, loser_seed, match_num, minutes, round, score, surface, tourney_date, tourney_id, tourney_level, tourney_name, winner_age, winner_entry, winner_hand, winner_ht, winner_id, winner_ioc, winner_name, winner_rank, winner_rank_points, winner_seed, year) | players(_id, birth_date, country_code, first_name, hand, last_name, player_id)

Question:
How many different winners both participated in the WTA Championships and were left handed?

MQL:

2026-07-31 16:23:59,104 [INFO   ]   >> OUTPUT : db.matches.aggregate([ { $lookup: { from: "players", localField: "player_id", foreignField: "player_id", as: "player_info" } }, { $unwind: "$player_info" }, { $lookup: { from: "rankings", localField: "player_info.player_id", foreignField: "player_id", as: "ranking_info" } }, { $unwind: "$ranking_info" }, { $match: { "ranking_info.round": "WTA", "ranking_info.round_type": "both" } }, { $group: { _id: "$winner_id"
2026-07-31 16:24:04,222 [INFO   ] [inference] generate_nosql  latency_sec=5.1051  input_tokens=231  output_tokens=107
2026-07-31 16:24:04,223 [INFO   ]   >> INPUT  : Translate the natural language question into a MongoDB MQL query using the provided schema.

Schema:
rankings(_id, player_id, ranking, ranking_date, ranking_points, tours) | matches(_id, best_of, draw_size, loser_age, loser_entry, loser_hand, loser_ht, loser_id, loser_ioc, loser_name, loser_rank, loser_rank_points, loser_seed, match_num, minutes, round, score, surface, tourney_date, tourney_id, tourney_level, tourney_name, winner_age, winner_entry, winner_hand, winner_ht, winner_id, winner_ioc, winner_name, winner_rank, winner_rank_points, winner_seed, year) | players(_id, birth_date, country_code, first_name, hand, last_name, player_id)

Question:
Find the number of left handed winners who participated in the WTA Championships.

MQL:

2026-07-31 16:24:04,223 [INFO   ]   >> OUTPUT : db.matches.aggregate([ { $lookup: { from: "players", localField: "player_id", foreignField: "player_id", as: "player_info" } }, { $unwind: "$player_info" }, { $match: { "player_info.country_code": "WTA" } }, { $group: { _id: null, count: { $sum: 1 } } }, { $project: { count: 1 } } ])
2026-07-31 16:24:12,397 [INFO   ] [inference] generate_nosql  latency_sec=8.16  input_tokens=239  output_tokens=104
2026-07-31 16:24:12,397 [INFO   ]   >> INPUT  : Translate the natural language question into a MongoDB MQL query using the provided schema.

Schema:
rankings(_id, player_id, ranking, ranking_date, ranking_points, tours) | matches(_id, best_of, draw_size, loser_age, loser_entry, loser_hand, loser_ht, loser_id, loser_ioc, loser_name, loser_rank, loser_rank_points, loser_seed, match_num, minutes, round, score, surface, tourney_date, tourney_id, tourney_level, tourney_name, winner_age, winner_entry, winner_hand, winner_ht, winner_id, winner_ioc, winner_name, winner_rank, winner_rank_points, winner_seed, year) | players(_id, birth_date, country_code, first_name, hand, last_name, player_id)

Question:
Find the first name, country code and birth date of the winner who has the highest rank points in all matches.

MQL:

2026-07-31 16:24:12,397 [INFO   ]   >> OUTPUT : db.players.aggregate([ { $lookup: { from: "matches", localField: "player_id", foreignField: "player_id", as: "matches" } }, { $unwind: "$matches" }, { $sort: { "matches.winner_rank_points": -1 } }, { $limit: 1 }, { $project: { first_name: 1, country_code: 1, birth_date: 1 } } ])
2026-07-31 16:24:19,525 [INFO   ] [inference] generate_nosql  latency_sec=7.1148  input_tokens=241  output_tokens=90
2026-07-31 16:24:19,525 [INFO   ]   >> INPUT  : Translate the natural language question into a MongoDB MQL query using the provided schema.

Schema:
rankings(_id, player_id, ranking, ranking_date, ranking_points, tours) | matches(_id, best_of, draw_size, loser_age, loser_entry, loser_hand, loser_ht, loser_id, loser_ioc, loser_name, loser_rank, loser_rank_points, loser_seed, match_num, minutes, round, score, surface, tourney_date, tourney_id, tourney_level, tourney_name, winner_age, winner_entry, winner_hand, winner_ht, winner_id, winner_ioc, winner_name, winner_rank, winner_rank_points, winner_seed, year) | players(_id, birth_date, country_code, first_name, hand, last_name, player_id)

Question:
What is the first name, country code, and birth date of the player with the most winner rank points across all matches?

MQL:

2026-07-31 16:24:19,525 [INFO   ]   >> OUTPUT : db.players.aggregate([ { $lookup: { from: "matches", localField: "player_id", foreignField: "player_id", as: "matches" } }, { $project: { first_name: 1, country_code: 1, birth_date: 1 } }, { $sort: { winner_rank_points: -1 } }, { $limit: 1 } ])
2026-07-31 16:24:21,547 [INFO   ] [inference] generate_nosql  latency_sec=2.0088  input_tokens=226  output_tokens=30
2026-07-31 16:24:21,549 [INFO   ]   >> INPUT  : Translate the natural language question into a MongoDB MQL query using the provided schema.

Schema:
rankings(_id, player_id, ranking, ranking_date, ranking_points, tours) | matches(_id, best_of, draw_size, loser_age, loser_entry, loser_hand, loser_ht, loser_id, loser_ioc, loser_name, loser_rank, loser_rank_points, loser_seed, match_num, minutes, round, score, surface, tourney_date, tourney_id, tourney_level, tourney_name, winner_age, winner_entry, winner_hand, winner_ht, winner_id, winner_ioc, winner_name, winner_rank, winner_rank_points, winner_seed, year) | players(_id, birth_date, country_code, first_name, hand, last_name, player_id)

Question:
Find the number of players for each hand type.

MQL:

2026-07-31 16:24:21,549 [INFO   ]   >> OUTPUT : db.players.aggregate([ { $group: { _id: "$hand", count: { $sum: 1 } } } ])
2026-07-31 16:24:23,549 [INFO   ] [inference] generate_nosql  latency_sec=1.9698  input_tokens=226  output_tokens=30
2026-07-31 16:24:23,550 [INFO   ]   >> INPUT  : Translate the natural language question into a MongoDB MQL query using the provided schema.

Schema:
rankings(_id, player_id, ranking, ranking_date, ranking_points, tours) | matches(_id, best_of, draw_size, loser_age, loser_entry, loser_hand, loser_ht, loser_id, loser_ioc, loser_name, loser_rank, loser_rank_points, loser_seed, match_num, minutes, round, score, surface, tourney_date, tourney_id, tourney_level, tourney_name, winner_age, winner_entry, winner_hand, winner_ht, winner_id, winner_ioc, winner_name, winner_rank, winner_rank_points, winner_seed, year) | players(_id, birth_date, country_code, first_name, hand, last_name, player_id)

Question:
How many players are there for each hand type?

MQL:

2026-07-31 16:24:23,550 [INFO   ]   >> OUTPUT : db.players.aggregate([ { $group: { _id: "$hand", count: { $sum: 1 } } } ])
2026-07-31 16:24:25,239 [INFO   ] [inference] generate_nosql  latency_sec=1.6705  input_tokens=131  output_tokens=27
2026-07-31 16:24:25,240 [INFO   ]   >> INPUT  : Translate the natural language question into a MongoDB MQL query using the provided schema.

Schema:
ship(_id, disposition_of_ship, id, location, lost_in_battle, name, ship_type, tonnage) | battle(_id, bulgarian_commander, date, id, latin_commander, name, result) | death(_id, caused_by_ship_id, id, injured, killed, note)

Question:
List the name and tonnage ordered by in descending alphaetical order for the names.

MQL:

2026-07-31 16:24:25,240 [INFO   ]   >> OUTPUT : db.ship.find({}, {name: 1, tonnage: 1}).sort({name: -1})
2026-07-31 16:24:28,901 [INFO   ] [inference] generate_nosql  latency_sec=3.6474  input_tokens=123  output_tokens=21
2026-07-31 16:24:28,901 [INFO   ]   >> INPUT  : Translate the natural language question into a MongoDB MQL query using the provided schema.

Schema:
ship(_id, disposition_of_ship, id, location, lost_in_battle, name, ship_type, tonnage) | battle(_id, bulgarian_commander, date, id, latin_commander, name, result) | death(_id, caused_by_ship_id, id, injured, killed, note)

Question:
List the name, date and result of each battle.

MQL:

2026-07-31 16:24:28,902 [INFO   ]   >> OUTPUT : db.battle.find({}, { name: 1, date: 1, result: 1 })
2026-07-31 16:24:32,291 [INFO   ] [inference] generate_nosql  latency_sec=3.3765  input_tokens=123  output_tokens=69
2026-07-31 16:24:32,291 [INFO   ]   >> INPUT  : Translate the natural language question into a MongoDB MQL query using the provided schema.

Schema:
ship(_id, disposition_of_ship, id, location, lost_in_battle, name, ship_type, tonnage) | battle(_id, bulgarian_commander, date, id, latin_commander, name, result) | death(_id, caused_by_ship_id, id, injured, killed, note)

Question:
What is maximum and minimum death toll caused each time?

MQL:

2026-07-31 16:24:32,291 [INFO   ]   >> OUTPUT : db.death.aggregate([ { $group: { _id: null, max_toll: { $max: "$toll" }, min_toll: { $min: "$toll" } } }, { $project: { max_toll: 1, min_toll: 1 } } ])
2026-07-31 16:24:34,498 [INFO   ] [inference] generate_nosql  latency_sec=2.1934  input_tokens=123  output_tokens=31
2026-07-31 16:24:34,498 [INFO   ]   >> INPUT  : Translate the natural language question into a MongoDB MQL query using the provided schema.

Schema:
ship(_id, disposition_of_ship, id, location, lost_in_battle, name, ship_type, tonnage) | battle(_id, bulgarian_commander, date, id, latin_commander, name, result) | death(_id, caused_by_ship_id, id, injured, killed, note)

Question:
What is the average number of injuries caused each time?

MQL:

2026-07-31 16:24:34,498 [INFO   ]   >> OUTPUT : db.death.aggregate([ { $group: { _id: "$injured", count: { $sum: 1 } } } ])
2026-07-31 16:24:39,473 [INFO   ] [inference] generate_nosql  latency_sec=4.9612  input_tokens=130  output_tokens=84
2026-07-31 16:24:39,473 [INFO   ]   >> INPUT  : Translate the natural language question into a MongoDB MQL query using the provided schema.

Schema:
ship(_id, disposition_of_ship, id, location, lost_in_battle, name, ship_type, tonnage) | battle(_id, bulgarian_commander, date, id, latin_commander, name, result) | death(_id, caused_by_ship_id, id, injured, killed, note)

Question:
What are the death and injury situations caused by the ship with tonnage 't'?

MQL:

2026-07-31 16:24:39,473 [INFO   ]   >> OUTPUT : db.ship.aggregate([ { $match: { tonnage: 't' } }, { $lookup: { from: "death", localField: "id", foreignField: "id", as: "death_info" } }, { $unwind: "$death_info" }, { $project: { death_info: "$death_info.note" } } ])
2026-07-31 16:24:44,074 [INFO   ] [inference] generate_nosql  latency_sec=4.5883  input_tokens=134  output_tokens=92
2026-07-31 16:24:44,075 [INFO   ]   >> INPUT  : Translate the natural language question into a MongoDB MQL query using the provided schema.

Schema:
ship(_id, disposition_of_ship, id, location, lost_in_battle, name, ship_type, tonnage) | battle(_id, bulgarian_commander, date, id, latin_commander, name, result) | death(_id, caused_by_ship_id, id, injured, killed, note)

Question:
What are the name and results of the battles when the bulgarian commander is not 'Boril'

MQL:

2026-07-31 16:24:44,075 [INFO   ]   >> OUTPUT : db.battle.aggregate([ { $lookup: { from: "ship", localField: "id", foreignField: "ship_id", as: "ship_info" } }, { $unwind: "$ship_info" }, { $match: { "ship_info.name": { $ne: "Boril" } } }, { $project: { name: 1, result: 1 } } ])
2026-07-31 16:24:52,010 [INFO   ] [inference] generate_nosql  latency_sec=7.922  input_tokens=134  output_tokens=150
2026-07-31 16:24:52,010 [INFO   ]   >> INPUT  : Translate the natural language question into a MongoDB MQL query using the provided schema.

Schema:
ship(_id, disposition_of_ship, id, location, lost_in_battle, name, ship_type, tonnage) | battle(_id, bulgarian_commander, date, id, latin_commander, name, result) | death(_id, caused_by_ship_id, id, injured, killed, note)

Question:
What are the different ids and names of the battles that lost any 'Brig' type shipes?

MQL:

2026-07-31 16:24:52,010 [INFO   ]   >> OUTPUT : db.battle.aggregate([ { $lookup: { from: "ship", localField: "id", foreignField: "ship_id", as: "ship_info" } }, { $unwind: "$ship_info" }, { $lookup: { from: "ship_type", localField: "ship_info.ship_type", foreignField: "ship_type_id", as: "ship_type_info" } }, { $unwind: "$ship_type_info" }, { $match: { "ship_type_info.ship_type": "Brig" } }, { $group: { _id: "$id", name: { $first:
2026-07-31 16:24:57,606 [INFO   ] [inference] generate_nosql  latency_sec=5.5703  input_tokens=133  output_tokens=68
2026-07-31 16:24:57,606 [INFO   ]   >> INPUT  : Translate the natural language question into a MongoDB MQL query using the provided schema.

Schema:
ship(_id, disposition_of_ship, id, location, lost_in_battle, name, ship_type, tonnage) | battle(_id, bulgarian_commander, date, id, latin_commander, name, result) | death(_id, caused_by_ship_id, id, injured, killed, note)

Question:
What are the ids and names of the battles that led to more than 10 people killed in total.

MQL:

2026-07-31 16:24:57,606 [INFO   ]   >> OUTPUT : db.battle.aggregate([ { $group: { _id: "$id", totalKills: { $sum: "$killed" } } }, { $match: { totalKills: { $gt: 10 } } }, { $project: { _id: 1, name: "$name" } } ])
2026-07-31 16:25:01,852 [INFO   ] [inference] generate_nosql  latency_sec=4.2284  input_tokens=127  output_tokens=73
2026-07-31 16:25:01,852 [INFO   ]   >> INPUT  : Translate the natural language question into a MongoDB MQL query using the provided schema.

Schema:
ship(_id, disposition_of_ship, id, location, lost_in_battle, name, ship_type, tonnage) | battle(_id, bulgarian_commander, date, id, latin_commander, name, result) | death(_id, caused_by_ship_id, id, injured, killed, note)

Question:
How many battles did not lose any ship with tonnage '225'?

MQL:

2026-07-31 16:25:01,852 [INFO   ]   >> OUTPUT : db.battle.aggregate([ { $lookup: { from: "ship", localField: "id", foreignField: "id", as: "ship_info" } }, { $match: { "ship_info.tonnage": { $ne: "225" } } }, { $count: "total" } ])
2026-07-31 16:25:09,920 [INFO   ] [inference] generate_nosql  latency_sec=8.0537  input_tokens=141  output_tokens=150
2026-07-31 16:25:09,920 [INFO   ]   >> INPUT  : Translate the natural language question into a MongoDB MQL query using the provided schema.

Schema:
ship(_id, disposition_of_ship, id, location, lost_in_battle, name, ship_type, tonnage) | battle(_id, bulgarian_commander, date, id, latin_commander, name, result) | death(_id, caused_by_ship_id, id, injured, killed, note)

Question:
List the name and date the battle that has lost the ship named 'Lettice' and the ship named 'HMS Atalanta'

MQL:

2026-07-31 16:25:09,920 [INFO   ]   >> OUTPUT : db.battle.aggregate([ { $lookup: { from: "ship", localField: "id", foreignField: "lost_in_battle", as: "ship_info" } }, { $lookup: { from: "ship_type", localField: "ship_info.ship_type", foreignField: "ship_type_name", as: "ship_type_info" } }, { $unwind: "$ship_info" }, { $lookup: { from: "ship_type", localField: "ship_info.ship_type_name", foreignField: "ship_type_name", as: "ship_type_info" } }, { $
2026-07-31 16:25:15,115 [INFO   ] [inference] generate_nosql  latency_sec=5.1819  input_tokens=134  output_tokens=91
2026-07-31 16:25:15,115 [INFO   ]   >> INPUT  : Translate the natural language question into a MongoDB MQL query using the provided schema.

Schema:
ship(_id, disposition_of_ship, id, location, lost_in_battle, name, ship_type, tonnage) | battle(_id, bulgarian_commander, date, id, latin_commander, name, result) | death(_id, caused_by_ship_id, id, injured, killed, note)

Question:
Show names, results and bulgarian commanders of the battles with no ships lost in the 'English Channel'.

MQL:

2026-07-31 16:25:15,115 [INFO   ]   >> OUTPUT : db.battle.aggregate([ { $lookup: { from: "ship", localField: "id", foreignField: "id", as: "ship_info" } }, { $match: { "ship_info.lost_in_battle": { $ne: "English Channel" } } }, { $project: { name: 1, result: 1, bulgarian_commander: 1 } } ])
2026-07-31 16:25:16,446 [INFO   ] [inference] generate_nosql  latency_sec=1.3177  input_tokens=127  output_tokens=19
2026-07-31 16:25:16,447 [INFO   ]   >> INPUT  : Translate the natural language question into a MongoDB MQL query using the provided schema.

Schema:
ship(_id, disposition_of_ship, id, location, lost_in_battle, name, ship_type, tonnage) | battle(_id, bulgarian_commander, date, id, latin_commander, name, result) | death(_id, caused_by_ship_id, id, injured, killed, note)

Question:
What are the notes of the death events which has substring 'East'?

MQL:

2026-07-31 16:25:16,447 [INFO   ]   >> OUTPUT : db.death.find({note: /^East/}, {note: 1})
2026-07-31 16:25:18,799 [INFO   ] [inference] generate_nosql  latency_sec=2.333  input_tokens=175  output_tokens=32
2026-07-31 16:25:18,799 [INFO   ]   >> INPUT  : Translate the natural language question into a MongoDB MQL query using the provided schema.

Schema:
Students(_id, cell_mobile_number, current_address_id, date_first_registered, date_left, email_address, first_name, last_name, middle_name, other_student_details, permanent_address_id, ssn, student_id) | Addresses(_id, address_id, city, country, line_1, line_2, line_3, other_address_details, state_province_county, zip_postcode) | Departments(_id, department_description, department_id, department_name, other_details)

Question:
what are all the addresses including line 1 and line 2?

MQL:

2026-07-31 16:25:18,799 [INFO   ]   >> OUTPUT : db.Addresses.find({line_1: 'line 1', line_2: 'line 2'}, {address_id: 1})
2026-07-31 16:25:20,785 [INFO   ] [inference] generate_nosql  latency_sec=1.9627  input_tokens=170  output_tokens=22
2026-07-31 16:25:20,785 [INFO   ]   >> INPUT  : Translate the natural language question into a MongoDB MQL query using the provided schema.

Schema:
Students(_id, cell_mobile_number, current_address_id, date_first_registered, date_left, email_address, first_name, last_name, middle_name, other_student_details, permanent_address_id, ssn, student_id) | Addresses(_id, address_id, city, country, line_1, line_2, line_3, other_address_details, state_province_county, zip_postcode) | Transcripts(_id, other_details, transcript_date, transcript_id)

Question:
What is the first and second line for all addresses?

MQL:

2026-07-31 16:25:20,785 [INFO   ]   >> OUTPUT : db.Addresses.find({}, {line_1: 1, line_2: 1})
2026-07-31 16:25:26,966 [INFO   ] [inference] generate_nosql  latency_sec=6.1681  input_tokens=110  output_tokens=131
2026-07-31 16:25:26,966 [INFO   ]   >> INPUT  : Translate the natural language question into a MongoDB MQL query using the provided schema.

Schema:
Courses(_id, course_description, course_id, course_name, other_details) | Semesters(_id, other_details, semester_description, semester_id, semester_name) | Sections(_id, course_id, other_details, section_description, section_id, section_name)

Question:
How is the math course described?

MQL:

2026-07-31 16:25:26,966 [INFO   ]   >> OUTPUT : db.Courses.aggregate([ { $lookup: { from: "Semesters", localField: "course_id", foreignField: "course_id", as: "semesters" } }, { $unwind: "$semesters" }, { $lookup: { from: "Courses", localField: "semesters.semester_id", foreignField: "semester_id", as: "courses" } }, { $unwind: "$courses" }, { $project: { course_name: "$courses.course_name" } } ])
2026-07-31 16:25:28,054 [INFO   ] [inference] generate_nosql  latency_sec=1.0753  input_tokens=113  output_tokens=23
2026-07-31 16:25:28,055 [INFO   ]   >> INPUT  : Translate the natural language question into a MongoDB MQL query using the provided schema.

Schema:
Courses(_id, course_description, course_id, course_name, other_details) | Semesters(_id, other_details, semester_description, semester_id, semester_name) | Sections(_id, course_id, other_details, section_description, section_id, section_name)

Question:
What are the descriptions for all the math courses?

MQL:

2026-07-31 16:25:28,055 [INFO   ]   >> OUTPUT : db.Courses.find({ course_name: 'Math' }, { course_description: 1 })
2026-07-31 16:25:33,363 [INFO   ] [inference] generate_nosql  latency_sec=5.2948  input_tokens=177  output_tokens=93
2026-07-31 16:25:33,363 [INFO   ]   >> INPUT  : Translate the natural language question into a MongoDB MQL query using the provided schema.

Schema:
Students(_id, cell_mobile_number, current_address_id, date_first_registered, date_left, email_address, first_name, last_name, middle_name, other_student_details, permanent_address_id, ssn, student_id) | Addresses(_id, address_id, city, country, line_1, line_2, line_3, other_address_details, state_province_county, zip_postcode) | Departments(_id, department_description, department_id, department_name, other_details)

Question:
What is the zip code of the address in the city Port Chelsea?

MQL:

2026-07-31 16:25:33,363 [INFO   ]   >> OUTPUT : db.Addresses.aggregate([ { $match: { city: "Port Chelsea" } }, { $lookup: { from: "Addresses", localField: "address_id", foreignField: "address_id", as: "address_info" } }, { $unwind: "$address_info" }, { $project: { zip_postcode: "$address_info.zip_postcode" } } ])
2026-07-31 16:25:37,822 [INFO   ] [inference] generate_nosql  latency_sec=4.4462  input_tokens=172  output_tokens=93
2026-07-31 16:25:37,822 [INFO   ]   >> INPUT  : Translate the natural language question into a MongoDB MQL query using the provided schema.

Schema:
Students(_id, cell_mobile_number, current_address_id, date_first_registered, date_left, email_address, first_name, last_name, middle_name, other_student_details, permanent_address_id, ssn, student_id) | Addresses(_id, address_id, city, country, line_1, line_2, line_3, other_address_details, state_province_county, zip_postcode) | Departments(_id, department_description, department_id, department_name, other_details)

Question:
What is the zip code for Port Chelsea?

MQL:

2026-07-31 16:25:37,822 [INFO   ]   >> OUTPUT : db.Addresses.aggregate([ { $match: { city: "Port Chelsea" } }, { $lookup: { from: "Addresses", localField: "address_id", foreignField: "address_id", as: "address_info" } }, { $unwind: "$address_info" }, { $project: { zip_postcode: "$address_info.zip_postcode" } } ])
2026-07-31 16:25:44,201 [INFO   ] [inference] generate_nosql  latency_sec=6.3654  input_tokens=140  output_tokens=126
2026-07-31 16:25:44,201 [INFO   ]   >> INPUT  : Translate the natural language question into a MongoDB MQL query using the provided schema.

Schema:
Departments(_id, department_description, department_id, department_name, other_details) | Student_Enrolment(_id, degree_program_id, other_details, semester_id, student_enrolment_id, student_id) | Degree_Programs(_id, degree_program_id, degree_summary_description, degree_summary_name, department_id, other_details)

Question:
Which department offers the most number of degrees? List department name and id.

MQL:

2026-07-31 16:25:44,201 [INFO   ]   >> OUTPUT : db.Departments.aggregate([ { $lookup: { from: "Degree_Programs", localField: "department_id", foreignField: "department_id", as: "degrees" } }, { $unwind: "$degrees" }, { $group: { _id: "$department_name", count: { $sum: 1 } } }, { $sort: { count: -1 } }, { $limit: 1 }, { $project: { department_name: "$_id", department_id: "$_id" } } ])
2026-07-31 16:25:51,058 [INFO   ] [inference] generate_nosql  latency_sec=6.8384  input_tokens=141  output_tokens=130
2026-07-31 16:25:51,058 [INFO   ]   >> INPUT  : Translate the natural language question into a MongoDB MQL query using the provided schema.

Schema:
Departments(_id, department_description, department_id, department_name, other_details) | Student_Enrolment(_id, degree_program_id, other_details, semester_id, student_enrolment_id, student_id) | Degree_Programs(_id, degree_program_id, degree_summary_description, degree_summary_name, department_id, other_details)

Question:
What is the name and id of the department with the most number of degrees ?

MQL:

2026-07-31 16:25:51,058 [INFO   ]   >> OUTPUT : db.Degree_Programs.aggregate([ { $lookup: { from: "Departments", localField: "department_id", foreignField: "department_id", as: "department_info" } }, { $unwind: "$department_info" }, { $group: { _id: "$department_name", count: { $sum: 1 } } }, { $sort: { count: -1 } }, { $limit: 1 }, { $project: { department_name: "$_id", department_id: "$_id" } } ])
2026-07-31 16:25:55,538 [INFO   ] [inference] generate_nosql  latency_sec=4.4667  input_tokens=132  output_tokens=96
2026-07-31 16:25:55,538 [INFO   ]   >> INPUT  : Translate the natural language question into a MongoDB MQL query using the provided schema.

Schema:
Departments(_id, department_description, department_id, department_name, other_details) | Student_Enrolment(_id, degree_program_id, other_details, semester_id, student_enrolment_id, student_id) | Degree_Programs(_id, degree_program_id, degree_summary_description, degree_summary_name, department_id, other_details)

Question:
How many departments offer any degree?

MQL:

2026-07-31 16:25:55,538 [INFO   ]   >> OUTPUT : db.Degree_Programs.aggregate([ { $lookup: { from: "Departments", localField: "department_id", foreignField: "department_id", as: "department_info" } }, { $unwind: "$department_info" }, { $group: { _id: null, count: { $sum: 1 } } }, { $project: { count: 1 } } ])
2026-07-31 16:26:00,972 [INFO   ] [inference] generate_nosql  latency_sec=5.4195  input_tokens=133  output_tokens=91
2026-07-31 16:26:00,972 [INFO   ]   >> INPUT  : Translate the natural language question into a MongoDB MQL query using the provided schema.

Schema:
Courses(_id, course_description, course_id, course_name, other_details) | Student_Enrolment(_id, degree_program_id, other_details, semester_id, student_enrolment_id, student_id) | Degree_Programs(_id, degree_program_id, degree_summary_description, degree_summary_name, department_id, other_details)

Question:
How many different degree names are offered?

MQL:

2026-07-31 16:26:00,972 [INFO   ]   >> OUTPUT : db.Courses.aggregate([ { $lookup: { from: "Degree_Programs", localField: "course_id", foreignField: "course_id", as: "degrees" } }, { $unwind: "$degrees" }, { $group: { _id: "$degrees.degree_summary_name" } }, { $count: "unique_degrees" } ])
2026-07-31 16:26:03,594 [INFO   ] [inference] generate_nosql  latency_sec=2.6088  input_tokens=134  output_tokens=56
2026-07-31 16:26:03,594 [INFO   ]   >> INPUT  : Translate the natural language question into a MongoDB MQL query using the provided schema.

Schema:
Departments(_id, department_description, department_id, department_name, other_details) | Student_Enrolment(_id, degree_program_id, other_details, semester_id, student_enrolment_id, student_id) | Degree_Programs(_id, degree_program_id, degree_summary_description, degree_summary_name, department_id, other_details)

Question:
How many degrees does the engineering department offer?

MQL:

2026-07-31 16:26:03,594 [INFO   ]   >> OUTPUT : db.Departments.aggregate([ { $match: { department_name: "Engineering" } }, { $group: { _id: null, count: { $sum: 1 } } } , { $project: { count: 1 } }])
2026-07-31 16:26:06,206 [INFO   ] [inference] generate_nosql  latency_sec=2.5982  input_tokens=134  output_tokens=56
2026-07-31 16:26:06,206 [INFO   ]   >> INPUT  : Translate the natural language question into a MongoDB MQL query using the provided schema.

Schema:
Departments(_id, department_description, department_id, department_name, other_details) | Student_Enrolment(_id, degree_program_id, other_details, semester_id, student_enrolment_id, student_id) | Degree_Programs(_id, degree_program_id, degree_summary_description, degree_summary_name, department_id, other_details)

Question:
How many degrees does the engineering department have?

MQL:

2026-07-31 16:26:06,206 [INFO   ]   >> OUTPUT : db.Departments.aggregate([ { $match: { department_name: "Engineering" } }, { $group: { _id: null, count: { $sum: 1 } } } , { $project: { count: 1 } }])
2026-07-31 16:26:09,215 [INFO   ] [inference] generate_nosql  latency_sec=2.9953  input_tokens=114  output_tokens=23
2026-07-31 16:26:09,215 [INFO   ]   >> INPUT  : Translate the natural language question into a MongoDB MQL query using the provided schema.

Schema:
Courses(_id, course_description, course_id, course_name, other_details) | Semesters(_id, other_details, semester_description, semester_id, semester_name) | Sections(_id, course_id, other_details, section_description, section_id, section_name)

Question:
What are the names and descriptions of all the sections?

MQL:

2026-07-31 16:26:09,216 [INFO   ]   >> OUTPUT : db.Sections.find({}, {section_name: 1, section_description: 1})
2026-07-31 16:26:12,929 [INFO   ] [inference] generate_nosql  latency_sec=3.7005  input_tokens=114  output_tokens=23
2026-07-31 16:26:12,929 [INFO   ]   >> INPUT  : Translate the natural language question into a MongoDB MQL query using the provided schema.

Schema:
Courses(_id, course_description, course_id, course_name, other_details) | Semesters(_id, other_details, semester_description, semester_id, semester_name) | Sections(_id, course_id, other_details, section_description, section_id, section_name)

Question:
What are the names and descriptions for all the sections?

MQL:

2026-07-31 16:26:12,930 [INFO   ]   >> OUTPUT : db.Sections.find({}, {section_name: 1, section_description: 1})
2026-07-31 16:26:17,555 [INFO   ] [inference] generate_nosql  latency_sec=4.6062  input_tokens=117  output_tokens=83
2026-07-31 16:26:17,555 [INFO   ]   >> INPUT  : Translate the natural language question into a MongoDB MQL query using the provided schema.

Schema:
Courses(_id, course_description, course_id, course_name, other_details) | Semesters(_id, other_details, semester_description, semester_id, semester_name) | Sections(_id, course_id, other_details, section_description, section_id, section_name)

Question:
What are the names and id of courses having at most 2 sections?

MQL:

2026-07-31 16:26:17,555 [INFO   ]   >> OUTPUT : db.Courses.aggregate([ { $lookup: { from: "Sections", localField: "course_id", foreignField: "course_id", as: "sections" } }, { $match: { "sections.1": { $exists: true } } }, { $project: { course_name: 1, course_id: 1 } } ])
2026-07-31 16:26:18,824 [INFO   ] [inference] generate_nosql  latency_sec=1.2561  input_tokens=115  output_tokens=27
2026-07-31 16:26:18,825 [INFO   ]   >> INPUT  : Translate the natural language question into a MongoDB MQL query using the provided schema.

Schema:
Courses(_id, course_description, course_id, course_name, other_details) | Semesters(_id, other_details, semester_description, semester_id, semester_name) | Sections(_id, course_id, other_details, section_description, section_id, section_name)

Question:
List the section_name in reversed lexicographical order.

MQL:

2026-07-31 16:26:18,825 [INFO   ]   >> OUTPUT : db.Sections.find({}, {section_name: 1}).sort({section_name: -1})
2026-07-31 16:26:20,106 [INFO   ] [inference] generate_nosql  latency_sec=1.2671  input_tokens=116  output_tokens=26
2026-07-31 16:26:20,107 [INFO   ]   >> INPUT  : Translate the natural language question into a MongoDB MQL query using the provided schema.

Schema:
Courses(_id, course_description, course_id, course_name, other_details) | Semesters(_id, other_details, semester_description, semester_id, semester_name) | Sections(_id, course_id, other_details, section_description, section_id, section_name)

Question:
What are the names of the sections in reverse alphabetical order?

MQL:

2026-07-31 16:26:20,107 [INFO   ]   >> OUTPUT : db.Sections.find({}, {section_name: 1}).sort({section_name: 1})
2026-07-31 16:26:28,099 [INFO   ] [inference] generate_nosql  latency_sec=7.9779  input_tokens=139  output_tokens=150
2026-07-31 16:26:28,099 [INFO   ]   >> INPUT  : Translate the natural language question into a MongoDB MQL query using the provided schema.

Schema:
Semesters(_id, other_details, semester_description, semester_id, semester_name) | Student_Enrolment_Courses(_id, course_id, student_course_id, student_enrolment_id) | Student_Enrolment(_id, degree_program_id, other_details, semester_id, student_enrolment_id, student_id)

Question:
What is the semester which most student registered in? Show both the name and the id.

MQL:

2026-07-31 16:26:28,099 [INFO   ]   >> OUTPUT : db.Student_Enrolment.aggregate([ { $lookup: { from: "Semesters", localField: "student_enrolment_id", foreignField: "student_enrolment_id", as: "enrolment_info" } }, { $unwind: "$enrolment_info" }, { $lookup: { from: "Semesters", localField: "enrolment_info.semester_id", foreignField: "semester_id", as: "semester_info" } }, { $unwind: "$semester_info" }, { $project: { semester_name: "$semester_info.se
2026-07-31 16:26:35,127 [INFO   ] [inference] generate_nosql  latency_sec=7.0151  input_tokens=140  output_tokens=140
2026-07-31 16:26:35,128 [INFO   ]   >> INPUT  : Translate the natural language question into a MongoDB MQL query using the provided schema.

Schema:
Semesters(_id, other_details, semester_description, semester_id, semester_name) | Student_Enrolment_Courses(_id, course_id, student_course_id, student_enrolment_id) | Student_Enrolment(_id, degree_program_id, other_details, semester_id, student_enrolment_id, student_id)

Question:
For each semester, what is the name and id of the one with the most students registered?

MQL:

2026-07-31 16:26:35,128 [INFO   ]   >> OUTPUT : db.Student_Enrolment.aggregate([ { $lookup: { from: "Semesters", localField: "semester_id", foreignField: "semester_id", as: "semester_info" } }, { $unwind: "$semester_info" }, { $group: { _id: "$semester_info.semester_name", count: { $sum: 1 } } }, { $sort: { count: -1 } }, { $limit: 1 }, { $project: { semester_name: "$_id", semester_id: "$_id" } } ])
2026-07-31 16:26:36,730 [INFO   ] [inference] generate_nosql  latency_sec=1.5887  input_tokens=128  output_tokens=32
2026-07-31 16:26:36,730 [INFO   ]   >> INPUT  : Translate the natural language question into a MongoDB MQL query using the provided schema.

Schema:
Departments(_id, department_description, department_id, department_name, other_details) | Semesters(_id, other_details, semester_description, semester_id, semester_name) | Degree_Programs(_id, degree_program_id, degree_summary_description, degree_summary_name, department_id, other_details)

Question:
What is the description of the department whose name has the substring the computer?

MQL:

2026-07-31 16:26:36,730 [INFO   ]   >> OUTPUT : db.Departments.find({department_name: {$regex: /^Computer/}}, {department_description: 1})
2026-07-31 16:26:38,632 [INFO   ] [inference] generate_nosql  latency_sec=1.8884  input_tokens=127  output_tokens=32
2026-07-31 16:26:38,632 [INFO   ]   >> INPUT  : Translate the natural language question into a MongoDB MQL query using the provided schema.

Schema:
Departments(_id, department_description, department_id, department_name, other_details) | Semesters(_id, other_details, semester_description, semester_id, semester_name) | Degree_Programs(_id, degree_program_id, degree_summary_description, degree_summary_name, department_id, other_details)

Question:
What is the department description for the one whose name has the word computer?

MQL:

2026-07-31 16:26:38,632 [INFO   ]   >> OUTPUT : db.Departments.find({department_name: {$regex: /^Computer/}}, {department_description: 1})
2026-07-31 16:26:46,246 [INFO   ] [inference] generate_nosql  latency_sec=7.5917  input_tokens=150  output_tokens=150
2026-07-31 16:26:46,246 [INFO   ]   >> INPUT  : Translate the natural language question into a MongoDB MQL query using the provided schema.

Schema:
Semesters(_id, other_details, semester_description, semester_id, semester_name) | Student_Enrolment(_id, degree_program_id, other_details, semester_id, student_enrolment_id, student_id) | Degree_Programs(_id, degree_program_id, degree_summary_description, degree_summary_name, department_id, other_details)

Question:
Who are enrolled in 2 degree programs in one semester? List the first name, middle name and last name and the id.

MQL:

2026-07-31 16:26:46,246 [INFO   ]   >> OUTPUT : db.Student_Enrolment.aggregate([ { $lookup: { from: "Degree_Programs", localField: "student_enrolment_id", foreignField: "student_enrolment_id", as: "degree_programs" } }, { $unwind: "$degree_programs" }, { $lookup: { from: "Semesters", localField: "degree_programs.department_id", foreignField: "department_id", as: "semesters" } }, { $unwind: "$semesters" }, { $project: { first_name: "$semesters.semester_name", middle_
2026-07-31 16:26:54,141 [INFO   ] [inference] generate_nosql  latency_sec=7.8815  input_tokens=155  output_tokens=150
2026-07-31 16:26:54,141 [INFO   ]   >> INPUT  : Translate the natural language question into a MongoDB MQL query using the provided schema.

Schema:
Semesters(_id, other_details, semester_description, semester_id, semester_name) | Student_Enrolment(_id, degree_program_id, other_details, semester_id, student_enrolment_id, student_id) | Degree_Programs(_id, degree_program_id, degree_summary_description, degree_summary_name, department_id, other_details)

Question:
What are the first, middle, and last names, along with the ids, of all students who enrolled in 2 degree programs in one semester?

MQL:

2026-07-31 16:26:54,141 [INFO   ]   >> OUTPUT : db.Student_Enrolment.aggregate([ { $lookup: { from: "Degree_Programs", localField: "student_enrolment_id", foreignField: "student_enrolment_id", as: "degree_programs" } }, { $unwind: "$degree_programs" }, { $lookup: { from: "Semesters", localField: "degree_programs.department_id", foreignField: "department_id", as: "semesters" } }, { $unwind: "$semesters" }, { $group: { _id: "$semesters.semester_name", count: {
2026-07-31 16:27:01,266 [INFO   ] [inference] generate_nosql  latency_sec=7.1049  input_tokens=145  output_tokens=150
2026-07-31 16:27:01,266 [INFO   ]   >> INPUT  : Translate the natural language question into a MongoDB MQL query using the provided schema.

Schema:
Semesters(_id, other_details, semester_description, semester_id, semester_name) | Student_Enrolment(_id, degree_program_id, other_details, semester_id, student_enrolment_id, student_id) | Degree_Programs(_id, degree_program_id, degree_summary_description, degree_summary_name, department_id, other_details)

Question:
Who is enrolled in a Bachelor degree program? List the first name, middle name, last name.

MQL:

2026-07-31 16:27:01,266 [INFO   ]   >> OUTPUT : db.Degree_Programs.aggregate([ { $lookup: { from: "Student_Enrolment", localField: "degree_program_id", foreignField: "degree_program_id", as: "enrolments" } }, { $unwind: "$enrolments" }, { $lookup: { from: "Semesters", localField: "enrolments.semester_id", foreignField: "semester_id", as: "enrolment_info" } }, { $unwind: "$enrolment_info" }, { $match: { "enrolment_info.degree_summary_name": "Bachelor" }
2026-07-31 16:27:07,632 [INFO   ] [inference] generate_nosql  latency_sec=6.3531  input_tokens=139  output_tokens=120
2026-07-31 16:27:07,632 [INFO   ]   >> INPUT  : Translate the natural language question into a MongoDB MQL query using the provided schema.

Schema:
Semesters(_id, other_details, semester_description, semester_id, semester_name) | Student_Enrolment(_id, degree_program_id, other_details, semester_id, student_enrolment_id, student_id) | Degree_Programs(_id, degree_program_id, degree_summary_description, degree_summary_name, department_id, other_details)

Question:
Find the kind of program which most number of students are enrolled in?

MQL:

2026-07-31 16:27:07,633 [INFO   ]   >> OUTPUT : db.Degree_Programs.aggregate([ { $group: { _id: "$department_id", count: { $sum: 1 } } }, { $sort: { count: -1 } }, { $limit: 1 }, { $lookup: { from: "Student_Enrolment", localField: "_id", foreignField: "department_id", as: "enrolments" } }, { $unwind: "$enrolments" }, { $project: { department_kind: "$_id" } } ])
2026-07-31 16:27:13,757 [INFO   ] [inference] generate_nosql  latency_sec=6.1022  input_tokens=140  output_tokens=126
2026-07-31 16:27:13,757 [INFO   ]   >> INPUT  : Translate the natural language question into a MongoDB MQL query using the provided schema.

Schema:
Semesters(_id, other_details, semester_description, semester_id, semester_name) | Student_Enrolment(_id, degree_program_id, other_details, semester_id, student_enrolment_id, student_id) | Degree_Programs(_id, degree_program_id, degree_summary_description, degree_summary_name, department_id, other_details)

Question:
What is the degree summary name that has the most number of students enrolled?

MQL:

2026-07-31 16:27:13,757 [INFO   ]   >> OUTPUT : db.Student_Enrolment.aggregate([ { $group: { _id: "$student_id", count: { $sum: 1 } } }, { $sort: { count: -1 } }, { $limit: 1 }, { $lookup: { from: "Degree_Programs", localField: "_id", foreignField: "degree_program_id", as: "programDetails" } }, { $unwind: "$programDetails" }, { $project: { degree_summary_name: "$programDetails.degree_summary_name" } } ])
2026-07-31 16:27:20,990 [INFO   ] [inference] generate_nosql  latency_sec=7.2196  input_tokens=145  output_tokens=118
2026-07-31 16:27:20,990 [INFO   ]   >> INPUT  : Translate the natural language question into a MongoDB MQL query using the provided schema.

Schema:
Semesters(_id, other_details, semester_description, semester_id, semester_name) | Student_Enrolment(_id, degree_program_id, other_details, semester_id, student_enrolment_id, student_id) | Degree_Programs(_id, degree_program_id, degree_summary_description, degree_summary_name, department_id, other_details)

Question:
Find the program which most number of students are enrolled in. List both the id and the summary.

MQL:

2026-07-31 16:27:20,990 [INFO   ]   >> OUTPUT : db.Degree_Programs.aggregate([ { $lookup: { from: "Student_Enrolment", localField: "degree_program_id", foreignField: "degree_program_id", as: "enrolments" } }, { $project: { degree_program_id: 1, degree_summary_name: 1, numberOfEnrolments: { $size: "$enrolments" } } }, { $sort: { numberOfEnrolments: -1 } }, { $limit: 1 } ])
2026-07-31 16:27:26,136 [INFO   ] [inference] generate_nosql  latency_sec=5.1267  input_tokens=143  output_tokens=97
2026-07-31 16:27:26,137 [INFO   ]   >> INPUT  : Translate the natural language question into a MongoDB MQL query using the provided schema.

Schema:
Semesters(_id, other_details, semester_description, semester_id, semester_name) | Student_Enrolment(_id, degree_program_id, other_details, semester_id, student_enrolment_id, student_id) | Degree_Programs(_id, degree_program_id, degree_summary_description, degree_summary_name, department_id, other_details)

Question:
What is the program id and the summary of the degree that has the most students enrolled?

MQL:

2026-07-31 16:27:26,137 [INFO   ]   >> OUTPUT : db.Degree_Programs.aggregate([ { $lookup: { from: "Student_Enrolment", localField: "degree_program_id", foreignField: "degree_program_id", as: "enrolments" } }, { $project: { degree_program_id: 1, degree_summary_name: 1 } }, { $sort: { count: -1 } }, { $limit: 1 } ])
2026-07-31 16:27:33,586 [INFO   ] [inference] generate_nosql  latency_sec=7.4344  input_tokens=187  output_tokens=144
2026-07-31 16:27:33,586 [INFO   ]   >> INPUT  : Translate the natural language question into a MongoDB MQL query using the provided schema.

Schema:
Students(_id, cell_mobile_number, current_address_id, date_first_registered, date_left, email_address, first_name, last_name, middle_name, other_student_details, permanent_address_id, ssn, student_id) | Semesters(_id, other_details, semester_description, semester_id, semester_name) | Student_Enrolment(_id, degree_program_id, other_details, semester_id, student_enrolment_id, student_id)

Question:
Which student has enrolled for the most times in any program? List the id, first name, middle name, last name, the number of enrollments and student id.

MQL:

2026-07-31 16:27:33,586 [INFO   ]   >> OUTPUT : db.Student_Enrolment.aggregate([ { $group: { _id: "$student_id", count: { $sum: 1 } } }, { $sort: { count: -1 } }, { $limit: 1 }, { $lookup: { from: "Students", localField: "_id", foreignField: "student_id", as: "student_info" } }, { $unwind: "$student_info" }, { $project: { first_name: "$student_info.first_name", middle_name: "$student_info.middle_name", last_name: "$student_info.last_name" } } ])
2026-07-31 16:27:36,018 [INFO   ] [inference] generate_nosql  latency_sec=2.4116  input_tokens=128  output_tokens=42
2026-07-31 16:27:36,018 [INFO   ]   >> INPUT  : Translate the natural language question into a MongoDB MQL query using the provided schema.

Schema:
Courses(_id, course_description, course_id, course_name, other_details) | Semesters(_id, other_details, semester_description, semester_id, semester_name) | Student_Enrolment(_id, degree_program_id, other_details, semester_id, student_enrolment_id, student_id)

Question:
Which semesters do not have any student enrolled? List the semester name.

MQL:

2026-07-31 16:27:36,018 [INFO   ]   >> OUTPUT : db.Semesters.find({ semester_id: { $nin: db.Student_Enrolment.distinct("semester_id") } }, { semester_name: 1 })
2026-07-31 16:27:38,301 [INFO   ] [inference] generate_nosql  latency_sec=2.2698  input_tokens=133  output_tokens=45
2026-07-31 16:27:38,301 [INFO   ]   >> INPUT  : Translate the natural language question into a MongoDB MQL query using the provided schema.

Schema:
Semesters(_id, other_details, semester_description, semester_id, semester_name) | Student_Enrolment_Courses(_id, course_id, student_course_id, student_enrolment_id) | Student_Enrolment(_id, degree_program_id, other_details, semester_id, student_enrolment_id, student_id)

Question:
What is the name of the semester with no students enrolled?

MQL:

2026-07-31 16:27:38,301 [INFO   ]   >> OUTPUT : db.Semesters.find({ semester_name: { $nin: db.Student_Enrolment_Courses.distinct("semester_id") } }, { semester_name: 1 })
2026-07-31 16:27:45,416 [INFO   ] [inference] generate_nosql  latency_sec=7.1001  input_tokens=124  output_tokens=98
2026-07-31 16:27:45,416 [INFO   ]   >> INPUT  : Translate the natural language question into a MongoDB MQL query using the provided schema.

Schema:
Courses(_id, course_description, course_id, course_name, other_details) | Semesters(_id, other_details, semester_description, semester_id, semester_name) | Student_Enrolment_Courses(_id, course_id, student_course_id, student_enrolment_id)

Question:
What are all the course names of the courses which ever have students enrolled in?

MQL:

2026-07-31 16:27:45,416 [INFO   ]   >> OUTPUT : db.Student_Enrolment_Courses.aggregate([ { $lookup: { from: "Courses", localField: "course_id", foreignField: "course_id", as: "course_info" } }, { $unwind: "$course_info" }, { $group: { _id: "$course_info.course_name" } }, { $project: { course_name: "$_id" } } ])
2026-07-31 16:27:51,194 [INFO   ] [inference] generate_nosql  latency_sec=5.7534  input_tokens=184  output_tokens=101
2026-07-31 16:27:51,194 [INFO   ]   >> INPUT  : Translate the natural language question into a MongoDB MQL query using the provided schema.

Schema:
Students(_id, cell_mobile_number, current_address_id, date_first_registered, date_left, email_address, first_name, last_name, middle_name, other_student_details, permanent_address_id, ssn, student_id) | Addresses(_id, address_id, city, country, line_1, line_2, line_3, other_address_details, state_province_county, zip_postcode) | Semesters(_id, other_details, semester_description, semester_id, semester_name)

Question:
What is the phone number of the man with the first name Timmothy and the last name Ward?

MQL:

2026-07-31 16:27:51,194 [INFO   ]   >> OUTPUT : db.Students.aggregate([ { $match: { first_name: "Timothy", last_name: "Ward" } }, { $lookup: { from: "Addresses", localField: "student_id", foreignField: "other_address_id", as: "address_info" } }, { $unwind: "$address_info" }, { $project: { phone_number: "$address_info.phone_number" } } ])
2026-07-31 16:27:52,527 [INFO   ] [inference] generate_nosql  latency_sec=1.3154  input_tokens=180  output_tokens=27
2026-07-31 16:27:52,528 [INFO   ]   >> INPUT  : Translate the natural language question into a MongoDB MQL query using the provided schema.

Schema:
Students(_id, cell_mobile_number, current_address_id, date_first_registered, date_left, email_address, first_name, last_name, middle_name, other_student_details, permanent_address_id, ssn, student_id) | Student_Enrolment_Courses(_id, course_id, student_course_id, student_enrolment_id) | Student_Enrolment(_id, degree_program_id, other_details, semester_id, student_enrolment_id, student_id)

Question:
Who is the first student to register? List the first name, middle name and last name.

MQL:

2026-07-31 16:27:52,528 [INFO   ]   >> OUTPUT : db.Students.find({}, {first_name: 1, middle_name: 1, last_name: 1})
2026-07-31 16:27:59,965 [INFO   ] [inference] generate_nosql  latency_sec=7.4232  input_tokens=178  output_tokens=150
2026-07-31 16:27:59,965 [INFO   ]   >> INPUT  : Translate the natural language question into a MongoDB MQL query using the provided schema.

Schema:
Students(_id, cell_mobile_number, current_address_id, date_first_registered, date_left, email_address, first_name, last_name, middle_name, other_student_details, permanent_address_id, ssn, student_id) | Student_Enrolment_Courses(_id, course_id, student_course_id, student_enrolment_id) | Student_Enrolment(_id, degree_program_id, other_details, semester_id, student_enrolment_id, student_id)

Question:
What is the first, middle, and last name of the first student to register?

MQL:

2026-07-31 16:27:59,965 [INFO   ]   >> OUTPUT : db.Students.aggregate([ { $lookup: { from: "Student_Enrolment_Courses", localField: "student_id", foreignField: "student_enrolment_id", as: "enrolment_courses" } }, { $unwind: "$enrolment_courses" }, { $lookup: { from: "Enrolment_Courses", localField: "enrolment_courses.course_id", foreignField: "course_id", as: "enrolment_course" } }, { $unwind: "$enrolment_course" }, { $project: { first_name: "$enrolment_course.
2026-07-31 16:28:07,587 [INFO   ] [inference] generate_nosql  latency_sec=7.6015  input_tokens=173  output_tokens=150
2026-07-31 16:28:07,587 [INFO   ]   >> INPUT  : Translate the natural language question into a MongoDB MQL query using the provided schema.

Schema:
Students(_id, cell_mobile_number, current_address_id, date_first_registered, date_left, email_address, first_name, last_name, middle_name, other_student_details, permanent_address_id, ssn, student_id) | Semesters(_id, other_details, semester_description, semester_id, semester_name) | Student_Enrolment(_id, degree_program_id, other_details, semester_id, student_enrolment_id, student_id)

Question:
Who is the earliest graduate of the school? List the first name, middle name and last name.

MQL:

2026-07-31 16:28:07,587 [INFO   ]   >> OUTPUT : db.Students.aggregate([ { $lookup: { from: "Semesters", localField: "student_id", foreignField: "student_id", as: "semesters" } }, { $unwind: "$semesters" }, { $lookup: { from: "Semesters", localField: "semesters.semester_id", foreignField: "semester_id", as: "semester_info" } }, { $unwind: "$semester_info" }, { $match: { "semester_info.semester_name": "Graduate School" } }, { $sort: { "semester_
2026-07-31 16:28:12,698 [INFO   ] [inference] generate_nosql  latency_sec=5.0966  input_tokens=169  output_tokens=103
2026-07-31 16:28:12,698 [INFO   ]   >> INPUT  : Translate the natural language question into a MongoDB MQL query using the provided schema.

Schema:
Students(_id, cell_mobile_number, current_address_id, date_first_registered, date_left, email_address, first_name, last_name, middle_name, other_student_details, permanent_address_id, ssn, student_id) | Semesters(_id, other_details, semester_description, semester_id, semester_name) | Student_Enrolment(_id, degree_program_id, other_details, semester_id, student_enrolment_id, student_id)

Question:
What is the first, middle, and last name of the earliest school graduate?

MQL:

2026-07-31 16:28:12,698 [INFO   ]   >> OUTPUT : db.Students.aggregate([ { $lookup: { from: "Semesters", localField: "student_id", foreignField: "student_id", as: "semesters" } }, { $unwind: "$semesters" }, { $sort: { "semesters.semester_description": 1 } }, { $limit: 1 }, { $project: { first_name: 1, middle_name: 1, last_name: 1 } } ])
2026-07-31 16:28:18,019 [INFO   ] [inference] generate_nosql  latency_sec=5.3008  input_tokens=179  output_tokens=77
2026-07-31 16:28:18,019 [INFO   ]   >> INPUT  : Translate the natural language question into a MongoDB MQL query using the provided schema.

Schema:
Students(_id, cell_mobile_number, current_address_id, date_first_registered, date_left, email_address, first_name, last_name, middle_name, other_student_details, permanent_address_id, ssn, student_id) | Addresses(_id, address_id, city, country, line_1, line_2, line_3, other_address_details, state_province_county, zip_postcode) | Transcripts(_id, other_details, transcript_date, transcript_id)

Question:
Whose permanent address is different from his or her current address? List his or her first name.

MQL:

2026-07-31 16:28:18,019 [INFO   ]   >> OUTPUT : db.Addresses.aggregate([ { $lookup: { from: "Students", localField: "address_id", foreignField: "permanent_address_id", as: "students" } }, { $match: { "students": { $ne: [] } } }, { $project: { first_name: 1 } } ])
2026-07-31 16:28:25,116 [INFO   ] [inference] generate_nosql  latency_sec=7.0833  input_tokens=173  output_tokens=150
2026-07-31 16:28:25,117 [INFO   ]   >> INPUT  : Translate the natural language question into a MongoDB MQL query using the provided schema.

Schema:
Students(_id, cell_mobile_number, current_address_id, date_first_registered, date_left, email_address, first_name, last_name, middle_name, other_student_details, permanent_address_id, ssn, student_id) | Semesters(_id, other_details, semester_description, semester_id, semester_name) | Student_Enrolment(_id, degree_program_id, other_details, semester_id, student_enrolment_id, student_id)

Question:
What is the first name of the student whose permanent address is different from his or her current one?

MQL:

2026-07-31 16:28:25,117 [INFO   ]   >> OUTPUT : db.Students.aggregate([ { $lookup: { from: "Permanent_Addresses", localField: "permanent_address_id", foreignField: "permanent_address_id", as: "permanent_addresses" } }, { $unwind: "$permanent_addresses" }, { $lookup: { from: "Current_Addresses", localField: "permanent_addresses.address_id", foreignField: "address_id", as: "current_addresses" } }, { $unwind: "$current_addresses" }, { $match: { "current_addresses.address_id": { $ne: "$permanent_add
2026-07-31 16:28:32,297 [INFO   ] [inference] generate_nosql  latency_sec=7.1667  input_tokens=194  output_tokens=132
2026-07-31 16:28:32,298 [INFO   ]   >> INPUT  : Translate the natural language question into a MongoDB MQL query using the provided schema.

Schema:
Students(_id, cell_mobile_number, current_address_id, date_first_registered, date_left, email_address, first_name, last_name, middle_name, other_student_details, permanent_address_id, ssn, student_id) | Addresses(_id, address_id, city, country, line_1, line_2, line_3, other_address_details, state_province_county, zip_postcode) | Student_Enrolment(_id, degree_program_id, other_details, semester_id, student_enrolment_id, student_id)

Question:
Which address holds the most number of students currently? List the address id and all lines.

MQL:

2026-07-31 16:28:32,298 [INFO   ]   >> OUTPUT : db.Addresses.aggregate([ { $group: { _id: "$address_id", count: { $sum: 1 } } }, { $sort: { count: -1 } }, { $limit: 1 }, { $lookup: { from: "Students", localField: "_id", foreignField: "address_id", as: "students" } }, { $unwind: "$students" }, { $project: { address_id: "$_id", line_1: "$students.line_1", line_2: "$students.line_2" } } ])
2026-07-31 16:28:39,550 [INFO   ] [inference] generate_nosql  latency_sec=7.2388  input_tokens=180  output_tokens=144
2026-07-31 16:28:39,550 [INFO   ]   >> INPUT  : Translate the natural language question into a MongoDB MQL query using the provided schema.

Schema:
Students(_id, cell_mobile_number, current_address_id, date_first_registered, date_left, email_address, first_name, last_name, middle_name, other_student_details, permanent_address_id, ssn, student_id) | Student_Enrolment_Courses(_id, course_id, student_course_id, student_enrolment_id) | Student_Enrolment(_id, degree_program_id, other_details, semester_id, student_enrolment_id, student_id)

Question:
What is the id, line 1, and line 2 of the address with the most students?

MQL:

2026-07-31 16:28:39,550 [INFO   ]   >> OUTPUT : db.Students.aggregate([ { $lookup: { from: "Student_Enrolment_Courses", localField: "student_id", foreignField: "student_enrolment_id", as: "enrolment_info" } }, { $unwind: "$enrolment_info" }, { $sort: { "enrolment_info.semester_id": -1 } }, { $limit: 1 }, { $project: { cell_mobile_number: "$enrolment_info.cell_mobile_number", date_first_registered: "$enrolment_info.date_first_registered" } } ])
2026-07-31 16:28:46,620 [INFO   ] [inference] generate_nosql  latency_sec=7.0493  input_tokens=117  output_tokens=135
2026-07-31 16:28:46,620 [INFO   ]   >> INPUT  : Translate the natural language question into a MongoDB MQL query using the provided schema.

Schema:
Courses(_id, course_description, course_id, course_name, other_details) | Semesters(_id, other_details, semester_description, semester_id, semester_name) | Transcript_Contents(_id, student_course_id, transcript_id)

Question:
How many times at most can a course enrollment result show in different transcripts? Also show the course enrollment id.

MQL:

2026-07-31 16:28:46,620 [INFO   ]   >> OUTPUT : db.Courses.aggregate([ { $lookup: { from: "Transcript_Contents", localField: "course_id", foreignField: "student_course_id", as: "transcript_contents" } }, { $unwind: "$transcript_contents" }, { $group: { _id: "$transcript_contents.transcript_id", count: { $sum: 1 } } }, { $match: { count: { $lte: 1 } } }, { $project: { course_id: "$_id", transcript_id: "$_id" } } ])
2026-07-31 16:28:54,077 [INFO   ] [inference] generate_nosql  latency_sec=7.4423  input_tokens=119  output_tokens=114
2026-07-31 16:28:54,077 [INFO   ]   >> INPUT  : Translate the natural language question into a MongoDB MQL query using the provided schema.

Schema:
Courses(_id, course_description, course_id, course_name, other_details) | Semesters(_id, other_details, semester_description, semester_id, semester_name) | Transcript_Contents(_id, student_course_id, transcript_id)

Question:
What is the maximum number of times that a course shows up in different transcripts and what is that course's enrollment id?

MQL:

2026-07-31 16:28:54,077 [INFO   ]   >> OUTPUT : db.Courses.aggregate([ { $lookup: { from: "Transcript_Contents", localField: "course_id", foreignField: "student_course_id", as: "transcript_contents" } }, { $unwind: "$transcript_contents" }, { $group: { _id: "$transcript_contents.transcript_id", count: { $sum: 1 } } }, { $project: { transcript_id: "$_id", count: 1 } } ])
2026-07-31 16:29:01,756 [INFO   ] [inference] generate_nosql  latency_sec=7.6595  input_tokens=135  output_tokens=150
2026-07-31 16:29:01,757 [INFO   ]   >> INPUT  : Translate the natural language question into a MongoDB MQL query using the provided schema.

Schema:
Semesters(_id, other_details, semester_description, semester_id, semester_name) | Student_Enrolment_Courses(_id, course_id, student_course_id, student_enrolment_id) | Student_Enrolment(_id, degree_program_id, other_details, semester_id, student_enrolment_id, student_id)

Question:
Find the semester when both Master students and Bachelor students got enrolled in.

MQL:

2026-07-31 16:29:01,757 [INFO   ]   >> OUTPUT : db.Enrolment.aggregate([ { $lookup: { from: "Student_Enrolment_Courses", localField: "student_enrolment_id", foreignField: "student_enrolment_id", as: "enrolment_info" } }, { $unwind: "$enrolment_info" }, { $lookup: { from: "Semesters", localField: "enrolment_info.semester_id", foreignField: "semester_id", as: "semester_info" } }, { $unwind: "$semester_info" }, { $match: { "semester_info.se
2026-07-31 16:29:09,910 [INFO   ] [inference] generate_nosql  latency_sec=8.1392  input_tokens=139  output_tokens=150
2026-07-31 16:29:09,910 [INFO   ]   >> INPUT  : Translate the natural language question into a MongoDB MQL query using the provided schema.

Schema:
Semesters(_id, other_details, semester_description, semester_id, semester_name) | Student_Enrolment_Courses(_id, course_id, student_course_id, student_enrolment_id) | Student_Enrolment(_id, degree_program_id, other_details, semester_id, student_enrolment_id, student_id)

Question:
What is the id of the semester that had both Masters and Bachelors students enrolled?

MQL:

2026-07-31 16:29:09,910 [INFO   ]   >> OUTPUT : db.Enrolment.aggregate([ { $lookup: { from: "Student_Enrolment_Courses", localField: "student_enrolment_id", foreignField: "student_enrolment_id", as: "enrolment_info" } }, { $unwind: "$enrolment_info" }, { $lookup: { from: "Semesters", localField: "enrolment_info.semester_id", foreignField: "semester_id", as: "semester_info" } }, { $unwind: "$semester_info" }, { $group: { _id: "$semester_
2026-07-31 16:29:14,512 [INFO   ] [inference] generate_nosql  latency_sec=4.5886  input_tokens=125  output_tokens=29
2026-07-31 16:29:14,513 [INFO   ]   >> INPUT  : Translate the natural language question into a MongoDB MQL query using the provided schema.

Schema:
Courses(_id, course_description, course_id, course_name, other_details) | Semesters(_id, other_details, semester_description, semester_id, semester_name) | Student_Enrolment(_id, degree_program_id, other_details, semester_id, student_enrolment_id, student_id)

Question:
List all the student details in reversed lexicographical order.

MQL:

2026-07-31 16:29:14,513 [INFO   ]   >> OUTPUT : db.Student_Enrolment.find({}, {other_details: 1}).sort({other_details: -1})
2026-07-31 16:29:19,465 [INFO   ] [inference] generate_nosql  latency_sec=4.938  input_tokens=168  output_tokens=24
2026-07-31 16:29:19,465 [INFO   ]   >> INPUT  : Translate the natural language question into a MongoDB MQL query using the provided schema.

Schema:
Students(_id, cell_mobile_number, current_address_id, date_first_registered, date_left, email_address, first_name, last_name, middle_name, other_student_details, permanent_address_id, ssn, student_id) | Semesters(_id, other_details, semester_description, semester_id, semester_name) | Student_Enrolment(_id, degree_program_id, other_details, semester_id, student_enrolment_id, student_id)

Question:
What other details can you tell me about students in reverse alphabetical order?

MQL:

2026-07-31 16:29:19,465 [INFO   ]   >> OUTPUT : db.Students.find({}, {other_details: 1}).sort({other_details: 1})
2026-07-31 16:29:26,469 [INFO   ] [inference] generate_nosql  latency_sec=6.9897  input_tokens=109  output_tokens=127
2026-07-31 16:29:26,469 [INFO   ]   >> INPUT  : Translate the natural language question into a MongoDB MQL query using the provided schema.

Schema:
Courses(_id, course_description, course_id, course_name, other_details) | Semesters(_id, other_details, semester_description, semester_id, semester_name) | Sections(_id, course_id, other_details, section_description, section_id, section_name)

Question:
Describe the section h.

MQL:

2026-07-31 16:29:26,469 [INFO   ]   >> OUTPUT : db.Courses.aggregate([ { $lookup: { from: "Sections", localField: "course_id", foreignField: "course_id", as: "sections" } }, { $unwind: "$sections" }, { $lookup: { from: "Semesters", localField: "sections.section_id", foreignField: "section_id", as: "semesters" } }, { $unwind: "$semesters" }, { $project: { section_description: "$semesters.semester_description" } } ])
2026-07-31 16:29:33,052 [INFO   ] [inference] generate_nosql  latency_sec=6.57  input_tokens=113  output_tokens=141
2026-07-31 16:29:33,053 [INFO   ]   >> INPUT  : Translate the natural language question into a MongoDB MQL query using the provided schema.

Schema:
Courses(_id, course_description, course_id, course_name, other_details) | Semesters(_id, other_details, semester_description, semester_id, semester_name) | Sections(_id, course_id, other_details, section_description, section_id, section_name)

Question:
What is the description for the section named h?

MQL:

2026-07-31 16:29:33,053 [INFO   ]   >> OUTPUT : db.Sections.aggregate([ { $lookup: { from: "Courses", localField: "section_id", foreignField: "section_id", as: "courses" } }, { $unwind: "$courses" }, { $lookup: { from: "Semesters", localField: "courses.course_id", foreignField: "course_id", as: "semesters" } }, { $unwind: "$semesters" }, { $match: { "semesters.semester_description": "h" } }, { $project: { section_description: 1 } } ])
2026-07-31 16:29:41,365 [INFO   ] [inference] generate_nosql  latency_sec=8.2986  input_tokens=203  output_tokens=150
2026-07-31 16:29:41,365 [INFO   ]   >> INPUT  : Translate the natural language question into a MongoDB MQL query using the provided schema.

Schema:
Students(_id, cell_mobile_number, current_address_id, date_first_registered, date_left, email_address, first_name, last_name, middle_name, other_student_details, permanent_address_id, ssn, student_id) | Addresses(_id, address_id, city, country, line_1, line_2, line_3, other_address_details, state_province_county, zip_postcode) | Student_Enrolment(_id, degree_program_id, other_details, semester_id, student_enrolment_id, student_id)

Question:
Find the first name of the students who permanently live in the country Haiti or have the cell phone number 09700166582 .

MQL:

2026-07-31 16:29:41,365 [INFO   ]   >> OUTPUT : db.Students.aggregate([ { $lookup: { from: "Addresses", localField: "student_id", foreignField: "student_id", as: "student_addresses" } }, { $unwind: "$student_addresses" }, { $lookup: { from: "Addresses", localField: "student_addresses.address_id", foreignField: "address_id", as: "student_addresses_info" } }, { $unwind: "$student_addresses_info" }, { $match: { $or:[{ "student_addresses_info.country": "Haiti" }, { "student_addresses_info.
2026-07-31 16:29:42,458 [INFO   ] [inference] generate_nosql  latency_sec=1.0793  input_tokens=165  output_tokens=21
2026-07-31 16:29:42,459 [INFO   ]   >> INPUT  : Translate the natural language question into a MongoDB MQL query using the provided schema.

Schema:
TV_Channel(Content, Country, Hight_definition_TV, Language, Package_Option, Pay_per_view_PPV, Pixel_aspect_ratio_PAR, _id, id, series_name) | TV_series(18_49_Rating_Share, Air_Date, Channel, Episode, Rating, Share, Viewers_m, Weekly_Rank, _id, id) | Cartoon(Channel, Directed_by, Original_air_date, Production_code, Title, Written_by, _id, id)

Question:
List the title of all cartoons in alphabetical order.

MQL:

2026-07-31 16:29:42,459 [INFO   ]   >> OUTPUT : db.Cartoon.find({}, {Title: 1}).sort({Title: 1})
2026-07-31 16:29:43,501 [INFO   ] [inference] generate_nosql  latency_sec=1.0287  input_tokens=165  output_tokens=21
2026-07-31 16:29:43,502 [INFO   ]   >> INPUT  : Translate the natural language question into a MongoDB MQL query using the provided schema.

Schema:
TV_Channel(Content, Country, Hight_definition_TV, Language, Package_Option, Pay_per_view_PPV, Pixel_aspect_ratio_PAR, _id, id, series_name) | TV_series(18_49_Rating_Share, Air_Date, Channel, Episode, Rating, Share, Viewers_m, Weekly_Rank, _id, id) | Cartoon(Channel, Directed_by, Original_air_date, Production_code, Title, Written_by, _id, id)

Question:
What are the titles of the cartoons sorted alphabetically?

MQL:

2026-07-31 16:29:43,502 [INFO   ]   >> OUTPUT : db.Cartoon.find({}, {Title: 1}).sort({Title: 1})
2026-07-31 16:29:44,739 [INFO   ] [inference] generate_nosql  latency_sec=1.2243  input_tokens=163  output_tokens=26
2026-07-31 16:29:44,740 [INFO   ]   >> INPUT  : Translate the natural language question into a MongoDB MQL query using the provided schema.

Schema:
TV_Channel(Content, Country, Hight_definition_TV, Language, Package_Option, Pay_per_view_PPV, Pixel_aspect_ratio_PAR, _id, id, series_name) | TV_series(18_49_Rating_Share, Air_Date, Channel, Episode, Rating, Share, Viewers_m, Weekly_Rank, _id, id) | Cartoon(Channel, Directed_by, Original_air_date, Production_code, Title, Written_by, _id, id)

Question:
List all cartoon directed by 'Ben Jones'.

MQL:

2026-07-31 16:29:44,740 [INFO   ]   >> OUTPUT : db.Cartoon.find({Directed_by: 'Ben Jones'}, {Directed_by: 1})
2026-07-31 16:29:46,030 [INFO   ] [inference] generate_nosql  latency_sec=1.276  input_tokens=166  output_tokens=22
2026-07-31 16:29:46,031 [INFO   ]   >> INPUT  : Translate the natural language question into a MongoDB MQL query using the provided schema.

Schema:
TV_Channel(Content, Country, Hight_definition_TV, Language, Package_Option, Pay_per_view_PPV, Pixel_aspect_ratio_PAR, _id, id, series_name) | TV_series(18_49_Rating_Share, Air_Date, Channel, Episode, Rating, Share, Viewers_m, Weekly_Rank, _id, id) | Cartoon(Channel, Directed_by, Original_air_date, Production_code, Title, Written_by, _id, id)

Question:
What are the names of all cartoons directed by Ben Jones?

MQL:

2026-07-31 16:29:46,031 [INFO   ]   >> OUTPUT : db.Cartoon.find({Written_by: 'Ben Jones'}, {Title: 1})
2026-07-31 16:29:47,767 [INFO   ] [inference] generate_nosql  latency_sec=1.7228  input_tokens=166  output_tokens=27
2026-07-31 16:29:47,768 [INFO   ]   >> INPUT  : Translate the natural language question into a MongoDB MQL query using the provided schema.

Schema:
TV_Channel(Content, Country, Hight_definition_TV, Language, Package_Option, Pay_per_view_PPV, Pixel_aspect_ratio_PAR, _id, id, series_name) | TV_series(18_49_Rating_Share, Air_Date, Channel, Episode, Rating, Share, Viewers_m, Weekly_Rank, _id, id) | Cartoon(Channel, Directed_by, Original_air_date, Production_code, Title, Written_by, _id, id)

Question:
list all cartoon titles and their directors ordered by their air date

MQL:

2026-07-31 16:29:47,768 [INFO   ]   >> OUTPUT : db.Cartoon.find({}, {Title: 1, Directors: 1}).sort({Air_Date: 1})
2026-07-31 16:29:49,602 [INFO   ] [inference] generate_nosql  latency_sec=1.8118  input_tokens=171  output_tokens=27
2026-07-31 16:29:49,602 [INFO   ]   >> INPUT  : Translate the natural language question into a MongoDB MQL query using the provided schema.

Schema:
TV_Channel(Content, Country, Hight_definition_TV, Language, Package_Option, Pay_per_view_PPV, Pixel_aspect_ratio_PAR, _id, id, series_name) | TV_series(18_49_Rating_Share, Air_Date, Channel, Episode, Rating, Share, Viewers_m, Weekly_Rank, _id, id) | Cartoon(Channel, Directed_by, Original_air_date, Production_code, Title, Written_by, _id, id)

Question:
What is the name and directors of all the cartoons that are ordered by air date?

MQL:

2026-07-31 16:29:49,602 [INFO   ]   >> OUTPUT : db.Cartoon.find({}, {Title: 1, Directors: 1}).sort({Air_Date: 1})
2026-07-31 16:29:52,077 [INFO   ] [inference] generate_nosql  latency_sec=2.4472  input_tokens=172  output_tokens=33
2026-07-31 16:29:52,078 [INFO   ]   >> INPUT  : Translate the natural language question into a MongoDB MQL query using the provided schema.

Schema:
TV_Channel(Content, Country, Hight_definition_TV, Language, Package_Option, Pay_per_view_PPV, Pixel_aspect_ratio_PAR, _id, id, series_name) | TV_series(18_49_Rating_Share, Air_Date, Channel, Episode, Rating, Share, Viewers_m, Weekly_Rank, _id, id) | Cartoon(Channel, Directed_by, Original_air_date, Production_code, Title, Written_by, _id, id)

Question:
List the title of all cartoon directed by 'Ben Jones' or 'Brandon Vietti'.

MQL:

2026-07-31 16:29:52,078 [INFO   ]   >> OUTPUT : db.Cartoon.find({Directed_by: {$in: ["Ben Jones", "Brandon Vietti"]}}, {Title: 1})
2026-07-31 16:29:54,597 [INFO   ] [inference] generate_nosql  latency_sec=2.5046  input_tokens=170  output_tokens=33
2026-07-31 16:29:54,597 [INFO   ]   >> INPUT  : Translate the natural language question into a MongoDB MQL query using the provided schema.

Schema:
TV_Channel(Content, Country, Hight_definition_TV, Language, Package_Option, Pay_per_view_PPV, Pixel_aspect_ratio_PAR, _id, id, series_name) | TV_series(18_49_Rating_Share, Air_Date, Channel, Episode, Rating, Share, Viewers_m, Weekly_Rank, _id, id) | Cartoon(Channel, Directed_by, Original_air_date, Production_code, Title, Written_by, _id, id)

Question:
What are the titles of all cartoons directed by Ben Jones or Brandon Vietti?

MQL:

2026-07-31 16:29:54,597 [INFO   ]   >> OUTPUT : db.Cartoon.find({Directed_by: {$in: ["Ben Jones", "Brandon Vietti"]}}, {Title: 1})
2026-07-31 16:29:57,045 [INFO   ] [inference] generate_nosql  latency_sec=2.4316  input_tokens=176  output_tokens=49
2026-07-31 16:29:57,045 [INFO   ]   >> INPUT  : Translate the natural language question into a MongoDB MQL query using the provided schema.

Schema:
TV_Channel(Content, Country, Hight_definition_TV, Language, Package_Option, Pay_per_view_PPV, Pixel_aspect_ratio_PAR, _id, id, series_name) | TV_series(18_49_Rating_Share, Air_Date, Channel, Episode, Rating, Share, Viewers_m, Weekly_Rank, _id, id) | Cartoon(Channel, Directed_by, Original_air_date, Production_code, Title, Written_by, _id, id)

Question:
Which country has the most of TV Channels? List the country and number of TV Channels it has.

MQL:

2026-07-31 16:29:57,045 [INFO   ]   >> OUTPUT : db.TV_Channel.aggregate([ { $group: { _id: "$Country", count: { $sum: 1 } } }, { $sort: { count: -1 } }, { $limit: 1 } ])
2026-07-31 16:29:59,427 [INFO   ] [inference] generate_nosql  latency_sec=2.3675  input_tokens=173  output_tokens=43
2026-07-31 16:29:59,427 [INFO   ]   >> INPUT  : Translate the natural language question into a MongoDB MQL query using the provided schema.

Schema:
TV_Channel(Content, Country, Hight_definition_TV, Language, Package_Option, Pay_per_view_PPV, Pixel_aspect_ratio_PAR, _id, id, series_name) | TV_series(18_49_Rating_Share, Air_Date, Channel, Episode, Rating, Share, Viewers_m, Weekly_Rank, _id, id) | Cartoon(Channel, Directed_by, Original_air_date, Production_code, Title, Written_by, _id, id)

Question:
What is the country with the most number of TV Channels and how many does it have?

MQL:

2026-07-31 16:29:59,427 [INFO   ]   >> OUTPUT : db.TV_Channel.aggregate([ { $group: { _id: "$Country", count: { $sum: 1 } } }, { $sort: { count: -1 } } ])
2026-07-31 16:30:02,135 [INFO   ] [inference] generate_nosql  latency_sec=2.6937  input_tokens=169  output_tokens=34
2026-07-31 16:30:02,135 [INFO   ]   >> INPUT  : Translate the natural language question into a MongoDB MQL query using the provided schema.

Schema:
TV_Channel(Content, Country, Hight_definition_TV, Language, Package_Option, Pay_per_view_PPV, Pixel_aspect_ratio_PAR, _id, id, series_name) | TV_series(18_49_Rating_Share, Air_Date, Channel, Episode, Rating, Share, Viewers_m, Weekly_Rank, _id, id) | Cartoon(Channel, Directed_by, Original_air_date, Production_code, Title, Written_by, _id, id)

Question:
List the number of different series names and contents in the TV Channel table.

MQL:

2026-07-31 16:30:02,135 [INFO   ]   >> OUTPUT : db.TV_Channel.aggregate([ { $group: { _id: "$series_name", count: { $sum: 1 } } } ])
2026-07-31 16:30:04,972 [INFO   ] [inference] generate_nosql  latency_sec=2.8109  input_tokens=168  output_tokens=34
2026-07-31 16:30:04,972 [INFO   ]   >> INPUT  : Translate the natural language question into a MongoDB MQL query using the provided schema.

Schema:
TV_Channel(Content, Country, Hight_definition_TV, Language, Package_Option, Pay_per_view_PPV, Pixel_aspect_ratio_PAR, _id, id, series_name) | TV_series(18_49_Rating_Share, Air_Date, Channel, Episode, Rating, Share, Viewers_m, Weekly_Rank, _id, id) | Cartoon(Channel, Directed_by, Original_air_date, Production_code, Title, Written_by, _id, id)

Question:
How many different series and contents are listed in the TV Channel table?

MQL:

2026-07-31 16:30:04,972 [INFO   ]   >> OUTPUT : db.TV_Channel.aggregate([ { $group: { _id: "$series_name", count: { $sum: 1 } } } ])
2026-07-31 16:30:06,112 [INFO   ] [inference] generate_nosql  latency_sec=1.1263  input_tokens=168  output_tokens=23
2026-07-31 16:30:06,113 [INFO   ]   >> INPUT  : Translate the natural language question into a MongoDB MQL query using the provided schema.

Schema:
TV_Channel(Content, Country, Hight_definition_TV, Language, Package_Option, Pay_per_view_PPV, Pixel_aspect_ratio_PAR, _id, id, series_name) | TV_series(18_49_Rating_Share, Air_Date, Channel, Episode, Rating, Share, Viewers_m, Weekly_Rank, _id, id) | Cartoon(Channel, Directed_by, Original_air_date, Production_code, Title, Written_by, _id, id)

Question:
What is the content of TV Channel with serial name 'Sky Radio'?

MQL:

2026-07-31 16:30:06,113 [INFO   ]   >> OUTPUT : db.TV_channel.find({series_name: 'Sky Radio'}, {Content: 1})
2026-07-31 16:30:07,298 [INFO   ] [inference] generate_nosql  latency_sec=1.1711  input_tokens=164  output_tokens=23
2026-07-31 16:30:07,299 [INFO   ]   >> INPUT  : Translate the natural language question into a MongoDB MQL query using the provided schema.

Schema:
TV_Channel(Content, Country, Hight_definition_TV, Language, Package_Option, Pay_per_view_PPV, Pixel_aspect_ratio_PAR, _id, id, series_name) | TV_series(18_49_Rating_Share, Air_Date, Channel, Episode, Rating, Share, Viewers_m, Weekly_Rank, _id, id) | Cartoon(Channel, Directed_by, Original_air_date, Production_code, Title, Written_by, _id, id)

Question:
What is the content of the series Sky Radio?

MQL:

2026-07-31 16:30:07,299 [INFO   ]   >> OUTPUT : db.TV_series.find({series_name: 'Sky Radio'}, {Content: 1})
2026-07-31 16:30:08,581 [INFO   ] [inference] generate_nosql  latency_sec=1.2688  input_tokens=169  output_tokens=25
2026-07-31 16:30:08,582 [INFO   ]   >> INPUT  : Translate the natural language question into a MongoDB MQL query using the provided schema.

Schema:
TV_Channel(Content, Country, Hight_definition_TV, Language, Package_Option, Pay_per_view_PPV, Pixel_aspect_ratio_PAR, _id, id, series_name) | TV_series(18_49_Rating_Share, Air_Date, Channel, Episode, Rating, Share, Viewers_m, Weekly_Rank, _id, id) | Cartoon(Channel, Directed_by, Original_air_date, Production_code, Title, Written_by, _id, id)

Question:
What is the Package Option of TV Channel with serial name 'Sky Radio'?

MQL:

2026-07-31 16:30:08,582 [INFO   ]   >> OUTPUT : db.TV_Channel.find({series_name: 'Sky Radio'}, { Package_Option: 1})
2026-07-31 16:30:12,667 [INFO   ] [inference] generate_nosql  latency_sec=4.0705  input_tokens=171  output_tokens=82
2026-07-31 16:30:12,667 [INFO   ]   >> INPUT  : Translate the natural language question into a MongoDB MQL query using the provided schema.

Schema:
TV_Channel(Content, Country, Hight_definition_TV, Language, Package_Option, Pay_per_view_PPV, Pixel_aspect_ratio_PAR, _id, id, series_name) | TV_series(18_49_Rating_Share, Air_Date, Channel, Episode, Rating, Share, Viewers_m, Weekly_Rank, _id, id) | Cartoon(Channel, Directed_by, Original_air_date, Production_code, Title, Written_by, _id, id)

Question:
What are the Package Options of the TV Channels whose series names are Sky Radio?

MQL:

2026-07-31 16:30:12,667 [INFO   ]   >> OUTPUT : db.TV_Channel.aggregate([ { $lookup: { from: "TV_series", localField: "id", foreignField: "id", as: "series" } }, { $unwind: "$series" }, { $match: { "series.series_name": "Sky Radio" } }, { $project: { Package_Option: 1 } } ])
2026-07-31 16:30:15,013 [INFO   ] [inference] generate_nosql  latency_sec=2.3324  input_tokens=172  output_tokens=49
2026-07-31 16:30:15,013 [INFO   ]   >> INPUT  : Translate the natural language question into a MongoDB MQL query using the provided schema.

Schema:
TV_Channel(Content, Country, Hight_definition_TV, Language, Package_Option, Pay_per_view_PPV, Pixel_aspect_ratio_PAR, _id, id, series_name) | TV_series(18_49_Rating_Share, Air_Date, Channel, Episode, Rating, Share, Viewers_m, Weekly_Rank, _id, id) | Cartoon(Channel, Directed_by, Original_air_date, Production_code, Title, Written_by, _id, id)

Question:
List the language used least number of TV Channel. List language and number of TV Channel.

MQL:

2026-07-31 16:30:15,013 [INFO   ]   >> OUTPUT : db.TV_Channel.aggregate([ { $group: { _id: "$Language", count: { $sum: 1 } } }, { $sort: { count: -1 } }, { $limit: 1 } ])
2026-07-31 16:30:19,041 [INFO   ] [inference] generate_nosql  latency_sec=4.0075  input_tokens=174  output_tokens=49
2026-07-31 16:30:19,041 [INFO   ]   >> INPUT  : Translate the natural language question into a MongoDB MQL query using the provided schema.

Schema:
TV_Channel(Content, Country, Hight_definition_TV, Language, Package_Option, Pay_per_view_PPV, Pixel_aspect_ratio_PAR, _id, id, series_name) | TV_series(18_49_Rating_Share, Air_Date, Channel, Episode, Rating, Share, Viewers_m, Weekly_Rank, _id, id) | Cartoon(Channel, Directed_by, Original_air_date, Production_code, Title, Written_by, _id, id)

Question:
What are the languages used by the least number of TV Channels and how many channels use it?

MQL:

2026-07-31 16:30:19,041 [INFO   ]   >> OUTPUT : db.TV_Channel.aggregate([ { $group: { _id: "$Language", count: { $sum: 1 } } }, { $sort: { count: -1 } }, { $limit: 1 } ])
2026-07-31 16:30:21,346 [INFO   ] [inference] generate_nosql  latency_sec=2.2917  input_tokens=167  output_tokens=32
2026-07-31 16:30:21,346 [INFO   ]   >> INPUT  : Translate the natural language question into a MongoDB MQL query using the provided schema.

Schema:
TV_Channel(Content, Country, Hight_definition_TV, Language, Package_Option, Pay_per_view_PPV, Pixel_aspect_ratio_PAR, _id, id, series_name) | TV_series(18_49_Rating_Share, Air_Date, Channel, Episode, Rating, Share, Viewers_m, Weekly_Rank, _id, id) | Cartoon(Channel, Directed_by, Original_air_date, Production_code, Title, Written_by, _id, id)

Question:
List each language and the number of TV Channels using it.

MQL:

2026-07-31 16:30:21,347 [INFO   ]   >> OUTPUT : db.TV_Channel.aggregate([ { $group: { _id: "$Language", count: { $sum: 1 } } } ])
2026-07-31 16:30:23,376 [INFO   ] [inference] generate_nosql  latency_sec=2.0158  input_tokens=169  output_tokens=32
2026-07-31 16:30:23,377 [INFO   ]   >> INPUT  : Translate the natural language question into a MongoDB MQL query using the provided schema.

Schema:
TV_Channel(Content, Country, Hight_definition_TV, Language, Package_Option, Pay_per_view_PPV, Pixel_aspect_ratio_PAR, _id, id, series_name) | TV_series(18_49_Rating_Share, Air_Date, Channel, Episode, Rating, Share, Viewers_m, Weekly_Rank, _id, id) | Cartoon(Channel, Directed_by, Original_air_date, Production_code, Title, Written_by, _id, id)

Question:
For each language, list the number of TV Channels that use it.

MQL:

2026-07-31 16:30:23,377 [INFO   ]   >> OUTPUT : db.TV_Channel.aggregate([ { $group: { _id: "$Language", count: { $sum: 1 } } } ])
2026-07-31 16:30:27,913 [INFO   ] [inference] generate_nosql  latency_sec=4.5219  input_tokens=180  output_tokens=92
2026-07-31 16:30:27,913 [INFO   ]   >> INPUT  : Translate the natural language question into a MongoDB MQL query using the provided schema.

Schema:
TV_Channel(Content, Country, Hight_definition_TV, Language, Package_Option, Pay_per_view_PPV, Pixel_aspect_ratio_PAR, _id, id, series_name) | TV_series(18_49_Rating_Share, Air_Date, Channel, Episode, Rating, Share, Viewers_m, Weekly_Rank, _id, id) | Cartoon(Channel, Directed_by, Original_air_date, Production_code, Title, Written_by, _id, id)

Question:
What is the TV Channel that shows the cartoon 'The Rise of the Blue Beetle!'? List the TV Channel's series name.

MQL:

2026-07-31 16:30:27,913 [INFO   ]   >> OUTPUT : db.TV_channel.aggregate([ { $lookup: { from: "Cartoon", localField: "Channel", foreignField: "Channel", as: "cartoon_info" } }, { $unwind: "$cartoon_info" }, { $match: { "cartoon_info.Title": "The Rise of the Blue Beetle" } }, { $project: { series_name: 1 } } ])
2026-07-31 16:30:33,263 [INFO   ] [inference] generate_nosql  latency_sec=5.3353  input_tokens=175  output_tokens=92
2026-07-31 16:30:33,263 [INFO   ]   >> INPUT  : Translate the natural language question into a MongoDB MQL query using the provided schema.

Schema:
TV_Channel(Content, Country, Hight_definition_TV, Language, Package_Option, Pay_per_view_PPV, Pixel_aspect_ratio_PAR, _id, id, series_name) | TV_series(18_49_Rating_Share, Air_Date, Channel, Episode, Rating, Share, Viewers_m, Weekly_Rank, _id, id) | Cartoon(Channel, Directed_by, Original_air_date, Production_code, Title, Written_by, _id, id)

Question:
What is the series name of the TV Channel that shows the cartoon 'The Rise of the Blue Beetle'?

MQL:

2026-07-31 16:30:33,263 [INFO   ]   >> OUTPUT : db.TV_channel.aggregate([ { $lookup: { from: "Cartoon", localField: "Channel", foreignField: "Channel", as: "cartoon_info" } }, { $unwind: "$cartoon_info" }, { $match: { "cartoon_info.Title": "The Rise of the Blue Beetle" } }, { $project: { series_name: 1 } } ])
2026-07-31 16:30:39,059 [INFO   ] [inference] generate_nosql  latency_sec=5.7805  input_tokens=172  output_tokens=114
2026-07-31 16:30:39,059 [INFO   ]   >> INPUT  : Translate the natural language question into a MongoDB MQL query using the provided schema.

Schema:
TV_Channel(Content, Country, Hight_definition_TV, Language, Package_Option, Pay_per_view_PPV, Pixel_aspect_ratio_PAR, _id, id, series_name) | TV_series(18_49_Rating_Share, Air_Date, Channel, Episode, Rating, Share, Viewers_m, Weekly_Rank, _id, id) | Cartoon(Channel, Directed_by, Original_air_date, Production_code, Title, Written_by, _id, id)

Question:
List the title of all Cartoons showed on TV Channel with series name 'Sky Radio'.

MQL:

2026-07-31 16:30:39,059 [INFO   ]   >> OUTPUT : db.Cartoon.aggregate([ { $lookup: { from: "TV_channel", localField: "Channel", foreignField: "id", as: "channel_info" } }, { $lookup: { from: "TV_series", localField: "channel_info.series_name", foreignField: "id", as: "series_info" } }, { $match: { "series_info.series_name": "Sky Radio" } }, { $project: { Title: 1 } } ])
2026-07-31 16:30:43,597 [INFO   ] [inference] generate_nosql  latency_sec=4.5249  input_tokens=177  output_tokens=89
2026-07-31 16:30:43,598 [INFO   ]   >> INPUT  : Translate the natural language question into a MongoDB MQL query using the provided schema.

Schema:
TV_Channel(Content, Country, Hight_definition_TV, Language, Package_Option, Pay_per_view_PPV, Pixel_aspect_ratio_PAR, _id, id, series_name) | TV_series(18_49_Rating_Share, Air_Date, Channel, Episode, Rating, Share, Viewers_m, Weekly_Rank, _id, id) | Cartoon(Channel, Directed_by, Original_air_date, Production_code, Title, Written_by, _id, id)

Question:
What is the title of all the cartools that are on the TV Channel with the series name 'Sky Radio'?

MQL:

2026-07-31 16:30:43,598 [INFO   ]   >> OUTPUT : db.TV_channel.aggregate([ { $match: { series_name: "Sky Radio" } }, { $lookup: { from: "Cartoon", localField: "Channel", foreignField: "Channel", as: "cartoon_info" } }, { $unwind: "$cartoon_info" }, { $project: { Title: "$cartoon_info.Title" } } ])
2026-07-31 16:30:45,598 [INFO   ] [inference] generate_nosql  latency_sec=1.9805  input_tokens=165  output_tokens=22
2026-07-31 16:30:45,598 [INFO   ]   >> INPUT  : Translate the natural language question into a MongoDB MQL query using the provided schema.

Schema:
TV_Channel(Content, Country, Hight_definition_TV, Language, Package_Option, Pay_per_view_PPV, Pixel_aspect_ratio_PAR, _id, id, series_name) | TV_series(18_49_Rating_Share, Air_Date, Channel, Episode, Rating, Share, Viewers_m, Weekly_Rank, _id, id) | Cartoon(Channel, Directed_by, Original_air_date, Production_code, Title, Written_by, _id, id)

Question:
List the Episode of all TV series sorted by rating.

MQL:

2026-07-31 16:30:45,599 [INFO   ]   >> OUTPUT : db.TV_series.find({}, { Episode: 1 }).sort({ Rating: 1 })
2026-07-31 16:30:46,927 [INFO   ] [inference] generate_nosql  latency_sec=1.3082  input_tokens=164  output_tokens=22
2026-07-31 16:30:46,928 [INFO   ]   >> INPUT  : Translate the natural language question into a MongoDB MQL query using the provided schema.

Schema:
TV_Channel(Content, Country, Hight_definition_TV, Language, Package_Option, Pay_per_view_PPV, Pixel_aspect_ratio_PAR, _id, id, series_name) | TV_series(18_49_Rating_Share, Air_Date, Channel, Episode, Rating, Share, Viewers_m, Weekly_Rank, _id, id) | Cartoon(Channel, Directed_by, Original_air_date, Production_code, Title, Written_by, _id, id)

Question:
What are all of the episodes ordered by ratings?

MQL:

2026-07-31 16:30:46,928 [INFO   ]   >> OUTPUT : db.TV_series.find({}, { Episode: 1 }).sort({ Rating: 1 })
2026-07-31 16:30:51,651 [INFO   ] [inference] generate_nosql  latency_sec=4.7098  input_tokens=171  output_tokens=92
2026-07-31 16:30:51,652 [INFO   ]   >> INPUT  : Translate the natural language question into a MongoDB MQL query using the provided schema.

Schema:
TV_Channel(Content, Country, Hight_definition_TV, Language, Package_Option, Pay_per_view_PPV, Pixel_aspect_ratio_PAR, _id, id, series_name) | TV_series(18_49_Rating_Share, Air_Date, Channel, Episode, Rating, Share, Viewers_m, Weekly_Rank, _id, id) | Cartoon(Channel, Directed_by, Original_air_date, Production_code, Title, Written_by, _id, id)

Question:
List top 3 highest Rating TV series. List the TV series's Episode and Rating.

MQL:

2026-07-31 16:30:51,652 [INFO   ]   >> OUTPUT : db.TV_channel.aggregate([ { $lookup: { from: "TV_series", localField: "id", foreignField: "id", as: "series" } }, { $unwind: "$series" }, { $sort: { "series.Rating": 1 } }, { $limit: 3 }, { $project: { Episode: "$series.Episode", Rating: "$series.Rating" } } ])
2026-07-31 16:30:57,129 [INFO   ] [inference] generate_nosql  latency_sec=5.4631  input_tokens=172  output_tokens=71
2026-07-31 16:30:57,130 [INFO   ]   >> INPUT  : Translate the natural language question into a MongoDB MQL query using the provided schema.

Schema:
TV_Channel(Content, Country, Hight_definition_TV, Language, Package_Option, Pay_per_view_PPV, Pixel_aspect_ratio_PAR, _id, id, series_name) | TV_series(18_49_Rating_Share, Air_Date, Channel, Episode, Rating, Share, Viewers_m, Weekly_Rank, _id, id) | Cartoon(Channel, Directed_by, Original_air_date, Production_code, Title, Written_by, _id, id)

Question:
What are 3 most highly rated episodes in the TV series table and what were those ratings?

MQL:

2026-07-31 16:30:57,130 [INFO   ]   >> OUTPUT : db.TV_series.aggregate([ { $group: { _id: "$Episode", AverageRating: { $avg: "$Rating" } } }, { $sort: { AverageRating: -1 } }, { $limit: 3 }, { $project: { Episode: "$_id", AverageRating: 1 } } ])
2026-07-31 16:31:00,859 [INFO   ] [inference] generate_nosql  latency_sec=3.7091  input_tokens=164  output_tokens=61
2026-07-31 16:31:00,859 [INFO   ]   >> INPUT  : Translate the natural language question into a MongoDB MQL query using the provided schema.

Schema:
TV_Channel(Content, Country, Hight_definition_TV, Language, Package_Option, Pay_per_view_PPV, Pixel_aspect_ratio_PAR, _id, id, series_name) | TV_series(18_49_Rating_Share, Air_Date, Channel, Episode, Rating, Share, Viewers_m, Weekly_Rank, _id, id) | Cartoon(Channel, Directed_by, Original_air_date, Production_code, Title, Written_by, _id, id)

Question:
What is minimum and maximum share of TV series?

MQL:

2026-07-31 16:31:00,859 [INFO   ]   >> OUTPUT : db.TV_series.aggregate([ { $group: { _id: null, minShare: { $min: "$Share" }, maxShare: { $max: "$Share" } } }, { $project: { minShare: 1, maxShare: 1 } } ])
2026-07-31 16:31:03,965 [INFO   ] [inference] generate_nosql  latency_sec=3.0918  input_tokens=166  output_tokens=65
2026-07-31 16:31:03,965 [INFO   ]   >> INPUT  : Translate the natural language question into a MongoDB MQL query using the provided schema.

Schema:
TV_Channel(Content, Country, Hight_definition_TV, Language, Package_Option, Pay_per_view_PPV, Pixel_aspect_ratio_PAR, _id, id, series_name) | TV_series(18_49_Rating_Share, Air_Date, Channel, Episode, Rating, Share, Viewers_m, Weekly_Rank, _id, id) | Cartoon(Channel, Directed_by, Original_air_date, Production_code, Title, Written_by, _id, id)

Question:
What is the maximum and minimum share for the TV series?

MQL:

2026-07-31 16:31:03,965 [INFO   ]   >> OUTPUT : db.TV_series.aggregate([ { $group: { _id: null, max_share: { $max: "$Share" }, min_share: { $min: "$Share" } } }, { $project: { max_share: 1, min_share: 1 } } ])
2026-07-31 16:31:08,509 [INFO   ] [inference] generate_nosql  latency_sec=4.5295  input_tokens=171  output_tokens=96
2026-07-31 16:31:08,509 [INFO   ]   >> INPUT  : Translate the natural language question into a MongoDB MQL query using the provided schema.

Schema:
TV_Channel(Content, Country, Hight_definition_TV, Language, Package_Option, Pay_per_view_PPV, Pixel_aspect_ratio_PAR, _id, id, series_name) | TV_series(18_49_Rating_Share, Air_Date, Channel, Episode, Rating, Share, Viewers_m, Weekly_Rank, _id, id) | Cartoon(Channel, Directed_by, Original_air_date, Production_code, Title, Written_by, _id, id)

Question:
What is the air date of TV series with Episode 'A Love of a Lifetime'?

MQL:

2026-07-31 16:31:08,509 [INFO   ]   >> OUTPUT : db.TV_series.aggregate([ { $match: { Episode: "A Love of a Lifetime" } }, { $lookup: { from: "Cartoon", localField: "id", foreignField: "id", as: "cartoon_info" } }, { $unwind: "$cartoon_info" }, { $project: { air_date: "$cartoon_info.Original_air_date" } } ])
2026-07-31 16:31:16,193 [INFO   ] [inference] generate_nosql  latency_sec=7.6705  input_tokens=167  output_tokens=92
2026-07-31 16:31:16,193 [INFO   ]   >> INPUT  : Translate the natural language question into a MongoDB MQL query using the provided schema.

Schema:
TV_Channel(Content, Country, Hight_definition_TV, Language, Package_Option, Pay_per_view_PPV, Pixel_aspect_ratio_PAR, _id, id, series_name) | TV_series(18_49_Rating_Share, Air_Date, Channel, Episode, Rating, Share, Viewers_m, Weekly_Rank, _id, id) | Cartoon(Channel, Directed_by, Original_air_date, Production_code, Title, Written_by, _id, id)

Question:
When did the episode 'A Love of a Lifetime' air?

MQL:

2026-07-31 16:31:16,193 [INFO   ]   >> OUTPUT : db.TV_series.aggregate([ { $match: { Episode: "A Love of a Lifetime" } }, { $lookup: { from: "TV_channel", localField: "id", foreignField: "Channel", as: "channel_info" } }, { $unwind: "$channel_info" }, { $project: { air_date: "$channel_info.Air_Date" } } ])
2026-07-31 16:31:20,754 [INFO   ] [inference] generate_nosql  latency_sec=4.5466  input_tokens=170  output_tokens=95
2026-07-31 16:31:20,754 [INFO   ]   >> INPUT  : Translate the natural language question into a MongoDB MQL query using the provided schema.

Schema:
TV_Channel(Content, Country, Hight_definition_TV, Language, Package_Option, Pay_per_view_PPV, Pixel_aspect_ratio_PAR, _id, id, series_name) | TV_series(18_49_Rating_Share, Air_Date, Channel, Episode, Rating, Share, Viewers_m, Weekly_Rank, _id, id) | Cartoon(Channel, Directed_by, Original_air_date, Production_code, Title, Written_by, _id, id)

Question:
What is Weekly Rank of TV series with Episode 'A Love of a Lifetime'?

MQL:

2026-07-31 16:31:20,754 [INFO   ]   >> OUTPUT : db.TV_series.aggregate([ { $match: { Episode: "A Love of a Lifetime" } }, { $lookup: { from: "Cartoon", localField: "id", foreignField: "id", as: "cartoon_info" } }, { $unwind: "$cartoon_info" }, { $project: { Weekly_Rank: "$cartoon_info.Weekly_Rank" } } ])
2026-07-31 16:31:25,775 [INFO   ] [inference] generate_nosql  latency_sec=5.0047  input_tokens=169  output_tokens=95
2026-07-31 16:31:25,776 [INFO   ]   >> INPUT  : Translate the natural language question into a MongoDB MQL query using the provided schema.

Schema:
TV_Channel(Content, Country, Hight_definition_TV, Language, Package_Option, Pay_per_view_PPV, Pixel_aspect_ratio_PAR, _id, id, series_name) | TV_series(18_49_Rating_Share, Air_Date, Channel, Episode, Rating, Share, Viewers_m, Weekly_Rank, _id, id) | Cartoon(Channel, Directed_by, Original_air_date, Production_code, Title, Written_by, _id, id)

Question:
What is the weekly rank for the episode 'A Love of a Lifetime'?

MQL:

2026-07-31 16:31:25,776 [INFO   ]   >> OUTPUT : db.TV_series.aggregate([ { $match: { Episode: "A Love of a Lifetime" } }, { $lookup: { from: "Cartoon", localField: "id", foreignField: "id", as: "cartoon_info" } }, { $unwind: "$cartoon_info" }, { $project: { Weekly_Rank: "$cartoon_info.Weekly_Rank" } } ])
2026-07-31 16:31:30,735 [INFO   ] [inference] generate_nosql  latency_sec=4.9323  input_tokens=179  output_tokens=91
2026-07-31 16:31:30,735 [INFO   ]   >> INPUT  : Translate the natural language question into a MongoDB MQL query using the provided schema.

Schema:
TV_Channel(Content, Country, Hight_definition_TV, Language, Package_Option, Pay_per_view_PPV, Pixel_aspect_ratio_PAR, _id, id, series_name) | TV_series(18_49_Rating_Share, Air_Date, Channel, Episode, Rating, Share, Viewers_m, Weekly_Rank, _id, id) | Cartoon(Channel, Directed_by, Original_air_date, Production_code, Title, Written_by, _id, id)

Question:
What is the TV Channel of TV series with Episode 'A Love of a Lifetime'? List the TV Channel's series name.

MQL:

2026-07-31 16:31:30,735 [INFO   ]   >> OUTPUT : db.TV_series.aggregate([ { $lookup: { from: "TV_Channel", localField: "id", foreignField: "series_name", as: "channel_info" } }, { $unwind: "$channel_info" }, { $match: { "channel_info.Episode": "A Love of a Lifetime" } }, { $project: { series_name: 1 } } ])
2026-07-31 16:31:35,040 [INFO   ] [inference] generate_nosql  latency_sec=4.2909  input_tokens=172  output_tokens=26
2026-07-31 16:31:35,041 [INFO   ]   >> INPUT  : Translate the natural language question into a MongoDB MQL query using the provided schema.

Schema:
TV_Channel(Content, Country, Hight_definition_TV, Language, Package_Option, Pay_per_view_PPV, Pixel_aspect_ratio_PAR, _id, id, series_name) | TV_series(18_49_Rating_Share, Air_Date, Channel, Episode, Rating, Share, Viewers_m, Weekly_Rank, _id, id) | Cartoon(Channel, Directed_by, Original_air_date, Production_code, Title, Written_by, _id, id)

Question:
What is the name of the series that has the episode 'A Love of a Lifetime'?

MQL:

2026-07-31 16:31:35,041 [INFO   ]   >> OUTPUT : db.TV_series.find({ Episode: 'A Love of a Lifetime' }, { series_name: 1 })
2026-07-31 16:31:42,499 [INFO   ] [inference] generate_nosql  latency_sec=7.4436  input_tokens=172  output_tokens=135
2026-07-31 16:31:42,500 [INFO   ]   >> INPUT  : Translate the natural language question into a MongoDB MQL query using the provided schema.

Schema:
TV_Channel(Content, Country, Hight_definition_TV, Language, Package_Option, Pay_per_view_PPV, Pixel_aspect_ratio_PAR, _id, id, series_name) | TV_series(18_49_Rating_Share, Air_Date, Channel, Episode, Rating, Share, Viewers_m, Weekly_Rank, _id, id) | Cartoon(Channel, Directed_by, Original_air_date, Production_code, Title, Written_by, _id, id)

Question:
List the Episode of all TV series showed on TV Channel with series name 'Sky Radio'.

MQL:

2026-07-31 16:31:42,500 [INFO   ]   >> OUTPUT : db.TV_series.aggregate([ { $lookup: { from: "TV_Channel", localField: "id", foreignField: "Channel", as: "channel_info" } }, { $unwind: "$channel_info" }, { $lookup: { from: "Cartoon", localField: "channel_info.id", foreignField: "id", as: "cartoon_info" } }, { $unwind: "$cartoon_info" }, { $match: { "cartoon_info.Title": "Sky Radio" } }, { $project: { Episode: 1 } } ])
2026-07-31 16:31:43,684 [INFO   ] [inference] generate_nosql  latency_sec=1.1704  input_tokens=167  output_tokens=23
2026-07-31 16:31:43,685 [INFO   ]   >> INPUT  : Translate the natural language question into a MongoDB MQL query using the provided schema.

Schema:
TV_Channel(Content, Country, Hight_definition_TV, Language, Package_Option, Pay_per_view_PPV, Pixel_aspect_ratio_PAR, _id, id, series_name) | TV_series(18_49_Rating_Share, Air_Date, Channel, Episode, Rating, Share, Viewers_m, Weekly_Rank, _id, id) | Cartoon(Channel, Directed_by, Original_air_date, Production_code, Title, Written_by, _id, id)

Question:
What is the episode for the TV series named 'Sky Radio'?

MQL:

2026-07-31 16:31:43,685 [INFO   ]   >> OUTPUT : db.TV_series.find({series_name: 'Sky Radio'}, {episode: 1})
2026-07-31 16:31:46,028 [INFO   ] [inference] generate_nosql  latency_sec=2.3295  input_tokens=167  output_tokens=34
2026-07-31 16:31:46,028 [INFO   ]   >> INPUT  : Translate the natural language question into a MongoDB MQL query using the provided schema.

Schema:
TV_Channel(Content, Country, Hight_definition_TV, Language, Package_Option, Pay_per_view_PPV, Pixel_aspect_ratio_PAR, _id, id, series_name) | TV_series(18_49_Rating_Share, Air_Date, Channel, Episode, Rating, Share, Viewers_m, Weekly_Rank, _id, id) | Cartoon(Channel, Directed_by, Original_air_date, Production_code, Title, Written_by, _id, id)

Question:
Find the number of cartoons directed by each of the listed directors.

MQL:

2026-07-31 16:31:46,028 [INFO   ]   >> OUTPUT : db.Cartoon.aggregate([ { $group: { _id: "$Directed_by", count: { $sum: 1 } } } ])
2026-07-31 16:31:48,243 [INFO   ] [inference] generate_nosql  latency_sec=2.2005  input_tokens=162  output_tokens=34
2026-07-31 16:31:48,243 [INFO   ]   >> INPUT  : Translate the natural language question into a MongoDB MQL query using the provided schema.

Schema:
TV_Channel(Content, Country, Hight_definition_TV, Language, Package_Option, Pay_per_view_PPV, Pixel_aspect_ratio_PAR, _id, id, series_name) | TV_series(18_49_Rating_Share, Air_Date, Channel, Episode, Rating, Share, Viewers_m, Weekly_Rank, _id, id) | Cartoon(Channel, Directed_by, Original_air_date, Production_code, Title, Written_by, _id, id)

Question:
How many cartoons did each director create?

MQL:

2026-07-31 16:31:48,243 [INFO   ]   >> OUTPUT : db.Cartoon.aggregate([ { $group: { _id: "$Directed_by", count: { $sum: 1 } } } ])
2026-07-31 16:31:53,371 [INFO   ] [inference] generate_nosql  latency_sec=5.114  input_tokens=171  output_tokens=87
2026-07-31 16:31:53,371 [INFO   ]   >> INPUT  : Translate the natural language question into a MongoDB MQL query using the provided schema.

Schema:
TV_Channel(Content, Country, Hight_definition_TV, Language, Package_Option, Pay_per_view_PPV, Pixel_aspect_ratio_PAR, _id, id, series_name) | TV_series(18_49_Rating_Share, Air_Date, Channel, Episode, Rating, Share, Viewers_m, Weekly_Rank, _id, id) | Cartoon(Channel, Directed_by, Original_air_date, Production_code, Title, Written_by, _id, id)

Question:
Find the package choice and series name of the TV channel that has high definition TV.

MQL:

2026-07-31 16:31:53,371 [INFO   ]   >> OUTPUT : db.TV_Channel.aggregate([ { $match: { Hight_definition_TV: "high" } }, { $lookup: { from: "TV_series", localField: "id", foreignField: "Channel", as: "series" } }, { $unwind: "$series" }, { $project: { series_name: "$series.series_name" } } ])
2026-07-31 16:31:59,066 [INFO   ] [inference] generate_nosql  latency_sec=5.6739  input_tokens=175  output_tokens=111
2026-07-31 16:31:59,066 [INFO   ]   >> INPUT  : Translate the natural language question into a MongoDB MQL query using the provided schema.

Schema:
TV_Channel(Content, Country, Hight_definition_TV, Language, Package_Option, Pay_per_view_PPV, Pixel_aspect_ratio_PAR, _id, id, series_name) | TV_series(18_49_Rating_Share, Air_Date, Channel, Episode, Rating, Share, Viewers_m, Weekly_Rank, _id, id) | Cartoon(Channel, Directed_by, Original_air_date, Production_code, Title, Written_by, _id, id)

Question:
What are the package options and the name of the series for the TV Channel that supports high definition TV?

MQL:

2026-07-31 16:31:59,066 [INFO   ]   >> OUTPUT : db.TV_Channel.aggregate([ { $lookup: { from: "TV_series", localField: "id", foreignField: "Channel", as: "series_info" } }, { $unwind: "$series_info" }, { $match: { "series_info.Hight_definition_TV": "high" } }, { $project: { Package_Option: "$series_info.Package_Option", series_name: "$series_info.series_name" } } ])
2026-07-31 16:32:03,175 [INFO   ] [inference] generate_nosql  latency_sec=4.0929  input_tokens=170  output_tokens=80
2026-07-31 16:32:03,175 [INFO   ]   >> INPUT  : Translate the natural language question into a MongoDB MQL query using the provided schema.

Schema:
TV_Channel(Content, Country, Hight_definition_TV, Language, Package_Option, Pay_per_view_PPV, Pixel_aspect_ratio_PAR, _id, id, series_name) | TV_series(18_49_Rating_Share, Air_Date, Channel, Episode, Rating, Share, Viewers_m, Weekly_Rank, _id, id) | Cartoon(Channel, Directed_by, Original_air_date, Production_code, Title, Written_by, _id, id)

Question:
What are the countries that have cartoons on TV that were written by Todd Casey?

MQL:

2026-07-31 16:32:03,176 [INFO   ]   >> OUTPUT : db.Cartoon.aggregate([ { $match: { Written_by: "Todd Casey" } }, { $lookup: { from: "TV_series", localField: "id", foreignField: "id", as: "series" } }, { $unwind: "$series" }, { $project: { Country: "$series.Country" } } ])
2026-07-31 16:32:11,370 [INFO   ] [inference] generate_nosql  latency_sec=8.1806  input_tokens=180  output_tokens=150
2026-07-31 16:32:11,370 [INFO   ]   >> INPUT  : Translate the natural language question into a MongoDB MQL query using the provided schema.

Schema:
TV_Channel(Content, Country, Hight_definition_TV, Language, Package_Option, Pay_per_view_PPV, Pixel_aspect_ratio_PAR, _id, id, series_name) | TV_series(18_49_Rating_Share, Air_Date, Channel, Episode, Rating, Share, Viewers_m, Weekly_Rank, _id, id) | Cartoon(Channel, Directed_by, Original_air_date, Production_code, Title, Written_by, _id, id)

Question:
What is the series name and country of all TV channels that are playing cartoons directed by Ben Jones and cartoons directed by Michael Chang?

MQL:

2026-07-31 16:32:11,371 [INFO   ]   >> OUTPUT : db.TV_series.aggregate([ { $lookup: { from: "Cartoon", localField: "id", foreignField: "id", as: "cartoon_info" } }, { $unwind: "$cartoon_info" }, { $lookup: { from: "TV_channel", localField: "cartoon_info.Channel", foreignField: "id", as: "channel_info" } }, { $unwind: "$channel_info" }, { $match: { $or: [ { "channel_info.Directed_by": "Ben Jones" }, { "channel_info.Directed_by": "Michael Chang" } ] } }, {
2026-07-31 16:32:15,228 [INFO   ] [inference] generate_nosql  latency_sec=3.8409  input_tokens=171  output_tokens=82
2026-07-31 16:32:15,229 [INFO   ]   >> INPUT  : Translate the natural language question into a MongoDB MQL query using the provided schema.

Schema:
TV_Channel(Content, Country, Hight_definition_TV, Language, Package_Option, Pay_per_view_PPV, Pixel_aspect_ratio_PAR, _id, id, series_name) | TV_series(18_49_Rating_Share, Air_Date, Channel, Episode, Rating, Share, Viewers_m, Weekly_Rank, _id, id) | Cartoon(Channel, Directed_by, Original_air_date, Production_code, Title, Written_by, _id, id)

Question:
find the id of tv channels that do not play any cartoon directed by Ben Jones.

MQL:

2026-07-31 16:32:15,229 [INFO   ]   >> OUTPUT : db.TV_Channel.aggregate([ { $lookup: { from: "Cartoon", localField: "id", foreignField: "Channel", as: "cartoon_info" } }, { $match: { "cartoon_info.Directed_by": { $ne: "Ben Jones" } } }, { $project: { id: 1 } } ])
2026-07-31 16:32:19,588 [INFO   ] [inference] generate_nosql  latency_sec=4.3447  input_tokens=174  output_tokens=85
2026-07-31 16:32:19,588 [INFO   ]   >> INPUT  : Translate the natural language question into a MongoDB MQL query using the provided schema.

Schema:
TV_Channel(Content, Country, Hight_definition_TV, Language, Package_Option, Pay_per_view_PPV, Pixel_aspect_ratio_PAR, _id, id, series_name) | TV_series(18_49_Rating_Share, Air_Date, Channel, Episode, Rating, Share, Viewers_m, Weekly_Rank, _id, id) | Cartoon(Channel, Directed_by, Original_air_date, Production_code, Title, Written_by, _id, id)

Question:
What are the ids of the TV channels that do not have any cartoons directed by Ben Jones?

MQL:

2026-07-31 16:32:19,588 [INFO   ]   >> OUTPUT : db.TV_channel.aggregate([ { $lookup: { from: "Cartoon", localField: "id", foreignField: "id", as: "cartoon_info" } }, { $match: { "cartoon_info": { $ne: { "Directed_by": "Ben Jones" } } } }, { $project: { id: 1 } } ])
2026-07-31 16:32:24,758 [INFO   ] [inference] generate_nosql  latency_sec=5.1506  input_tokens=173  output_tokens=84
2026-07-31 16:32:24,759 [INFO   ]   >> INPUT  : Translate the natural language question into a MongoDB MQL query using the provided schema.

Schema:
TV_Channel(Content, Country, Hight_definition_TV, Language, Package_Option, Pay_per_view_PPV, Pixel_aspect_ratio_PAR, _id, id, series_name) | TV_series(18_49_Rating_Share, Air_Date, Channel, Episode, Rating, Share, Viewers_m, Weekly_Rank, _id, id) | Cartoon(Channel, Directed_by, Original_air_date, Production_code, Title, Written_by, _id, id)

Question:
find the package option of the tv channel that do not have any cartoon directed by Ben Jones.

MQL:

2026-07-31 16:32:24,759 [INFO   ]   >> OUTPUT : db.TV_Channel.aggregate([ { $lookup: { from: "Cartoon", localField: "id", foreignField: "Channel", as: "cartoon_info" } }, { $match: { "cartoon_info.Directed_by": { $ne: "Ben Jones" } } }, { $project: { Package_Option: 1 } } ])
2026-07-31 16:32:29,339 [INFO   ] [inference] generate_nosql  latency_sec=4.5665  input_tokens=174  output_tokens=84
2026-07-31 16:32:29,339 [INFO   ]   >> INPUT  : Translate the natural language question into a MongoDB MQL query using the provided schema.

Schema:
TV_Channel(Content, Country, Hight_definition_TV, Language, Package_Option, Pay_per_view_PPV, Pixel_aspect_ratio_PAR, _id, id, series_name) | TV_series(18_49_Rating_Share, Air_Date, Channel, Episode, Rating, Share, Viewers_m, Weekly_Rank, _id, id) | Cartoon(Channel, Directed_by, Original_air_date, Production_code, Title, Written_by, _id, id)

Question:
What are the package options of all tv channels that are not playing any cartoons directed by Ben Jones?

MQL:

2026-07-31 16:32:29,340 [INFO   ]   >> OUTPUT : db.TV_Channel.aggregate([ { $lookup: { from: "Cartoon", localField: "id", foreignField: "Channel", as: "cartoon_info" } }, { $match: { "cartoon_info.Directed_by": { $ne: "Ben Jones" } } }, { $project: { Package_Option: 1 } } ])
2026-07-31 16:32:30,986 [INFO   ] [inference] generate_nosql  latency_sec=1.6315  input_tokens=100  output_tokens=26
2026-07-31 16:32:30,986 [INFO   ]   >> INPUT  : Translate the natural language question into a MongoDB MQL query using the provided schema.

Schema:
people(Birth_Date, Height, Name, Nationality, People_ID, _id) | poker_player(Best_Finish, Earnings, Final_Table_Made, Money_Rank, People_ID, Poker_Player_ID, _id)

Question:
List the earnings of poker players in descending order.

MQL:

2026-07-31 16:32:30,986 [INFO   ]   >> OUTPUT : db.poker_player.find({}, {Earnings: 1}).sort({Earnings: -1})
2026-07-31 16:32:32,788 [INFO   ] [inference] generate_nosql  latency_sec=1.7883  input_tokens=103  output_tokens=26
2026-07-31 16:32:32,789 [INFO   ]   >> INPUT  : Translate the natural language question into a MongoDB MQL query using the provided schema.

Schema:
people(Birth_Date, Height, Name, Nationality, People_ID, _id) | poker_player(Best_Finish, Earnings, Final_Table_Made, Money_Rank, People_ID, Poker_Player_ID, _id)

Question:
What are the earnings of poker players, ordered descending by value?

MQL:

2026-07-31 16:32:32,789 [INFO   ]   >> OUTPUT : db.poker_player.find({}, {Earnings: 1}).sort({Earnings: -1})
2026-07-31 16:32:38,210 [INFO   ] [inference] generate_nosql  latency_sec=5.4011  input_tokens=103  output_tokens=96
2026-07-31 16:32:38,210 [INFO   ]   >> INPUT  : Translate the natural language question into a MongoDB MQL query using the provided schema.

Schema:
people(Birth_Date, Height, Name, Nationality, People_ID, _id) | poker_player(Best_Finish, Earnings, Final_Table_Made, Money_Rank, People_ID, Poker_Player_ID, _id)

Question:
List the final tables made and the best finishes of poker players.

MQL:

2026-07-31 16:32:38,210 [INFO   ]   >> OUTPUT : db.poker_player.aggregate([ { $lookup: { from: "people", localField: "People_ID", foreignField: "People_ID", as: "people_info" } }, { $unwind: "$people_info" }, { $project: { Final_Table_Made: "$people_info.Final_Table_Made", Best_Finish: "$people_info.Best_Finish" } } ])
2026-07-31 16:32:41,532 [INFO   ] [inference] generate_nosql  latency_sec=3.3068  input_tokens=104  output_tokens=26
2026-07-31 16:32:41,532 [INFO   ]   >> INPUT  : Translate the natural language question into a MongoDB MQL query using the provided schema.

Schema:
people(Birth_Date, Height, Name, Nationality, People_ID, _id) | poker_player(Best_Finish, Earnings, Final_Table_Made, Money_Rank, People_ID, Poker_Player_ID, _id)

Question:
What are the final tables made and best finishes for all poker players?

MQL:

2026-07-31 16:32:41,532 [INFO   ]   >> OUTPUT : db.poker_player.find({}, {Final_Table_Made: 1, Best_Finish: 1})
2026-07-31 16:32:46,146 [INFO   ] [inference] generate_nosql  latency_sec=4.6  input_tokens=99  output_tokens=50
2026-07-31 16:32:46,147 [INFO   ]   >> INPUT  : Translate the natural language question into a MongoDB MQL query using the provided schema.

Schema:
people(Birth_Date, Height, Name, Nationality, People_ID, _id) | poker_player(Best_Finish, Earnings, Final_Table_Made, Money_Rank, People_ID, Poker_Player_ID, _id)

Question:
What is the average earnings of poker players?

MQL:

2026-07-31 16:32:46,147 [INFO   ]   >> OUTPUT : db.poker_player.aggregate([ { $group: { _id: null, averageEarnings: { $avg: "$Earnings" } } }, { $project: { averageEarnings: 1 } } ])
2026-07-31 16:32:49,572 [INFO   ] [inference] generate_nosql  latency_sec=3.4031  input_tokens=99  output_tokens=51
2026-07-31 16:32:49,573 [INFO   ]   >> INPUT  : Translate the natural language question into a MongoDB MQL query using the provided schema.

Schema:
people(Birth_Date, Height, Name, Nationality, People_ID, _id) | poker_player(Best_Finish, Earnings, Final_Table_Made, Money_Rank, People_ID, Poker_Player_ID, _id)

Question:
Return the average earnings across all poker players.

MQL:

2026-07-31 16:32:49,573 [INFO   ]   >> OUTPUT : db.poker_player.aggregate([ { $group: { _id: null, averageEarnings: { $avg: "$Earnings" } } } , { $project: { averageEarnings: 1 } }])
2026-07-31 16:32:51,590 [INFO   ] [inference] generate_nosql  latency_sec=1.9912  input_tokens=104  output_tokens=32
2026-07-31 16:32:51,591 [INFO   ]   >> INPUT  : Translate the natural language question into a MongoDB MQL query using the provided schema.

Schema:
people(Birth_Date, Height, Name, Nationality, People_ID, _id) | poker_player(Best_Finish, Earnings, Final_Table_Made, Money_Rank, People_ID, Poker_Player_ID, _id)

Question:
What is the money rank of the poker player with the highest earnings?

MQL:

2026-07-31 16:32:51,591 [INFO   ]   >> OUTPUT : db.poker_player.find({}, {Money_Rank: 1}).sort({Earnings: -1}).limit(1)
2026-07-31 16:32:56,086 [INFO   ] [inference] generate_nosql  latency_sec=4.4795  input_tokens=102  output_tokens=67
2026-07-31 16:32:56,086 [INFO   ]   >> INPUT  : Translate the natural language question into a MongoDB MQL query using the provided schema.

Schema:
people(Birth_Date, Height, Name, Nationality, People_ID, _id) | poker_player(Best_Finish, Earnings, Final_Table_Made, Money_Rank, People_ID, Poker_Player_ID, _id)

Question:
Return the money rank of the player with the greatest earnings.

MQL:

2026-07-31 16:32:56,086 [INFO   ]   >> OUTPUT : db.poker_player.aggregate([ { $group: { _id: "$Money_Rank", count: { $sum: 1 } } }, { $sort: { count: -1 } }, { $limit: 1 }, { $project: { Money_Rank: "$_id" } } ])
2026-07-31 16:32:59,792 [INFO   ] [inference] generate_nosql  latency_sec=3.6923  input_tokens=109  output_tokens=78
2026-07-31 16:32:59,793 [INFO   ]   >> INPUT  : Translate the natural language question into a MongoDB MQL query using the provided schema.

Schema:
people(Birth_Date, Height, Name, Nationality, People_ID, _id) | poker_player(Best_Finish, Earnings, Final_Table_Made, Money_Rank, People_ID, Poker_Player_ID, _id)

Question:
What is the maximum number of final tables made among poker players with earnings less than 200000?

MQL:

2026-07-31 16:32:59,793 [INFO   ]   >> OUTPUT : db.poker_player.aggregate([ { $match: { Earnings: { $lt: 200000 } } }, { $group: { _id: null, max_final_table_made: { $max: "$Final_Table_Made" } } } , { $project: { max_final_table_made: 1 } }])
2026-07-31 16:33:07,005 [INFO   ] [inference] generate_nosql  latency_sec=7.1968  input_tokens=107  output_tokens=133
2026-07-31 16:33:07,005 [INFO   ]   >> INPUT  : Translate the natural language question into a MongoDB MQL query using the provided schema.

Schema:
people(Birth_Date, Height, Name, Nationality, People_ID, _id) | poker_player(Best_Finish, Earnings, Final_Table_Made, Money_Rank, People_ID, Poker_Player_ID, _id)

Question:
Return the maximum final tables made across all poker players who have earnings below 200000.

MQL:

2026-07-31 16:33:07,005 [INFO   ]   >> OUTPUT : db.poker_player.aggregate([ { $lookup: { from: "people", localField: "People_ID", foreignField: "People_ID", as: "people_info" } }, { $unwind: "$people_info" }, { $match: { "people_info.Earnings": { $lt: 200000 } } }, { $group: { _id: null, max_Final_Table_Made: { $max: "$people_info.Final_Table_Made" } } }, { $project: { max_Final_Table_Made: 1 } } ])
2026-07-31 16:33:10,535 [INFO   ] [inference] generate_nosql  latency_sec=3.5157  input_tokens=98  output_tokens=75
2026-07-31 16:33:10,535 [INFO   ]   >> INPUT  : Translate the natural language question into a MongoDB MQL query using the provided schema.

Schema:
people(Birth_Date, Height, Name, Nationality, People_ID, _id) | poker_player(Best_Finish, Earnings, Final_Table_Made, Money_Rank, People_ID, Poker_Player_ID, _id)

Question:
What are the names of poker players?

MQL:

2026-07-31 16:33:10,535 [INFO   ]   >> OUTPUT : db.poker_player.aggregate([ { $lookup: { from: "people", localField: "People_ID", foreignField: "People_ID", as: "people_info" } }, { $unwind: "$people_info" }, { $project: { Name: "$people_info.Name" } } ])
2026-07-31 16:33:13,868 [INFO   ] [inference] generate_nosql  latency_sec=3.3183  input_tokens=99  output_tokens=16
2026-07-31 16:33:13,869 [INFO   ]   >> INPUT  : Translate the natural language question into a MongoDB MQL query using the provided schema.

Schema:
people(Birth_Date, Height, Name, Nationality, People_ID, _id) | poker_player(Best_Finish, Earnings, Final_Table_Made, Money_Rank, People_ID, Poker_Player_ID, _id)

Question:
Return the names of all the poker players.

MQL:

2026-07-31 16:33:13,869 [INFO   ]   >> OUTPUT : db.poker_player.find({}, { Name: 1})
2026-07-31 16:33:19,188 [INFO   ] [inference] generate_nosql  latency_sec=5.2981  input_tokens=105  output_tokens=94
2026-07-31 16:33:19,188 [INFO   ]   >> INPUT  : Translate the natural language question into a MongoDB MQL query using the provided schema.

Schema:
people(Birth_Date, Height, Name, Nationality, People_ID, _id) | poker_player(Best_Finish, Earnings, Final_Table_Made, Money_Rank, People_ID, Poker_Player_ID, _id)

Question:
What are the names of poker players whose earnings is higher than 300000?

MQL:

2026-07-31 16:33:19,188 [INFO   ]   >> OUTPUT : db.people.aggregate([ { $lookup: { from: "poker_player", localField: "People_ID", foreignField: "People_ID", as: "poker_players" } }, { $unwind: "$poker_players" }, { $match: { "poker_players.Earnings": { $gt: 300000 } } }, { $project: { Name: 1 } } ])
2026-07-31 16:33:23,814 [INFO   ] [inference] generate_nosql  latency_sec=4.6121  input_tokens=103  output_tokens=97
2026-07-31 16:33:23,815 [INFO   ]   >> INPUT  : Translate the natural language question into a MongoDB MQL query using the provided schema.

Schema:
people(Birth_Date, Height, Name, Nationality, People_ID, _id) | poker_player(Best_Finish, Earnings, Final_Table_Made, Money_Rank, People_ID, Poker_Player_ID, _id)

Question:
Give the names of poker players who have earnings above 300000.

MQL:

2026-07-31 16:33:23,815 [INFO   ]   >> OUTPUT : db.poker_player.aggregate([ { $lookup: { from: "people", localField: "People_ID", foreignField: "People_ID", as: "people_info" } }, { $unwind: "$people_info" }, { $match: { "people_info.Earnings": { $gt: 300000 } } }, { $project: { Name: "$people_info.Name" } } ])
2026-07-31 16:33:25,174 [INFO   ] [inference] generate_nosql  latency_sec=1.3451  input_tokens=106  output_tokens=27
2026-07-31 16:33:25,175 [INFO   ]   >> INPUT  : Translate the natural language question into a MongoDB MQL query using the provided schema.

Schema:
people(Birth_Date, Height, Name, Nationality, People_ID, _id) | poker_player(Best_Finish, Earnings, Final_Table_Made, Money_Rank, People_ID, Poker_Player_ID, _id)

Question:
List the names of poker players ordered by the final tables made in ascending order.

MQL:

2026-07-31 16:33:25,175 [INFO   ]   >> OUTPUT : db.poker_player.find({}, {Name: 1}).sort({Final_Table_Made: 1})
2026-07-31 16:33:26,485 [INFO   ] [inference] generate_nosql  latency_sec=1.2956  input_tokens=110  output_tokens=27
2026-07-31 16:33:26,486 [INFO   ]   >> INPUT  : Translate the natural language question into a MongoDB MQL query using the provided schema.

Schema:
people(Birth_Date, Height, Name, Nationality, People_ID, _id) | poker_player(Best_Finish, Earnings, Final_Table_Made, Money_Rank, People_ID, Poker_Player_ID, _id)

Question:
What are the names of poker players, ordered ascending by the number of final tables they have made?

MQL:

2026-07-31 16:33:26,486 [INFO   ]   >> OUTPUT : db.poker_player.find({}, {Name: 1}).sort({Final_Table_Made: 1})
2026-07-31 16:33:28,381 [INFO   ] [inference] generate_nosql  latency_sec=1.8804  input_tokens=103  output_tokens=31
2026-07-31 16:33:28,382 [INFO   ]   >> INPUT  : Translate the natural language question into a MongoDB MQL query using the provided schema.

Schema:
people(Birth_Date, Height, Name, Nationality, People_ID, _id) | poker_player(Best_Finish, Earnings, Final_Table_Made, Money_Rank, People_ID, Poker_Player_ID, _id)

Question:
Return the birth date of the poker player with the lowest earnings.

MQL:

2026-07-31 16:33:28,382 [INFO   ]   >> OUTPUT : db.poker_player.find({}, { Birth_Date: 1 }).sort({ Earnings: 1 }).limit(1)
2026-07-31 16:33:30,684 [INFO   ] [inference] generate_nosql  latency_sec=2.2813  input_tokens=101  output_tokens=33
2026-07-31 16:33:30,685 [INFO   ]   >> INPUT  : Translate the natural language question into a MongoDB MQL query using the provided schema.

Schema:
people(Birth_Date, Height, Name, Nationality, People_ID, _id) | poker_player(Best_Finish, Earnings, Final_Table_Made, Money_Rank, People_ID, Poker_Player_ID, _id)

Question:
What is the money rank of the tallest poker player?

MQL:

2026-07-31 16:33:30,685 [INFO   ]   >> OUTPUT : db.poker_player.find({}, {Money_Rank: 1}).sort({Money_Rank: -1}).limit(1)
2026-07-31 16:33:32,473 [INFO   ] [inference] generate_nosql  latency_sec=1.765  input_tokens=103  output_tokens=31
2026-07-31 16:33:32,474 [INFO   ]   >> INPUT  : Translate the natural language question into a MongoDB MQL query using the provided schema.

Schema:
people(Birth_Date, Height, Name, Nationality, People_ID, _id) | poker_player(Best_Finish, Earnings, Final_Table_Made, Money_Rank, People_ID, Poker_Player_ID, _id)

Question:
Return the money rank of the poker player with the greatest height.

MQL:

2026-07-31 16:33:32,474 [INFO   ]   >> OUTPUT : db.poker_player.find({}, {Money_Rank: 1}).sort({Height: -1}).limit(1)
2026-07-31 16:33:37,964 [INFO   ] [inference] generate_nosql  latency_sec=5.476  input_tokens=104  output_tokens=118
2026-07-31 16:33:37,964 [INFO   ]   >> INPUT  : Translate the natural language question into a MongoDB MQL query using the provided schema.

Schema:
people(Birth_Date, Height, Name, Nationality, People_ID, _id) | poker_player(Best_Finish, Earnings, Final_Table_Made, Money_Rank, People_ID, Poker_Player_ID, _id)

Question:
What is the average earnings of poker players with height higher than 200?

MQL:

2026-07-31 16:33:37,964 [INFO   ]   >> OUTPUT : db.poker_player.aggregate([ { $lookup: { from: "people", localField: "People_ID", foreignField: "People_ID", as: "people_info" } }, { $unwind: "$people_info" }, { $match: { "people_info.Height": { $gt: 200 } } }, { $group: { _id: null, averageEarnings: { $avg: "$Earnings" } } } , { $project: { averageEarnings: 1 } }])
2026-07-31 16:33:44,277 [INFO   ] [inference] generate_nosql  latency_sec=6.2981  input_tokens=102  output_tokens=118
2026-07-31 16:33:44,277 [INFO   ]   >> INPUT  : Translate the natural language question into a MongoDB MQL query using the provided schema.

Schema:
people(Birth_Date, Height, Name, Nationality, People_ID, _id) | poker_player(Best_Finish, Earnings, Final_Table_Made, Money_Rank, People_ID, Poker_Player_ID, _id)

Question:
Give average earnings of poker players who are taller than 200.

MQL:

2026-07-31 16:33:44,277 [INFO   ]   >> OUTPUT : db.poker_player.aggregate([ { $lookup: { from: "people", localField: "People_ID", foreignField: "People_ID", as: "people_info" } }, { $unwind: "$people_info" }, { $match: { "people_info.Height": { $gt: 200 } } }, { $group: { _id: null, averageEarnings: { $avg: "$Earnings" } } } , { $project: { averageEarnings: 1 } }])
2026-07-31 16:33:45,800 [INFO   ] [inference] generate_nosql  latency_sec=1.4992  input_tokens=103  output_tokens=25
2026-07-31 16:33:45,800 [INFO   ]   >> INPUT  : Translate the natural language question into a MongoDB MQL query using the provided schema.

Schema:
people(Birth_Date, Height, Name, Nationality, People_ID, _id) | poker_player(Best_Finish, Earnings, Final_Table_Made, Money_Rank, People_ID, Poker_Player_ID, _id)

Question:
What are the names of poker players in descending order of earnings?

MQL:

2026-07-31 16:33:45,801 [INFO   ]   >> OUTPUT : db.poker_player.find({}, {Name: 1}).sort({Earnings: -1})
2026-07-31 16:33:47,025 [INFO   ] [inference] generate_nosql  latency_sec=1.2102  input_tokens=102  output_tokens=25
2026-07-31 16:33:47,026 [INFO   ]   >> INPUT  : Translate the natural language question into a MongoDB MQL query using the provided schema.

Schema:
people(Birth_Date, Height, Name, Nationality, People_ID, _id) | poker_player(Best_Finish, Earnings, Final_Table_Made, Money_Rank, People_ID, Poker_Player_ID, _id)

Question:
Return the names of poker players sorted by their earnings descending.

MQL:

2026-07-31 16:33:47,026 [INFO   ]   >> OUTPUT : db.poker_player.find({}, {Name: 1}).sort({Earnings: -1})
2026-07-31 16:33:49,489 [INFO   ] [inference] generate_nosql  latency_sec=2.449  input_tokens=107  output_tokens=48
2026-07-31 16:33:49,489 [INFO   ]   >> INPUT  : Translate the natural language question into a MongoDB MQL query using the provided schema.

Schema:
people(Birth_Date, Height, Name, Nationality, People_ID, _id) | poker_player(Best_Finish, Earnings, Final_Table_Made, Money_Rank, People_ID, Poker_Player_ID, _id)

Question:
What are different nationalities of people and the corresponding number of people from each nation?

MQL:

2026-07-31 16:33:49,490 [INFO   ]   >> OUTPUT : db.people.aggregate([ { $group: { _id: "$Nationality", count: { $sum: 1 } } }, { $project: { Nationality: "$_id", count: 1 } } ])
2026-07-31 16:33:51,699 [INFO   ] [inference] generate_nosql  latency_sec=2.193  input_tokens=99  output_tokens=31
2026-07-31 16:33:51,700 [INFO   ]   >> INPUT  : Translate the natural language question into a MongoDB MQL query using the provided schema.

Schema:
people(Birth_Date, Height, Name, Nationality, People_ID, _id) | poker_player(Best_Finish, Earnings, Final_Table_Made, Money_Rank, People_ID, Poker_Player_ID, _id)

Question:
How many people are there of each nationality?

MQL:

2026-07-31 16:33:51,700 [INFO   ]   >> OUTPUT : db.people.aggregate([ { $group: { _id: "$Nationality", count: { $sum: 1 } } } ])
2026-07-31 16:33:54,587 [INFO   ] [inference] generate_nosql  latency_sec=2.8731  input_tokens=99  output_tokens=62
2026-07-31 16:33:54,587 [INFO   ]   >> INPUT  : Translate the natural language question into a MongoDB MQL query using the provided schema.

Schema:
people(Birth_Date, Height, Name, Nationality, People_ID, _id) | poker_player(Best_Finish, Earnings, Final_Table_Made, Money_Rank, People_ID, Poker_Player_ID, _id)

Question:
What is the most common nationality of people?

MQL:

2026-07-31 16:33:54,587 [INFO   ]   >> OUTPUT : db.people.aggregate([ { $group: { _id: "$Nationality", count: { $sum: 1 } } }, { $sort: { count: -1 } }, { $limit: 1 }, { $project: { Nationality: "$_id" } } ])
2026-07-31 16:33:58,310 [INFO   ] [inference] generate_nosql  latency_sec=3.7084  input_tokens=101  output_tokens=62
2026-07-31 16:33:58,310 [INFO   ]   >> INPUT  : Translate the natural language question into a MongoDB MQL query using the provided schema.

Schema:
people(Birth_Date, Height, Name, Nationality, People_ID, _id) | poker_player(Best_Finish, Earnings, Final_Table_Made, Money_Rank, People_ID, Poker_Player_ID, _id)

Question:
Give the nationality that is most common across all people.

MQL:

2026-07-31 16:33:58,311 [INFO   ]   >> OUTPUT : db.people.aggregate([ { $group: { _id: "$Nationality", count: { $sum: 1 } } }, { $sort: { count: -1 } }, { $limit: 1 }, { $project: { Nationality: "$_id" } } ])
2026-07-31 16:34:01,541 [INFO   ] [inference] generate_nosql  latency_sec=3.1998  input_tokens=104  output_tokens=61
2026-07-31 16:34:01,541 [INFO   ]   >> INPUT  : Translate the natural language question into a MongoDB MQL query using the provided schema.

Schema:
people(Birth_Date, Height, Name, Nationality, People_ID, _id) | poker_player(Best_Finish, Earnings, Final_Table_Made, Money_Rank, People_ID, Poker_Player_ID, _id)

Question:
What are the nationalities that are shared by at least two people?

MQL:

2026-07-31 16:34:01,541 [INFO   ]   >> OUTPUT : db.people.aggregate([ { $group: { _id: "$Nationality", count: { $sum: 1 } } }, { $match: { count: { $gte: 2 } } }, { $project: { Nationality: "$_id" } } ])
2026-07-31 16:34:04,393 [INFO   ] [inference] generate_nosql  latency_sec=2.8287  input_tokens=103  output_tokens=61
2026-07-31 16:34:04,393 [INFO   ]   >> INPUT  : Translate the natural language question into a MongoDB MQL query using the provided schema.

Schema:
people(Birth_Date, Height, Name, Nationality, People_ID, _id) | poker_player(Best_Finish, Earnings, Final_Table_Made, Money_Rank, People_ID, Poker_Player_ID, _id)

Question:
Return the nationalities for which there are two or more people.

MQL:

2026-07-31 16:34:04,393 [INFO   ]   >> OUTPUT : db.people.aggregate([ { $group: { _id: "$Nationality", count: { $sum: 1 } } }, { $match: { count: { $gte: 2 } } }, { $project: { Nationality: "$_id" } } ])
2026-07-31 16:34:05,615 [INFO   ] [inference] generate_nosql  latency_sec=1.2071  input_tokens=106  output_tokens=26
2026-07-31 16:34:05,615 [INFO   ]   >> INPUT  : Translate the natural language question into a MongoDB MQL query using the provided schema.

Schema:
people(Birth_Date, Height, Name, Nationality, People_ID, _id) | poker_player(Best_Finish, Earnings, Final_Table_Made, Money_Rank, People_ID, Poker_Player_ID, _id)

Question:
List the names and birth dates of people in ascending alphabetical order of name.

MQL:

2026-07-31 16:34:05,615 [INFO   ]   >> OUTPUT : db.people.find({}, { Name: 1, Birth_Date: 1 }).sort({ Name: 1 })
2026-07-31 16:34:06,882 [INFO   ] [inference] generate_nosql  latency_sec=1.2493  input_tokens=109  output_tokens=26
2026-07-31 16:34:06,883 [INFO   ]   >> INPUT  : Translate the natural language question into a MongoDB MQL query using the provided schema.

Schema:
people(Birth_Date, Height, Name, Nationality, People_ID, _id) | poker_player(Best_Finish, Earnings, Final_Table_Made, Money_Rank, People_ID, Poker_Player_ID, _id)

Question:
What are the names and birth dates of people, ordered by their names in alphabetical order?

MQL:

2026-07-31 16:34:06,883 [INFO   ]   >> OUTPUT : db.people.find({}, { Name: 1, Birth_Date: 1 }).sort({ Name: 1 })
2026-07-31 16:34:08,379 [INFO   ] [inference] generate_nosql  latency_sec=1.4792  input_tokens=101  output_tokens=24
2026-07-31 16:34:08,380 [INFO   ]   >> INPUT  : Translate the natural language question into a MongoDB MQL query using the provided schema.

Schema:
people(Birth_Date, Height, Name, Nationality, People_ID, _id) | poker_player(Best_Finish, Earnings, Final_Table_Made, Money_Rank, People_ID, Poker_Player_ID, _id)

Question:
Show names of people whose nationality is not 'Russia'.

MQL:

2026-07-31 16:34:08,380 [INFO   ]   >> OUTPUT : db.people.find({ Nationality: { $ne: 'Russia' } }, { Name: 1 })
2026-07-31 16:34:10,085 [INFO   ] [inference] generate_nosql  latency_sec=1.691  input_tokens=102  output_tokens=24
2026-07-31 16:34:10,086 [INFO   ]   >> INPUT  : Translate the natural language question into a MongoDB MQL query using the provided schema.

Schema:
people(Birth_Date, Height, Name, Nationality, People_ID, _id) | poker_player(Best_Finish, Earnings, Final_Table_Made, Money_Rank, People_ID, Poker_Player_ID, _id)

Question:
What are the names of people who are not from Russia?

MQL:

2026-07-31 16:34:10,086 [INFO   ]   >> OUTPUT : db.people.find({ Nationality: { $ne: 'Russia' } }, { Name: 1 })
2026-07-31 16:34:14,272 [INFO   ] [inference] generate_nosql  latency_sec=4.1659  input_tokens=101  output_tokens=38
2026-07-31 16:34:14,272 [INFO   ]   >> INPUT  : Translate the natural language question into a MongoDB MQL query using the provided schema.

Schema:
people(Birth_Date, Height, Name, Nationality, People_ID, _id) | poker_player(Best_Finish, Earnings, Final_Table_Made, Money_Rank, People_ID, Poker_Player_ID, _id)

Question:
List the names of people that are not poker players.

MQL:

2026-07-31 16:34:14,273 [INFO   ]   >> OUTPUT : db.people.find( { People_ID: { $nin: db.poker_player.distinct("People_ID") } }, { Name: 1 } )
2026-07-31 16:34:17,570 [INFO   ] [inference] generate_nosql  latency_sec=3.284  input_tokens=102  output_tokens=38
2026-07-31 16:34:17,571 [INFO   ]   >> INPUT  : Translate the natural language question into a MongoDB MQL query using the provided schema.

Schema:
people(Birth_Date, Height, Name, Nationality, People_ID, _id) | poker_player(Best_Finish, Earnings, Final_Table_Made, Money_Rank, People_ID, Poker_Player_ID, _id)

Question:
What are the names of people who do not play poker?

MQL:

2026-07-31 16:34:17,571 [INFO   ]   >> OUTPUT : db.people.find( { People_ID: { $nin: db.poker_player.distinct("People_ID") } }, { Name: 1 } )
2026-07-31 16:34:19,335 [INFO   ] [inference] generate_nosql  latency_sec=1.75  input_tokens=103  output_tokens=38
2026-07-31 16:34:19,335 [INFO   ]   >> INPUT  : Translate the natural language question into a MongoDB MQL query using the provided schema.

Schema:
AREA_CODE_STATE(_id, area_code, state) | VOTES(_id, contestant_number, created, phone_number, state, vote_id) | CONTESTANTS(_id, contestant_name, contestant_number)

Question:
List the contestant numbers and names, ordered by contestant name descending.

MQL:

2026-07-31 16:34:19,335 [INFO   ]   >> OUTPUT : db.CONTESTANTS.find({}, {contestant_number: 1, contestant_name: 1}).sort({contestant_name: -1})
2026-07-31 16:34:20,592 [INFO   ] [inference] generate_nosql  latency_sec=1.2417  input_tokens=104  output_tokens=27
2026-07-31 16:34:20,592 [INFO   ]   >> INPUT  : Translate the natural language question into a MongoDB MQL query using the provided schema.

Schema:
AREA_CODE_STATE(_id, area_code, state) | VOTES(_id, contestant_number, created, phone_number, state, vote_id) | CONTESTANTS(_id, contestant_name, contestant_number)

Question:
List the vote ids, phone numbers and states of all votes.

MQL:

2026-07-31 16:34:20,592 [INFO   ]   >> OUTPUT : db.VOTES.find({}, {vote_id: 1, phone_number: 1, state: 1})
2026-07-31 16:34:24,705 [INFO   ] [inference] generate_nosql  latency_sec=4.0971  input_tokens=101  output_tokens=73
2026-07-31 16:34:24,705 [INFO   ]   >> INPUT  : Translate the natural language question into a MongoDB MQL query using the provided schema.

Schema:
AREA_CODE_STATE(_id, area_code, state) | VOTES(_id, contestant_number, created, phone_number, state, vote_id) | CONTESTANTS(_id, contestant_name, contestant_number)

Question:
What are the maximum and minimum values of area codes?

MQL:

2026-07-31 16:34:24,705 [INFO   ]   >> OUTPUT : db.AREA_CODE_STATE.aggregate([ { $group: { _id: null, maxAreaCode: { $max: "$area_code" }, minAreaCode: { $min: "$area_code" } } }, { $project: { maxAreaCode: 1, minAreaCode: 1 } } ])
2026-07-31 16:34:26,965 [INFO   ] [inference] generate_nosql  latency_sec=2.2358  input_tokens=107  output_tokens=33
2026-07-31 16:34:26,965 [INFO   ]   >> INPUT  : Translate the natural language question into a MongoDB MQL query using the provided schema.

Schema:
AREA_CODE_STATE(_id, area_code, state) | VOTES(_id, contestant_number, created, phone_number, state, vote_id) | CONTESTANTS(_id, contestant_name, contestant_number)

Question:
What are the names of the contestants whose names are not 'Jessie Alloway'

MQL:

2026-07-31 16:34:26,965 [INFO   ]   >> OUTPUT : db.CONTESTANTS.find({ contestant_name: { $ne: 'Jessie Alloway' } }, { contestant_name: 1 })
2026-07-31 16:34:31,487 [INFO   ] [inference] generate_nosql  latency_sec=4.5079  input_tokens=107  output_tokens=86
2026-07-31 16:34:31,487 [INFO   ]   >> INPUT  : Translate the natural language question into a MongoDB MQL query using the provided schema.

Schema:
AREA_CODE_STATE(_id, area_code, state) | VOTES(_id, contestant_number, created, phone_number, state, vote_id) | CONTESTANTS(_id, contestant_name, contestant_number)

Question:
What are the contestant numbers and names of the contestants who had at least two votes?

MQL:

2026-07-31 16:34:31,487 [INFO   ]   >> OUTPUT : db.CONTESTANTS.aggregate([ { $lookup: { from: "VOTES", localField: "contestant_number", foreignField: "contestant_number", as: "votes" } }, { $match: { votes: { $gte: 2 } } }, { $project: { contestant_number: 1, contestant_name: 1 } } ])
2026-07-31 16:34:36,166 [INFO   ] [inference] generate_nosql  latency_sec=4.6642  input_tokens=113  output_tokens=100
2026-07-31 16:34:36,166 [INFO   ]   >> INPUT  : Translate the natural language question into a MongoDB MQL query using the provided schema.

Schema:
AREA_CODE_STATE(_id, area_code, state) | VOTES(_id, contestant_number, created, phone_number, state, vote_id) | CONTESTANTS(_id, contestant_name, contestant_number)

Question:
Of all the contestants who got voted, what is the contestant number and name of the contestant who got least votes?

MQL:

2026-07-31 16:34:36,166 [INFO   ]   >> OUTPUT : db.CONTESTANTS.aggregate([ { $lookup: { from: "VOTES", localField: "contestant_number", foreignField: "contestant_number", as: "votes" } }, { $unwind: "$votes" }, { $sort: { votes: 1 } }, { $limit: 1 }, { $project: { contestant_number: "$contestant_number", contestant_name: 1 } } ])
2026-07-31 16:34:43,069 [INFO   ] [inference] generate_nosql  latency_sec=6.8884  input_tokens=105  output_tokens=126
2026-07-31 16:34:43,069 [INFO   ]   >> INPUT  : Translate the natural language question into a MongoDB MQL query using the provided schema.

Schema:
AREA_CODE_STATE(_id, area_code, state) | VOTES(_id, contestant_number, created, phone_number, state, vote_id) | CONTESTANTS(_id, contestant_name, contestant_number)

Question:
What are the number of votes from state 'NY' or 'CA'?

MQL:

2026-07-31 16:34:43,069 [INFO   ]   >> OUTPUT : db.VOTES.aggregate([ { $lookup: { from: "CONTESTANTS", localField: "contestant_number", foreignField: "contestant_number", as: "contestant_info" } }, { $unwind: "$contestant_info" }, { $match: { "contestant_info.state": { $in: ["NY", "CA"] } } }, { $group: { _id: null, count: { $sum: 1 } } }, { $project: { count: 1 } } ])
2026-07-31 16:34:47,054 [INFO   ] [inference] generate_nosql  latency_sec=3.9701  input_tokens=98  output_tokens=84
2026-07-31 16:34:47,054 [INFO   ]   >> INPUT  : Translate the natural language question into a MongoDB MQL query using the provided schema.

Schema:
AREA_CODE_STATE(_id, area_code, state) | VOTES(_id, contestant_number, created, phone_number, state, vote_id) | CONTESTANTS(_id, contestant_name, contestant_number)

Question:
How many contestants did not get voted?

MQL:

2026-07-31 16:34:47,054 [INFO   ]   >> OUTPUT : db.CONTESTANTS.aggregate([ { $lookup: { from: "VOTES", localField: "contestant_number", foreignField: "contestant_number", as: "votings" } }, { $match: { "votings": { $size: 0 } } }, { $count: "total_contestants" } ])
2026-07-31 16:34:53,710 [INFO   ] [inference] generate_nosql  latency_sec=6.6423  input_tokens=102  output_tokens=122
2026-07-31 16:34:53,710 [INFO   ]   >> INPUT  : Translate the natural language question into a MongoDB MQL query using the provided schema.

Schema:
AREA_CODE_STATE(_id, area_code, state) | VOTES(_id, contestant_number, created, phone_number, state, vote_id) | CONTESTANTS(_id, contestant_name, contestant_number)

Question:
What is the area code in which the most voters voted?

MQL:

2026-07-31 16:34:53,710 [INFO   ]   >> OUTPUT : db.VOTES.aggregate([ { $group: { _id: "$area_code", count: { $sum: 1 } } }, { $sort: { count: -1 } }, { $limit: 1 }, { $lookup: { from: "AREA_CODE_STATE", localField: "_id", foreignField: "area_code", as: "area_states" } }, { $unwind: "$area_states" }, { $project: { area_code: "$area_states.area_code" } } ])
2026-07-31 16:34:55,284 [INFO   ] [inference] generate_nosql  latency_sec=1.5493  input_tokens=106  output_tokens=33
2026-07-31 16:34:55,285 [INFO   ]   >> INPUT  : Translate the natural language question into a MongoDB MQL query using the provided schema.

Schema:
AREA_CODE_STATE(_id, area_code, state) | VOTES(_id, contestant_number, created, phone_number, state, vote_id) | CONTESTANTS(_id, contestant_name, contestant_number)

Question:
Return the names of the contestants whose names contain the substring 'Al' .

MQL:

2026-07-31 16:34:55,285 [INFO   ]   >> OUTPUT : db.CONTESTANTS.find( { contestant_name: { $regex: /Al/ } }, { contestant_name: 1 } )
2026-07-31 16:34:58,281 [INFO   ] [inference] generate_nosql  latency_sec=2.9818  input_tokens=132  output_tokens=63
2026-07-31 16:34:58,281 [INFO   ]   >> INPUT  : Translate the natural language question into a MongoDB MQL query using the provided schema.

Schema:
country(Capital, Code, Code2, Continent, GNP, GNPOld, GovernmentForm, HeadOfState, IndepYear, LifeExpectancy, LocalName, Name, Population, Region, SurfaceArea, _id) | countrylanguage(CountryCode, IsOfficial, Language, Percentage, _id) | city(CountryCode, District, ID, Name, Population, _id)

Question:
What is the total surface area of the countries in the Caribbean region?

MQL:

2026-07-31 16:34:58,281 [INFO   ]   >> OUTPUT : db.country.aggregate([ { $match: { Region: "Caribbean" } }, { $group: { _id: null, totalSurfaceArea: { $sum: "$SurfaceArea" } } }, { $project: { totalSurfaceArea: 1 } } ])
2026-07-31 16:35:03,756 [INFO   ] [inference] generate_nosql  latency_sec=5.4604  input_tokens=134  output_tokens=46
2026-07-31 16:35:03,756 [INFO   ]   >> INPUT  : Translate the natural language question into a MongoDB MQL query using the provided schema.

Schema:
country(Capital, Code, Code2, Continent, GNP, GNPOld, GovernmentForm, HeadOfState, IndepYear, LifeExpectancy, LocalName, Name, Population, Region, SurfaceArea, _id) | countrylanguage(CountryCode, IsOfficial, Language, Percentage, _id) | city(CountryCode, District, ID, Name, Population, _id)

Question:
How much surface area do the countires in the Carribean cover together?

MQL:

2026-07-31 16:35:03,756 [INFO   ]   >> OUTPUT : db.country.aggregate([ { $match: { Continent: "Carribean" } }, { $group: { _id: "$SurfaceArea", count: { $sum: 1 } } } ])
2026-07-31 16:35:05,086 [INFO   ] [inference] generate_nosql  latency_sec=1.3083  input_tokens=126  output_tokens=20
2026-07-31 16:35:05,087 [INFO   ]   >> INPUT  : Translate the natural language question into a MongoDB MQL query using the provided schema.

Schema:
country(Capital, Code, Code2, Continent, GNP, GNPOld, GovernmentForm, HeadOfState, IndepYear, LifeExpectancy, LocalName, Name, Population, Region, SurfaceArea, _id) | countrylanguage(CountryCode, IsOfficial, Language, Percentage, _id) | city(CountryCode, District, ID, Name, Population, _id)

Question:
Which continent is Anguilla in?

MQL:

2026-07-31 16:35:05,087 [INFO   ]   >> OUTPUT : db.country.find({ Continent: 'Anguilla' }, { Continent: 1 })
2026-07-31 16:35:09,570 [INFO   ] [inference] generate_nosql  latency_sec=4.4617  input_tokens=130  output_tokens=83
2026-07-31 16:35:09,570 [INFO   ]   >> INPUT  : Translate the natural language question into a MongoDB MQL query using the provided schema.

Schema:
country(Capital, Code, Code2, Continent, GNP, GNPOld, GovernmentForm, HeadOfState, IndepYear, LifeExpectancy, LocalName, Name, Population, Region, SurfaceArea, _id) | countrylanguage(CountryCode, IsOfficial, Language, Percentage, _id) | city(CountryCode, District, ID, Name, Population, _id)

Question:
What is the continent name which Anguilla belongs to?

MQL:

2026-07-31 16:35:09,570 [INFO   ]   >> OUTPUT : db.country.aggregate([ { $lookup: { from: "city", localField: "CountryCode", foreignField: "CountryCode", as: "city_info" } }, { $unwind: "$city_info" }, { $match: { "city_info.Name": "Anguilla" } }, { $project: { Continent: 1 } } ])
2026-07-31 16:35:10,521 [INFO   ] [inference] generate_nosql  latency_sec=0.9365  input_tokens=127  output_tokens=19
2026-07-31 16:35:10,521 [INFO   ]   >> INPUT  : Translate the natural language question into a MongoDB MQL query using the provided schema.

Schema:
country(Capital, Code, Code2, Continent, GNP, GNPOld, GovernmentForm, HeadOfState, IndepYear, LifeExpectancy, LocalName, Name, Population, Region, SurfaceArea, _id) | countrylanguage(CountryCode, IsOfficial, Language, Percentage, _id) | city(CountryCode, District, ID, Name, Population, _id)

Question:
Which region is the city Kabul located in?

MQL:

2026-07-31 16:35:10,521 [INFO   ]   >> OUTPUT : db.city.find({ District: "C Kabul" }, { Region: 1 })
2026-07-31 16:35:15,298 [INFO   ] [inference] generate_nosql  latency_sec=4.7628  input_tokens=128  output_tokens=73
2026-07-31 16:35:15,298 [INFO   ]   >> INPUT  : Translate the natural language question into a MongoDB MQL query using the provided schema.

Schema:
country(Capital, Code, Code2, Continent, GNP, GNPOld, GovernmentForm, HeadOfState, IndepYear, LifeExpectancy, LocalName, Name, Population, Region, SurfaceArea, _id) | countrylanguage(CountryCode, IsOfficial, Language, Percentage, _id) | city(CountryCode, District, ID, Name, Population, _id)

Question:
Which language is the most popular in Aruba?

MQL:

2026-07-31 16:35:15,299 [INFO   ]   >> OUTPUT : db.country.aggregate([ { $match: { Continent: "Aruba" } }, { $group: { _id: "$Language", count: { $sum: 1 } } }, { $sort: { count: -1 } }, { $limit: 1 }, { $project: { Language: "$_id" } } ])
2026-07-31 16:35:16,245 [INFO   ] [inference] generate_nosql  latency_sec=0.932  input_tokens=127  output_tokens=19
2026-07-31 16:35:16,246 [INFO   ]   >> INPUT  : Translate the natural language question into a MongoDB MQL query using the provided schema.

Schema:
country(Capital, Code, Code2, Continent, GNP, GNPOld, GovernmentForm, HeadOfState, IndepYear, LifeExpectancy, LocalName, Name, Population, Region, SurfaceArea, _id) | countrylanguage(CountryCode, IsOfficial, Language, Percentage, _id) | city(CountryCode, District, ID, Name, Population, _id)

Question:
What language is predominantly spoken in Aruba?

MQL:

2026-07-31 16:35:16,246 [INFO   ]   >> OUTPUT : db.country.find({ Continent: 'Aruba' }, { Language: 1 })
2026-07-31 16:35:17,618 [INFO   ] [inference] generate_nosql  latency_sec=1.3573  input_tokens=129  output_tokens=25
2026-07-31 16:35:17,619 [INFO   ]   >> INPUT  : Translate the natural language question into a MongoDB MQL query using the provided schema.

Schema:
country(Capital, Code, Code2, Continent, GNP, GNPOld, GovernmentForm, HeadOfState, IndepYear, LifeExpectancy, LocalName, Name, Population, Region, SurfaceArea, _id) | countrylanguage(CountryCode, IsOfficial, Language, Percentage, _id) | city(CountryCode, District, ID, Name, Population, _id)

Question:
What are the population and life expectancies in Brazil?

MQL:

2026-07-31 16:35:17,619 [INFO   ]   >> OUTPUT : db.country.find({ Continent: "Brazil" }, { Population: 1, LifeExpectancy: 1 })
2026-07-31 16:35:22,400 [INFO   ] [inference] generate_nosql  latency_sec=4.7593  input_tokens=130  output_tokens=85
2026-07-31 16:35:22,400 [INFO   ]   >> INPUT  : Translate the natural language question into a MongoDB MQL query using the provided schema.

Schema:
country(Capital, Code, Code2, Continent, GNP, GNPOld, GovernmentForm, HeadOfState, IndepYear, LifeExpectancy, LocalName, Name, Population, Region, SurfaceArea, _id) | countrylanguage(CountryCode, IsOfficial, Language, Percentage, _id) | city(CountryCode, District, ID, Name, Population, _id)

Question:
Give me Brazil’s population and life expectancies.

MQL:

2026-07-31 16:35:22,400 [INFO   ]   >> OUTPUT : db.country.aggregate([ { $lookup: { from: "city", localField: "CountryCode", foreignField: "CountryCode", as: "city_info" } }, { $unwind: "$city_info" }, { $project: { Population: "$city_info.Population", LifeExpectancy: "$city_info.LifeExpectancy" } } ])
2026-07-31 16:35:23,496 [INFO   ] [inference] generate_nosql  latency_sec=1.0815  input_tokens=127  output_tokens=23
2026-07-31 16:35:23,496 [INFO   ]   >> INPUT  : Translate the natural language question into a MongoDB MQL query using the provided schema.

Schema:
country(Capital, Code, Code2, Continent, GNP, GNPOld, GovernmentForm, HeadOfState, IndepYear, LifeExpectancy, LocalName, Name, Population, Region, SurfaceArea, _id) | countrylanguage(CountryCode, IsOfficial, Language, Percentage, _id) | city(CountryCode, District, ID, Name, Population, _id)

Question:
What are the region and population of Angola?

MQL:

2026-07-31 16:35:23,496 [INFO   ]   >> OUTPUT : db.country.find({ Continent: 'Angola' }, { Region: 1, Population: 1 })
2026-07-31 16:35:27,793 [INFO   ] [inference] generate_nosql  latency_sec=4.2824  input_tokens=130  output_tokens=92
2026-07-31 16:35:27,793 [INFO   ]   >> INPUT  : Translate the natural language question into a MongoDB MQL query using the provided schema.

Schema:
country(Capital, Code, Code2, Continent, GNP, GNPOld, GovernmentForm, HeadOfState, IndepYear, LifeExpectancy, LocalName, Name, Population, Region, SurfaceArea, _id) | countrylanguage(CountryCode, IsOfficial, Language, Percentage, _id) | city(CountryCode, District, ID, Name, Population, _id)

Question:
What region does Angola belong to and what is its population?

MQL:

2026-07-31 16:35:27,793 [INFO   ]   >> OUTPUT : db.country.aggregate([ { $match: { Continent: "Angola" } }, { $lookup: { from: "city", localField: "CountryCode", foreignField: "CountryCode", as: "city_info" } }, { $unwind: "$city_info" }, { $project: { Region: "$city_info.Region", Population: "$city_info.Population" } } ])
2026-07-31 16:35:30,868 [INFO   ] [inference] generate_nosql  latency_sec=3.0594  input_tokens=134  output_tokens=64
2026-07-31 16:35:30,868 [INFO   ]   >> INPUT  : Translate the natural language question into a MongoDB MQL query using the provided schema.

Schema:
country(Capital, Code, Code2, Continent, GNP, GNPOld, GovernmentForm, HeadOfState, IndepYear, LifeExpectancy, LocalName, Name, Population, Region, SurfaceArea, _id) | countrylanguage(CountryCode, IsOfficial, Language, Percentage, _id) | city(CountryCode, District, ID, Name, Population, _id)

Question:
What is the average expected life expectancy for countries in the region of Central Africa?

MQL:

2026-07-31 16:35:30,868 [INFO   ]   >> OUTPUT : db.country.aggregate([ { $match: { Region: "Central Africa" } }, { $group: { _id: null, averageLifeExpectancy: { $avg: "$Population" } } } , { $project: { averageLifeExpectancy: 1 } }])
2026-07-31 16:35:35,073 [INFO   ] [inference] generate_nosql  latency_sec=4.1806  input_tokens=133  output_tokens=67
2026-07-31 16:35:35,073 [INFO   ]   >> INPUT  : Translate the natural language question into a MongoDB MQL query using the provided schema.

Schema:
country(Capital, Code, Code2, Continent, GNP, GNPOld, GovernmentForm, HeadOfState, IndepYear, LifeExpectancy, LocalName, Name, Population, Region, SurfaceArea, _id) | countrylanguage(CountryCode, IsOfficial, Language, Percentage, _id) | city(CountryCode, District, ID, Name, Population, _id)

Question:
How long is the people’s average life expectancy in Central Africa?

MQL:

2026-07-31 16:35:35,073 [INFO   ]   >> OUTPUT : db.country.aggregate([ { $match: { Continent: "Central Africa" } }, { $group: { _id: null, averageLifeExpectancy: { $avg: "$LifeExpectancy" } } } , { $project: { averageLifeExpectancy: 1 } }])
2026-07-31 16:35:42,105 [INFO   ] [inference] generate_nosql  latency_sec=7.0172  input_tokens=133  output_tokens=150
2026-07-31 16:35:42,106 [INFO   ]   >> INPUT  : Translate the natural language question into a MongoDB MQL query using the provided schema.

Schema:
country(Capital, Code, Code2, Continent, GNP, GNPOld, GovernmentForm, HeadOfState, IndepYear, LifeExpectancy, LocalName, Name, Population, Region, SurfaceArea, _id) | countrylanguage(CountryCode, IsOfficial, Language, Percentage, _id) | city(CountryCode, District, ID, Name, Population, _id)

Question:
What is the name of country that has the shortest life expectancy in Asia?

MQL:

2026-07-31 16:35:42,106 [INFO   ]   >> OUTPUT : db.country.aggregate([ { $lookup: { from: "city", localField: "CountryCode", foreignField: "CountryCode", as: "city_info" } }, { $unwind: "$city_info" }, { $lookup: { from: "countrylanguage", localField: "country_code", foreignField: "CountryCode", as: "country_language_info" } }, { $unwind: "$country_language_info" }, { $match: { "country_language_info.Language": "Asia" } }, { $sort: { "population": 1 } }, { $limit: 1 }, { $project: { Name: 1 } } ])
2026-07-31 16:35:49,900 [INFO   ] [inference] generate_nosql  latency_sec=7.7795  input_tokens=132  output_tokens=148
2026-07-31 16:35:49,900 [INFO   ]   >> INPUT  : Translate the natural language question into a MongoDB MQL query using the provided schema.

Schema:
country(Capital, Code, Code2, Continent, GNP, GNPOld, GovernmentForm, HeadOfState, IndepYear, LifeExpectancy, LocalName, Name, Population, Region, SurfaceArea, _id) | countrylanguage(CountryCode, IsOfficial, Language, Percentage, _id) | city(CountryCode, District, ID, Name, Population, _id)

Question:
Give the name of the country in Asia with the lowest life expectancy.

MQL:

2026-07-31 16:35:49,900 [INFO   ]   >> OUTPUT : db.country.aggregate([ { $lookup: { from: "countrylanguage", localField: "CountryCode", foreignField: "CountryCode", as: "country_language" } }, { $unwind: "$country_language" }, { $lookup: { from: "city", localField: "country_language.CountryCode", foreignField: "CountryCode", as: "city_country_language" } }, { $unwind: "$city_country_language" }, { $match: { "city_country_language.Population": { $min: "$city_country_language.Population" } } }, { $project: { Name: 1 } } ])
2026-07-31 16:35:53,463 [INFO   ] [inference] generate_nosql  latency_sec=3.5487  input_tokens=130  output_tokens=74
2026-07-31 16:35:53,463 [INFO   ]   >> INPUT  : Translate the natural language question into a MongoDB MQL query using the provided schema.

Schema:
country(Capital, Code, Code2, Continent, GNP, GNPOld, GovernmentForm, HeadOfState, IndepYear, LifeExpectancy, LocalName, Name, Population, Region, SurfaceArea, _id) | countrylanguage(CountryCode, IsOfficial, Language, Percentage, _id) | city(CountryCode, District, ID, Name, Population, _id)

Question:
What is the total population and maximum GNP in Asia?

MQL:

2026-07-31 16:35:53,463 [INFO   ]   >> OUTPUT : db.country.aggregate([ { $match: { Continent: "Asia" } }, { $group: { _id: null, totalPopulation: { $sum: "$Population" }, maxGNP: { $max: "$GNP" } } }, { $project: { totalPopulation: 1, maxGNP: 1 } } ])
2026-07-31 16:36:00,246 [INFO   ] [inference] generate_nosql  latency_sec=6.7673  input_tokens=135  output_tokens=60
2026-07-31 16:36:00,246 [INFO   ]   >> INPUT  : Translate the natural language question into a MongoDB MQL query using the provided schema.

Schema:
country(Capital, Code, Code2, Continent, GNP, GNPOld, GovernmentForm, HeadOfState, IndepYear, LifeExpectancy, LocalName, Name, Population, Region, SurfaceArea, _id) | countrylanguage(CountryCode, IsOfficial, Language, Percentage, _id) | city(CountryCode, District, ID, Name, Population, _id)

Question:
How many people live in Asia, and what is the largest GNP among them?

MQL:

2026-07-31 16:36:00,247 [INFO   ]   >> OUTPUT : db.country.aggregate([ { $match: { Continent: "Asia" } }, { $group: { _id: "$GNP", count: { $sum: 1 } } }, { $sort: { count: -1 } }, { $limit: 1 } ])
2026-07-31 16:36:03,467 [INFO   ] [inference] generate_nosql  latency_sec=3.1987  input_tokens=131  output_tokens=61
2026-07-31 16:36:03,467 [INFO   ]   >> INPUT  : Translate the natural language question into a MongoDB MQL query using the provided schema.

Schema:
country(Capital, Code, Code2, Continent, GNP, GNPOld, GovernmentForm, HeadOfState, IndepYear, LifeExpectancy, LocalName, Name, Population, Region, SurfaceArea, _id) | countrylanguage(CountryCode, IsOfficial, Language, Percentage, _id) | city(CountryCode, District, ID, Name, Population, _id)

Question:
What is the total surface area of the continents Asia and Europe?

MQL:

2026-07-31 16:36:03,467 [INFO   ]   >> OUTPUT : db.country.aggregate([ { $match: { Continent: "Asia" } }, { $group: { _id: null, totalSurfaceArea: { $sum: "$SurfaceArea" } } }, { $project: { totalSurfaceArea: 1 } } ])
2026-07-31 16:36:07,065 [INFO   ] [inference] generate_nosql  latency_sec=3.5829  input_tokens=131  output_tokens=75
2026-07-31 16:36:07,065 [INFO   ]   >> INPUT  : Translate the natural language question into a MongoDB MQL query using the provided schema.

Schema:
country(Capital, Code, Code2, Continent, GNP, GNPOld, GovernmentForm, HeadOfState, IndepYear, LifeExpectancy, LocalName, Name, Population, Region, SurfaceArea, _id) | countrylanguage(CountryCode, IsOfficial, Language, Percentage, _id) | city(CountryCode, District, ID, Name, Population, _id)

Question:
Give the total surface area covered by countries in Asia or Europe.

MQL:

2026-07-31 16:36:07,065 [INFO   ]   >> OUTPUT : db.country.aggregate([ { $match: { $or: [ { Region: "Asia" }, { Region: "Europe" } ] } }, { $group: { _id: null, totalSurfaceArea: { $sum: "$SurfaceArea" } } }, { $project: { totalSurfaceArea: 1 } } ])
2026-07-31 16:36:09,088 [INFO   ] [inference] generate_nosql  latency_sec=2.0089  input_tokens=128  output_tokens=43
2026-07-31 16:36:09,089 [INFO   ]   >> INPUT  : Translate the natural language question into a MongoDB MQL query using the provided schema.

Schema:
country(Capital, Code, Code2, Continent, GNP, GNPOld, GovernmentForm, HeadOfState, IndepYear, LifeExpectancy, LocalName, Name, Population, Region, SurfaceArea, _id) | countrylanguage(CountryCode, IsOfficial, Language, Percentage, _id) | city(CountryCode, District, ID, Name, Population, _id)

Question:
How many people live in Gelderland district?

MQL:

2026-07-31 16:36:09,089 [INFO   ]   >> OUTPUT : db.city.aggregate([ { $match: { District: "Gelderland" } }, { $group: { _id: null, count: { $sum: 1 } } } ])
2026-07-31 16:36:11,992 [INFO   ] [inference] generate_nosql  latency_sec=2.8887  input_tokens=129  output_tokens=58
2026-07-31 16:36:11,992 [INFO   ]   >> INPUT  : Translate the natural language question into a MongoDB MQL query using the provided schema.

Schema:
country(Capital, Code, Code2, Continent, GNP, GNPOld, GovernmentForm, HeadOfState, IndepYear, LifeExpectancy, LocalName, Name, Population, Region, SurfaceArea, _id) | countrylanguage(CountryCode, IsOfficial, Language, Percentage, _id) | city(CountryCode, District, ID, Name, Population, _id)

Question:
What is the total population of Gelderland district?

MQL:

2026-07-31 16:36:11,992 [INFO   ]   >> OUTPUT : db.city.aggregate([ { $match: { District: "Gelderland" } }, { $group: { _id: null, totalPopulation: { $sum: "$Population" } } } , { $project: { totalPopulation: 1 } }])
2026-07-31 16:36:15,894 [INFO   ] [inference] generate_nosql  latency_sec=3.8801  input_tokens=136  output_tokens=63
2026-07-31 16:36:15,894 [INFO   ]   >> INPUT  : Translate the natural language question into a MongoDB MQL query using the provided schema.

Schema:
country(Capital, Code, Code2, Continent, GNP, GNPOld, GovernmentForm, HeadOfState, IndepYear, LifeExpectancy, LocalName, Name, Population, Region, SurfaceArea, _id) | countrylanguage(CountryCode, IsOfficial, Language, Percentage, _id) | city(CountryCode, District, ID, Name, Population, _id)

Question:
What is the average GNP and total population in all nations whose government is US territory?

MQL:

2026-07-31 16:36:15,894 [INFO   ]   >> OUTPUT : db.country.aggregate([ { $match: { GovernmentForm: "US" } }, { $group: { _id: null, averagePopulation: { $avg: "$Population" } } }, { $project: { averagePopulation: 1, averageGNP: 1 } } ])
2026-07-31 16:36:19,401 [INFO   ] [inference] generate_nosql  latency_sec=3.492  input_tokens=134  output_tokens=75
2026-07-31 16:36:19,401 [INFO   ]   >> INPUT  : Translate the natural language question into a MongoDB MQL query using the provided schema.

Schema:
country(Capital, Code, Code2, Continent, GNP, GNPOld, GovernmentForm, HeadOfState, IndepYear, LifeExpectancy, LocalName, Name, Population, Region, SurfaceArea, _id) | countrylanguage(CountryCode, IsOfficial, Language, Percentage, _id) | city(CountryCode, District, ID, Name, Population, _id)

Question:
Give the mean GNP and total population of nations which are considered US territory.

MQL:

2026-07-31 16:36:19,401 [INFO   ]   >> OUTPUT : db.country.aggregate([ { $match: { Continent: "USA" } }, { $group: { _id: null, meanGNP: { $avg: "$GNP" }, totalPopulation: { $sum: "$Population" } } }, { $project: { meanGNP: 1, totalPopulation: 1 } } ])
2026-07-31 16:36:21,431 [INFO   ] [inference] generate_nosql  latency_sec=2.0152  input_tokens=127  output_tokens=44
2026-07-31 16:36:21,431 [INFO   ]   >> INPUT  : Translate the natural language question into a MongoDB MQL query using the provided schema.

Schema:
country(Capital, Code, Code2, Continent, GNP, GNPOld, GovernmentForm, HeadOfState, IndepYear, LifeExpectancy, LocalName, Name, Population, Region, SurfaceArea, _id) | countrylanguage(CountryCode, IsOfficial, Language, Percentage, _id) | city(CountryCode, District, ID, Name, Population, _id)

Question:
How many type of governments are in Africa?

MQL:

2026-07-31 16:36:21,431 [INFO   ]   >> OUTPUT : db.country.aggregate([ { $match: { Continent: "Africa" } }, { $group: { _id: "$GovernmentForm" } }, { $count: "total" } ])
2026-07-31 16:36:23,698 [INFO   ] [inference] generate_nosql  latency_sec=2.2527  input_tokens=129  output_tokens=48
2026-07-31 16:36:23,698 [INFO   ]   >> INPUT  : Translate the natural language question into a MongoDB MQL query using the provided schema.

Schema:
country(Capital, Code, Code2, Continent, GNP, GNPOld, GovernmentForm, HeadOfState, IndepYear, LifeExpectancy, LocalName, Name, Population, Region, SurfaceArea, _id) | countrylanguage(CountryCode, IsOfficial, Language, Percentage, _id) | city(CountryCode, District, ID, Name, Population, _id)

Question:
How many different forms of governments are there in Africa?

MQL:

2026-07-31 16:36:23,698 [INFO   ]   >> OUTPUT : db.country.aggregate([ { $match: { Continent: "Africa" } }, { $group: { _id: "$GovernmentForm" } }, { $count: "distinct_governments" } ])
2026-07-31 16:36:26,991 [INFO   ] [inference] generate_nosql  latency_sec=3.2778  input_tokens=130  output_tokens=59
2026-07-31 16:36:26,991 [INFO   ]   >> INPUT  : Translate the natural language question into a MongoDB MQL query using the provided schema.

Schema:
country(Capital, Code, Code2, Continent, GNP, GNPOld, GovernmentForm, HeadOfState, IndepYear, LifeExpectancy, LocalName, Name, Population, Region, SurfaceArea, _id) | countrylanguage(CountryCode, IsOfficial, Language, Percentage, _id) | city(CountryCode, District, ID, Name, Population, _id)

Question:
What is the total number of languages used in Aruba?

MQL:

2026-07-31 16:36:26,991 [INFO   ]   >> OUTPUT : db.country.aggregate([ { $match: { Continent: "Aruba" } }, { $group: { _id: null, totalLanguages: { $sum: "$Language" } } } , { $project: { totalLanguages: 1 } }])
2026-07-31 16:36:29,673 [INFO   ] [inference] generate_nosql  latency_sec=2.6609  input_tokens=127  output_tokens=46
2026-07-31 16:36:29,673 [INFO   ]   >> INPUT  : Translate the natural language question into a MongoDB MQL query using the provided schema.

Schema:
country(Capital, Code, Code2, Continent, GNP, GNPOld, GovernmentForm, HeadOfState, IndepYear, LifeExpectancy, LocalName, Name, Population, Region, SurfaceArea, _id) | countrylanguage(CountryCode, IsOfficial, Language, Percentage, _id) | city(CountryCode, District, ID, Name, Population, _id)

Question:
How many languages are spoken in Aruba?

MQL:

2026-07-31 16:36:29,673 [INFO   ]   >> OUTPUT : db.country.aggregate([ { $match: { Continent: "Aruba" } }, { $group: { _id: "$Language" } }, { $count: "total_languages" } ])
2026-07-31 16:36:31,936 [INFO   ] [inference] generate_nosql  latency_sec=2.2473  input_tokens=126  output_tokens=48
2026-07-31 16:36:31,936 [INFO   ]   >> INPUT  : Translate the natural language question into a MongoDB MQL query using the provided schema.

Schema:
country(Capital, Code, Code2, Continent, GNP, GNPOld, GovernmentForm, HeadOfState, IndepYear, LifeExpectancy, LocalName, Name, Population, Region, SurfaceArea, _id) | countrylanguage(CountryCode, IsOfficial, Language, Percentage, _id) | city(CountryCode, District, ID, Name, Population, _id)

Question:
How many official languages does Afghanistan have?

MQL:

2026-07-31 16:36:31,936 [INFO   ]   >> OUTPUT : db.country.aggregate([ { $match: { Continent: "Afghanistan" } }, { $group: { _id: "$Language" } }, { $count: "distinct_languages" } ])
2026-07-31 16:36:36,563 [INFO   ] [inference] generate_nosql  latency_sec=4.6132  input_tokens=127  output_tokens=98
2026-07-31 16:36:36,563 [INFO   ]   >> INPUT  : Translate the natural language question into a MongoDB MQL query using the provided schema.

Schema:
country(Capital, Code, Code2, Continent, GNP, GNPOld, GovernmentForm, HeadOfState, IndepYear, LifeExpectancy, LocalName, Name, Population, Region, SurfaceArea, _id) | countrylanguage(CountryCode, IsOfficial, Language, Percentage, _id) | city(CountryCode, District, ID, Name, Population, _id)

Question:
How many official languages are spoken in Afghanistan?

MQL:

2026-07-31 16:36:36,563 [INFO   ]   >> OUTPUT : db.country.aggregate([ { $match: { Continent: "Afghanistan" } }, { $lookup: { from: "countrylanguage", localField: "CountryCode", foreignField: "CountryCode", as: "country_languages" } }, { $unwind: "$country_languages" }, { $group: { _id: "$country_languages.Language" } }, { $count: "AFCount" } ])
2026-07-31 16:36:42,370 [INFO   ] [inference] generate_nosql  latency_sec=5.7919  input_tokens=126  output_tokens=104
2026-07-31 16:36:42,370 [INFO   ]   >> INPUT  : Translate the natural language question into a MongoDB MQL query using the provided schema.

Schema:
country(Capital, Code, Code2, Continent, GNP, GNPOld, GovernmentForm, HeadOfState, IndepYear, LifeExpectancy, LocalName, Name, Population, Region, SurfaceArea, _id) | countrylanguage(CountryCode, IsOfficial, Language, Percentage, _id) | city(CountryCode, District, ID, Name, Population, _id)

Question:
Which continent has the most diverse languages?

MQL:

2026-07-31 16:36:42,370 [INFO   ]   >> OUTPUT : db.country.aggregate([ { $group: { _id: "$Continent", count: { $sum: 1 } } }, { $sort: { count: -1 } }, { $limit: 1 }, { $lookup: { from: "countrylanguage", localField: "_id", foreignField: "CountryCode", as: "languages" } }, { $unwind: "$languages" }, { $project: { Continent: "$_id" } } ])
2026-07-31 16:36:46,477 [INFO   ] [inference] generate_nosql  latency_sec=4.0923  input_tokens=125  output_tokens=88
2026-07-31 16:36:46,477 [INFO   ]   >> INPUT  : Translate the natural language question into a MongoDB MQL query using the provided schema.

Schema:
country(Capital, Code, Code2, Continent, GNP, GNPOld, GovernmentForm, HeadOfState, IndepYear, LifeExpectancy, LocalName, Name, Population, Region, SurfaceArea, _id) | countrylanguage(CountryCode, IsOfficial, Language, Percentage, _id) | city(CountryCode, District, ID, Name, Population, _id)

Question:
Which continent speaks the most languages?

MQL:

2026-07-31 16:36:46,477 [INFO   ]   >> OUTPUT : db.country.aggregate([ { $lookup: { from: "countrylanguage", localField: "CountryCode", foreignField: "CountryCode", as: "languages" } }, { $unwind: "$languages" }, { $sort: { "languages.Percentage": -1 } }, { $limit: 1 }, { $project: { Continent: "$CountryCode" } } ])
2026-07-31 16:36:49,287 [INFO   ] [inference] generate_nosql  latency_sec=2.7955  input_tokens=127  output_tokens=57
2026-07-31 16:36:49,287 [INFO   ]   >> INPUT  : Translate the natural language question into a MongoDB MQL query using the provided schema.

Schema:
country(Capital, Code, Code2, Continent, GNP, GNPOld, GovernmentForm, HeadOfState, IndepYear, LifeExpectancy, LocalName, Name, Population, Region, SurfaceArea, _id) | countrylanguage(CountryCode, IsOfficial, Language, Percentage, _id) | city(CountryCode, District, ID, Name, Population, _id)

Question:
How many countries speak both English and Dutch?

MQL:

2026-07-31 16:36:49,287 [INFO   ]   >> OUTPUT : db.country.aggregate([ { $match: { $or: [ { Name: 'English' }, { Name: 'Dutch' } ] } }, { $group: { _id: "$CountryCode", count: { $sum: 1 } } } ])
2026-07-31 16:36:52,173 [INFO   ] [inference] generate_nosql  latency_sec=2.8722  input_tokens=130  output_tokens=60
2026-07-31 16:36:52,173 [INFO   ]   >> INPUT  : Translate the natural language question into a MongoDB MQL query using the provided schema.

Schema:
country(Capital, Code, Code2, Continent, GNP, GNPOld, GovernmentForm, HeadOfState, IndepYear, LifeExpectancy, LocalName, Name, Population, Region, SurfaceArea, _id) | countrylanguage(CountryCode, IsOfficial, Language, Percentage, _id) | city(CountryCode, District, ID, Name, Population, _id)

Question:
What is the number of nations that use English and Dutch?

MQL:

2026-07-31 16:36:52,173 [INFO   ]   >> OUTPUT : db.country.aggregate([ { $match: { CountryName: { $in: ["English", "Dutch"] } } }, { $group: { _id: null, count: { $sum: 1 } } }, { $project: { count: 1 } } ])
2026-07-31 16:36:56,917 [INFO   ] [inference] generate_nosql  latency_sec=4.7223  input_tokens=130  output_tokens=79
2026-07-31 16:36:56,917 [INFO   ]   >> INPUT  : Translate the natural language question into a MongoDB MQL query using the provided schema.

Schema:
country(Capital, Code, Code2, Continent, GNP, GNPOld, GovernmentForm, HeadOfState, IndepYear, LifeExpectancy, LocalName, Name, Population, Region, SurfaceArea, _id) | countrylanguage(CountryCode, IsOfficial, Language, Percentage, _id) | city(CountryCode, District, ID, Name, Population, _id)

Question:
What are the names of nations speak both English and French?

MQL:

2026-07-31 16:36:56,917 [INFO   ]   >> OUTPUT : db.country.aggregate([ { $match: { $or: [ { Name: "French" }, { Name: "English" } ] } }, { $group: { _id: "$Name", count: { $sum: 1 } } }, { $match: { count: 2 } }, { $project: { Name: "$_id" } } ])
2026-07-31 16:37:00,934 [INFO   ] [inference] generate_nosql  latency_sec=3.9989  input_tokens=130  output_tokens=86
2026-07-31 16:37:00,935 [INFO   ]   >> INPUT  : Translate the natural language question into a MongoDB MQL query using the provided schema.

Schema:
country(Capital, Code, Code2, Continent, GNP, GNPOld, GovernmentForm, HeadOfState, IndepYear, LifeExpectancy, LocalName, Name, Population, Region, SurfaceArea, _id) | countrylanguage(CountryCode, IsOfficial, Language, Percentage, _id) | city(CountryCode, District, ID, Name, Population, _id)

Question:
Give the names of nations that speak both English and French.

MQL:

2026-07-31 16:37:00,935 [INFO   ]   >> OUTPUT : db.country.aggregate([ { $lookup: { from: "nation", localField: "CountryCode", foreignField: "CountryCode", as: "nations" } }, { $unwind: "$nations" }, { $match: { "nations.Name": { $in: ["English", "French"] } } }, { $project: { Name: 1 } } ])
2026-07-31 16:37:05,314 [INFO   ] [inference] generate_nosql  latency_sec=4.3648  input_tokens=131  output_tokens=94
2026-07-31 16:37:05,315 [INFO   ]   >> INPUT  : Translate the natural language question into a MongoDB MQL query using the provided schema.

Schema:
country(Capital, Code, Code2, Continent, GNP, GNPOld, GovernmentForm, HeadOfState, IndepYear, LifeExpectancy, LocalName, Name, Population, Region, SurfaceArea, _id) | countrylanguage(CountryCode, IsOfficial, Language, Percentage, _id) | city(CountryCode, District, ID, Name, Population, _id)

Question:
Give the names of countries with English and French as official languages.

MQL:

2026-07-31 16:37:05,315 [INFO   ]   >> OUTPUT : db.country.aggregate([ { $match: { $or: [ { Name: "French" }, { Name: "English" } ] } }, { $lookup: { from: "countrylanguage", localField: "CountryCode", foreignField: "CountryCode", as: "languages" } }, { $unwind: "$languages" }, { $project: { Name: "$languages.Name" } } ])
2026-07-31 16:37:08,282 [INFO   ] [inference] generate_nosql  latency_sec=2.9529  input_tokens=130  output_tokens=49
2026-07-31 16:37:08,282 [INFO   ]   >> INPUT  : Translate the natural language question into a MongoDB MQL query using the provided schema.

Schema:
country(Capital, Code, Code2, Continent, GNP, GNPOld, GovernmentForm, HeadOfState, IndepYear, LifeExpectancy, LocalName, Name, Population, Region, SurfaceArea, _id) | countrylanguage(CountryCode, IsOfficial, Language, Percentage, _id) | city(CountryCode, District, ID, Name, Population, _id)

Question:
What is the number of distinct continents where Chinese is spoken?

MQL:

2026-07-31 16:37:08,282 [INFO   ]   >> OUTPUT : db.country.aggregate([ { $match: { Name: "Chinese" } }, { $group: { _id: "$Continent" } }, { $count: "distinct_continent_count" } ])
2026-07-31 16:37:10,755 [INFO   ] [inference] generate_nosql  latency_sec=2.452  input_tokens=124  output_tokens=47
2026-07-31 16:37:10,756 [INFO   ]   >> INPUT  : Translate the natural language question into a MongoDB MQL query using the provided schema.

Schema:
country(Capital, Code, Code2, Continent, GNP, GNPOld, GovernmentForm, HeadOfState, IndepYear, LifeExpectancy, LocalName, Name, Population, Region, SurfaceArea, _id) | countrylanguage(CountryCode, IsOfficial, Language, Percentage, _id) | city(CountryCode, District, ID, Name, Population, _id)

Question:
How many continents speak Chinese?

MQL:

2026-07-31 16:37:10,756 [INFO   ]   >> OUTPUT : db.country.aggregate([ { $match: { Name: "Chinese" } }, { $group: { _id: "$Continent" } }, { $count: "distinct_continents" } ])
2026-07-31 16:37:12,372 [INFO   ] [inference] generate_nosql  latency_sec=1.6022  input_tokens=128  output_tokens=34
2026-07-31 16:37:12,372 [INFO   ]   >> INPUT  : Translate the natural language question into a MongoDB MQL query using the provided schema.

Schema:
country(Capital, Code, Code2, Continent, GNP, GNPOld, GovernmentForm, HeadOfState, IndepYear, LifeExpectancy, LocalName, Name, Population, Region, SurfaceArea, _id) | countrylanguage(CountryCode, IsOfficial, Language, Percentage, _id) | city(CountryCode, District, ID, Name, Population, _id)

Question:
What are the regions that use English or Dutch?

MQL:

2026-07-31 16:37:12,373 [INFO   ]   >> OUTPUT : db.country.find( { $or: [ { Region: "English" }, { Region: "Dutch" } ] }, { Region: 1 } )
2026-07-31 16:37:13,878 [INFO   ] [inference] generate_nosql  latency_sec=1.4889  input_tokens=125  output_tokens=26
2026-07-31 16:37:13,879 [INFO   ]   >> INPUT  : Translate the natural language question into a MongoDB MQL query using the provided schema.

Schema:
country(Capital, Code, Code2, Continent, GNP, GNPOld, GovernmentForm, HeadOfState, IndepYear, LifeExpectancy, LocalName, Name, Population, Region, SurfaceArea, _id) | countrylanguage(CountryCode, IsOfficial, Language, Percentage, _id) | city(CountryCode, District, ID, Name, Population, _id)

Question:
Which regions speak Dutch or English?

MQL:

2026-07-31 16:37:13,879 [INFO   ]   >> OUTPUT : db.country.find({ Continent: { $in: ["Dutch", "English"] } }, { Region: 1 })
2026-07-31 16:37:17,276 [INFO   ] [inference] generate_nosql  latency_sec=3.3817  input_tokens=129  output_tokens=72
2026-07-31 16:37:17,276 [INFO   ]   >> INPUT  : Translate the natural language question into a MongoDB MQL query using the provided schema.

Schema:
country(Capital, Code, Code2, Continent, GNP, GNPOld, GovernmentForm, HeadOfState, IndepYear, LifeExpectancy, LocalName, Name, Population, Region, SurfaceArea, _id) | countrylanguage(CountryCode, IsOfficial, Language, Percentage, _id) | city(CountryCode, District, ID, Name, Population, _id)

Question:
Which language is the most popular on the Asian continent?

MQL:

2026-07-31 16:37:17,276 [INFO   ]   >> OUTPUT : db.country.aggregate([ { $match: { Continent: "Asian" } }, { $group: { _id: "$Language", count: { $sum: 1 } } }, { $sort: { count: -1 } }, { $limit: 1 }, { $project: { Language: "$_id" } } ])
2026-07-31 16:37:23,229 [INFO   ] [inference] generate_nosql  latency_sec=5.9388  input_tokens=133  output_tokens=61
2026-07-31 16:37:23,230 [INFO   ]   >> INPUT  : Translate the natural language question into a MongoDB MQL query using the provided schema.

Schema:
country(Capital, Code, Code2, Continent, GNP, GNPOld, GovernmentForm, HeadOfState, IndepYear, LifeExpectancy, LocalName, Name, Population, Region, SurfaceArea, _id) | countrylanguage(CountryCode, IsOfficial, Language, Percentage, _id) | city(CountryCode, District, ID, Name, Population, _id)

Question:
What is the language that is used by the largest number of Asian nations?

MQL:

2026-07-31 16:37:23,230 [INFO   ]   >> OUTPUT : db.countrylanguage.aggregate([ { $group: { _id: "$Language", count: { $sum: 1 } } }, { $sort: { count: -1 } }, { $limit: 1 }, { $project: { Language: "$_id" } } ])
2026-07-31 16:37:24,579 [INFO   ] [inference] generate_nosql  latency_sec=1.3354  input_tokens=129  output_tokens=26
2026-07-31 16:37:24,580 [INFO   ]   >> INPUT  : Translate the natural language question into a MongoDB MQL query using the provided schema.

Schema:
country(Capital, Code, Code2, Continent, GNP, GNPOld, GovernmentForm, HeadOfState, IndepYear, LifeExpectancy, LocalName, Name, Population, Region, SurfaceArea, _id) | countrylanguage(CountryCode, IsOfficial, Language, Percentage, _id) | city(CountryCode, District, ID, Name, Population, _id)

Question:
Find the city with the largest population that uses English.

MQL:

2026-07-31 16:37:24,580 [INFO   ]   >> OUTPUT : db.city.find({}, {City: 1}).sort({Population: -1}).limit(1)
2026-07-31 16:37:29,199 [INFO   ] [inference] generate_nosql  latency_sec=4.6034  input_tokens=128  output_tokens=99
2026-07-31 16:37:29,199 [INFO   ]   >> INPUT  : Translate the natural language question into a MongoDB MQL query using the provided schema.

Schema:
country(Capital, Code, Code2, Continent, GNP, GNPOld, GovernmentForm, HeadOfState, IndepYear, LifeExpectancy, LocalName, Name, Population, Region, SurfaceArea, _id) | countrylanguage(CountryCode, IsOfficial, Language, Percentage, _id) | city(CountryCode, District, ID, Name, Population, _id)

Question:
What is the most populace city that speaks English?

MQL:

2026-07-31 16:37:29,199 [INFO   ]   >> OUTPUT : db.city.aggregate([ { $lookup: { from: "country", localField: "CountryCode", foreignField: "CountryCode", as: "country_info" } }, { $unwind: "$country_info" }, { $match: { "country_info.Name": "English" } }, { $sort: { "Population": -1 } }, { $limit: 1 }, { $project: { Name: 1 } } ])
2026-07-31 16:37:37,155 [INFO   ] [inference] generate_nosql  latency_sec=7.9418  input_tokens=136  output_tokens=150
2026-07-31 16:37:37,155 [INFO   ]   >> INPUT  : Translate the natural language question into a MongoDB MQL query using the provided schema.

Schema:
country(Capital, Code, Code2, Continent, GNP, GNPOld, GovernmentForm, HeadOfState, IndepYear, LifeExpectancy, LocalName, Name, Population, Region, SurfaceArea, _id) | countrylanguage(CountryCode, IsOfficial, Language, Percentage, _id) | city(CountryCode, District, ID, Name, Population, _id)

Question:
Find the name, population and expected life length of asian country with the largest area?

MQL:

2026-07-31 16:37:37,156 [INFO   ]   >> OUTPUT : db.country.aggregate([ { $lookup: { from: "city", localField: "CountryCode", foreignField: "CountryCode", as: "city_info" } }, { $unwind: "$city_info" }, { $lookup: { from: "countrylanguage", localField: "country_code", foreignField: "CountryCode", as: "country_language_info" } }, { $unwind: "$country_language_info" }, { $lookup: { from: "region", localField: "country_language_info.Language", foreignField: "Language", as: "region_info" } }, { $unwind: "$region_info
2026-07-31 16:37:42,087 [INFO   ] [inference] generate_nosql  latency_sec=4.916  input_tokens=136  output_tokens=106
2026-07-31 16:37:42,087 [INFO   ]   >> INPUT  : Translate the natural language question into a MongoDB MQL query using the provided schema.

Schema:
country(Capital, Code, Code2, Continent, GNP, GNPOld, GovernmentForm, HeadOfState, IndepYear, LifeExpectancy, LocalName, Name, Population, Region, SurfaceArea, _id) | countrylanguage(CountryCode, IsOfficial, Language, Percentage, _id) | city(CountryCode, District, ID, Name, Population, _id)

Question:
What are the name, population, and life expectancy of the largest Asian country by land?

MQL:

2026-07-31 16:37:42,087 [INFO   ]   >> OUTPUT : db.country.aggregate([ { $match: { Continent: "Asian" } }, { $lookup: { from: "city", localField: "CountryCode", foreignField: "CountryCode", as: "city_info" } }, { $unwind: "$city_info" }, { $project: { Name: "$city_info.Name", Population: "$city_info.Population", LifeExpectancy: "$city_info.LifeExpectancy" } } ])
2026-07-31 16:37:46,985 [INFO   ] [inference] generate_nosql  latency_sec=4.8836  input_tokens=135  output_tokens=99
2026-07-31 16:37:46,986 [INFO   ]   >> INPUT  : Translate the natural language question into a MongoDB MQL query using the provided schema.

Schema:
country(Capital, Code, Code2, Continent, GNP, GNPOld, GovernmentForm, HeadOfState, IndepYear, LifeExpectancy, LocalName, Name, Population, Region, SurfaceArea, _id) | countrylanguage(CountryCode, IsOfficial, Language, Percentage, _id) | city(CountryCode, District, ID, Name, Population, _id)

Question:
What is the total number of people living in the nations that do not use English?

MQL:

2026-07-31 16:37:46,986 [INFO   ]   >> OUTPUT : db.country.aggregate([ { $lookup: { from: "city", localField: "CountryCode", foreignField: "CountryCode", as: "city_info" } }, { $match: { "city_info.Name": { $ne: "English" } } }, { $group: { _id: null, totalPeople: { $sum: "$Population" } } }, { $project: { totalPeople: 1 } } ])
2026-07-31 16:37:49,899 [INFO   ] [inference] generate_nosql  latency_sec=2.8914  input_tokens=130  output_tokens=46
2026-07-31 16:37:49,899 [INFO   ]   >> INPUT  : Translate the natural language question into a MongoDB MQL query using the provided schema.

Schema:
country(Capital, Code, Code2, Continent, GNP, GNPOld, GovernmentForm, HeadOfState, IndepYear, LifeExpectancy, LocalName, Name, Population, Region, SurfaceArea, _id) | countrylanguage(CountryCode, IsOfficial, Language, Percentage, _id) | city(CountryCode, District, ID, Name, Population, _id)

Question:
How many people live in countries that do not speak English?

MQL:

2026-07-31 16:37:49,899 [INFO   ]   >> OUTPUT : db.country.aggregate([ { $match: { Name: { $ne: "English" } } }, { $group: { _id: null, count: { $sum: 1 } } } ])
2026-07-31 16:37:53,921 [INFO   ] [inference] generate_nosql  latency_sec=4.0066  input_tokens=135  output_tokens=86
2026-07-31 16:37:53,922 [INFO   ]   >> INPUT  : Translate the natural language question into a MongoDB MQL query using the provided schema.

Schema:
country(Capital, Code, Code2, Continent, GNP, GNPOld, GovernmentForm, HeadOfState, IndepYear, LifeExpectancy, LocalName, Name, Population, Region, SurfaceArea, _id) | countrylanguage(CountryCode, IsOfficial, Language, Percentage, _id) | city(CountryCode, District, ID, Name, Population, _id)

Question:
What is the official language spoken in the country whose head of state is Beatrix?

MQL:

2026-07-31 16:37:53,922 [INFO   ]   >> OUTPUT : db.country.aggregate([ { $match: { HeadOfState: "Beatrix" } }, { $lookup: { from: "countrylanguage", localField: "CountryCode", foreignField: "CountryCode", as: "country_language" } }, { $unwind: "$country_language" }, { $project: { Language: "$country_language.Language" } } ])
2026-07-31 16:38:00,573 [INFO   ] [inference] generate_nosql  latency_sec=6.637  input_tokens=138  output_tokens=135
2026-07-31 16:38:00,574 [INFO   ]   >> INPUT  : Translate the natural language question into a MongoDB MQL query using the provided schema.

Schema:
country(Capital, Code, Code2, Continent, GNP, GNPOld, GovernmentForm, HeadOfState, IndepYear, LifeExpectancy, LocalName, Name, Population, Region, SurfaceArea, _id) | countrylanguage(CountryCode, IsOfficial, Language, Percentage, _id) | city(CountryCode, District, ID, Name, Population, _id)

Question:
What is the official language used in the country the name of whose head of state is Beatrix.

MQL:

2026-07-31 16:38:00,574 [INFO   ]   >> OUTPUT : db.country.aggregate([ { $lookup: { from: "city", localField: "CountryCode", foreignField: "CountryCode", as: "city_info" } }, { $unwind: "$city_info" }, { $lookup: { from: "countrylanguage", localField: "country_code", foreignField: "CountryCode", as: "country_info" } }, { $unwind: "$country_info" }, { $match: { "country_info.Name": "Beatrix" } }, { $project: { Language: "$country_info.Language" } } ])
2026-07-31 16:38:08,331 [INFO   ] [inference] generate_nosql  latency_sec=7.7329  input_tokens=135  output_tokens=150
2026-07-31 16:38:08,332 [INFO   ]   >> INPUT  : Translate the natural language question into a MongoDB MQL query using the provided schema.

Schema:
country(Capital, Code, Code2, Continent, GNP, GNPOld, GovernmentForm, HeadOfState, IndepYear, LifeExpectancy, LocalName, Name, Population, Region, SurfaceArea, _id) | countrylanguage(CountryCode, IsOfficial, Language, Percentage, _id) | city(CountryCode, District, ID, Name, Population, _id)

Question:
For the countries founded before 1930, what is the total number of distinct official languages?

MQL:

2026-07-31 16:38:08,332 [INFO   ]   >> OUTPUT : db.country.aggregate([ { $lookup: { from: "countrylanguage", localField: "CountryCode", foreignField: "CountryCode", as: "country_languages" } }, { $unwind: "$country_languages" }, { $lookup: { from: "city", localField: "country_languages.CountryCode", foreignField: "CountryCode", as: "city_countries" } }, { $unwind: "$city_countries" }, { $match: { "city_countries.District": { $lt: 1930 } } }, { $group: { _id: null, distinctLanguages: { $addToSet: "$country
2026-07-31 16:38:12,048 [INFO   ] [inference] generate_nosql  latency_sec=3.7008  input_tokens=133  output_tokens=79
2026-07-31 16:38:12,048 [INFO   ]   >> INPUT  : Translate the natural language question into a MongoDB MQL query using the provided schema.

Schema:
country(Capital, Code, Code2, Continent, GNP, GNPOld, GovernmentForm, HeadOfState, IndepYear, LifeExpectancy, LocalName, Name, Population, Region, SurfaceArea, _id) | countrylanguage(CountryCode, IsOfficial, Language, Percentage, _id) | city(CountryCode, District, ID, Name, Population, _id)

Question:
Which African countries have a smaller population than that of any country in Asia?

MQL:

2026-07-31 16:38:12,048 [INFO   ]   >> OUTPUT : db.country.aggregate([ { $match: { Population: { $lt: db.country.aggregate([ { $match: { Region: "Asia" } }, { $group: { _id: "$CountryCode" } } ]).toArray()[0].Population } } }, { $project: { CountryCode: "$_id" } } ])
2026-07-31 16:38:17,783 [INFO   ] [inference] generate_nosql  latency_sec=5.7203  input_tokens=134  output_tokens=35
2026-07-31 16:38:17,784 [INFO   ]   >> INPUT  : Translate the natural language question into a MongoDB MQL query using the provided schema.

Schema:
country(Capital, Code, Code2, Continent, GNP, GNPOld, GovernmentForm, HeadOfState, IndepYear, LifeExpectancy, LocalName, Name, Population, Region, SurfaceArea, _id) | countrylanguage(CountryCode, IsOfficial, Language, Percentage, _id) | city(CountryCode, District, ID, Name, Population, _id)

Question:
What are the population, name and leader of the country with the largest area?

MQL:

2026-07-31 16:38:17,784 [INFO   ]   >> OUTPUT : db.country.find({}, { Population: 1, Name: 1, Leader: 1 }).sort({ SurfaceArea: -1 }).limit(1)
2026-07-31 16:38:24,831 [INFO   ] [inference] generate_nosql  latency_sec=7.0317  input_tokens=137  output_tokens=37
2026-07-31 16:38:24,831 [INFO   ]   >> INPUT  : Translate the natural language question into a MongoDB MQL query using the provided schema.

Schema:
country(Capital, Code, Code2, Continent, GNP, GNPOld, GovernmentForm, HeadOfState, IndepYear, LifeExpectancy, LocalName, Name, Population, Region, SurfaceArea, _id) | countrylanguage(CountryCode, IsOfficial, Language, Percentage, _id) | city(CountryCode, District, ID, Name, Population, _id)

Question:
Give the name, population, and head of state for the country that has the largest area.

MQL:

2026-07-31 16:38:24,831 [INFO   ]   >> OUTPUT : db.country.find({}, { Name: 1, Population: 1, HeadOfState: 1 }).sort({ SurfaceArea: -1 }).limit(1)
2026-07-31 16:38:32,730 [INFO   ] [inference] generate_nosql  latency_sec=7.8838  input_tokens=139  output_tokens=150
2026-07-31 16:38:32,730 [INFO   ]   >> INPUT  : Translate the natural language question into a MongoDB MQL query using the provided schema.

Schema:
country(Capital, Code, Code2, Continent, GNP, GNPOld, GovernmentForm, HeadOfState, IndepYear, LifeExpectancy, LocalName, Name, Population, Region, SurfaceArea, _id) | countrylanguage(CountryCode, IsOfficial, Language, Percentage, _id) | city(CountryCode, District, ID, Name, Population, _id)

Question:
Find the government form name and total population for each government form whose average life expectancy is longer than 72.

MQL:

2026-07-31 16:38:32,730 [INFO   ]   >> OUTPUT : db.country.aggregate([ { $lookup: { from: "countrylanguage", localField: "CountryCode", foreignField: "CountryCode", as: "country_language" } }, { $unwind: "$country_language" }, { $lookup: { from: "city", localField: "country_language.CountryCode", foreignField: "CountryCode", as: "city_country_language" } }, { $unwind: "$city_country_language" }, { $match: { "city_country_language.Population": { $gt: 72 } } }, { $group: { _id: "$GovernmentForm", TotalPopulation: { $sum: "$Population"
2026-07-31 16:38:34,283 [INFO   ] [inference] generate_nosql  latency_sec=1.538  input_tokens=133  output_tokens=32
2026-07-31 16:38:34,284 [INFO   ]   >> INPUT  : Translate the natural language question into a MongoDB MQL query using the provided schema.

Schema:
country(Capital, Code, Code2, Continent, GNP, GNPOld, GovernmentForm, HeadOfState, IndepYear, LifeExpectancy, LocalName, Name, Population, Region, SurfaceArea, _id) | countrylanguage(CountryCode, IsOfficial, Language, Percentage, _id) | city(CountryCode, District, ID, Name, Population, _id)

Question:
What are the names and areas of countries with the top 5 largest area?

MQL:

2026-07-31 16:38:34,284 [INFO   ]   >> OUTPUT : db.country.find({}, { Name: 1, SurfaceArea: 1 }).sort({ SurfaceArea: -1 }).limit(5)
2026-07-31 16:38:35,785 [INFO   ] [inference] generate_nosql  latency_sec=1.4863  input_tokens=130  output_tokens=31
2026-07-31 16:38:35,786 [INFO   ]   >> INPUT  : Translate the natural language question into a MongoDB MQL query using the provided schema.

Schema:
country(Capital, Code, Code2, Continent, GNP, GNPOld, GovernmentForm, HeadOfState, IndepYear, LifeExpectancy, LocalName, Name, Population, Region, SurfaceArea, _id) | countrylanguage(CountryCode, IsOfficial, Language, Percentage, _id) | city(CountryCode, District, ID, Name, Population, _id)

Question:
Return the names and surface areas of the 5 largest countries.

MQL:

2026-07-31 16:38:35,786 [INFO   ]   >> OUTPUT : db.country.find({}, {Name: 1, SurfaceArea: 1}).sort({Population: -1}).limit(5)
2026-07-31 16:38:37,043 [INFO   ] [inference] generate_nosql  latency_sec=1.2426  input_tokens=130  output_tokens=26
2026-07-31 16:38:37,044 [INFO   ]   >> INPUT  : Translate the natural language question into a MongoDB MQL query using the provided schema.

Schema:
country(Capital, Code, Code2, Continent, GNP, GNPOld, GovernmentForm, HeadOfState, IndepYear, LifeExpectancy, LocalName, Name, Population, Region, SurfaceArea, _id) | countrylanguage(CountryCode, IsOfficial, Language, Percentage, _id) | city(CountryCode, District, ID, Name, Population, _id)

Question:
What are names of countries with the top 3 largest population?

MQL:

2026-07-31 16:38:37,044 [INFO   ]   >> OUTPUT : db.country.find({}, {Name: 1}).sort({Population: -1}).limit(3)
2026-07-31 16:38:41,268 [INFO   ] [inference] generate_nosql  latency_sec=4.2094  input_tokens=128  output_tokens=26
2026-07-31 16:38:41,268 [INFO   ]   >> INPUT  : Translate the natural language question into a MongoDB MQL query using the provided schema.

Schema:
country(Capital, Code, Code2, Continent, GNP, GNPOld, GovernmentForm, HeadOfState, IndepYear, LifeExpectancy, LocalName, Name, Population, Region, SurfaceArea, _id) | countrylanguage(CountryCode, IsOfficial, Language, Percentage, _id) | city(CountryCode, District, ID, Name, Population, _id)

Question:
Return the names of the 3 most populated countries.

MQL:

2026-07-31 16:38:41,269 [INFO   ]   >> OUTPUT : db.country.find({}, {Name: 1}).sort({Population: -1}).limit(3)
2026-07-31 16:38:42,870 [INFO   ] [inference] generate_nosql  latency_sec=1.5767  input_tokens=131  output_tokens=25
2026-07-31 16:38:42,870 [INFO   ]   >> INPUT  : Translate the natural language question into a MongoDB MQL query using the provided schema.

Schema:
country(Capital, Code, Code2, Continent, GNP, GNPOld, GovernmentForm, HeadOfState, IndepYear, LifeExpectancy, LocalName, Name, Population, Region, SurfaceArea, _id) | countrylanguage(CountryCode, IsOfficial, Language, Percentage, _id) | city(CountryCode, District, ID, Name, Population, _id)

Question:
What are the names of the nations with the 3 lowest populations?

MQL:

2026-07-31 16:38:42,870 [INFO   ]   >> OUTPUT : db.country.find({}, {Name: 1}).sort({Population: 1}).limit(3)
2026-07-31 16:38:50,317 [INFO   ] [inference] generate_nosql  latency_sec=7.4254  input_tokens=131  output_tokens=150
2026-07-31 16:38:50,317 [INFO   ]   >> INPUT  : Translate the natural language question into a MongoDB MQL query using the provided schema.

Schema:
country(Capital, Code, Code2, Continent, GNP, GNPOld, GovernmentForm, HeadOfState, IndepYear, LifeExpectancy, LocalName, Name, Population, Region, SurfaceArea, _id) | countrylanguage(CountryCode, IsOfficial, Language, Percentage, _id) | city(CountryCode, District, ID, Name, Population, _id)

Question:
Return the names of the 3 countries with the fewest people.

MQL:

2026-07-31 16:38:50,317 [INFO   ]   >> OUTPUT : db.country.aggregate([ { $lookup: { from: "city", localField: "CountryCode", foreignField: "CountryCode", as: "city_info" } }, { $unwind: "$city_info" }, { $lookup: { from: "person", localField: "city_info.District", foreignField: "District", as: "person_info" } }, { $unwind: "$person_info" }, { $group: { _id: "$Name", count: { $sum: 1 } } }, { $sort: { count: -1 } }, { $limit: 3 }, { $project: { Name: "$_id" } }
2026-07-31 16:38:53,171 [INFO   ] [inference] generate_nosql  latency_sec=2.8344  input_tokens=129  output_tokens=60
2026-07-31 16:38:53,171 [INFO   ]   >> INPUT  : Translate the natural language question into a MongoDB MQL query using the provided schema.

Schema:
country(Capital, Code, Code2, Continent, GNP, GNPOld, GovernmentForm, HeadOfState, IndepYear, LifeExpectancy, LocalName, Name, Population, Region, SurfaceArea, _id) | countrylanguage(CountryCode, IsOfficial, Language, Percentage, _id) | city(CountryCode, District, ID, Name, Population, _id)

Question:
Which language is spoken by the largest number of countries?

MQL:

2026-07-31 16:38:53,172 [INFO   ]   >> OUTPUT : db.country.aggregate([ { $group: { _id: "$Language", count: { $sum: 1 } } }, { $sort: { count: -1 } }, { $limit: 1 }, { $project: { Language: "$_id" } } ])
2026-07-31 16:38:59,242 [INFO   ] [inference] generate_nosql  latency_sec=6.0558  input_tokens=129  output_tokens=61
2026-07-31 16:38:59,242 [INFO   ]   >> INPUT  : Translate the natural language question into a MongoDB MQL query using the provided schema.

Schema:
country(Capital, Code, Code2, Continent, GNP, GNPOld, GovernmentForm, HeadOfState, IndepYear, LifeExpectancy, LocalName, Name, Population, Region, SurfaceArea, _id) | countrylanguage(CountryCode, IsOfficial, Language, Percentage, _id) | city(CountryCode, District, ID, Name, Population, _id)

Question:
Give the language that is spoken in the most countries.

MQL:

2026-07-31 16:38:59,242 [INFO   ]   >> OUTPUT : db.countrylanguage.aggregate([ { $group: { _id: "$Language", count: { $sum: 1 } } }, { $sort: { count: -1 } }, { $limit: 1 }, { $project: { Language: "$_id" } } ])
2026-07-31 16:39:00,293 [INFO   ] [inference] generate_nosql  latency_sec=1.0356  input_tokens=137  output_tokens=21
2026-07-31 16:39:00,294 [INFO   ]   >> INPUT  : Translate the natural language question into a MongoDB MQL query using the provided schema.

Schema:
conductor(Age, Conductor_ID, Name, Nationality, Year_of_Work, _id) | orchestra(Conductor_ID, Major_Record_Format, Orchestra, Orchestra_ID, Record_Company, Year_of_Founded, _id) | performance(Date, Official_ratings_(millions), Orchestra_ID, Performance_ID, Share, Type, Weekly_rank, _id)

Question:
List the names of conductors in ascending order of age.

MQL:

2026-07-31 16:39:00,294 [INFO   ]   >> OUTPUT : db.conductor.find({}, {Name: 1}).sort({Age: 1})
2026-07-31 16:39:01,281 [INFO   ] [inference] generate_nosql  latency_sec=0.9729  input_tokens=137  output_tokens=21
2026-07-31 16:39:01,282 [INFO   ]   >> INPUT  : Translate the natural language question into a MongoDB MQL query using the provided schema.

Schema:
conductor(Age, Conductor_ID, Name, Nationality, Year_of_Work, _id) | orchestra(Conductor_ID, Major_Record_Format, Orchestra, Orchestra_ID, Record_Company, Year_of_Founded, _id) | performance(Date, Official_ratings_(millions), Orchestra_ID, Performance_ID, Share, Type, Weekly_rank, _id)

Question:
What are the names of conductors, ordered by age?

MQL:

2026-07-31 16:39:01,282 [INFO   ]   >> OUTPUT : db.conductor.find({}, {Name: 1}).sort({Age: 1})
2026-07-31 16:39:02,540 [INFO   ] [inference] generate_nosql  latency_sec=1.2432  input_tokens=140  output_tokens=25
2026-07-31 16:39:02,541 [INFO   ]   >> INPUT  : Translate the natural language question into a MongoDB MQL query using the provided schema.

Schema:
conductor(Age, Conductor_ID, Name, Nationality, Year_of_Work, _id) | orchestra(Conductor_ID, Major_Record_Format, Orchestra, Orchestra_ID, Record_Company, Year_of_Founded, _id) | performance(Date, Official_ratings_(millions), Orchestra_ID, Performance_ID, Share, Type, Weekly_rank, _id)

Question:
What are the names of conductors whose nationalities are not 'USA'?

MQL:

2026-07-31 16:39:02,541 [INFO   ]   >> OUTPUT : db.conductor.find({ Nationality: { $ne: 'USA' } }, { Name: 1 })
2026-07-31 16:39:03,857 [INFO   ] [inference] generate_nosql  latency_sec=1.3008  input_tokens=140  output_tokens=25
2026-07-31 16:39:03,858 [INFO   ]   >> INPUT  : Translate the natural language question into a MongoDB MQL query using the provided schema.

Schema:
conductor(Age, Conductor_ID, Name, Nationality, Year_of_Work, _id) | orchestra(Conductor_ID, Major_Record_Format, Orchestra, Orchestra_ID, Record_Company, Year_of_Founded, _id) | performance(Date, Official_ratings_(millions), Orchestra_ID, Performance_ID, Share, Type, Weekly_rank, _id)

Question:
Return the names of conductors that do not have the nationality 'USA'.

MQL:

2026-07-31 16:39:03,858 [INFO   ]   >> OUTPUT : db.conductor.find({ Nationality: { $ne: 'USA' } }, { Name: 1 })
2026-07-31 16:39:05,663 [INFO   ] [inference] generate_nosql  latency_sec=1.7889  input_tokens=144  output_tokens=30
2026-07-31 16:39:05,663 [INFO   ]   >> INPUT  : Translate the natural language question into a MongoDB MQL query using the provided schema.

Schema:
conductor(Age, Conductor_ID, Name, Nationality, Year_of_Work, _id) | orchestra(Conductor_ID, Major_Record_Format, Orchestra, Orchestra_ID, Record_Company, Year_of_Founded, _id) | performance(Date, Official_ratings_(millions), Orchestra_ID, Performance_ID, Share, Type, Weekly_rank, _id)

Question:
What are the record companies of orchestras in descending order of years in which they were founded?

MQL:

2026-07-31 16:39:05,663 [INFO   ]   >> OUTPUT : db.orchestra.find({}, {Record_Company: 1}).sort({Year_of_Founded: -1})
2026-07-31 16:39:07,057 [INFO   ] [inference] generate_nosql  latency_sec=1.3788  input_tokens=144  output_tokens=30
2026-07-31 16:39:07,057 [INFO   ]   >> INPUT  : Translate the natural language question into a MongoDB MQL query using the provided schema.

Schema:
conductor(Age, Conductor_ID, Name, Nationality, Year_of_Work, _id) | orchestra(Conductor_ID, Major_Record_Format, Orchestra, Orchestra_ID, Record_Company, Year_of_Founded, _id) | performance(Date, Official_ratings_(millions), Orchestra_ID, Performance_ID, Share, Type, Weekly_rank, _id)

Question:
Return the record companies of orchestras, sorted descending by the years in which they were founded.

MQL:

2026-07-31 16:39:07,057 [INFO   ]   >> OUTPUT : db.orchestra.find({}, {Record_Company: 1}).sort({Year_of_Founded: -1})
2026-07-31 16:39:10,129 [INFO   ] [inference] generate_nosql  latency_sec=3.0569  input_tokens=125  output_tokens=51
2026-07-31 16:39:10,129 [INFO   ]   >> INPUT  : Translate the natural language question into a MongoDB MQL query using the provided schema.

Schema:
conductor(Age, Conductor_ID, Name, Nationality, Year_of_Work, _id) | show(Attendance, If_first_show, Performance_ID, Result, Show_ID, _id) | performance(Date, Official_ratings_(millions), Orchestra_ID, Performance_ID, Share, Type, Weekly_rank, _id)

Question:
What is the average attendance of shows?

MQL:

2026-07-31 16:39:10,130 [INFO   ]   >> OUTPUT : db.show.aggregate([ { $group: { _id: null, averageAttendance: { $avg: "$Attendance" } } } , { $project: { averageAttendance: 1 } }])
2026-07-31 16:39:12,802 [INFO   ] [inference] generate_nosql  latency_sec=2.6464  input_tokens=136  output_tokens=51
2026-07-31 16:39:12,802 [INFO   ]   >> INPUT  : Translate the natural language question into a MongoDB MQL query using the provided schema.

Schema:
orchestra(Conductor_ID, Major_Record_Format, Orchestra, Orchestra_ID, Record_Company, Year_of_Founded, _id) | show(Attendance, If_first_show, Performance_ID, Result, Show_ID, _id) | performance(Date, Official_ratings_(millions), Orchestra_ID, Performance_ID, Share, Type, Weekly_rank, _id)

Question:
Return the average attendance across all shows.

MQL:

2026-07-31 16:39:12,802 [INFO   ]   >> OUTPUT : db.show.aggregate([ { $group: { _id: null, averageAttendance: { $avg: "$Attendance" } } } , { $project: { averageAttendance: 1 } }])
2026-07-31 16:39:16,504 [INFO   ] [inference] generate_nosql  latency_sec=3.6861  input_tokens=145  output_tokens=77
2026-07-31 16:39:16,504 [INFO   ]   >> INPUT  : Translate the natural language question into a MongoDB MQL query using the provided schema.

Schema:
orchestra(Conductor_ID, Major_Record_Format, Orchestra, Orchestra_ID, Record_Company, Year_of_Founded, _id) | show(Attendance, If_first_show, Performance_ID, Result, Show_ID, _id) | performance(Date, Official_ratings_(millions), Orchestra_ID, Performance_ID, Share, Type, Weekly_rank, _id)

Question:
What are the maximum and minimum share of performances whose type is not 'Live final'.

MQL:

2026-07-31 16:39:16,504 [INFO   ]   >> OUTPUT : db.performance.aggregate([ { $match: { Type: { $ne: 'Live final' } } }, { $group: { _id: null, maxShare: { $max: "$Share" }, minShare: { $min: "$Share" } } }, { $project: { maxShare:1, minShare:1 } } ])
2026-07-31 16:39:24,267 [INFO   ] [inference] generate_nosql  latency_sec=7.7462  input_tokens=146  output_tokens=145
2026-07-31 16:39:24,267 [INFO   ]   >> INPUT  : Translate the natural language question into a MongoDB MQL query using the provided schema.

Schema:
orchestra(Conductor_ID, Major_Record_Format, Orchestra, Orchestra_ID, Record_Company, Year_of_Founded, _id) | show(Attendance, If_first_show, Performance_ID, Result, Show_ID, _id) | performance(Date, Official_ratings_(millions), Orchestra_ID, Performance_ID, Share, Type, Weekly_rank, _id)

Question:
Return the maximum and minimum shares for performances that do not have the type 'Live final'.

MQL:

2026-07-31 16:39:24,267 [INFO   ]   >> OUTPUT : db.performance.aggregate([ { $lookup: { from: "orchestra", localField: "Orchestra_ID", foreignField: "Orchestra_ID", as: "orchestra_info" } }, { $unwind: "$orchestra_info" }, { $match: { "orchestra_info.Type": { $ne: "Live final" } } }, { $group: { _id: null, max_Share: { $max: "$Share" }, min_Share: { $min: "$Share" } } }, { $project: { max_Share: 1, min_Share: 1 } } ])
2026-07-31 16:39:25,629 [INFO   ] [inference] generate_nosql  latency_sec=1.3363  input_tokens=138  output_tokens=26
2026-07-31 16:39:25,629 [INFO   ]   >> INPUT  : Translate the natural language question into a MongoDB MQL query using the provided schema.

Schema:
conductor(Age, Conductor_ID, Name, Nationality, Year_of_Work, _id) | orchestra(Conductor_ID, Major_Record_Format, Orchestra, Orchestra_ID, Record_Company, Year_of_Founded, _id) | performance(Date, Official_ratings_(millions), Orchestra_ID, Performance_ID, Share, Type, Weekly_rank, _id)

Question:
List names of conductors in descending order of years of work.

MQL:

2026-07-31 16:39:25,630 [INFO   ]   >> OUTPUT : db.conductor.find({}, {Name: 1}).sort({Year_of_Work: -1})
2026-07-31 16:39:30,155 [INFO   ] [inference] generate_nosql  latency_sec=4.5091  input_tokens=144  output_tokens=26
2026-07-31 16:39:30,155 [INFO   ]   >> INPUT  : Translate the natural language question into a MongoDB MQL query using the provided schema.

Schema:
conductor(Age, Conductor_ID, Name, Nationality, Year_of_Work, _id) | orchestra(Conductor_ID, Major_Record_Format, Orchestra, Orchestra_ID, Record_Company, Year_of_Founded, _id) | performance(Date, Official_ratings_(millions), Orchestra_ID, Performance_ID, Share, Type, Weekly_rank, _id)

Question:
What are the names of conductors, sorted descending by the number of years they have worked?

MQL:

2026-07-31 16:39:30,155 [INFO   ]   >> OUTPUT : db.conductor.find({}, {Name: 1}).sort({Year_of_Work: -1})
2026-07-31 16:39:38,088 [INFO   ] [inference] generate_nosql  latency_sec=7.9179  input_tokens=138  output_tokens=150
2026-07-31 16:39:38,088 [INFO   ]   >> INPUT  : Translate the natural language question into a MongoDB MQL query using the provided schema.

Schema:
conductor(Age, Conductor_ID, Name, Nationality, Year_of_Work, _id) | orchestra(Conductor_ID, Major_Record_Format, Orchestra, Orchestra_ID, Record_Company, Year_of_Founded, _id) | performance(Date, Official_ratings_(millions), Orchestra_ID, Performance_ID, Share, Type, Weekly_rank, _id)

Question:
List the name of the conductor with the most years of work.

MQL:

2026-07-31 16:39:38,088 [INFO   ]   >> OUTPUT : db.conductor.aggregate([ { $lookup: { from: "orchestra", localField: "Conductor_ID", foreignField: "Conductor_ID", as: "orchestra_info" } }, { $unwind: "$orchestra_info" }, { $lookup: { from: "performance", localField: "orchestra_info.Orchestra_ID", foreignField: "Orchestra_ID", as: "performance_info" } }, { $unwind: "$performance_info" }, { $project: { Name: "$performance_info.Name" } }, { $sort: { Year_of_Founded: -1
2026-07-31 16:39:39,587 [INFO   ] [inference] generate_nosql  latency_sec=1.4837  input_tokens=141  output_tokens=31
2026-07-31 16:39:39,588 [INFO   ]   >> INPUT  : Translate the natural language question into a MongoDB MQL query using the provided schema.

Schema:
conductor(Age, Conductor_ID, Name, Nationality, Year_of_Work, _id) | orchestra(Conductor_ID, Major_Record_Format, Orchestra, Orchestra_ID, Record_Company, Year_of_Founded, _id) | performance(Date, Official_ratings_(millions), Orchestra_ID, Performance_ID, Share, Type, Weekly_rank, _id)

Question:
What is the name of the conductor who has worked the greatest number of years?

MQL:

2026-07-31 16:39:39,588 [INFO   ]   >> OUTPUT : db.conductor.find({}, {Name: 1}).sort({Year_of_Work: -1}).limit(1)
2026-07-31 16:39:46,208 [INFO   ] [inference] generate_nosql  latency_sec=6.6054  input_tokens=139  output_tokens=142
2026-07-31 16:39:46,208 [INFO   ]   >> INPUT  : Translate the natural language question into a MongoDB MQL query using the provided schema.

Schema:
conductor(Age, Conductor_ID, Name, Nationality, Year_of_Work, _id) | orchestra(Conductor_ID, Major_Record_Format, Orchestra, Orchestra_ID, Record_Company, Year_of_Founded, _id) | performance(Date, Official_ratings_(millions), Orchestra_ID, Performance_ID, Share, Type, Weekly_rank, _id)

Question:
Show the names of conductors and the orchestras they have conducted.

MQL:

2026-07-31 16:39:46,208 [INFO   ]   >> OUTPUT : db.conductor.aggregate([ { $lookup: { from: "orchestra", localField: "Conductor_ID", foreignField: "Conductor_ID", as: "orchestra_info" } }, { $unwind: "$orchestra_info" }, { $lookup: { from: "performance", localField: "orchestra_info.Orchestra_ID", foreignField: "Orchestra_ID", as: "performance_info" } }, { $unwind: "$performance_info" }, { $project: { Name: "$performance_info.Name", Nationality: 1 } } ])
2026-07-31 16:39:53,880 [INFO   ] [inference] generate_nosql  latency_sec=7.6565  input_tokens=146  output_tokens=142
2026-07-31 16:39:53,880 [INFO   ]   >> INPUT  : Translate the natural language question into a MongoDB MQL query using the provided schema.

Schema:
conductor(Age, Conductor_ID, Name, Nationality, Year_of_Work, _id) | orchestra(Conductor_ID, Major_Record_Format, Orchestra, Orchestra_ID, Record_Company, Year_of_Founded, _id) | performance(Date, Official_ratings_(millions), Orchestra_ID, Performance_ID, Share, Type, Weekly_rank, _id)

Question:
What are the names of conductors as well as the corresonding orchestras that they have conducted?

MQL:

2026-07-31 16:39:53,880 [INFO   ]   >> OUTPUT : db.conductor.aggregate([ { $lookup: { from: "orchestra", localField: "Conductor_ID", foreignField: "Conductor_ID", as: "orchestra_info" } }, { $unwind: "$orchestra_info" }, { $lookup: { from: "performance", localField: "orchestra_info.Orchestra_ID", foreignField: "Orchestra_ID", as: "performance_info" } }, { $unwind: "$performance_info" }, { $project: { Name: "$performance_info.Name", Nationality: 1 } } ])
2026-07-31 16:39:58,942 [INFO   ] [inference] generate_nosql  latency_sec=5.0456  input_tokens=141  output_tokens=102
2026-07-31 16:39:58,942 [INFO   ]   >> INPUT  : Translate the natural language question into a MongoDB MQL query using the provided schema.

Schema:
conductor(Age, Conductor_ID, Name, Nationality, Year_of_Work, _id) | orchestra(Conductor_ID, Major_Record_Format, Orchestra, Orchestra_ID, Record_Company, Year_of_Founded, _id) | performance(Date, Official_ratings_(millions), Orchestra_ID, Performance_ID, Share, Type, Weekly_rank, _id)

Question:
Please show the name of the conductor that has conducted orchestras founded after 2008.

MQL:

2026-07-31 16:39:58,942 [INFO   ]   >> OUTPUT : db.conductor.aggregate([ { $lookup: { from: "orchestra", localField: "Conductor_ID", foreignField: "Conductor_ID", as: "orchestra_info" } }, { $unwind: "$orchestra_info" }, { $match: { "orchestra_info.Year_of_Founded": { $gt: 2008 } } }, { $project: { Name: 1 } } ])
2026-07-31 16:40:05,064 [INFO   ] [inference] generate_nosql  latency_sec=6.105  input_tokens=143  output_tokens=102
2026-07-31 16:40:05,064 [INFO   ]   >> INPUT  : Translate the natural language question into a MongoDB MQL query using the provided schema.

Schema:
conductor(Age, Conductor_ID, Name, Nationality, Year_of_Work, _id) | orchestra(Conductor_ID, Major_Record_Format, Orchestra, Orchestra_ID, Record_Company, Year_of_Founded, _id) | performance(Date, Official_ratings_(millions), Orchestra_ID, Performance_ID, Share, Type, Weekly_rank, _id)

Question:
What are the names of conductors who have conducted orchestras founded after the year 2008?

MQL:

2026-07-31 16:40:05,064 [INFO   ]   >> OUTPUT : db.conductor.aggregate([ { $lookup: { from: "orchestra", localField: "Conductor_ID", foreignField: "Conductor_ID", as: "orchestra_info" } }, { $unwind: "$orchestra_info" }, { $match: { "orchestra_info.Year_of_Founded": { $gt: 2008 } } }, { $project: { Name: 1 } } ])
2026-07-31 16:40:09,473 [INFO   ] [inference] generate_nosql  latency_sec=4.3812  input_tokens=139  output_tokens=34
2026-07-31 16:40:09,473 [INFO   ]   >> INPUT  : Translate the natural language question into a MongoDB MQL query using the provided schema.

Schema:
conductor(Age, Conductor_ID, Name, Nationality, Year_of_Work, _id) | orchestra(Conductor_ID, Major_Record_Format, Orchestra, Orchestra_ID, Record_Company, Year_of_Founded, _id) | performance(Date, Official_ratings_(millions), Orchestra_ID, Performance_ID, Share, Type, Weekly_rank, _id)

Question:
Please show the different record companies and the corresponding number of orchestras.

MQL:

2026-07-31 16:40:09,473 [INFO   ]   >> OUTPUT : db.orchestra.aggregate([ { $group: { _id: "$Record_Company", count: { $sum: 1 } } } ])
2026-07-31 16:40:13,491 [INFO   ] [inference] generate_nosql  latency_sec=4.0014  input_tokens=135  output_tokens=34
2026-07-31 16:40:13,491 [INFO   ]   >> INPUT  : Translate the natural language question into a MongoDB MQL query using the provided schema.

Schema:
conductor(Age, Conductor_ID, Name, Nationality, Year_of_Work, _id) | orchestra(Conductor_ID, Major_Record_Format, Orchestra, Orchestra_ID, Record_Company, Year_of_Founded, _id) | performance(Date, Official_ratings_(millions), Orchestra_ID, Performance_ID, Share, Type, Weekly_rank, _id)

Question:
How many orchestras does each record company manage?

MQL:

2026-07-31 16:40:13,491 [INFO   ]   >> OUTPUT : db.orchestra.aggregate([ { $group: { _id: "$Record_Company", count: { $sum: 1 } } } ])
2026-07-31 16:40:16,973 [INFO   ] [inference] generate_nosql  latency_sec=3.4671  input_tokens=142  output_tokens=46
2026-07-31 16:40:16,974 [INFO   ]   >> INPUT  : Translate the natural language question into a MongoDB MQL query using the provided schema.

Schema:
orchestra(Conductor_ID, Major_Record_Format, Orchestra, Orchestra_ID, Record_Company, Year_of_Founded, _id) | show(Attendance, If_first_show, Performance_ID, Result, Show_ID, _id) | performance(Date, Official_ratings_(millions), Orchestra_ID, Performance_ID, Share, Type, Weekly_rank, _id)

Question:
Please show the record formats of orchestras in ascending order of count.

MQL:

2026-07-31 16:40:16,974 [INFO   ]   >> OUTPUT : db.orchestra.aggregate([ { $group: { _id: "$Major_Record_Format", count: { $sum: 1 } } }, { $sort: { count: 1 } } ])
2026-07-31 16:40:19,193 [INFO   ] [inference] generate_nosql  latency_sec=2.1927  input_tokens=140  output_tokens=30
2026-07-31 16:40:19,195 [INFO   ]   >> INPUT  : Translate the natural language question into a MongoDB MQL query using the provided schema.

Schema:
conductor(Age, Conductor_ID, Name, Nationality, Year_of_Work, _id) | orchestra(Conductor_ID, Major_Record_Format, Orchestra, Orchestra_ID, Record_Company, Year_of_Founded, _id) | performance(Date, Official_ratings_(millions), Orchestra_ID, Performance_ID, Share, Type, Weekly_rank, _id)

Question:
What are the major record formats of orchestras, sorted by their frequency?

MQL:

2026-07-31 16:40:19,195 [INFO   ]   >> OUTPUT : db.orchestra.find({}, {Major_Record_Format: 1}).sort({Major_Record_Format: 1})
2026-07-31 16:40:22,400 [INFO   ] [inference] generate_nosql  latency_sec=3.1896  input_tokens=138  output_tokens=66
2026-07-31 16:40:22,400 [INFO   ]   >> INPUT  : Translate the natural language question into a MongoDB MQL query using the provided schema.

Schema:
conductor(Age, Conductor_ID, Name, Nationality, Year_of_Work, _id) | orchestra(Conductor_ID, Major_Record_Format, Orchestra, Orchestra_ID, Record_Company, Year_of_Founded, _id) | performance(Date, Official_ratings_(millions), Orchestra_ID, Performance_ID, Share, Type, Weekly_rank, _id)

Question:
List the record company shared by the most number of orchestras.

MQL:

2026-07-31 16:40:22,400 [INFO   ]   >> OUTPUT : db.orchestra.aggregate([ { $group: { _id: "$Record_Company", count: { $sum: 1 } } }, { $sort: { count: -1 } }, { $limit: 1 }, { $project: { Record_Company: "$_id" } } ])
2026-07-31 16:40:25,589 [INFO   ] [inference] generate_nosql  latency_sec=3.1732  input_tokens=139  output_tokens=66
2026-07-31 16:40:25,589 [INFO   ]   >> INPUT  : Translate the natural language question into a MongoDB MQL query using the provided schema.

Schema:
conductor(Age, Conductor_ID, Name, Nationality, Year_of_Work, _id) | orchestra(Conductor_ID, Major_Record_Format, Orchestra, Orchestra_ID, Record_Company, Year_of_Founded, _id) | performance(Date, Official_ratings_(millions), Orchestra_ID, Performance_ID, Share, Type, Weekly_rank, _id)

Question:
What is the record company used by the greatest number of orchestras?

MQL:

2026-07-31 16:40:25,589 [INFO   ]   >> OUTPUT : db.orchestra.aggregate([ { $group: { _id: "$Record_Company", count: { $sum: 1 } } }, { $sort: { count: -1 } }, { $limit: 1 }, { $project: { Record_Company: "$_id" } } ])
2026-07-31 16:40:27,630 [INFO   ] [inference] generate_nosql  latency_sec=2.0257  input_tokens=139  output_tokens=39
2026-07-31 16:40:27,630 [INFO   ]   >> INPUT  : Translate the natural language question into a MongoDB MQL query using the provided schema.

Schema:
orchestra(Conductor_ID, Major_Record_Format, Orchestra, Orchestra_ID, Record_Company, Year_of_Founded, _id) | show(Attendance, If_first_show, Performance_ID, Result, Show_ID, _id) | performance(Date, Official_ratings_(millions), Orchestra_ID, Performance_ID, Share, Type, Weekly_rank, _id)

Question:
List the names of orchestras that have no performance.

MQL:

2026-07-31 16:40:27,630 [INFO   ]   >> OUTPUT : db.orchestra.find( { Orchestra_ID: { $nin: db.performance.distinct("Orchestra_ID") } }, { Orchestra: 1 } )
2026-07-31 16:40:30,011 [INFO   ] [inference] generate_nosql  latency_sec=2.3659  input_tokens=137  output_tokens=37
2026-07-31 16:40:30,011 [INFO   ]   >> INPUT  : Translate the natural language question into a MongoDB MQL query using the provided schema.

Schema:
conductor(Age, Conductor_ID, Name, Nationality, Year_of_Work, _id) | orchestra(Conductor_ID, Major_Record_Format, Orchestra, Orchestra_ID, Record_Company, Year_of_Founded, _id) | performance(Date, Official_ratings_(millions), Orchestra_ID, Performance_ID, Share, Type, Weekly_rank, _id)

Question:
What are the orchestras that do not have any performances?

MQL:

2026-07-31 16:40:30,011 [INFO   ]   >> OUTPUT : db.orchestra.find({ Orchestra_ID: { $nin: db.performance.distinct("Orchestra_ID") } }, { Orchestra: 1 })
2026-07-31 16:40:36,710 [INFO   ] [inference] generate_nosql  latency_sec=6.677  input_tokens=140  output_tokens=123
2026-07-31 16:40:36,711 [INFO   ]   >> INPUT  : Translate the natural language question into a MongoDB MQL query using the provided schema.

Schema:
conductor(Age, Conductor_ID, Name, Nationality, Year_of_Work, _id) | orchestra(Conductor_ID, Major_Record_Format, Orchestra, Orchestra_ID, Record_Company, Year_of_Founded, _id) | performance(Date, Official_ratings_(millions), Orchestra_ID, Performance_ID, Share, Type, Weekly_rank, _id)

Question:
Show the record companies shared by orchestras founded before 2003 and after 2003.

MQL:

2026-07-31 16:40:36,711 [INFO   ]   >> OUTPUT : db.performance.aggregate([ { $lookup: { from: "orchestra", localField: "Orchestra_ID", foreignField: "Orchestra_ID", as: "orchestra_info" } }, { $unwind: "$orchestra_info" }, { $match: { "orchestra_info.Year_of_Founded": { $lt: 2003 } } }, { $group: { _id: "$Record_Company" } }, { $project: { Record_Company: "$_id" } } ])
2026-07-31 16:40:37,594 [INFO   ] [inference] generate_nosql  latency_sec=0.8686  input_tokens=85  output_tokens=19
2026-07-31 16:40:37,594 [INFO   ]   >> INPUT  : Translate the natural language question into a MongoDB MQL query using the provided schema.

Schema:
Highschooler(ID, _id, grade, name) | Likes(_id, liked_id, student_id) | Friend(_id, friend_id, student_id)

Question:
Show the names and grades of each high schooler.

MQL:

2026-07-31 16:40:37,594 [INFO   ]   >> OUTPUT : db.Highschooler.find({}, { name: 1, grade: 1})
2026-07-31 16:40:38,487 [INFO   ] [inference] generate_nosql  latency_sec=0.876  input_tokens=86  output_tokens=19
2026-07-31 16:40:38,488 [INFO   ]   >> INPUT  : Translate the natural language question into a MongoDB MQL query using the provided schema.

Schema:
Highschooler(ID, _id, grade, name) | Likes(_id, liked_id, student_id) | Friend(_id, friend_id, student_id)

Question:
What are the names and grades for each high schooler?

MQL:

2026-07-31 16:40:38,488 [INFO   ]   >> OUTPUT : db.Highschooler.find({}, { name: 1, grade: 1})
2026-07-31 16:40:40,193 [INFO   ] [inference] generate_nosql  latency_sec=1.6901  input_tokens=84  output_tokens=37
2026-07-31 16:40:40,193 [INFO   ]   >> INPUT  : Translate the natural language question into a MongoDB MQL query using the provided schema.

Schema:
Highschooler(ID, _id, grade, name) | Likes(_id, liked_id, student_id) | Friend(_id, friend_id, student_id)

Question:
Show all the grades of the high schoolers.

MQL:

2026-07-31 16:40:40,193 [INFO   ]   >> OUTPUT : db.Highschooler.aggregate([ { $group: { _id: "$grade" } }, { $project: { grade: "$_id" } } ])
2026-07-31 16:40:42,606 [INFO   ] [inference] generate_nosql  latency_sec=2.3979  input_tokens=84  output_tokens=32
2026-07-31 16:40:42,607 [INFO   ]   >> INPUT  : Translate the natural language question into a MongoDB MQL query using the provided schema.

Schema:
Highschooler(ID, _id, grade, name) | Likes(_id, liked_id, student_id) | Friend(_id, friend_id, student_id)

Question:
What is the grade of each high schooler?

MQL:

2026-07-31 16:40:42,607 [INFO   ]   >> OUTPUT : db.Highschooler.aggregate([ { $group: { _id: "$grade", count: { $sum: 1 } } } ])
2026-07-31 16:40:49,526 [INFO   ] [inference] generate_nosql  latency_sec=6.896  input_tokens=80  output_tokens=82
2026-07-31 16:40:49,526 [INFO   ]   >> INPUT  : Translate the natural language question into a MongoDB MQL query using the provided schema.

Schema:
Highschooler(ID, _id, grade, name) | Likes(_id, liked_id, student_id) | Friend(_id, friend_id, student_id)

Question:
What grade is Kyle in?

MQL:

2026-07-31 16:40:49,526 [INFO   ]   >> OUTPUT : db.Highschooler.aggregate([ { $match: { grade: "Kyle" } }, { $lookup: { from: "Likes", localField: "ID", foreignField: "student_id", as: "likes" } }, { $unwind: "$likes" }, { $project: { grade: "$likes.grade" } } ])
2026-07-31 16:40:53,354 [INFO   ] [inference] generate_nosql  latency_sec=3.8116  input_tokens=85  output_tokens=82
2026-07-31 16:40:53,354 [INFO   ]   >> INPUT  : Translate the natural language question into a MongoDB MQL query using the provided schema.

Schema:
Highschooler(ID, _id, grade, name) | Likes(_id, liked_id, student_id) | Friend(_id, friend_id, student_id)

Question:
Return the grade for the high schooler named Kyle.

MQL:

2026-07-31 16:40:53,354 [INFO   ]   >> OUTPUT : db.Highschooler.aggregate([ { $match: { name: "Kyle" } }, { $lookup: { from: "Likes", localField: "ID", foreignField: "student_id", as: "likes" } }, { $unwind: "$likes" }, { $project: { grade: "$likes.grade" } } ])
2026-07-31 16:40:54,272 [INFO   ] [inference] generate_nosql  latency_sec=0.8993  input_tokens=86  output_tokens=18
2026-07-31 16:40:54,272 [INFO   ]   >> INPUT  : Translate the natural language question into a MongoDB MQL query using the provided schema.

Schema:
Highschooler(ID, _id, grade, name) | Likes(_id, liked_id, student_id) | Friend(_id, friend_id, student_id)

Question:
Show the names of all high schoolers in grade 10.

MQL:

2026-07-31 16:40:54,272 [INFO   ]   >> OUTPUT : db.Highschooler.find({ grade: 10 }, { name: 1 })
2026-07-31 16:40:55,168 [INFO   ] [inference] generate_nosql  latency_sec=0.8805  input_tokens=87  output_tokens=18
2026-07-31 16:40:55,168 [INFO   ]   >> INPUT  : Translate the natural language question into a MongoDB MQL query using the provided schema.

Schema:
Highschooler(ID, _id, grade, name) | Likes(_id, liked_id, student_id) | Friend(_id, friend_id, student_id)

Question:
What are the names of all high schoolers in grade 10?

MQL:

2026-07-31 16:40:55,169 [INFO   ]   >> OUTPUT : db.Highschooler.find({ grade: 10 }, { name: 1 })
2026-07-31 16:40:56,289 [INFO   ] [inference] generate_nosql  latency_sec=1.1049  input_tokens=85  output_tokens=20
2026-07-31 16:40:56,290 [INFO   ]   >> INPUT  : Translate the natural language question into a MongoDB MQL query using the provided schema.

Schema:
Highschooler(ID, _id, grade, name) | Likes(_id, liked_id, student_id) | Friend(_id, friend_id, student_id)

Question:
Show the ID of the high schooler named Kyle.

MQL:

2026-07-31 16:40:56,290 [INFO   ]   >> OUTPUT : db.Highschooler.find({name: 'Kyle'}, { ID: 1})
2026-07-31 16:41:03,519 [INFO   ] [inference] generate_nosql  latency_sec=7.2034  input_tokens=80  output_tokens=126
2026-07-31 16:41:03,519 [INFO   ]   >> INPUT  : Translate the natural language question into a MongoDB MQL query using the provided schema.

Schema:
Highschooler(ID, _id, grade, name) | Likes(_id, liked_id, student_id) | Friend(_id, friend_id, student_id)

Question:
What is Kyle's id?

MQL:

2026-07-31 16:41:03,519 [INFO   ]   >> OUTPUT : db.Student.aggregate([ { $lookup: { from: "Like", localField: "ID", foreignField: "student_id", as: "like_info" } }, { $unwind: "$like_info" }, { $lookup: { from: "Friends", localField: "ID", foreignField: "friend_id", as: "friend_info" } }, { $unwind: "$friend_info" }, { $match: { "friend_info.name": "Kyle" } }, { $project: { ID: 1 } } ])
2026-07-31 16:41:05,066 [INFO   ] [inference] generate_nosql  latency_sec=1.5314  input_tokens=85  output_tokens=32
2026-07-31 16:41:05,067 [INFO   ]   >> INPUT  : Translate the natural language question into a MongoDB MQL query using the provided schema.

Schema:
Highschooler(ID, _id, grade, name) | Likes(_id, liked_id, student_id) | Friend(_id, friend_id, student_id)

Question:
Show the number of high schoolers for each grade.

MQL:

2026-07-31 16:41:05,067 [INFO   ]   >> OUTPUT : db.Highschooler.aggregate([ { $group: { _id: "$grade", count: { $sum: 1 } } } ])
2026-07-31 16:41:06,645 [INFO   ] [inference] generate_nosql  latency_sec=1.5619  input_tokens=84  output_tokens=32
2026-07-31 16:41:06,646 [INFO   ]   >> INPUT  : Translate the natural language question into a MongoDB MQL query using the provided schema.

Schema:
Highschooler(ID, _id, grade, name) | Likes(_id, liked_id, student_id) | Friend(_id, friend_id, student_id)

Question:
How many high schoolers are in each grade?

MQL:

2026-07-31 16:41:06,646 [INFO   ]   >> OUTPUT : db.Highschooler.aggregate([ { $group: { _id: "$grade", count: { $sum: 1 } } } ])
2026-07-31 16:41:09,453 [INFO   ] [inference] generate_nosql  latency_sec=2.792  input_tokens=85  output_tokens=59
2026-07-31 16:41:09,454 [INFO   ]   >> INPUT  : Translate the natural language question into a MongoDB MQL query using the provided schema.

Schema:
Highschooler(ID, _id, grade, name) | Likes(_id, liked_id, student_id) | Friend(_id, friend_id, student_id)

Question:
Show me all grades that have at least 4 students.

MQL:

2026-07-31 16:41:09,454 [INFO   ]   >> OUTPUT : db.Student.aggregate([ { $group: { _id: "$Grade", count: { $sum: 1 } } }, { $match: { count: { $gte: 4 } } }, { $project: { grade: "$_id" } } ])
2026-07-31 16:41:13,388 [INFO   ] [inference] generate_nosql  latency_sec=3.9181  input_tokens=84  output_tokens=61
2026-07-31 16:41:13,388 [INFO   ]   >> INPUT  : Translate the natural language question into a MongoDB MQL query using the provided schema.

Schema:
Highschooler(ID, _id, grade, name) | Likes(_id, liked_id, student_id) | Friend(_id, friend_id, student_id)

Question:
Which grades have 4 or more high schoolers?

MQL:

2026-07-31 16:41:13,388 [INFO   ]   >> OUTPUT : db.Highschooler.aggregate([ { $group: { _id: "$grade", count: { $sum: 1 } } }, { $match: { count: { $gte: 4 } } }, { $project: { grade: "$_id" } } ])
2026-07-31 16:41:19,915 [INFO   ] [inference] generate_nosql  latency_sec=6.506  input_tokens=86  output_tokens=134
2026-07-31 16:41:19,915 [INFO   ]   >> INPUT  : Translate the natural language question into a MongoDB MQL query using the provided schema.

Schema:
Highschooler(ID, _id, grade, name) | Likes(_id, liked_id, student_id) | Friend(_id, friend_id, student_id)

Question:
Show the student IDs and numbers of friends corresponding to each.

MQL:

2026-07-31 16:41:19,915 [INFO   ]   >> OUTPUT : db.Friend.aggregate([ { $lookup: { from: "Likes", localField: "friend_id", foreignField: "friend_id", as: "likes" } }, { $unwind: "$likes" }, { $lookup: { from: "Highschooler", localField: "friend_id", foreignField: "ID", as: "highschooler" } }, { $unwind: "$highschooler" }, { $project: { student_id: "$highschooler.ID", number_of_friends: "$likes.student_id" } } ])
2026-07-31 16:41:22,267 [INFO   ] [inference] generate_nosql  latency_sec=2.3358  input_tokens=82  output_tokens=32
2026-07-31 16:41:22,268 [INFO   ]   >> INPUT  : Translate the natural language question into a MongoDB MQL query using the provided schema.

Schema:
Highschooler(ID, _id, grade, name) | Likes(_id, liked_id, student_id) | Friend(_id, friend_id, student_id)

Question:
How many friends does each student have?

MQL:

2026-07-31 16:41:22,268 [INFO   ]   >> OUTPUT : db.Friend.aggregate([ { $group: { _id: "$student_id", count: { $sum: 1 } } } ])
2026-07-31 16:41:28,250 [INFO   ] [inference] generate_nosql  latency_sec=5.9669  input_tokens=91  output_tokens=106
2026-07-31 16:41:28,250 [INFO   ]   >> INPUT  : Translate the natural language question into a MongoDB MQL query using the provided schema.

Schema:
Highschooler(ID, _id, grade, name) | Likes(_id, liked_id, student_id) | Friend(_id, friend_id, student_id)

Question:
What is the name of the high schooler who has the greatest number of friends?

MQL:

2026-07-31 16:41:28,250 [INFO   ]   >> OUTPUT : db.Highschooler.aggregate([ { $lookup: { from: "Likes", localField: "ID", foreignField: "student_id", as: "likes" } }, { $unwind: "$likes" }, { $group: { _id: "$name", count: { $sum: 1 } } }, { $sort: { count: -1 } }, { $limit: 1 }, { $project: { name: "$_id" } } ])
2026-07-31 16:41:35,244 [INFO   ] [inference] generate_nosql  latency_sec=6.9779  input_tokens=87  output_tokens=145
2026-07-31 16:41:35,244 [INFO   ]   >> INPUT  : Translate the natural language question into a MongoDB MQL query using the provided schema.

Schema:
Highschooler(ID, _id, grade, name) | Likes(_id, liked_id, student_id) | Friend(_id, friend_id, student_id)

Question:
Return the name of the high school student with the most friends.

MQL:

2026-07-31 16:41:35,244 [INFO   ]   >> OUTPUT : db.Student.aggregate([ { $lookup: { from: "Likes", localField: "ID", foreignField: "student_id", as: "likes" } }, { $unwind: "$likes" }, { $lookup: { from: "Friends", localField: "ID", foreignField: "friend_id", as: "friends" } }, { $unwind: "$friends" }, { $group: { _id: "$name", count: { $sum: 1 } } }, { $sort: { count: -1 } }, { $limit: 1 }, { $project: { name: "$_id" } } ])
2026-07-31 16:41:41,123 [INFO   ] [inference] generate_nosql  latency_sec=5.8523  input_tokens=89  output_tokens=102
2026-07-31 16:41:41,123 [INFO   ]   >> INPUT  : Translate the natural language question into a MongoDB MQL query using the provided schema.

Schema:
Highschooler(ID, _id, grade, name) | Likes(_id, liked_id, student_id) | Friend(_id, friend_id, student_id)

Question:
What are the names of high schoolers who have 3 or more friends?

MQL:

2026-07-31 16:41:41,123 [INFO   ]   >> OUTPUT : db.Highschooler.aggregate([ { $lookup: { from: "Friends", localField: "ID", foreignField: "friend_id", as: "friends" } }, { $unwind: "$friends" }, { $group: { _id: "$name", count: { $sum: 1 } } }, { $match: { count: { $gte: 3 } } }, { $project: { name: "$_id" } } ])
2026-07-31 16:41:46,768 [INFO   ] [inference] generate_nosql  latency_sec=5.6289  input_tokens=88  output_tokens=115
2026-07-31 16:41:46,768 [INFO   ]   >> INPUT  : Translate the natural language question into a MongoDB MQL query using the provided schema.

Schema:
Highschooler(ID, _id, grade, name) | Likes(_id, liked_id, student_id) | Friend(_id, friend_id, student_id)

Question:
Show the names of all of the high schooler Kyle's friends.

MQL:

2026-07-31 16:41:46,768 [INFO   ]   >> OUTPUT : db.Highschooler.aggregate([ { $lookup: { from: "Friends", localField: "ID", foreignField: "friend_id", as: "friends" } }, { $unwind: "$friends" }, { $lookup: { from: "Likes", localField: "friends.student_id", foreignField: "student_id", as: "likes" } }, { $unwind: "$likes" }, { $project: { name: "$likes.name" } } ])
2026-07-31 16:41:50,842 [INFO   ] [inference] generate_nosql  latency_sec=4.0584  input_tokens=86  output_tokens=76
2026-07-31 16:41:50,842 [INFO   ]   >> INPUT  : Translate the natural language question into a MongoDB MQL query using the provided schema.

Schema:
Highschooler(ID, _id, grade, name) | Likes(_id, liked_id, student_id) | Friend(_id, friend_id, student_id)

Question:
Return the names of friends of the high school student Kyle.

MQL:

2026-07-31 16:41:50,842 [INFO   ]   >> OUTPUT : db.Student.aggregate([ { $match: { name: "Kyle" } }, { $lookup: { from: "Friend", localField: "ID", foreignField: "student_id", as: "friends" } }, { $unwind: "$friends" }, { $project: { name: "$friends.name" } } ])
2026-07-31 16:41:56,335 [INFO   ] [inference] generate_nosql  latency_sec=5.4646  input_tokens=85  output_tokens=92
2026-07-31 16:41:56,335 [INFO   ]   >> INPUT  : Translate the natural language question into a MongoDB MQL query using the provided schema.

Schema:
Highschooler(ID, _id, grade, name) | Likes(_id, liked_id, student_id) | Friend(_id, friend_id, student_id)

Question:
How many friends does the high school student Kyle have?

MQL:

2026-07-31 16:41:56,335 [INFO   ]   >> OUTPUT : db.Student.aggregate([ { $match: { name: "Kyle" } }, { $lookup: { from: "Friends", localField: "ID", foreignField: "student_id", as: "friends" } }, { $unwind: "$friends" }, { $group: { _id: null, count: { $sum: 1 } } }, { $project: { count: 1 } } ])
2026-07-31 16:41:58,964 [INFO   ] [inference] generate_nosql  latency_sec=2.6114  input_tokens=82  output_tokens=53
2026-07-31 16:41:58,964 [INFO   ]   >> INPUT  : Translate the natural language question into a MongoDB MQL query using the provided schema.

Schema:
Highschooler(ID, _id, grade, name) | Likes(_id, liked_id, student_id) | Friend(_id, friend_id, student_id)

Question:
Count the number of friends Kyle has.

MQL:

2026-07-31 16:41:58,964 [INFO   ]   >> OUTPUT : db.Friend.aggregate([ { $match: { student_id: "Kyle" } }, { $group: { _id: null, count: { $sum: 1 } } }, { $project: { count: 1 } } ])
2026-07-31 16:42:02,374 [INFO   ] [inference] generate_nosql  latency_sec=3.3937  input_tokens=87  output_tokens=67
2026-07-31 16:42:02,374 [INFO   ]   >> INPUT  : Translate the natural language question into a MongoDB MQL query using the provided schema.

Schema:
Highschooler(ID, _id, grade, name) | Likes(_id, liked_id, student_id) | Friend(_id, friend_id, student_id)

Question:
Show ids of all students who do not have any friends.

MQL:

2026-07-31 16:42:02,374 [INFO   ]   >> OUTPUT : db.Student.aggregate([ { $lookup: { from: "Friends", localField: "ID", foreignField: "student_id", as: "friends" } }, { $match: { "friends": { $size: 0 } } }, { $project: { ID: 1 } } ])
2026-07-31 16:42:06,194 [INFO   ] [inference] generate_nosql  latency_sec=3.8039  input_tokens=89  output_tokens=67
2026-07-31 16:42:06,194 [INFO   ]   >> INPUT  : Translate the natural language question into a MongoDB MQL query using the provided schema.

Schema:
Highschooler(ID, _id, grade, name) | Likes(_id, liked_id, student_id) | Friend(_id, friend_id, student_id)

Question:
What are the ids of high school students who do not have friends?

MQL:

2026-07-31 16:42:06,194 [INFO   ]   >> OUTPUT : db.Student.aggregate([ { $lookup: { from: "Friends", localField: "ID", foreignField: "student_id", as: "friends" } }, { $match: { "friends": { $size: 0 } } }, { $project: { ID: 1 } } ])
2026-07-31 16:42:09,922 [INFO   ] [inference] generate_nosql  latency_sec=3.706  input_tokens=88  output_tokens=67
2026-07-31 16:42:09,922 [INFO   ]   >> INPUT  : Translate the natural language question into a MongoDB MQL query using the provided schema.

Schema:
Highschooler(ID, _id, grade, name) | Likes(_id, liked_id, student_id) | Friend(_id, friend_id, student_id)

Question:
Show names of all high school students who do not have any friends.

MQL:

2026-07-31 16:42:09,922 [INFO   ]   >> OUTPUT : db.Student.aggregate([ { $lookup: { from: "Friends", localField: "ID", foreignField: "student_id", as: "friends" } }, { $match: { "friends": { $size: 0 } } }, { $project: { name: 1 } } ])
2026-07-31 16:42:13,333 [INFO   ] [inference] generate_nosql  latency_sec=3.395  input_tokens=85  output_tokens=67
2026-07-31 16:42:13,333 [INFO   ]   >> INPUT  : Translate the natural language question into a MongoDB MQL query using the provided schema.

Schema:
Highschooler(ID, _id, grade, name) | Likes(_id, liked_id, student_id) | Friend(_id, friend_id, student_id)

Question:
What are the names of students who have no friends?

MQL:

2026-07-31 16:42:13,333 [INFO   ]   >> OUTPUT : db.Student.aggregate([ { $lookup: { from: "Friends", localField: "ID", foreignField: "student_id", as: "friends" } }, { $match: { "friends": { $size: 0 } } }, { $project: { name: 1 } } ])
2026-07-31 16:42:21,267 [INFO   ] [inference] generate_nosql  latency_sec=7.9184  input_tokens=93  output_tokens=150
2026-07-31 16:42:21,267 [INFO   ]   >> INPUT  : Translate the natural language question into a MongoDB MQL query using the provided schema.

Schema:
Highschooler(ID, _id, grade, name) | Likes(_id, liked_id, student_id) | Friend(_id, friend_id, student_id)

Question:
Show the ids of high schoolers who have friends and are also liked by someone else.

MQL:

2026-07-31 16:42:21,267 [INFO   ]   >> OUTPUT : db.Highschooler.aggregate([ { $lookup: { from: "Friends", localField: "ID", foreignField: "friend_id", as: "friends" } }, { $unwind: "$friends" }, { $lookup: { from: "Likes", localField: "friends.student_id", foreignField: "student_id", as: "likes" } }, { $unwind: "$likes" }, { $match: { "friends.student_id": { $ne: "$$likes.student_id" } } }, { $group: { _id: "$ID" } }, { $project: { ID: "$_id"
2026-07-31 16:42:28,345 [INFO   ] [inference] generate_nosql  latency_sec=7.0525  input_tokens=89  output_tokens=127
2026-07-31 16:42:28,345 [INFO   ]   >> INPUT  : Translate the natural language question into a MongoDB MQL query using the provided schema.

Schema:
Highschooler(ID, _id, grade, name) | Likes(_id, liked_id, student_id) | Friend(_id, friend_id, student_id)

Question:
What are the ids of students who both have friends and are liked?

MQL:

2026-07-31 16:42:28,345 [INFO   ]   >> OUTPUT : db.Student.aggregate([ { $lookup: { from: "Friends", localField: "ID", foreignField: "student_id", as: "friends" } }, { $unwind: "$friends" }, { $lookup: { from: "Likes", localField: "friends.friend_id", foreignField: "student_id", as: "likes" } }, { $unwind: "$likes" }, { $group: { _id: "$_id" } }, { $project: { student_id: "$_id" } } ])
2026-07-31 16:42:36,316 [INFO   ] [inference] generate_nosql  latency_sec=7.9552  input_tokens=91  output_tokens=70
2026-07-31 16:42:36,316 [INFO   ]   >> INPUT  : Translate the natural language question into a MongoDB MQL query using the provided schema.

Schema:
Highschooler(ID, _id, grade, name) | Likes(_id, liked_id, student_id) | Friend(_id, friend_id, student_id)

Question:
Show name of all students who have some friends and also are liked by someone else.

MQL:

2026-07-31 16:42:36,316 [INFO   ]   >> OUTPUT : db.Student.aggregate([ { $lookup: { from: "Likes", localField: "ID", foreignField: "student_id", as: "likes" } }, { $match: { "likes": { $ne: [] } } }, { $project: { name: 1 } } ])
2026-07-31 16:42:42,442 [INFO   ] [inference] generate_nosql  latency_sec=6.1104  input_tokens=90  output_tokens=115
2026-07-31 16:42:42,442 [INFO   ]   >> INPUT  : Translate the natural language question into a MongoDB MQL query using the provided schema.

Schema:
Highschooler(ID, _id, grade, name) | Likes(_id, liked_id, student_id) | Friend(_id, friend_id, student_id)

Question:
What are the names of high schoolers who both have friends and are liked?

MQL:

2026-07-31 16:42:42,443 [INFO   ]   >> OUTPUT : db.Highschooler.aggregate([ { $lookup: { from: "Friends", localField: "ID", foreignField: "friend_id", as: "friends" } }, { $unwind: "$friends" }, { $lookup: { from: "Likes", localField: "friends.student_id", foreignField: "student_id", as: "likes" } }, { $unwind: "$likes" }, { $project: { name: "$likes.name" } } ])
2026-07-31 16:42:44,037 [INFO   ] [inference] generate_nosql  latency_sec=1.5793  input_tokens=84  output_tokens=33
2026-07-31 16:42:44,038 [INFO   ]   >> INPUT  : Translate the natural language question into a MongoDB MQL query using the provided schema.

Schema:
Highschooler(ID, _id, grade, name) | Likes(_id, liked_id, student_id) | Friend(_id, friend_id, student_id)

Question:
Count the number of likes for each student id.

MQL:

2026-07-31 16:42:44,038 [INFO   ]   >> OUTPUT : db.Likes.aggregate([ { $group: { _id: "$student_id", count: { $sum: 1 } } } ])
2026-07-31 16:42:45,892 [INFO   ] [inference] generate_nosql  latency_sec=1.8369  input_tokens=83  output_tokens=33
2026-07-31 16:42:45,893 [INFO   ]   >> INPUT  : Translate the natural language question into a MongoDB MQL query using the provided schema.

Schema:
Highschooler(ID, _id, grade, name) | Likes(_id, liked_id, student_id) | Friend(_id, friend_id, student_id)

Question:
How many likes correspond to each student id?

MQL:

2026-07-31 16:42:45,893 [INFO   ]   >> OUTPUT : db.Likes.aggregate([ { $group: { _id: "$student_id", count: { $sum: 1 } } } ])
2026-07-31 16:42:53,071 [INFO   ] [inference] generate_nosql  latency_sec=7.1549  input_tokens=92  output_tokens=94
2026-07-31 16:42:53,071 [INFO   ]   >> INPUT  : Translate the natural language question into a MongoDB MQL query using the provided schema.

Schema:
Highschooler(ID, _id, grade, name) | Likes(_id, liked_id, student_id) | Friend(_id, friend_id, student_id)

Question:
Show the names of high schoolers who have likes, and numbers of likes for each.

MQL:

2026-07-31 16:42:53,071 [INFO   ]   >> OUTPUT : db.Highschooler.aggregate([ { $lookup: { from: "Likes", localField: "ID", foreignField: "student_id", as: "likes" } }, { $unwind: "$likes" }, { $group: { _id: "$name", likesCount: { $sum: 1 } } }, { $project: { name: "$_id", likesCount: 1 } } ])
2026-07-31 16:42:57,899 [INFO   ] [inference] generate_nosql  latency_sec=4.8123  input_tokens=94  output_tokens=92
2026-07-31 16:42:57,899 [INFO   ]   >> INPUT  : Translate the natural language question into a MongoDB MQL query using the provided schema.

Schema:
Highschooler(ID, _id, grade, name) | Likes(_id, liked_id, student_id) | Friend(_id, friend_id, student_id)

Question:
What are the names of high schoolers who have likes, and how many likes does each have?

MQL:

2026-07-31 16:42:57,899 [INFO   ]   >> OUTPUT : db.Highschooler.aggregate([ { $lookup: { from: "Likes", localField: "ID", foreignField: "student_id", as: "likes" } }, { $unwind: "$likes" }, { $group: { _id: "$name", count: { $sum: 1 } } }, { $project: { name: "$_id", count: 1 } } ])
2026-07-31 16:43:05,926 [INFO   ] [inference] generate_nosql  latency_sec=8.0112  input_tokens=93  output_tokens=150
2026-07-31 16:43:05,926 [INFO   ]   >> INPUT  : Translate the natural language question into a MongoDB MQL query using the provided schema.

Schema:
Highschooler(ID, _id, grade, name) | Likes(_id, liked_id, student_id) | Friend(_id, friend_id, student_id)

Question:
Show the names of students who have a grade higher than 5 and have at least 2 friends.

MQL:

2026-07-31 16:43:05,926 [INFO   ]   >> OUTPUT : db.Student.aggregate([ { $lookup: { from: "Like", localField: "ID", foreignField: "student_id", as: "like_info" } }, { $unwind: "$like_info" }, { $lookup: { from: "Friends", localField: "like_info.friend_id", foreignField: "friend_id", as: "friend_info" } }, { $unwind: "$friend_info" }, { $match: { "friend_info.grade": { $gt: 5 } } }, { $group: { _id: "$Name" } }, { $project: { Name: "$_id" } } ])
2026-07-31 16:43:12,901 [INFO   ] [inference] generate_nosql  latency_sec=6.9592  input_tokens=96  output_tokens=145
2026-07-31 16:43:12,901 [INFO   ]   >> INPUT  : Translate the natural language question into a MongoDB MQL query using the provided schema.

Schema:
Highschooler(ID, _id, grade, name) | Likes(_id, liked_id, student_id) | Friend(_id, friend_id, student_id)

Question:
What are the names of high schoolers who have a grade of over 5 and have 2 or more friends?

MQL:

2026-07-31 16:43:12,901 [INFO   ]   >> OUTPUT : db.Highschooler.aggregate([ { $lookup: { from: "Friends", localField: "ID", foreignField: "friend_id", as: "friends" } }, { $unwind: "$friends" }, { $lookup: { from: "Likes", localField: "friends.student_id", foreignField: "student_id", as: "likes" } }, { $unwind: "$likes" }, { $match: { "likes.grade": { $gt: 5 } } }, { $group: { _id: "$name" } }, { $project: { name: "$_id" } } ])
2026-07-31 16:43:18,595 [INFO   ] [inference] generate_nosql  latency_sec=5.6708  input_tokens=81  output_tokens=103
2026-07-31 16:43:18,595 [INFO   ]   >> INPUT  : Translate the natural language question into a MongoDB MQL query using the provided schema.

Schema:
Highschooler(ID, _id, grade, name) | Likes(_id, liked_id, student_id) | Friend(_id, friend_id, student_id)

Question:
How many likes does Kyle have?

MQL:

2026-07-31 16:43:18,596 [INFO   ]   >> OUTPUT : db.Like.aggregate([ { $lookup: { from: "Friends", localField: "friend_id", foreignField: "friend_id", as: "friend_info" } }, { $unwind: "$friend_info" }, { $match: { "friend_info.name": "Kyle" } }, { $group: { _id: null, count: { $sum: 1 } } }, { $project: { count: 1 } } ])
2026-07-31 16:43:23,116 [INFO   ] [inference] generate_nosql  latency_sec=4.5018  input_tokens=88  output_tokens=97
2026-07-31 16:43:23,116 [INFO   ]   >> INPUT  : Translate the natural language question into a MongoDB MQL query using the provided schema.

Schema:
Highschooler(ID, _id, grade, name) | Likes(_id, liked_id, student_id) | Friend(_id, friend_id, student_id)

Question:
Return the number of likes that the high schooler named Kyle has.

MQL:

2026-07-31 16:43:23,116 [INFO   ]   >> OUTPUT : db.Highschooler.aggregate([ { $match: { name: "Kyle" } }, { $lookup: { from: "Likes", localField: "ID", foreignField: "student_id", as: "likes" } }, { $unwind: "$likes" }, { $group: { _id: null, count: { $sum: 1 } } }, { $project: { count: 1 } } ])
2026-07-31 16:43:30,452 [INFO   ] [inference] generate_nosql  latency_sec=7.3205  input_tokens=86  output_tokens=135
2026-07-31 16:43:30,452 [INFO   ]   >> INPUT  : Translate the natural language question into a MongoDB MQL query using the provided schema.

Schema:
Highschooler(ID, _id, grade, name) | Likes(_id, liked_id, student_id) | Friend(_id, friend_id, student_id)

Question:
Find the average grade of all students who have some friends.

MQL:

2026-07-31 16:43:30,452 [INFO   ]   >> OUTPUT : db.Student.aggregate([ { $lookup: { from: "Friends", localField: "ID", foreignField: "student_id", as: "friends" } }, { $unwind: "$friends" }, { $lookup: { from: "Like", localField: "friends.friend_id", foreignField: "friend_id", as: "likes" } }, { $unwind: "$likes" }, { $group: { _id: null, avgGrade: { $avg: "$likes.grade" } } }, { $project: { avgGrade: 1 } } ])
2026-07-31 16:43:36,997 [INFO   ] [inference] generate_nosql  latency_sec=6.5288  input_tokens=85  output_tokens=138
2026-07-31 16:43:36,997 [INFO   ]   >> INPUT  : Translate the natural language question into a MongoDB MQL query using the provided schema.

Schema:
Highschooler(ID, _id, grade, name) | Likes(_id, liked_id, student_id) | Friend(_id, friend_id, student_id)

Question:
What is the average grade of students who have friends?

MQL:

2026-07-31 16:43:36,997 [INFO   ]   >> OUTPUT : db.Student.aggregate([ { $lookup: { from: "Friends", localField: "ID", foreignField: "student_id", as: "friends" } }, { $unwind: "$friends" }, { $lookup: { from: "Like", localField: "friends.friend_id", foreignField: "friend_id", as: "like_info" } }, { $unwind: "$like_info" }, { $group: { _id: null, avgGrade: { $avg: "$like_info.grade" } } }, { $project: { avgGrade: 1 } } ])
2026-07-31 16:43:42,053 [INFO   ] [inference] generate_nosql  latency_sec=5.0407  input_tokens=85  output_tokens=91
2026-07-31 16:43:42,053 [INFO   ]   >> INPUT  : Translate the natural language question into a MongoDB MQL query using the provided schema.

Schema:
Highschooler(ID, _id, grade, name) | Likes(_id, liked_id, student_id) | Friend(_id, friend_id, student_id)

Question:
Find the minimum grade of students who have no friends.

MQL:

2026-07-31 16:43:42,053 [INFO   ]   >> OUTPUT : db.Student.aggregate([ { $lookup: { from: "Friends", localField: "ID", foreignField: "student_id", as: "friends" } }, { $match: { "friends": { $size: 0 } } }, { $group: { _id: null, minGrade: { $min: "$Grade" } } }, { $project: { minGrade: 1 } } ])
2026-07-31 16:43:46,310 [INFO   ] [inference] generate_nosql  latency_sec=4.2343  input_tokens=88  output_tokens=85
2026-07-31 16:43:46,310 [INFO   ]   >> INPUT  : Translate the natural language question into a MongoDB MQL query using the provided schema.

Schema:
Highschooler(ID, _id, grade, name) | Likes(_id, liked_id, student_id) | Friend(_id, friend_id, student_id)

Question:
What is the lowest grade of students who do not have any friends?

MQL:

2026-07-31 16:43:46,310 [INFO   ]   >> OUTPUT : db.Student.aggregate([ { $lookup: { from: "Friends", localField: "ID", foreignField: "student_id", as: "friends" } }, { $match: { "friends": { $size: 0 } } }, { $sort: { "friendsCount": 1 } }, { $limit: 1 }, { $project: { name: 1 } } ])
2026-07-31 16:43:52,355 [INFO   ] [inference] generate_nosql  latency_sec=6.0288  input_tokens=164  output_tokens=54
2026-07-31 16:43:52,355 [INFO   ]   >> INPUT  : Translate the natural language question into a MongoDB MQL query using the provided schema.

Schema:
Professionals(_id, cell_number, city, email_address, first_name, home_phone, last_name, professional_id, role_code, state, street, zip_code) | Treatments(_id, cost_of_treatment, date_of_treatment, dog_id, professional_id, treatment_id, treatment_type_code) | Owners(_id, cell_number, city, email_address, first_name, home_phone, last_name, owner_id, state, street, zip_code)

Question:
Which states have both owners and professionals living there?

MQL:

2026-07-31 16:43:52,355 [INFO   ]   >> OUTPUT : db.Owners.aggregate([ { $group: { _id: "$state", count: { $sum: 1 } } }, { $match: { count: 2 } }, { $project: { state: "$_id" } } ])
2026-07-31 16:43:59,191 [INFO   ] [inference] generate_nosql  latency_sec=6.8209  input_tokens=164  output_tokens=103
2026-07-31 16:43:59,191 [INFO   ]   >> INPUT  : Translate the natural language question into a MongoDB MQL query using the provided schema.

Schema:
Professionals(_id, cell_number, city, email_address, first_name, home_phone, last_name, professional_id, role_code, state, street, zip_code) | Treatments(_id, cost_of_treatment, date_of_treatment, dog_id, professional_id, treatment_id, treatment_type_code) | Owners(_id, cell_number, city, email_address, first_name, home_phone, last_name, owner_id, state, street, zip_code)

Question:
Find the states where both owners and professionals live.

MQL:

2026-07-31 16:43:59,191 [INFO   ]   >> OUTPUT : db.Owners.aggregate([ { $lookup: { from: "Professionals", localField: "owner_id", foreignField: "professional_id", as: "professionals" } }, { $unwind: "$professionals" }, { $group: { _id: "$state", count: { $sum: 1 } } }, { $match: { count: 2 } }, { $project: { state: "$_id" } } ])
2026-07-31 16:44:06,254 [INFO   ] [inference] generate_nosql  latency_sec=7.0449  input_tokens=184  output_tokens=150
2026-07-31 16:44:06,254 [INFO   ]   >> INPUT  : Translate the natural language question into a MongoDB MQL query using the provided schema.

Schema:
Professionals(_id, cell_number, city, email_address, first_name, home_phone, last_name, professional_id, role_code, state, street, zip_code) | Treatments(_id, cost_of_treatment, date_of_treatment, dog_id, professional_id, treatment_id, treatment_type_code) | Owners(_id, cell_number, city, email_address, first_name, home_phone, last_name, owner_id, state, street, zip_code)

Question:
Which professionals live in the state of Indiana or have done treatment on more than 2 treatments? List his or her id, last name and cell phone.

MQL:

2026-07-31 16:44:06,254 [INFO   ]   >> OUTPUT : db.Professionals.aggregate([ { $lookup: { from: "Treatments", localField: "professional_id", foreignField: "professional_id", as: "treatments" } }, { $unwind: "$treatments" }, { $lookup: { from: "Owners", localField: "treatments.professional_id", foreignField: "professional_id", as: "owners" } }, { $unwind: "$owners" }, { $match: { $or:[{ "treatments.treatment_type_code": "2" }, { "treatments.treatment_type_code": "1" }] } }, {
2026-07-31 16:44:11,406 [INFO   ] [inference] generate_nosql  latency_sec=5.1362  input_tokens=156  output_tokens=89
2026-07-31 16:44:11,406 [INFO   ]   >> INPUT  : Translate the natural language question into a MongoDB MQL query using the provided schema.

Schema:
Breeds(_id, breed_code, breed_name) | Treatments(_id, cost_of_treatment, date_of_treatment, dog_id, professional_id, treatment_id, treatment_type_code) | Dogs(_id, abandoned_yn, age, breed_code, date_adopted, date_arrived, date_departed, date_of_birth, dog_id, gender, name, owner_id, size_code, weight)

Question:
Which dogs have not cost their owner more than 1000 for treatment ? List the dog names .

MQL:

2026-07-31 16:44:11,406 [INFO   ]   >> OUTPUT : db.Dogs.aggregate([ { $lookup: { from: "Treatments", localField: "dog_id", foreignField: "owner_id", as: "treatment_info" } }, { $unwind: "$treatment_info" }, { $match: { "treatment_info.weight": { $gt: 1000 } } }, { $project: { name: 1 } } ])
2026-07-31 16:44:15,907 [INFO   ] [inference] generate_nosql  latency_sec=4.4843  input_tokens=158  output_tokens=93
2026-07-31 16:44:15,907 [INFO   ]   >> INPUT  : Translate the natural language question into a MongoDB MQL query using the provided schema.

Schema:
Breeds(_id, breed_code, breed_name) | Treatments(_id, cost_of_treatment, date_of_treatment, dog_id, professional_id, treatment_id, treatment_type_code) | Dogs(_id, abandoned_yn, age, breed_code, date_adopted, date_arrived, date_departed, date_of_birth, dog_id, gender, name, owner_id, size_code, weight)

Question:
What are the names of the dogs for which the owner has not spend more than 1000 for treatment ?

MQL:

2026-07-31 16:44:15,907 [INFO   ]   >> OUTPUT : db.Dogs.aggregate([ { $lookup: { from: "Treatments", localField: "owner_id", foreignField: "owner_id", as: "treatment_info" } }, { $unwind: "$treatment_info" }, { $match: { "treatment_info.cost_of_treatment": { $gt: 1000 } } }, { $project: { name: 1 } } ])
2026-07-31 16:44:19,896 [INFO   ] [inference] generate_nosql  latency_sec=3.9727  input_tokens=189  output_tokens=85
2026-07-31 16:44:19,896 [INFO   ]   >> INPUT  : Translate the natural language question into a MongoDB MQL query using the provided schema.

Schema:
Professionals(_id, cell_number, city, email_address, first_name, home_phone, last_name, professional_id, role_code, state, street, zip_code) | Treatments(_id, cost_of_treatment, date_of_treatment, dog_id, professional_id, treatment_id, treatment_type_code) | Dogs(_id, abandoned_yn, age, breed_code, date_adopted, date_arrived, date_departed, date_of_birth, dog_id, gender, name, owner_id, size_code, weight)

Question:
Which professional did not operate any treatment on dogs? List the professional's id, role and email.

MQL:

2026-07-31 16:44:19,896 [INFO   ]   >> OUTPUT : db.Professionals.aggregate([ { $lookup: { from: "Treatments", localField: "professional_id", foreignField: "professional_id", as: "treatments" } }, { $match: { "treatments": { $size: 0 } } }, { $project: { role_code: 1, email_address: 1 } } ])
2026-07-31 16:44:24,977 [INFO   ] [inference] generate_nosql  latency_sec=5.0658  input_tokens=189  output_tokens=85
2026-07-31 16:44:24,978 [INFO   ]   >> INPUT  : Translate the natural language question into a MongoDB MQL query using the provided schema.

Schema:
Professionals(_id, cell_number, city, email_address, first_name, home_phone, last_name, professional_id, role_code, state, street, zip_code) | Treatments(_id, cost_of_treatment, date_of_treatment, dog_id, professional_id, treatment_id, treatment_type_code) | Dogs(_id, abandoned_yn, age, breed_code, date_adopted, date_arrived, date_departed, date_of_birth, dog_id, gender, name, owner_id, size_code, weight)

Question:
Give me the id, role and email of the professionals who did not perform any treatment on dogs.

MQL:

2026-07-31 16:44:24,978 [INFO   ]   >> OUTPUT : db.Professionals.aggregate([ { $lookup: { from: "Treatments", localField: "professional_id", foreignField: "professional_id", as: "treatment_info" } }, { $match: { "treatment_info": { $size: 0 } } }, { $project: { role_code: 1, email_address: 1 } } ])
2026-07-31 16:44:32,062 [INFO   ] [inference] generate_nosql  latency_sec=7.0677  input_tokens=159  output_tokens=126
2026-07-31 16:44:32,062 [INFO   ]   >> INPUT  : Translate the natural language question into a MongoDB MQL query using the provided schema.

Schema:
Breeds(_id, breed_code, breed_name) | Owners(_id, cell_number, city, email_address, first_name, home_phone, last_name, owner_id, state, street, zip_code) | Dogs(_id, abandoned_yn, age, breed_code, date_adopted, date_arrived, date_departed, date_of_birth, dog_id, gender, name, owner_id, size_code, weight)

Question:
Which owner owns the most dogs? List the owner id, first name and last name.

MQL:

2026-07-31 16:44:32,062 [INFO   ]   >> OUTPUT : db.Dogs.aggregate([ { $lookup: { from: "Owners", localField: "owner_id", foreignField: "owner_id", as: "owner_info" } }, { $unwind: "$owner_info" }, { $sort: { "owner_info.weight": -1 } }, { $limit: 1 }, { $project: { owner_id: "$owner_info.owner_id", first_name: "$owner_info.first_name", last_name: "$owner_info.last_name" } } ])
2026-07-31 16:44:40,045 [INFO   ] [inference] generate_nosql  latency_sec=7.9674  input_tokens=160  output_tokens=150
2026-07-31 16:44:40,045 [INFO   ]   >> INPUT  : Translate the natural language question into a MongoDB MQL query using the provided schema.

Schema:
Breeds(_id, breed_code, breed_name) | Owners(_id, cell_number, city, email_address, first_name, home_phone, last_name, owner_id, state, street, zip_code) | Dogs(_id, abandoned_yn, age, breed_code, date_adopted, date_arrived, date_departed, date_of_birth, dog_id, gender, name, owner_id, size_code, weight)

Question:
Return the owner id, first name and last name of the owner who has the most dogs.

MQL:

2026-07-31 16:44:40,045 [INFO   ]   >> OUTPUT : db.Dogs.aggregate([ { $lookup: { from: "Owners", localField: "owner_id", foreignField: "owner_id", as: "owner_info" } }, { $unwind: "$owner_info" }, { $group: { _id: "$owner_info.owner_id", first_name: { $first: "$owner_info.first_name" }, last_name: { $first: "$owner_info.last_name" }, dogsCount: { $sum: 1 } } }, { $sort: { dogsCount: -1 } }, { $limit: 1 }, { $project: { owner_id: "$_id
2026-07-31 16:44:46,162 [INFO   ] [inference] generate_nosql  latency_sec=6.1005  input_tokens=155  output_tokens=127
2026-07-31 16:44:46,162 [INFO   ]   >> INPUT  : Translate the natural language question into a MongoDB MQL query using the provided schema.

Schema:
Treatment_Types(_id, treatment_type_code, treatment_type_description) | Professionals(_id, cell_number, city, email_address, first_name, home_phone, last_name, professional_id, role_code, state, street, zip_code) | Treatments(_id, cost_of_treatment, date_of_treatment, dog_id, professional_id, treatment_id, treatment_type_code)

Question:
Which professionals have done at least two treatments? List the professional's id, role, and first name.

MQL:

2026-07-31 16:44:46,162 [INFO   ]   >> OUTPUT : db.Treatments.aggregate([ { $lookup: { from: "Professionals", localField: "professional_id", foreignField: "professional_id", as: "professional_info" } }, { $unwind: "$professional_info" }, { $group: { _id: "$professional_info.role_code", count: { $sum: 1 } } }, { $match: { count: { $gte: 2 } } }, { $project: { role_code: "$_id", first_name: "$first_name" } } ])
2026-07-31 16:44:53,158 [INFO   ] [inference] generate_nosql  latency_sec=6.9806  input_tokens=155  output_tokens=129
2026-07-31 16:44:53,158 [INFO   ]   >> INPUT  : Translate the natural language question into a MongoDB MQL query using the provided schema.

Schema:
Treatment_Types(_id, treatment_type_code, treatment_type_description) | Professionals(_id, cell_number, city, email_address, first_name, home_phone, last_name, professional_id, role_code, state, street, zip_code) | Treatments(_id, cost_of_treatment, date_of_treatment, dog_id, professional_id, treatment_id, treatment_type_code)

Question:
What are the id, role, and first name of the professionals who have performed two or more treatments?

MQL:

2026-07-31 16:44:53,158 [INFO   ]   >> OUTPUT : db.Treatments.aggregate([ { $group: { _id: "$professional_id", count: { $sum: 1 } } }, { $match: { count: { $gte: 2 } } }, { $lookup: { from: "Professionals", localField: "_id", foreignField: "professional_id", as: "professionals" } }, { $unwind: "$professionals" }, { $project: { _id: "$professionals.role_code", first_name: "$professionals.first_name" } } ])
2026-07-31 16:44:58,996 [INFO   ] [inference] generate_nosql  latency_sec=5.8205  input_tokens=150  output_tokens=123
2026-07-31 16:44:58,996 [INFO   ]   >> INPUT  : Translate the natural language question into a MongoDB MQL query using the provided schema.

Schema:
Breeds(_id, breed_code, breed_name) | Treatments(_id, cost_of_treatment, date_of_treatment, dog_id, professional_id, treatment_id, treatment_type_code) | Dogs(_id, abandoned_yn, age, breed_code, date_adopted, date_arrived, date_departed, date_of_birth, dog_id, gender, name, owner_id, size_code, weight)

Question:
What is the name of the breed with the most dogs?

MQL:

2026-07-31 16:44:58,996 [INFO   ]   >> OUTPUT : db.Dogs.aggregate([ { $lookup: { from: "Breeds", localField: "breed_code", foreignField: "breed_code", as: "breed_info" } }, { $unwind: "$breed_info" }, { $group: { _id: "$breed_info.breed_name", count: { $sum: 1 } } }, { $sort: { count: -1 } }, { $limit: 1 }, { $project: { breed_name: "$_id" } } ])
2026-07-31 16:45:05,667 [INFO   ] [inference] generate_nosql  latency_sec=6.6549  input_tokens=152  output_tokens=123
2026-07-31 16:45:05,667 [INFO   ]   >> INPUT  : Translate the natural language question into a MongoDB MQL query using the provided schema.

Schema:
Breeds(_id, breed_code, breed_name) | Treatments(_id, cost_of_treatment, date_of_treatment, dog_id, professional_id, treatment_id, treatment_type_code) | Dogs(_id, abandoned_yn, age, breed_code, date_adopted, date_arrived, date_departed, date_of_birth, dog_id, gender, name, owner_id, size_code, weight)

Question:
Which breed do the most dogs have? Give me the breed name.

MQL:

2026-07-31 16:45:05,667 [INFO   ]   >> OUTPUT : db.Dogs.aggregate([ { $lookup: { from: "Breeds", localField: "breed_code", foreignField: "breed_code", as: "breed_info" } }, { $unwind: "$breed_info" }, { $group: { _id: "$breed_info.breed_name", count: { $sum: 1 } } }, { $sort: { count: -1 } }, { $limit: 1 }, { $project: { breed_name: "$_id" } } ])
2026-07-31 16:45:12,761 [INFO   ] [inference] generate_nosql  latency_sec=7.0785  input_tokens=186  output_tokens=150
2026-07-31 16:45:12,761 [INFO   ]   >> INPUT  : Translate the natural language question into a MongoDB MQL query using the provided schema.

Schema:
Treatments(_id, cost_of_treatment, date_of_treatment, dog_id, professional_id, treatment_id, treatment_type_code) | Owners(_id, cell_number, city, email_address, first_name, home_phone, last_name, owner_id, state, street, zip_code) | Dogs(_id, abandoned_yn, age, breed_code, date_adopted, date_arrived, date_departed, date_of_birth, dog_id, gender, name, owner_id, size_code, weight)

Question:
Which owner has paid for the most treatments on his or her dogs? List the owner id and last name.

MQL:

2026-07-31 16:45:12,761 [INFO   ]   >> OUTPUT : db.Dogs.aggregate([ { $lookup: { from: "Owners", localField: "owner_id", foreignField: "owner_id", as: "owners" } }, { $unwind: "$owners" }, { $lookup: { from: "Treatments", localField: "owners.owner_id", foreignField: "owner_id", as: "treatments" } }, { $unwind: "$treatments" }, { $group: { _id: "$owner_id", last_name: { $first: "$last_name" }, count: { $sum: 1 } } }, { $sort: { count: -1 }
2026-07-31 16:45:20,049 [INFO   ] [inference] generate_nosql  latency_sec=7.2721  input_tokens=123  output_tokens=104
2026-07-31 16:45:20,049 [INFO   ]   >> INPUT  : Translate the natural language question into a MongoDB MQL query using the provided schema.

Schema:
Treatment_Types(_id, treatment_type_code, treatment_type_description) | Treatments(_id, cost_of_treatment, date_of_treatment, dog_id, professional_id, treatment_id, treatment_type_code) | Charges(_id, charge_amount, charge_id, charge_type)

Question:
What is the description of the treatment type that costs the least money in total?

MQL:

2026-07-31 16:45:20,049 [INFO   ]   >> OUTPUT : db.Treatment_Types.aggregate([ { $lookup: { from: "Treatments", localField: "treatment_type_code", foreignField: "treatment_type_code", as: "treatment_info" } }, { $unwind: "$treatment_info" }, { $sort: { "treatment_info.cost_of_treatment": 1 } }, { $limit: 1 }, { $project: { treatment_type_description: 1 } } ])
2026-07-31 16:45:26,481 [INFO   ] [inference] generate_nosql  latency_sec=6.4154  input_tokens=122  output_tokens=104
2026-07-31 16:45:26,481 [INFO   ]   >> INPUT  : Translate the natural language question into a MongoDB MQL query using the provided schema.

Schema:
Treatment_Types(_id, treatment_type_code, treatment_type_description) | Treatments(_id, cost_of_treatment, date_of_treatment, dog_id, professional_id, treatment_id, treatment_type_code) | Charges(_id, charge_amount, charge_id, charge_type)

Question:
Give me the description of the treatment type whose total cost is the lowest.

MQL:

2026-07-31 16:45:26,481 [INFO   ]   >> OUTPUT : db.Treatment_Types.aggregate([ { $lookup: { from: "Treatments", localField: "treatment_type_code", foreignField: "treatment_type_code", as: "treatment_info" } }, { $unwind: "$treatment_info" }, { $sort: { "treatment_info.cost_of_treatment": 1 } }, { $limit: 1 }, { $project: { treatment_type_description: 1 } } ])
2026-07-31 16:45:34,528 [INFO   ] [inference] generate_nosql  latency_sec=8.0316  input_tokens=164  output_tokens=135
2026-07-31 16:45:34,528 [INFO   ]   >> INPUT  : Translate the natural language question into a MongoDB MQL query using the provided schema.

Schema:
Breeds(_id, breed_code, breed_name) | Owners(_id, cell_number, city, email_address, first_name, home_phone, last_name, owner_id, state, street, zip_code) | Dogs(_id, abandoned_yn, age, breed_code, date_adopted, date_arrived, date_departed, date_of_birth, dog_id, gender, name, owner_id, size_code, weight)

Question:
Which owner has paid the largest amount of money in total for their dogs? Show the owner id and zip code.

MQL:

2026-07-31 16:45:34,528 [INFO   ]   >> OUTPUT : db.Dogs.aggregate([ { $group: { _id: "$owner_id", total_weight: { $sum: "$weight" } } }, { $sort: { total_weight: -1 } }, { $limit: 1 }, { $lookup: { from: "Owners", localField: "_id", foreignField: "owner_id", as: "owner_info" } }, { $unwind: "$owner_info" }, { $project: { owner_id: "$owner_info.owner_id", zip_code: "$owner_info.zip_code" } } ])
2026-07-31 16:45:41,584 [INFO   ] [inference] generate_nosql  latency_sec=7.04  input_tokens=164  output_tokens=150
2026-07-31 16:45:41,584 [INFO   ]   >> INPUT  : Translate the natural language question into a MongoDB MQL query using the provided schema.

Schema:
Breeds(_id, breed_code, breed_name) | Owners(_id, cell_number, city, email_address, first_name, home_phone, last_name, owner_id, state, street, zip_code) | Dogs(_id, abandoned_yn, age, breed_code, date_adopted, date_arrived, date_departed, date_of_birth, dog_id, gender, name, owner_id, size_code, weight)

Question:
Find the owner id and zip code of the owner who spent the most money in total for his or her dogs.

MQL:

2026-07-31 16:45:41,584 [INFO   ]   >> OUTPUT : db.Dogs.aggregate([ { $lookup: { from: "Owners", localField: "owner_id", foreignField: "owner_id", as: "owner_info" } }, { $unwind: "$owner_info" }, { $lookup: { from: "Breeds", localField: "owner_info.cell_number", foreignField: "breed_code", as: "breed_info" } }, { $unwind: "$breed_info" }, { $group: { _id: "$owner_info.owner_id", totalWeight: { $sum: "$breed_info.weight" } } }, { $sort:
2026-07-31 16:45:48,223 [INFO   ] [inference] generate_nosql  latency_sec=6.6129  input_tokens=153  output_tokens=123
2026-07-31 16:45:48,223 [INFO   ]   >> INPUT  : Translate the natural language question into a MongoDB MQL query using the provided schema.

Schema:
Treatment_Types(_id, treatment_type_code, treatment_type_description) | Professionals(_id, cell_number, city, email_address, first_name, home_phone, last_name, professional_id, role_code, state, street, zip_code) | Treatments(_id, cost_of_treatment, date_of_treatment, dog_id, professional_id, treatment_id, treatment_type_code)

Question:
Which professionals have done at least two types of treatments? List the professional id and cell phone.

MQL:

2026-07-31 16:45:48,223 [INFO   ]   >> OUTPUT : db.Treatments.aggregate([ { $lookup: { from: "Professionals", localField: "professional_id", foreignField: "professional_id", as: "professional_info" } }, { $unwind: "$professional_info" }, { $group: { _id: "$professional_info.cell_number", count: { $sum: 1 } } }, { $match: { count: { $gte: 2 } } }, { $project: { cell_number: "$_id", phone: "$phone" } } ])
2026-07-31 16:45:54,467 [INFO   ] [inference] generate_nosql  latency_sec=6.2286  input_tokens=152  output_tokens=133
2026-07-31 16:45:54,467 [INFO   ]   >> INPUT  : Translate the natural language question into a MongoDB MQL query using the provided schema.

Schema:
Treatment_Types(_id, treatment_type_code, treatment_type_description) | Professionals(_id, cell_number, city, email_address, first_name, home_phone, last_name, professional_id, role_code, state, street, zip_code) | Treatments(_id, cost_of_treatment, date_of_treatment, dog_id, professional_id, treatment_id, treatment_type_code)

Question:
Find the id and cell phone of the professionals who operate two or more types of treatments.

MQL:

2026-07-31 16:45:54,467 [INFO   ]   >> OUTPUT : db.Treatment_Types.aggregate([ { $group: { _id: "$treatment_type_code", count: { $sum: 1 } } }, { $match: { count: { $gte: 2 } } }, { $lookup: { from: "Treatments", localField: "_id", foreignField: "treatment_id", as: "treatment_info" } }, { $unwind: "$treatment_info" }, { $project: { treatment_id: "$treatment_info.treatment_id", cell_phone: "$treatment_info.cell_phone" } } ])
2026-07-31 16:46:02,493 [INFO   ] [inference] generate_nosql  latency_sec=8.0096  input_tokens=135  output_tokens=150
2026-07-31 16:46:02,494 [INFO   ]   >> INPUT  : Translate the natural language question into a MongoDB MQL query using the provided schema.

Schema:
Breeds(_id, breed_code, breed_name) | Dogs(_id, abandoned_yn, age, breed_code, date_adopted, date_arrived, date_departed, date_of_birth, dog_id, gender, name, owner_id, size_code, weight) | Sizes(_id, size_code, size_description)

Question:
List each owner's first name, last name, and the size of his for her dog.

MQL:

2026-07-31 16:46:02,494 [INFO   ]   >> OUTPUT : db.Dogs.aggregate([ { $lookup: { from: "Breeds", localField: "dog_id", foreignField: "dog_id", as: "dog_breeds" } }, { $unwind: "$dog_breeds" }, { $lookup: { from: "Sizes", localField: "dog_breeds.size_code", foreignField: "size_code", as: "size_breeds" } }, { $unwind: "$size_breeds" }, { $project: { name_first: "$name_breeds.name_first", name_last: "$name_breeds.name_last", size_description:
2026-07-31 16:46:08,643 [INFO   ] [inference] generate_nosql  latency_sec=6.1334  input_tokens=155  output_tokens=130
2026-07-31 16:46:08,643 [INFO   ]   >> INPUT  : Translate the natural language question into a MongoDB MQL query using the provided schema.

Schema:
Breeds(_id, breed_code, breed_name) | Owners(_id, cell_number, city, email_address, first_name, home_phone, last_name, owner_id, state, street, zip_code) | Dogs(_id, abandoned_yn, age, breed_code, date_adopted, date_arrived, date_departed, date_of_birth, dog_id, gender, name, owner_id, size_code, weight)

Question:
List pairs of the owner's first name and the dogs's name.

MQL:

2026-07-31 16:46:08,643 [INFO   ]   >> OUTPUT : db.Dogs.aggregate([ { $lookup: { from: "Owners", localField: "owner_id", foreignField: "owner_id", as: "owners" } }, { $unwind: "$owners" }, { $lookup: { from: "Breeds", localField: "owners.cell_number", foreignField: "cell_number", as: "breeds" } }, { $unwind: "$breeds" }, { $project: { first_name: "$owners.first_name", dog_name: "$breeds.name" } } ])
2026-07-31 16:46:15,969 [INFO   ] [inference] generate_nosql  latency_sec=7.3025  input_tokens=164  output_tokens=136
2026-07-31 16:46:15,969 [INFO   ]   >> INPUT  : Translate the natural language question into a MongoDB MQL query using the provided schema.

Schema:
Breeds(_id, breed_code, breed_name) | Owners(_id, cell_number, city, email_address, first_name, home_phone, last_name, owner_id, state, street, zip_code) | Dogs(_id, abandoned_yn, age, breed_code, date_adopted, date_arrived, date_departed, date_of_birth, dog_id, gender, name, owner_id, size_code, weight)

Question:
Which dogs are owned by someone who lives in Virginia? List the owner's first name and the dog's name.

MQL:

2026-07-31 16:46:15,969 [INFO   ]   >> OUTPUT : db.Dogs.aggregate([ { $lookup: { from: "Owners", localField: "owner_id", foreignField: "owner_id", as: "owners" } }, { $unwind: "$owners" }, { $lookup: { from: "Breeds", localField: "owners.cell_number", foreignField: "cell_number", as: "breeds" } }, { $unwind: "$breeds" }, { $match: { "breeds.state": "Virginia" } }, { $project: { first_name: 1, dog_name: 1 } } ])
2026-07-31 16:46:21,004 [INFO   ] [inference] generate_nosql  latency_sec=5.0161  input_tokens=173  output_tokens=107
2026-07-31 16:46:21,004 [INFO   ]   >> INPUT  : Translate the natural language question into a MongoDB MQL query using the provided schema.

Schema:
Professionals(_id, cell_number, city, email_address, first_name, home_phone, last_name, professional_id, role_code, state, street, zip_code) | Treatments(_id, cost_of_treatment, date_of_treatment, dog_id, professional_id, treatment_id, treatment_type_code) | Owners(_id, cell_number, city, email_address, first_name, home_phone, last_name, owner_id, state, street, zip_code)

Question:
List the emails of the professionals who live in the state of Hawaii or the state of Wisconsin.

MQL:

2026-07-31 16:46:21,004 [INFO   ]   >> OUTPUT : db.Professionals.aggregate([ { $match: { $or: [ { state: "Hawaii" }, { state: "Wisconsin" } ] } }, { $lookup: { from: "Professionals", localField: "professional_id", foreignField: "professional_id", as: "professionals" } }, { $unwind: "$professionals" }, { $project: { email_address: "$professionals.email_address" } } ])
2026-07-31 16:46:26,411 [INFO   ] [inference] generate_nosql  latency_sec=5.3907  input_tokens=155  output_tokens=98
2026-07-31 16:46:26,412 [INFO   ]   >> INPUT  : Translate the natural language question into a MongoDB MQL query using the provided schema.

Schema:
Professionals(_id, cell_number, city, email_address, first_name, home_phone, last_name, professional_id, role_code, state, street, zip_code) | Owners(_id, cell_number, city, email_address, first_name, home_phone, last_name, owner_id, state, street, zip_code) | Charges(_id, charge_amount, charge_id, charge_type)

Question:
What are the emails of the professionals living in either the state of Hawaii or the state of Wisconsin?

MQL:

2026-07-31 16:46:26,412 [INFO   ]   >> OUTPUT : db.Professionals.aggregate([ { $lookup: { from: "Owners", localField: "professional_id", foreignField: "owner_id", as: "owner_info" } }, { $unwind: "$owner_info" }, { $match: { "owner_info.state": { $in: ["Hawaiia", "Wisconsin"] } } }, { $project: { email_address: 1 } } ])
2026-07-31 16:46:30,593 [INFO   ] [inference] generate_nosql  latency_sec=4.1653  input_tokens=152  output_tokens=36
2026-07-31 16:46:30,593 [INFO   ]   >> INPUT  : Translate the natural language question into a MongoDB MQL query using the provided schema.

Schema:
Treatment_Types(_id, treatment_type_code, treatment_type_description) | Treatments(_id, cost_of_treatment, date_of_treatment, dog_id, professional_id, treatment_id, treatment_type_code) | Dogs(_id, abandoned_yn, age, breed_code, date_adopted, date_arrived, date_departed, date_of_birth, dog_id, gender, name, owner_id, size_code, weight)

Question:
How many dogs went through any treatments?

MQL:

2026-07-31 16:46:30,593 [INFO   ]   >> OUTPUT : db.Treatments.aggregate([ { $group: { _id: "$treatment_type_code", count: { $sum: 1 } } } ])
2026-07-31 16:46:33,387 [INFO   ] [inference] generate_nosql  latency_sec=2.7754  input_tokens=154  output_tokens=34
2026-07-31 16:46:33,387 [INFO   ]   >> INPUT  : Translate the natural language question into a MongoDB MQL query using the provided schema.

Schema:
Treatment_Types(_id, treatment_type_code, treatment_type_description) | Treatments(_id, cost_of_treatment, date_of_treatment, dog_id, professional_id, treatment_id, treatment_type_code) | Dogs(_id, abandoned_yn, age, breed_code, date_adopted, date_arrived, date_departed, date_of_birth, dog_id, gender, name, owner_id, size_code, weight)

Question:
How many professionals have performed any treatment to dogs?

MQL:

2026-07-31 16:46:33,387 [INFO   ]   >> OUTPUT : db.Treatments.aggregate([ { $group: { _id: "$professional_id", count: { $sum: 1 } } } ])
2026-07-31 16:46:41,453 [INFO   ] [inference] generate_nosql  latency_sec=8.0502  input_tokens=197  output_tokens=150
2026-07-31 16:46:41,453 [INFO   ]   >> INPUT  : Translate the natural language question into a MongoDB MQL query using the provided schema.

Schema:
Professionals(_id, cell_number, city, email_address, first_name, home_phone, last_name, professional_id, role_code, state, street, zip_code) | Owners(_id, cell_number, city, email_address, first_name, home_phone, last_name, owner_id, state, street, zip_code) | Dogs(_id, abandoned_yn, age, breed_code, date_adopted, date_arrived, date_departed, date_of_birth, dog_id, gender, name, owner_id, size_code, weight)

Question:
Which professionals live in a city containing the substring 'West'? List his or her role, street, city and state.

MQL:

2026-07-31 16:46:41,453 [INFO   ]   >> OUTPUT : db.Professionals.aggregate([ { $lookup: { from: "Owners", localField: "professional_id", foreignField: "owner_id", as: "owner_info" } }, { $unwind: "$owner_info" }, { $lookup: { from: "Dogs", localField: "owner_info.owner_id", foreignField: "owner_id", as: "dog_info" } }, { $unwind: "$dog_info" }, { $match: { "dog_info.name": { $regex: "West", $options: "i" } } }, { $project: { role_code:
2026-07-31 16:46:48,811 [INFO   ] [inference] generate_nosql  latency_sec=7.3421  input_tokens=178  output_tokens=150
2026-07-31 16:46:48,811 [INFO   ]   >> INPUT  : Translate the natural language question into a MongoDB MQL query using the provided schema.

Schema:
Professionals(_id, cell_number, city, email_address, first_name, home_phone, last_name, professional_id, role_code, state, street, zip_code) | Treatments(_id, cost_of_treatment, date_of_treatment, dog_id, professional_id, treatment_id, treatment_type_code) | Owners(_id, cell_number, city, email_address, first_name, home_phone, last_name, owner_id, state, street, zip_code)

Question:
Find the role, street, city and state of the professionals living in a city that contains the substring 'West'.

MQL:

2026-07-31 16:46:48,811 [INFO   ]   >> OUTPUT : db.Professionals.aggregate([ { $lookup: { from: "Treatments", localField: "professional_id", foreignField: "professional_id", as: "treatments" } }, { $unwind: "$treatments" }, { $lookup: { from: "Owners", localField: "treatments.professional_id", foreignField: "professional_id", as: "owners" } }, { $unwind: "$owners" }, { $lookup: { from: "Cities", localField: "owners.city", foreignField: "city", as: "cities" } }, { $unwind: "$cities" },
2026-07-31 16:46:54,607 [INFO   ] [inference] generate_nosql  latency_sec=5.7789  input_tokens=197  output_tokens=39
2026-07-31 16:46:54,608 [INFO   ]   >> INPUT  : Translate the natural language question into a MongoDB MQL query using the provided schema.

Schema:
Professionals(_id, cell_number, city, email_address, first_name, home_phone, last_name, professional_id, role_code, state, street, zip_code) | Owners(_id, cell_number, city, email_address, first_name, home_phone, last_name, owner_id, state, street, zip_code) | Dogs(_id, abandoned_yn, age, breed_code, date_adopted, date_arrived, date_departed, date_of_birth, dog_id, gender, name, owner_id, size_code, weight)

Question:
Which owners live in the state whose name contains the substring 'North'? List his first name, last name and email.

MQL:

2026-07-31 16:46:54,608 [INFO   ]   >> OUTPUT : db.Owners.find({state: {$regex: /North/}}, {first_name: 1, last_name: 1, email_address: 1})
2026-07-31 16:46:59,618 [INFO   ] [inference] generate_nosql  latency_sec=4.9896  input_tokens=156  output_tokens=39
2026-07-31 16:46:59,618 [INFO   ]   >> INPUT  : Translate the natural language question into a MongoDB MQL query using the provided schema.

Schema:
Breeds(_id, breed_code, breed_name) | Professionals(_id, cell_number, city, email_address, first_name, home_phone, last_name, professional_id, role_code, state, street, zip_code) | Owners(_id, cell_number, city, email_address, first_name, home_phone, last_name, owner_id, state, street, zip_code)

Question:
Return the first name, last name and email of the owners living in a state whose name contains the substring 'North'.

MQL:

2026-07-31 16:46:59,618 [INFO   ]   >> OUTPUT : db.Owners.find({state: {$regex: /North/}}, {first_name: 1, last_name: 1, email_address: 1})
2026-07-31 16:47:01,862 [INFO   ] [inference] generate_nosql  latency_sec=2.2277  input_tokens=116  output_tokens=47
2026-07-31 16:47:01,863 [INFO   ]   >> INPUT  : Translate the natural language question into a MongoDB MQL query using the provided schema.

Schema:
Treatment_Types(_id, treatment_type_code, treatment_type_description) | Treatments(_id, cost_of_treatment, date_of_treatment, dog_id, professional_id, treatment_id, treatment_type_code) | Charges(_id, charge_amount, charge_id, charge_type)

Question:
How much does the most recent treatment cost?

MQL:

2026-07-31 16:47:01,863 [INFO   ]   >> OUTPUT : db.Treatment_Types.aggregate([ { $sort: { cost_of_treatment: -1 } }, { $limit: 1 }, { $project: { cost_of_treatment: 1 } } ])
2026-07-31 16:47:07,866 [INFO   ] [inference] generate_nosql  latency_sec=5.9856  input_tokens=118  output_tokens=105
2026-07-31 16:47:07,867 [INFO   ]   >> INPUT  : Translate the natural language question into a MongoDB MQL query using the provided schema.

Schema:
Treatment_Types(_id, treatment_type_code, treatment_type_description) | Treatments(_id, cost_of_treatment, date_of_treatment, dog_id, professional_id, treatment_id, treatment_type_code) | Charges(_id, charge_amount, charge_id, charge_type)

Question:
Show me the cost of the most recently performed treatment.

MQL:

2026-07-31 16:47:07,867 [INFO   ]   >> OUTPUT : db.Treatment_Types.aggregate([ { $lookup: { from: "Treatments", localField: "treatment_type_code", foreignField: "treatment_type_code", as: "treatment_info" } }, { $unwind: "$treatment_info" }, { $sort: { "treatment_info.date_of_treatment": -1 } }, { $limit: 1 }, { $project: { cost_of_treatment: 1 } } ])
2026-07-31 16:47:11,759 [INFO   ] [inference] generate_nosql  latency_sec=3.8765  input_tokens=154  output_tokens=76
2026-07-31 16:47:11,759 [INFO   ]   >> INPUT  : Translate the natural language question into a MongoDB MQL query using the provided schema.

Schema:
Treatment_Types(_id, treatment_type_code, treatment_type_description) | Treatments(_id, cost_of_treatment, date_of_treatment, dog_id, professional_id, treatment_id, treatment_type_code) | Dogs(_id, abandoned_yn, age, breed_code, date_adopted, date_arrived, date_departed, date_of_birth, dog_id, gender, name, owner_id, size_code, weight)

Question:
How many dogs have not gone through any treatment?

MQL:

2026-07-31 16:47:11,759 [INFO   ]   >> OUTPUT : db.Dogs.aggregate([ { $lookup: { from: "Treatments", localField: "dog_id", foreignField: "dog_id", as: "treatments" } }, { $match: { "treatments": { $size: 0 } } }, { $count: "total_dogs" } ])
2026-07-31 16:47:15,689 [INFO   ] [inference] generate_nosql  latency_sec=3.9128  input_tokens=151  output_tokens=76
2026-07-31 16:47:15,689 [INFO   ]   >> INPUT  : Translate the natural language question into a MongoDB MQL query using the provided schema.

Schema:
Breeds(_id, breed_code, breed_name) | Treatments(_id, cost_of_treatment, date_of_treatment, dog_id, professional_id, treatment_id, treatment_type_code) | Dogs(_id, abandoned_yn, age, breed_code, date_adopted, date_arrived, date_departed, date_of_birth, dog_id, gender, name, owner_id, size_code, weight)

Question:
Tell me the number of dogs that have not received any treatment .

MQL:

2026-07-31 16:47:15,689 [INFO   ]   >> OUTPUT : db.Dogs.aggregate([ { $lookup: { from: "Treatments", localField: "dog_id", foreignField: "owner_id", as: "treatments" } }, { $match: { "treatments": { $size: 0 } } }, { $count: "total_dogs" } ])
2026-07-31 16:47:20,361 [INFO   ] [inference] generate_nosql  latency_sec=4.6556  input_tokens=151  output_tokens=76
2026-07-31 16:47:20,362 [INFO   ]   >> INPUT  : Translate the natural language question into a MongoDB MQL query using the provided schema.

Schema:
Breeds(_id, breed_code, breed_name) | Owners(_id, cell_number, city, email_address, first_name, home_phone, last_name, owner_id, state, street, zip_code) | Dogs(_id, abandoned_yn, age, breed_code, date_adopted, date_arrived, date_departed, date_of_birth, dog_id, gender, name, owner_id, size_code, weight)

Question:
How many owners temporarily do not have any dogs?

MQL:

2026-07-31 16:47:20,362 [INFO   ]   >> OUTPUT : db.Owners.aggregate([ { $lookup: { from: "Dogs", localField: "owner_id", foreignField: "owner_id", as: "dogs" } }, { $match: { "dogs": { $size: 0 } } }, { $count: "no_dogs_count" } ])
2026-07-31 16:47:24,082 [INFO   ] [inference] generate_nosql  latency_sec=3.7026  input_tokens=156  output_tokens=75
2026-07-31 16:47:24,082 [INFO   ]   >> INPUT  : Translate the natural language question into a MongoDB MQL query using the provided schema.

Schema:
Breeds(_id, breed_code, breed_name) | Owners(_id, cell_number, city, email_address, first_name, home_phone, last_name, owner_id, state, street, zip_code) | Dogs(_id, abandoned_yn, age, breed_code, date_adopted, date_arrived, date_departed, date_of_birth, dog_id, gender, name, owner_id, size_code, weight)

Question:
Find the number of owners who do not own any dogs at this moment.

MQL:

2026-07-31 16:47:24,082 [INFO   ]   >> OUTPUT : db.Owners.aggregate([ { $lookup: { from: "Dogs", localField: "owner_id", foreignField: "owner_id", as: "dogs" } }, { $match: { "dogs": { $size: 0 } } }, { $count: "no_owners_count" } ])
2026-07-31 16:47:27,734 [INFO   ] [inference] generate_nosql  latency_sec=3.636  input_tokens=155  output_tokens=78
2026-07-31 16:47:27,734 [INFO   ]   >> INPUT  : Translate the natural language question into a MongoDB MQL query using the provided schema.

Schema:
Treatment_Types(_id, treatment_type_code, treatment_type_description) | Treatments(_id, cost_of_treatment, date_of_treatment, dog_id, professional_id, treatment_id, treatment_type_code) | Dogs(_id, abandoned_yn, age, breed_code, date_adopted, date_arrived, date_departed, date_of_birth, dog_id, gender, name, owner_id, size_code, weight)

Question:
How many professionals did not operate any treatment on dogs?

MQL:

2026-07-31 16:47:27,734 [INFO   ]   >> OUTPUT : db.Treatments.aggregate([ { $lookup: { from: "Dogs", localField: "treatment_id", foreignField: "treatment_id", as: "dog_info" } }, { $match: { "dog_info": { $size: 0 } } }, { $count: "no_treatment_count" } ])
2026-07-31 16:47:32,022 [INFO   ] [inference] generate_nosql  latency_sec=4.2707  input_tokens=181  output_tokens=78
2026-07-31 16:47:32,022 [INFO   ]   >> INPUT  : Translate the natural language question into a MongoDB MQL query using the provided schema.

Schema:
Professionals(_id, cell_number, city, email_address, first_name, home_phone, last_name, professional_id, role_code, state, street, zip_code) | Treatments(_id, cost_of_treatment, date_of_treatment, dog_id, professional_id, treatment_id, treatment_type_code) | Dogs(_id, abandoned_yn, age, breed_code, date_adopted, date_arrived, date_departed, date_of_birth, dog_id, gender, name, owner_id, size_code, weight)

Question:
Find the number of professionals who have not treated any dogs.

MQL:

2026-07-31 16:47:32,022 [INFO   ]   >> OUTPUT : db.Professionals.aggregate([ { $lookup: { from: "Treatments", localField: "professional_id", foreignField: "professional_id", as: "treatment_info" } }, { $match: { treatment_info: { $size: 0 } } }, { $count: "no_treatment_count" } ])
2026-07-31 16:47:33,648 [INFO   ] [inference] generate_nosql  latency_sec=1.6012  input_tokens=147  output_tokens=27
2026-07-31 16:47:33,649 [INFO   ]   >> INPUT  : Translate the natural language question into a MongoDB MQL query using the provided schema.

Schema:
Breeds(_id, breed_code, breed_name) | Treatments(_id, cost_of_treatment, date_of_treatment, dog_id, professional_id, treatment_id, treatment_type_code) | Dogs(_id, abandoned_yn, age, breed_code, date_adopted, date_arrived, date_departed, date_of_birth, dog_id, gender, name, owner_id, size_code, weight)

Question:
What is the age of the oldest dog?

MQL:

2026-07-31 16:47:33,649 [INFO   ]   >> OUTPUT : db.Dogs.find({}, {age: 1}).sort({age: -1}).limit(1)
2026-07-31 16:47:34,949 [INFO   ] [inference] generate_nosql  latency_sec=1.2844  input_tokens=147  output_tokens=27
2026-07-31 16:47:34,950 [INFO   ]   >> INPUT  : Translate the natural language question into a MongoDB MQL query using the provided schema.

Schema:
Breeds(_id, breed_code, breed_name) | Treatments(_id, cost_of_treatment, date_of_treatment, dog_id, professional_id, treatment_id, treatment_type_code) | Dogs(_id, abandoned_yn, age, breed_code, date_adopted, date_arrived, date_departed, date_of_birth, dog_id, gender, name, owner_id, size_code, weight)

Question:
Tell me the age of the oldest dog.

MQL:

2026-07-31 16:47:34,950 [INFO   ]   >> OUTPUT : db.Dogs.find({}, {age: 1}).sort({age: -1}).limit(1)
2026-07-31 16:47:40,251 [INFO   ] [inference] generate_nosql  latency_sec=5.2816  input_tokens=122  output_tokens=62
2026-07-31 16:47:40,251 [INFO   ]   >> INPUT  : Translate the natural language question into a MongoDB MQL query using the provided schema.

Schema:
Treatment_Types(_id, treatment_type_code, treatment_type_description) | Treatments(_id, cost_of_treatment, date_of_treatment, dog_id, professional_id, treatment_id, treatment_type_code) | Charges(_id, charge_amount, charge_id, charge_type)

Question:
How much does each charge type costs? List both charge type and amount.

MQL:

2026-07-31 16:47:40,251 [INFO   ]   >> OUTPUT : db.Charges.aggregate([ { $group: { _id: "$charge_type", total_charge_amount: { $sum: "$charge_amount" } } }, { $project: { charge_type: "$_id", total_charge_amount: 1 } } ])
2026-07-31 16:47:42,907 [INFO   ] [inference] generate_nosql  latency_sec=2.6394  input_tokens=110  output_tokens=21
2026-07-31 16:47:42,908 [INFO   ]   >> INPUT  : Translate the natural language question into a MongoDB MQL query using the provided schema.

Schema:
Treatments(_id, cost_of_treatment, date_of_treatment, dog_id, professional_id, treatment_id, treatment_type_code) | Charges(_id, charge_amount, charge_id, charge_type) | Sizes(_id, size_code, size_description)

Question:
List each charge type and its amount.

MQL:

2026-07-31 16:47:42,908 [INFO   ]   >> OUTPUT : db.Charges.find({}, {charge_type: 1, charge_amount: 1})
2026-07-31 16:47:47,052 [INFO   ] [inference] generate_nosql  latency_sec=4.1277  input_tokens=137  output_tokens=66
2026-07-31 16:47:47,052 [INFO   ]   >> INPUT  : Translate the natural language question into a MongoDB MQL query using the provided schema.

Schema:
Treatments(_id, cost_of_treatment, date_of_treatment, dog_id, professional_id, treatment_id, treatment_type_code) | Owners(_id, cell_number, city, email_address, first_name, home_phone, last_name, owner_id, state, street, zip_code) | Charges(_id, charge_amount, charge_id, charge_type)

Question:
How much does the most expensive charge type costs?

MQL:

2026-07-31 16:47:47,052 [INFO   ]   >> OUTPUT : db.Charges.aggregate([ { $group: { _id: "$charge_type", count: { $sum: 1 } } }, { $sort: { count: -1 } }, { $limit: 1 }, { $project: { cost_of_charge: "$_id" } } ])
2026-07-31 16:47:50,201 [INFO   ] [inference] generate_nosql  latency_sec=3.1296  input_tokens=114  output_tokens=66
2026-07-31 16:47:50,201 [INFO   ]   >> INPUT  : Translate the natural language question into a MongoDB MQL query using the provided schema.

Schema:
Treatments(_id, cost_of_treatment, date_of_treatment, dog_id, professional_id, treatment_id, treatment_type_code) | Charges(_id, charge_amount, charge_id, charge_type) | Sizes(_id, size_code, size_description)

Question:
What is the charge amount of the most expensive charge type?

MQL:

2026-07-31 16:47:50,201 [INFO   ]   >> OUTPUT : db.Charges.aggregate([ { $group: { _id: "$charge_type_code", count: { $sum: 1 } } }, { $sort: { count: -1 } }, { $limit: 1 }, { $project: { charge_amount: "$_id" } } ])
2026-07-31 16:47:51,955 [INFO   ] [inference] generate_nosql  latency_sec=1.7372  input_tokens=168  output_tokens=36
2026-07-31 16:47:51,955 [INFO   ]   >> INPUT  : Translate the natural language question into a MongoDB MQL query using the provided schema.

Schema:
Professionals(_id, cell_number, city, email_address, first_name, home_phone, last_name, professional_id, role_code, state, street, zip_code) | Treatments(_id, cost_of_treatment, date_of_treatment, dog_id, professional_id, treatment_id, treatment_type_code) | Owners(_id, cell_number, city, email_address, first_name, home_phone, last_name, owner_id, state, street, zip_code)

Question:
List the email, cell phone and home phone of all the professionals.

MQL:

2026-07-31 16:47:51,955 [INFO   ]   >> OUTPUT : db.Professionals.find({role_code: 'professional'}, {email_address: 1, cell_number: 1, home_phone: 1})
2026-07-31 16:47:53,375 [INFO   ] [inference] generate_nosql  latency_sec=1.4037  input_tokens=168  output_tokens=29
2026-07-31 16:47:53,376 [INFO   ]   >> INPUT  : Translate the natural language question into a MongoDB MQL query using the provided schema.

Schema:
Professionals(_id, cell_number, city, email_address, first_name, home_phone, last_name, professional_id, role_code, state, street, zip_code) | Treatments(_id, cost_of_treatment, date_of_treatment, dog_id, professional_id, treatment_id, treatment_type_code) | Owners(_id, cell_number, city, email_address, first_name, home_phone, last_name, owner_id, state, street, zip_code)

Question:
What are the email, cell phone and home phone of each professional?

MQL:

2026-07-31 16:47:53,376 [INFO   ]   >> OUTPUT : db.Professionals.find({}, {email_address: 1, cell_number: 1, home_phone: 1})
2026-07-31 16:48:01,652 [INFO   ] [inference] generate_nosql  latency_sec=8.2602  input_tokens=128  output_tokens=139
2026-07-31 16:48:01,652 [INFO   ]   >> INPUT  : Translate the natural language question into a MongoDB MQL query using the provided schema.

Schema:
Breeds(_id, breed_code, breed_name) | Dogs(_id, abandoned_yn, age, breed_code, date_adopted, date_arrived, date_departed, date_of_birth, dog_id, gender, name, owner_id, size_code, weight) | Sizes(_id, size_code, size_description)

Question:
What are all the possible breed type and size type combinations?

MQL:

2026-07-31 16:48:01,652 [INFO   ]   >> OUTPUT : db.Breeds.aggregate([ { $lookup: { from: "Sizes", localField: "breed_code", foreignField: "breed_code", as: "sizes" } }, { $unwind: "$sizes" }, { $lookup: { from: "Dogs", localField: "sizes.size_code", foreignField: "size_code", as: "dog_info" } }, { $unwind: "$dog_info" }, { $project: { breed_name: "$dog_info.name", size_description: "$sizes.size_description" } } ])
2026-07-31 16:48:08,886 [INFO   ] [inference] generate_nosql  latency_sec=7.2125  input_tokens=128  output_tokens=150
2026-07-31 16:48:08,886 [INFO   ]   >> INPUT  : Translate the natural language question into a MongoDB MQL query using the provided schema.

Schema:
Breeds(_id, breed_code, breed_name) | Dogs(_id, abandoned_yn, age, breed_code, date_adopted, date_arrived, date_departed, date_of_birth, dog_id, gender, name, owner_id, size_code, weight) | Sizes(_id, size_code, size_description)

Question:
Find the distinct breed type and size type combinations for dogs.

MQL:

2026-07-31 16:48:08,886 [INFO   ]   >> OUTPUT : db.Dogs.aggregate([ { $lookup: { from: "Breeds", localField: "dog_id", foreignField: "dog_id", as: "dog_breeds" } }, { $unwind: "$dog_breeds" }, { $lookup: { from: "Sizes", localField: "dog_breeds.size_code", foreignField: "size_code", as: "size_breeds" } }, { $unwind: "$size_breeds" }, { $group: { _id: "$breed_type", size_description: { $first: "$size_breeds.size_description" } } }, { $
2026-07-31 16:48:17,008 [INFO   ] [inference] generate_nosql  latency_sec=8.1003  input_tokens=153  output_tokens=150
2026-07-31 16:48:17,008 [INFO   ]   >> INPUT  : Translate the natural language question into a MongoDB MQL query using the provided schema.

Schema:
Treatment_Types(_id, treatment_type_code, treatment_type_description) | Professionals(_id, cell_number, city, email_address, first_name, home_phone, last_name, professional_id, role_code, state, street, zip_code) | Treatments(_id, cost_of_treatment, date_of_treatment, dog_id, professional_id, treatment_id, treatment_type_code)

Question:
List the first name of all the professionals along with the description of the treatment they have done.

MQL:

2026-07-31 16:48:17,008 [INFO   ]   >> OUTPUT : db.Treatments.aggregate([ { $lookup: { from: "Professionals", localField: "professional_id", foreignField: "professional_id", as: "professional_info" } }, { $unwind: "$professional_info" }, { $lookup: { from: "Treatment_Types", localField: "treatment_type_code", foreignField: "treatment_type_code", as: "treatment_type_info" } }, { $unwind: "$treatment_type_info" }, { $project: { first_name: "$professional_info.first_name", treatment_type_description: "$treatment_type_info.treatment_type
2026-07-31 16:48:18,318 [INFO   ] [inference] generate_nosql  latency_sec=1.2941  input_tokens=95  output_tokens=27
2026-07-31 16:48:18,319 [INFO   ]   >> INPUT  : Translate the natural language question into a MongoDB MQL query using the provided schema.

Schema:
song(Highest_Position, Sales, Singer_ID, Song_ID, Title, _id) | singer(Birth_Year, Citizenship, Name, Net_Worth_Millions, Singer_ID, _id)

Question:
List the name of singers in ascending order of net worth.

MQL:

2026-07-31 16:48:18,319 [INFO   ]   >> OUTPUT : db.singer.find({}, {Name: 1}).sort({Net_Worth_Millions: 1})
2026-07-31 16:48:19,651 [INFO   ] [inference] generate_nosql  latency_sec=1.3138  input_tokens=95  output_tokens=27
2026-07-31 16:48:19,652 [INFO   ]   >> INPUT  : Translate the natural language question into a MongoDB MQL query using the provided schema.

Schema:
song(Highest_Position, Sales, Singer_ID, Song_ID, Title, _id) | singer(Birth_Year, Citizenship, Name, Net_Worth_Millions, Singer_ID, _id)

Question:
What are the names of singers ordered by ascending net worth?

MQL:

2026-07-31 16:48:19,652 [INFO   ]   >> OUTPUT : db.singer.find({}, {Name: 1}).sort({Net_Worth_Millions: 1})
2026-07-31 16:48:20,678 [INFO   ] [inference] generate_nosql  latency_sec=1.0098  input_tokens=93  output_tokens=20
2026-07-31 16:48:20,678 [INFO   ]   >> INPUT  : Translate the natural language question into a MongoDB MQL query using the provided schema.

Schema:
song(Highest_Position, Sales, Singer_ID, Song_ID, Title, _id) | singer(Birth_Year, Citizenship, Name, Net_Worth_Millions, Singer_ID, _id)

Question:
What are the birth year and citizenship of singers?

MQL:

2026-07-31 16:48:20,678 [INFO   ]   >> OUTPUT : db.singer.find({}, {Birth_Year: 1, Citizenship: 1})
2026-07-31 16:48:21,651 [INFO   ] [inference] generate_nosql  latency_sec=0.9574  input_tokens=95  output_tokens=20
2026-07-31 16:48:21,652 [INFO   ]   >> INPUT  : Translate the natural language question into a MongoDB MQL query using the provided schema.

Schema:
song(Highest_Position, Sales, Singer_ID, Song_ID, Title, _id) | singer(Birth_Year, Citizenship, Name, Net_Worth_Millions, Singer_ID, _id)

Question:
What are the birth years and citizenships of the singers?

MQL:

2026-07-31 16:48:21,652 [INFO   ]   >> OUTPUT : db.singer.find({}, {Birth_Year: 1, Citizenship: 1})
2026-07-31 16:48:22,989 [INFO   ] [inference] generate_nosql  latency_sec=1.3204  input_tokens=95  output_tokens=26
2026-07-31 16:48:22,990 [INFO   ]   >> INPUT  : Translate the natural language question into a MongoDB MQL query using the provided schema.

Schema:
song(Highest_Position, Sales, Singer_ID, Song_ID, Title, _id) | singer(Birth_Year, Citizenship, Name, Net_Worth_Millions, Singer_ID, _id)

Question:
List the name of singers whose citizenship is not 'France'.

MQL:

2026-07-31 16:48:22,990 [INFO   ]   >> OUTPUT : db.singer.find({Citizenship: {$ne: 'France'}}, {Name: 1})
2026-07-31 16:48:24,902 [INFO   ] [inference] generate_nosql  latency_sec=1.896  input_tokens=96  output_tokens=26
2026-07-31 16:48:24,902 [INFO   ]   >> INPUT  : Translate the natural language question into a MongoDB MQL query using the provided schema.

Schema:
song(Highest_Position, Sales, Singer_ID, Song_ID, Title, _id) | singer(Birth_Year, Citizenship, Name, Net_Worth_Millions, Singer_ID, _id)

Question:
What are the names of the singers who are not French citizens?

MQL:

2026-07-31 16:48:24,902 [INFO   ]   >> OUTPUT : db.singer.find({Citizenship: {$ne: 'French'}}, {Name: 1})
2026-07-31 16:48:26,711 [INFO   ] [inference] generate_nosql  latency_sec=1.7844  input_tokens=97  output_tokens=28
2026-07-31 16:48:26,714 [INFO   ]   >> INPUT  : Translate the natural language question into a MongoDB MQL query using the provided schema.

Schema:
song(Highest_Position, Sales, Singer_ID, Song_ID, Title, _id) | singer(Birth_Year, Citizenship, Name, Net_Worth_Millions, Singer_ID, _id)

Question:
Show the name of singers whose birth year is either 1948 or 1949?

MQL:

2026-07-31 16:48:26,714 [INFO   ]   >> OUTPUT : db.singer.find({ Birth_Year: { $in: [ 1948, 1949 ] } }, { Name: 1 })
2026-07-31 16:48:28,427 [INFO   ] [inference] generate_nosql  latency_sec=1.6873  input_tokens=99  output_tokens=29
2026-07-31 16:48:28,428 [INFO   ]   >> INPUT  : Translate the natural language question into a MongoDB MQL query using the provided schema.

Schema:
song(Highest_Position, Sales, Singer_ID, Song_ID, Title, _id) | singer(Birth_Year, Citizenship, Name, Net_Worth_Millions, Singer_ID, _id)

Question:
What are the names of the singers whose birth years are either 1948 or 1949?

MQL:

2026-07-31 16:48:28,428 [INFO   ]   >> OUTPUT : db.singer.find({ Birth_Year: { $in: [1948, 1949] } }, { Name: 1 })
2026-07-31 16:48:30,061 [INFO   ] [inference] generate_nosql  latency_sec=1.6148  input_tokens=96  output_tokens=33
2026-07-31 16:48:30,061 [INFO   ]   >> INPUT  : Translate the natural language question into a MongoDB MQL query using the provided schema.

Schema:
song(Highest_Position, Sales, Singer_ID, Song_ID, Title, _id) | singer(Birth_Year, Citizenship, Name, Net_Worth_Millions, Singer_ID, _id)

Question:
What is the name of the singer with the largest net worth?

MQL:

2026-07-31 16:48:30,061 [INFO   ]   >> OUTPUT : db.singer.find({}, {Name: 1}).sort({Net_Worth_Millions: -1}).limit(1)
2026-07-31 16:48:37,244 [INFO   ] [inference] generate_nosql  latency_sec=7.1657  input_tokens=96  output_tokens=110
2026-07-31 16:48:37,244 [INFO   ]   >> INPUT  : Translate the natural language question into a MongoDB MQL query using the provided schema.

Schema:
song(Highest_Position, Sales, Singer_ID, Song_ID, Title, _id) | singer(Birth_Year, Citizenship, Name, Net_Worth_Millions, Singer_ID, _id)

Question:
What is the name of the singer who is worth the most?

MQL:

2026-07-31 16:48:37,244 [INFO   ]   >> OUTPUT : db.singer.aggregate([ { $lookup: { from: "song", localField: "Singer_ID", foreignField: "Singer_ID", as: "song_info" } }, { $unwind: "$song_info" }, { $group: { _id: "$Name", count: { $sum: 1 } } }, { $sort: { count: -1 } }, { $limit: 1 }, { $project: { Name: "$_id" } } ])
2026-07-31 16:48:40,143 [INFO   ] [inference] generate_nosql  latency_sec=2.8825  input_tokens=97  output_tokens=33
2026-07-31 16:48:40,143 [INFO   ]   >> INPUT  : Translate the natural language question into a MongoDB MQL query using the provided schema.

Schema:
song(Highest_Position, Sales, Singer_ID, Song_ID, Title, _id) | singer(Birth_Year, Citizenship, Name, Net_Worth_Millions, Singer_ID, _id)

Question:
Show different citizenship of singers and the number of singers of each citizenship.

MQL:

2026-07-31 16:48:40,143 [INFO   ]   >> OUTPUT : db.singer.aggregate([ { $group: { _id: "$Citizenship", count: { $sum: 1 } } } ])
2026-07-31 16:48:44,685 [INFO   ] [inference] generate_nosql  latency_sec=4.5182  input_tokens=95  output_tokens=33
2026-07-31 16:48:44,685 [INFO   ]   >> INPUT  : Translate the natural language question into a MongoDB MQL query using the provided schema.

Schema:
song(Highest_Position, Sales, Singer_ID, Song_ID, Title, _id) | singer(Birth_Year, Citizenship, Name, Net_Worth_Millions, Singer_ID, _id)

Question:
For each citizenship, how many singers are from that country?

MQL:

2026-07-31 16:48:44,685 [INFO   ]   >> OUTPUT : db.singer.aggregate([ { $group: { _id: "$Citizenship", count: { $sum: 1 } } } ])
2026-07-31 16:48:47,774 [INFO   ] [inference] generate_nosql  latency_sec=3.0724  input_tokens=92  output_tokens=63
2026-07-31 16:48:47,774 [INFO   ]   >> INPUT  : Translate the natural language question into a MongoDB MQL query using the provided schema.

Schema:
song(Highest_Position, Sales, Singer_ID, Song_ID, Title, _id) | singer(Birth_Year, Citizenship, Name, Net_Worth_Millions, Singer_ID, _id)

Question:
Please show the most common citizenship of singers.

MQL:

2026-07-31 16:48:47,774 [INFO   ]   >> OUTPUT : db.singer.aggregate([ { $group: { _id: "$Citizenship", count: { $sum: 1 } } }, { $sort: { count: -1 } }, { $limit: 1 }, { $project: { citizen: "$_id" } } ])
2026-07-31 16:48:50,691 [INFO   ] [inference] generate_nosql  latency_sec=2.9013  input_tokens=91  output_tokens=61
2026-07-31 16:48:50,692 [INFO   ]   >> INPUT  : Translate the natural language question into a MongoDB MQL query using the provided schema.

Schema:
song(Highest_Position, Sales, Singer_ID, Song_ID, Title, _id) | singer(Birth_Year, Citizenship, Name, Net_Worth_Millions, Singer_ID, _id)

Question:
What is the most common singer citizenship ?

MQL:

2026-07-31 16:48:50,692 [INFO   ]   >> OUTPUT : db.singer.aggregate([ { $group: { _id: "$Citizenship", count: { $sum: 1 } } }, { $sort: { count: -1 } }, { $limit: 1 }, { $project: { _id: 1 } } ])
2026-07-31 16:48:54,527 [INFO   ] [inference] generate_nosql  latency_sec=3.8194  input_tokens=98  output_tokens=44
2026-07-31 16:48:54,528 [INFO   ]   >> INPUT  : Translate the natural language question into a MongoDB MQL query using the provided schema.

Schema:
song(Highest_Position, Sales, Singer_ID, Song_ID, Title, _id) | singer(Birth_Year, Citizenship, Name, Net_Worth_Millions, Singer_ID, _id)

Question:
Show different citizenships and the maximum net worth of singers of each citizenship.

MQL:

2026-07-31 16:48:54,528 [INFO   ]   >> OUTPUT : db.singer.aggregate([ { $group: { _id: "$Citizenship", maxNetWorth: { $max: "$Net_Worth_Millions" } } } ])
2026-07-31 16:48:57,345 [INFO   ] [inference] generate_nosql  latency_sec=2.791  input_tokens=94  output_tokens=44
2026-07-31 16:48:57,345 [INFO   ]   >> INPUT  : Translate the natural language question into a MongoDB MQL query using the provided schema.

Schema:
song(Highest_Position, Sales, Singer_ID, Song_ID, Title, _id) | singer(Birth_Year, Citizenship, Name, Net_Worth_Millions, Singer_ID, _id)

Question:
For each citizenship, what is the maximum net worth?

MQL:

2026-07-31 16:48:57,345 [INFO   ]   >> OUTPUT : db.singer.aggregate([ { $group: { _id: "$Citizenship", maxNetWorth: { $max: "$Net_Worth_Millions" } } } ])
2026-07-31 16:49:01,150 [INFO   ] [inference] generate_nosql  latency_sec=3.7891  input_tokens=92  output_tokens=81
2026-07-31 16:49:01,151 [INFO   ]   >> INPUT  : Translate the natural language question into a MongoDB MQL query using the provided schema.

Schema:
song(Highest_Position, Sales, Singer_ID, Song_ID, Title, _id) | singer(Birth_Year, Citizenship, Name, Net_Worth_Millions, Singer_ID, _id)

Question:
Show titles of songs and names of singers.

MQL:

2026-07-31 16:49:01,151 [INFO   ]   >> OUTPUT : db.song.aggregate([ { $lookup: { from: "singer", localField: "Song_ID", foreignField: "Song_ID", as: "singer_info" } }, { $unwind: "$singer_info" }, { $project: { Title: "$singer_info.Name", Song_ID: 1 } } ])
2026-07-31 16:49:02,036 [INFO   ] [inference] generate_nosql  latency_sec=0.8697  input_tokens=92  output_tokens=18
2026-07-31 16:49:02,036 [INFO   ]   >> INPUT  : Translate the natural language question into a MongoDB MQL query using the provided schema.

Schema:
song(Highest_Position, Sales, Singer_ID, Song_ID, Title, _id) | singer(Birth_Year, Citizenship, Name, Net_Worth_Millions, Singer_ID, _id)

Question:
What are the song titles and singer names?

MQL:

2026-07-31 16:49:02,036 [INFO   ]   >> OUTPUT : db.song.find({}, {Title: 1, SingerName: 1})
2026-07-31 16:49:07,398 [INFO   ] [inference] generate_nosql  latency_sec=5.3448  input_tokens=98  output_tokens=90
2026-07-31 16:49:07,398 [INFO   ]   >> INPUT  : Translate the natural language question into a MongoDB MQL query using the provided schema.

Schema:
song(Highest_Position, Sales, Singer_ID, Song_ID, Title, _id) | singer(Birth_Year, Citizenship, Name, Net_Worth_Millions, Singer_ID, _id)

Question:
Show distinct names of singers that have songs with sales more than 300000.

MQL:

2026-07-31 16:49:07,398 [INFO   ]   >> OUTPUT : db.singer.aggregate([ { $lookup: { from: "song", localField: "Singer_ID", foreignField: "Singer_ID", as: "song_info" } }, { $unwind: "$song_info" }, { $match: { "song_info.Sales": { $gt: 300000 } } }, { $project: { Name: 1 } } ])
2026-07-31 16:49:12,163 [INFO   ] [inference] generate_nosql  latency_sec=4.7386  input_tokens=99  output_tokens=93
2026-07-31 16:49:12,163 [INFO   ]   >> INPUT  : Translate the natural language question into a MongoDB MQL query using the provided schema.

Schema:
song(Highest_Position, Sales, Singer_ID, Song_ID, Title, _id) | singer(Birth_Year, Citizenship, Name, Net_Worth_Millions, Singer_ID, _id)

Question:
what are the different names of the singers that have sales more than 300000?

MQL:

2026-07-31 16:49:12,163 [INFO   ]   >> OUTPUT : db.singer.aggregate([ { $lookup: { from: "song", localField: "Singer_ID", foreignField: "Singer_ID", as: "song_info" } }, { $unwind: "$song_info" }, { $match: { "song_info.Sales": { $gt: 300000 } } }, { $group: { _id: "$Name" } } ])
2026-07-31 16:49:18,016 [INFO   ] [inference] generate_nosql  latency_sec=5.8372  input_tokens=95  output_tokens=108
2026-07-31 16:49:18,016 [INFO   ]   >> INPUT  : Translate the natural language question into a MongoDB MQL query using the provided schema.

Schema:
song(Highest_Position, Sales, Singer_ID, Song_ID, Title, _id) | singer(Birth_Year, Citizenship, Name, Net_Worth_Millions, Singer_ID, _id)

Question:
Show the names of singers that have more than one song.

MQL:

2026-07-31 16:49:18,017 [INFO   ]   >> OUTPUT : db.singer.aggregate([ { $lookup: { from: "song", localField: "Singer_ID", foreignField: "Singer_ID", as: "song_info" } }, { $unwind: "$song_info" }, { $group: { _id: "$Name", count: { $sum: 1 } } }, { $match: { count: { $gt: 1 } } }, { $project: { Name: "$_id" } } ])
2026-07-31 16:49:24,178 [INFO   ] [inference] generate_nosql  latency_sec=6.1455  input_tokens=97  output_tokens=108
2026-07-31 16:49:24,178 [INFO   ]   >> INPUT  : Translate the natural language question into a MongoDB MQL query using the provided schema.

Schema:
song(Highest_Position, Sales, Singer_ID, Song_ID, Title, _id) | singer(Birth_Year, Citizenship, Name, Net_Worth_Millions, Singer_ID, _id)

Question:
What are the names of the singers that have more than one songs?

MQL:

2026-07-31 16:49:24,178 [INFO   ]   >> OUTPUT : db.singer.aggregate([ { $lookup: { from: "song", localField: "Singer_ID", foreignField: "Singer_ID", as: "song_info" } }, { $unwind: "$song_info" }, { $group: { _id: "$Name", count: { $sum: 1 } } }, { $match: { count: { $gt: 1 } } }, { $project: { Name: "$_id" } } ])
2026-07-31 16:49:29,102 [INFO   ] [inference] generate_nosql  latency_sec=4.9079  input_tokens=96  output_tokens=104
2026-07-31 16:49:29,103 [INFO   ]   >> INPUT  : Translate the natural language question into a MongoDB MQL query using the provided schema.

Schema:
song(Highest_Position, Sales, Singer_ID, Song_ID, Title, _id) | singer(Birth_Year, Citizenship, Name, Net_Worth_Millions, Singer_ID, _id)

Question:
Show the names of singers and the total sales of their songs.

MQL:

2026-07-31 16:49:29,103 [INFO   ]   >> OUTPUT : db.singer.aggregate([ { $lookup: { from: "song", localField: "Singer_ID", foreignField: "Singer_ID", as: "song_info" } }, { $unwind: "$song_info" }, { $group: { _id: "$Name", totalSales: { $sum: "$song_info.Sales" } } }, { $project: { Name: "$_id", totalSales: 1 } } ])
2026-07-31 16:49:34,386 [INFO   ] [inference] generate_nosql  latency_sec=5.2676  input_tokens=97  output_tokens=101
2026-07-31 16:49:34,386 [INFO   ]   >> INPUT  : Translate the natural language question into a MongoDB MQL query using the provided schema.

Schema:
song(Highest_Position, Sales, Singer_ID, Song_ID, Title, _id) | singer(Birth_Year, Citizenship, Name, Net_Worth_Millions, Singer_ID, _id)

Question:
For each singer name, what is the total sales for their songs?

MQL:

2026-07-31 16:49:34,386 [INFO   ]   >> OUTPUT : db.song.aggregate([ { $lookup: { from: "singer", localField: "Singer_ID", foreignField: "Singer_ID", as: "singer_info" } }, { $unwind: "$singer_info" }, { $group: { _id: "$singer_info.Name", TotalSales: { $sum: "$Sales" } } }, { $project: { TotalSales: 1 } } ])
2026-07-31 16:49:38,227 [INFO   ] [inference] generate_nosql  latency_sec=3.8152  input_tokens=95  output_tokens=75
2026-07-31 16:49:38,227 [INFO   ]   >> INPUT  : Translate the natural language question into a MongoDB MQL query using the provided schema.

Schema:
song(Highest_Position, Sales, Singer_ID, Song_ID, Title, _id) | singer(Birth_Year, Citizenship, Name, Net_Worth_Millions, Singer_ID, _id)

Question:
List the name of singers that do not have any song.

MQL:

2026-07-31 16:49:38,227 [INFO   ]   >> OUTPUT : db.singer.aggregate([ { $lookup: { from: "song", localField: "Singer_ID", foreignField: "Singer_ID", as: "song_info" } }, { $match: { song_info: { $size: 0 } } }, { $project: { Name: 1 } } ])
2026-07-31 16:49:41,779 [INFO   ] [inference] generate_nosql  latency_sec=3.5357  input_tokens=98  output_tokens=76
2026-07-31 16:49:41,779 [INFO   ]   >> INPUT  : Translate the natural language question into a MongoDB MQL query using the provided schema.

Schema:
song(Highest_Position, Sales, Singer_ID, Song_ID, Title, _id) | singer(Birth_Year, Citizenship, Name, Net_Worth_Millions, Singer_ID, _id)

Question:
What is the sname of every sing that does not have any song?

MQL:

2026-07-31 16:49:41,779 [INFO   ]   >> OUTPUT : db.singer.aggregate([ { $lookup: { from: "song", localField: "Singer_ID", foreignField: "Singer_ID", as: "song_info" } }, { $match: { "song_info": { $size: 0 } } }, { $project: { Name: 1 } } ])
2026-07-31 16:49:49,426 [INFO   ] [inference] generate_nosql  latency_sec=7.6307  input_tokens=256  output_tokens=95
2026-07-31 16:49:49,426 [INFO   ]   >> INPUT  : Translate the natural language question into a MongoDB MQL query using the provided schema.

Schema:
Properties(_id, agreed_selling_price, apt_feature_1, apt_feature_2, apt_feature_3, buyer_offered_price, date_on_market, date_sold, fld_feature_1, fld_feature_2, fld_feature_3, hse_feature_1, hse_feature_2, hse_feature_3, oth_feature_1, oth_feature_2, oth_feature_3, other_property_details, property_address, property_id, property_name, property_type_code, room_count, shp_feature_1, shp_feature_2, shp_feature_3, vendor_requested_price) | Other_Property_Features(_id, feature_id, property_feature_description, property_id) | Ref_Property_Types(_id, property_type_code, property_type_description)

Question:
Show the property type descriptions of properties belonging to that code.

MQL:

2026-07-31 16:49:49,426 [INFO   ]   >> OUTPUT : db.Properties.aggregate([ { $lookup: { from: "Ref_Property_Types", localField: "property_type_code", foreignField: "property_type_code", as: "property_type_info" } }, { $unwind: "$property_type_info" }, { $project: { property_type_description: "$property_type_info.property_type_description" } } ])
2026-07-31 16:49:56,693 [INFO   ] [inference] generate_nosql  latency_sec=7.2508  input_tokens=262  output_tokens=110
2026-07-31 16:49:56,693 [INFO   ]   >> INPUT  : Translate the natural language question into a MongoDB MQL query using the provided schema.

Schema:
Properties(_id, agreed_selling_price, apt_feature_1, apt_feature_2, apt_feature_3, buyer_offered_price, date_on_market, date_sold, fld_feature_1, fld_feature_2, fld_feature_3, hse_feature_1, hse_feature_2, hse_feature_3, oth_feature_1, oth_feature_2, oth_feature_3, other_property_details, property_address, property_id, property_name, property_type_code, room_count, shp_feature_1, shp_feature_2, shp_feature_3, vendor_requested_price) | Other_Property_Features(_id, feature_id, property_feature_description, property_id) | Ref_Property_Types(_id, property_type_code, property_type_description)

Question:
What are the names of properties that are either houses or apartments with more than 1 room?

MQL:

2026-07-31 16:49:56,693 [INFO   ]   >> OUTPUT : db.Properties.aggregate([ { $lookup: { from: "Other_Property_Features", localField: "property_id", foreignField: "property_id", as: "features" } }, { $unwind: "$features" }, { $group: { _id: "$property_name", count: { $sum: 1 } } }, { $match: { count: { $gt: 1 } } }, { $project: { property_name: "$_id" } } ])
