2026-07-31 15:29:16,838 [INFO   ] [data_loading] docspider_tasks_loaded  path=docspider/docspider_ground_truth_dataset/dev.json  total_raw=620  valid=620  skipped_incomplete=0  returned=620  limit_applied=False
2026-07-31 15:29:16,849 [INFO   ] [data_loading] docspider_schema_map_loaded  path=docspider/docspider_ground_truth_dataset/collections.json  db_count=159
2026-07-31 15:29:22,328 [INFO   ] [inference] generate_nosql  latency_sec=1.8934  input_tokens=78  output_tokens=30
2026-07-31 15:29:22,328 [INFO   ]   >> INPUT  : Translate the SQL query into an equivalent MongoDB MQL query using the provided schema.

Schema:
singer(Age, Country, Is_male, Name, Singer_ID, Song_Name, Song_release_year, _id)

SQL:
SELECT name , country , age FROM singer ORDER BY age DESC

MQL:

2026-07-31 15:29:22,328 [INFO   ]   >> OUTPUT : db.singer.find({}, { Name: 1, Country: 1, Age: 1 }).sort({ Age: -1 })
2026-07-31 15:29:23,666 [INFO   ] [inference] generate_nosql  latency_sec=1.3373  input_tokens=78  output_tokens=30
2026-07-31 15:29:23,666 [INFO   ]   >> INPUT  : Translate the SQL query into an equivalent MongoDB MQL query using the provided schema.

Schema:
singer(Age, Country, Is_male, Name, Singer_ID, Song_Name, Song_release_year, _id)

SQL:
SELECT name , country , age FROM singer ORDER BY age DESC

MQL:

2026-07-31 15:29:23,666 [INFO   ]   >> OUTPUT : db.singer.find({}, { Name: 1, Country: 1, Age: 1 }).sort({ Age: -1 })
2026-07-31 15:29:27,789 [INFO   ] [inference] generate_nosql  latency_sec=4.122  input_tokens=88  output_tokens=89
2026-07-31 15:29:27,789 [INFO   ]   >> INPUT  : Translate the SQL query into an equivalent MongoDB MQL query using the provided schema.

Schema:
singer(Age, Country, Is_male, Name, Singer_ID, Song_Name, Song_release_year, _id)

SQL:
SELECT avg(age) , min(age) , max(age) FROM singer WHERE country = 'France'

MQL:

2026-07-31 15:29:27,789 [INFO   ]   >> OUTPUT : db.singer.aggregate([ { $match: { Country: "France" } }, { $group: { _id: null, avgAge: { $avg: "$Age" }, minAge: { $min: "$Age" }, maxAge: { $max: "$Age" } } }, { $project: { avgAge: 1, minAge: 1, maxAge: 1 } } ])
2026-07-31 15:29:32,611 [INFO   ] [inference] generate_nosql  latency_sec=4.8217  input_tokens=88  output_tokens=89
2026-07-31 15:29:32,611 [INFO   ]   >> INPUT  : Translate the SQL query into an equivalent MongoDB MQL query using the provided schema.

Schema:
singer(Age, Country, Is_male, Name, Singer_ID, Song_Name, Song_release_year, _id)

SQL:
SELECT avg(age) , min(age) , max(age) FROM singer WHERE country = 'France'

MQL:

2026-07-31 15:29:32,611 [INFO   ]   >> OUTPUT : db.singer.aggregate([ { $match: { Country: "France" } }, { $group: { _id: null, avgAge: { $avg: "$Age" }, minAge: { $min: "$Age" }, maxAge: { $max: "$Age" } } }, { $project: { avgAge: 1, minAge: 1, maxAge: 1 } } ])
2026-07-31 15:29:34,227 [INFO   ] [inference] generate_nosql  latency_sec=1.6151  input_tokens=83  output_tokens=36
2026-07-31 15:29:34,227 [INFO   ]   >> INPUT  : Translate the SQL query into an equivalent MongoDB MQL query using the provided schema.

Schema:
singer(Age, Country, Is_male, Name, Singer_ID, Song_Name, Song_release_year, _id)

SQL:
SELECT song_name , song_release_year FROM singer ORDER BY age LIMIT 1

MQL:

2026-07-31 15:29:34,227 [INFO   ]   >> OUTPUT : db.singer.find({}, { Song_Name: 1, Song_release_year: 1 }).sort({ Age: 1 }).limit(1)
2026-07-31 15:29:35,832 [INFO   ] [inference] generate_nosql  latency_sec=1.6042  input_tokens=83  output_tokens=36
2026-07-31 15:29:35,832 [INFO   ]   >> INPUT  : Translate the SQL query into an equivalent MongoDB MQL query using the provided schema.

Schema:
singer(Age, Country, Is_male, Name, Singer_ID, Song_Name, Song_release_year, _id)

SQL:
SELECT song_name , song_release_year FROM singer ORDER BY age LIMIT 1

MQL:

2026-07-31 15:29:35,832 [INFO   ]   >> OUTPUT : db.singer.find({}, { Song_Name: 1, Song_release_year: 1 }).sort({ Age: 1 }).limit(1)
2026-07-31 15:29:37,939 [INFO   ] [inference] generate_nosql  latency_sec=2.1061  input_tokens=76  output_tokens=31
2026-07-31 15:29:37,939 [INFO   ]   >> INPUT  : Translate the SQL query into an equivalent MongoDB MQL query using the provided schema.

Schema:
singer(Age, Country, Is_male, Name, Singer_ID, Song_Name, Song_release_year, _id)

SQL:
SELECT country , count(*) FROM singer GROUP BY country

MQL:

2026-07-31 15:29:37,939 [INFO   ]   >> OUTPUT : db.singer.aggregate([ { $group: { _id: "$Country", count: { $sum: 1 } } } ])
2026-07-31 15:29:40,047 [INFO   ] [inference] generate_nosql  latency_sec=2.1081  input_tokens=76  output_tokens=31
2026-07-31 15:29:40,048 [INFO   ]   >> INPUT  : Translate the SQL query into an equivalent MongoDB MQL query using the provided schema.

Schema:
singer(Age, Country, Is_male, Name, Singer_ID, Song_Name, Song_release_year, _id)

SQL:
SELECT country , count(*) FROM singer GROUP BY country

MQL:

2026-07-31 15:29:40,048 [INFO   ]   >> OUTPUT : db.singer.aggregate([ { $group: { _id: "$Country", count: { $sum: 1 } } } ])
2026-07-31 15:29:47,630 [INFO   ] [inference] generate_nosql  latency_sec=7.5821  input_tokens=83  output_tokens=145
2026-07-31 15:29:47,630 [INFO   ]   >> INPUT  : Translate the SQL query into an equivalent MongoDB MQL query using the provided schema.

Schema:
singer(Age, Country, Is_male, Name, Singer_ID, Song_Name, Song_release_year, _id)

SQL:
SELECT song_name FROM singer WHERE age > (SELECT avg(age) FROM singer)

MQL:

2026-07-31 15:29:47,630 [INFO   ]   >> OUTPUT : db.singer.aggregate([ { $group: { _id: null, avgAge: { $avg: "$Age" } } }, { $lookup: { from: "singer", let: { avgAge: "$avgAge" }, pipeline: [ { $match: { $expr: { $gt: [ "$Age", "$$avgAge" ] } } }, { $project: { Song_Name: 1 } } ], as: "singer_above_average" } }, { $unwind: "$singer_above_average" }, { $replaceRoot: { newRoot: "$singer_above_average" } } ])
2026-07-31 15:29:54,354 [INFO   ] [inference] generate_nosql  latency_sec=6.7235  input_tokens=83  output_tokens=145
2026-07-31 15:29:54,355 [INFO   ]   >> INPUT  : Translate the SQL query into an equivalent MongoDB MQL query using the provided schema.

Schema:
singer(Age, Country, Is_male, Name, Singer_ID, Song_Name, Song_release_year, _id)

SQL:
SELECT song_name FROM singer WHERE age > (SELECT avg(age) FROM singer)

MQL:

2026-07-31 15:29:54,355 [INFO   ]   >> OUTPUT : db.singer.aggregate([ { $group: { _id: null, avgAge: { $avg: "$Age" } } }, { $lookup: { from: "singer", let: { avgAge: "$avgAge" }, pipeline: [ { $match: { $expr: { $gt: [ "$Age", "$$avgAge" ] } } }, { $project: { Song_Name: 1 } } ], as: "singer_above_average" } }, { $unwind: "$singer_above_average" }, { $replaceRoot: { newRoot: "$singer_above_average" } } ])
2026-07-31 15:29:58,334 [INFO   ] [inference] generate_nosql  latency_sec=3.979  input_tokens=70  output_tokens=67
2026-07-31 15:29:58,334 [INFO   ]   >> INPUT  : Translate the SQL query into an equivalent MongoDB MQL query using the provided schema.

Schema:
stadium(Average, Capacity, Highest, Location, Lowest, Name, Stadium_ID, _id)

SQL:
select avg(capacity) , max(capacity) from stadium

MQL:

2026-07-31 15:29:58,334 [INFO   ]   >> OUTPUT : db.stadium.aggregate([ { $group: { _id: null, avgCapacity: { $avg: "$Capacity" }, maxCapacity: { $max: "$Capacity" } } }, { $project: { avgCapacity: 1, maxCapacity: 1 } } ])
2026-07-31 15:29:59,751 [INFO   ] [inference] generate_nosql  latency_sec=1.4161  input_tokens=72  output_tokens=31
2026-07-31 15:29:59,751 [INFO   ]   >> INPUT  : Translate the SQL query into an equivalent MongoDB MQL query using the provided schema.

Schema:
stadium(Average, Capacity, Highest, Location, Lowest, Name, Stadium_ID, _id)

SQL:
SELECT name , capacity FROM stadium ORDER BY average DESC LIMIT 1

MQL:

2026-07-31 15:29:59,751 [INFO   ]   >> OUTPUT : db.stadium.find({}, { Name: 1, Capacity: 1 }).sort({ Average: -1 }).limit(1)
2026-07-31 15:30:01,141 [INFO   ] [inference] generate_nosql  latency_sec=1.3892  input_tokens=72  output_tokens=31
2026-07-31 15:30:01,141 [INFO   ]   >> INPUT  : Translate the SQL query into an equivalent MongoDB MQL query using the provided schema.

Schema:
stadium(Average, Capacity, Highest, Location, Lowest, Name, Stadium_ID, _id)

SQL:
SELECT name , capacity FROM stadium ORDER BY average DESC LIMIT 1

MQL:

2026-07-31 15:30:01,141 [INFO   ]   >> OUTPUT : db.stadium.find({}, { Name: 1, Capacity: 1 }).sort({ Average: -1 }).limit(1)
2026-07-31 15:30:03,907 [INFO   ] [inference] generate_nosql  latency_sec=2.7653  input_tokens=74  output_tokens=60
2026-07-31 15:30:03,907 [INFO   ]   >> INPUT  : Translate the SQL query into an equivalent MongoDB MQL query using the provided schema.

Schema:
concert(Stadium_ID, Theme, Year, _id, concert_ID, concert_Name)

SQL:
SELECT YEAR FROM concert GROUP BY YEAR ORDER BY count(*) DESC LIMIT 1

MQL:

2026-07-31 15:30:03,907 [INFO   ]   >> OUTPUT : db.concert.aggregate([ { $group: { _id: "$Year", count: { $sum: 1 } } }, { $sort: { count: -1 } }, { $limit: 1 }, { $project: { Year: "$_id" } } ])
2026-07-31 15:30:06,670 [INFO   ] [inference] generate_nosql  latency_sec=2.7621  input_tokens=74  output_tokens=60
2026-07-31 15:30:06,670 [INFO   ]   >> INPUT  : Translate the SQL query into an equivalent MongoDB MQL query using the provided schema.

Schema:
concert(Stadium_ID, Theme, Year, _id, concert_ID, concert_Name)

SQL:
SELECT YEAR FROM concert GROUP BY YEAR ORDER BY count(*) DESC LIMIT 1

MQL:

2026-07-31 15:30:06,670 [INFO   ]   >> OUTPUT : db.concert.aggregate([ { $group: { _id: "$Year", count: { $sum: 1 } } }, { $sort: { count: -1 } }, { $limit: 1 }, { $project: { Year: "$_id" } } ])
2026-07-31 15:30:12,224 [INFO   ] [inference] generate_nosql  latency_sec=5.5536  input_tokens=84  output_tokens=102
2026-07-31 15:30:12,224 [INFO   ]   >> INPUT  : Translate the SQL query into an equivalent MongoDB MQL query using the provided schema.

Schema:
singer(Age, Country, Is_male, Name, Singer_ID, Song_Name, Song_release_year, _id)

SQL:
SELECT country FROM singer WHERE age > 40 INTERSECT SELECT country FROM singer WHERE age < 30

MQL:

2026-07-31 15:30:12,225 [INFO   ]   >> OUTPUT : db.singer.aggregate([ { $match: { $or: [ { Age: { $gt: 40 } }, { Age: { $lt: 30 } } ] } }, { $group: { _id: "$Country", ageCategories: { $addToSet: "$Age" } } }, { $match: { ageCategories: { $all: ["$Country"] } } }, { $project: { country: "$_id" } } ])
2026-07-31 15:30:18,403 [INFO   ] [inference] generate_nosql  latency_sec=6.1781  input_tokens=129  output_tokens=125
2026-07-31 15:30:18,403 [INFO   ]   >> INPUT  : Translate the SQL query into an equivalent MongoDB MQL query using the provided schema.

Schema:
concert(Stadium_ID, Theme, Year, _id, concert_ID, concert_Name) | singer_in_concert(Singer_ID, _id, concert_ID)

SQL:
SELECT T2.concert_name , T2.theme , count(*) FROM singer_in_concert AS T1 JOIN concert AS T2 ON T1.concert_id = T2.concert_id GROUP BY T2.concert_id

MQL:

2026-07-31 15:30:18,404 [INFO   ]   >> OUTPUT : db.singer_in_concert.aggregate([ { $lookup: { from: "concert", localField: "concert_ID", foreignField: "concert_ID", as: "concert_info" } }, { $unwind: "$concert_info" }, { $group: { _id: "$concert_info.concert_Name", theme: { $first: "$concert_info.Theme" }, count: { $sum: 1 } } }, { $project: { concert_Name: "$_id", Theme: "$theme", count: 1 } } ])
2026-07-31 15:30:24,952 [INFO   ] [inference] generate_nosql  latency_sec=6.5475  input_tokens=128  output_tokens=125
2026-07-31 15:30:24,952 [INFO   ]   >> INPUT  : Translate the SQL query into an equivalent MongoDB MQL query using the provided schema.

Schema:
concert(Stadium_ID, Theme, Year, _id, concert_ID, concert_Name) | singer_in_concert(Singer_ID, _id, concert_ID)

SQL:
select t2.concert_name , t2.theme , count(*) from singer_in_concert as t1 join concert as t2 on t1.concert_id = t2.concert_id group by t2.concert_id

MQL:

2026-07-31 15:30:24,952 [INFO   ]   >> OUTPUT : db.singer_in_concert.aggregate([ { $lookup: { from: "concert", localField: "concert_ID", foreignField: "concert_ID", as: "concert_info" } }, { $unwind: "$concert_info" }, { $group: { _id: "$concert_info.concert_Name", theme: { $first: "$concert_info.Theme" }, count: { $sum: 1 } } }, { $project: { concert_Name: "$_id", Theme: "$theme", count: 1 } } ])
2026-07-31 15:30:26,304 [INFO   ] [inference] generate_nosql  latency_sec=1.3515  input_tokens=81  output_tokens=28
2026-07-31 15:30:26,304 [INFO   ]   >> INPUT  : Translate the SQL query into an equivalent MongoDB MQL query using the provided schema.

Schema:
singer(Age, Country, Is_male, Name, Singer_ID, Song_Name, Song_release_year, _id)

SQL:
SELECT name , country FROM singer WHERE song_name LIKE '%Hey%'

MQL:

2026-07-31 15:30:26,304 [INFO   ]   >> OUTPUT : db.singer.find( { Song_Name: /^Hey/ }, { Name: 1, Country: 1 } )
2026-07-31 15:30:27,557 [INFO   ] [inference] generate_nosql  latency_sec=1.2519  input_tokens=81  output_tokens=28
2026-07-31 15:30:27,557 [INFO   ]   >> INPUT  : Translate the SQL query into an equivalent MongoDB MQL query using the provided schema.

Schema:
singer(Age, Country, Is_male, Name, Singer_ID, Song_Name, Song_release_year, _id)

SQL:
SELECT name , country FROM singer WHERE song_name LIKE '%Hey%'

MQL:

2026-07-31 15:30:27,557 [INFO   ]   >> OUTPUT : db.singer.find( { Song_Name: /^Hey/ }, { Name: 1, Country: 1 } )
2026-07-31 15:30:29,955 [INFO   ] [inference] generate_nosql  latency_sec=2.3971  input_tokens=67  output_tokens=35
2026-07-31 15:30:29,955 [INFO   ]   >> INPUT  : Translate the SQL query into an equivalent MongoDB MQL query using the provided schema.

Schema:
Pets(PetID, PetType, _id, pet_age, weight)

SQL:
SELECT max(weight) , petType FROM pets GROUP BY petType

MQL:

2026-07-31 15:30:29,955 [INFO   ]   >> OUTPUT : db.Pets.aggregate([ { $group: { _id: "$PetType", maxWeight: { $max: "$weight" } } } ])
2026-07-31 15:30:32,308 [INFO   ] [inference] generate_nosql  latency_sec=2.3521  input_tokens=67  output_tokens=35
2026-07-31 15:30:32,308 [INFO   ]   >> INPUT  : Translate the SQL query into an equivalent MongoDB MQL query using the provided schema.

Schema:
Pets(PetID, PetType, _id, pet_age, weight)

SQL:
SELECT max(weight) , petType FROM pets GROUP BY petType

MQL:

2026-07-31 15:30:32,308 [INFO   ]   >> OUTPUT : db.Pets.aggregate([ { $group: { _id: "$PetType", maxWeight: { $max: "$weight" } } } ])
2026-07-31 15:30:40,017 [INFO   ] [inference] generate_nosql  latency_sec=7.7084  input_tokens=163  output_tokens=146
2026-07-31 15:30:40,017 [INFO   ]   >> INPUT  : Translate the SQL query into an equivalent MongoDB MQL query using the provided schema.

Schema:
Pets(PetID, PetType, _id, pet_age, weight) | Student(Advisor, Age, Fname, LName, Major, Sex, StuID, _id, city_code) | Has_Pet(PetID, StuID, _id)

SQL:
SELECT count(*) FROM student AS T1 JOIN has_pet AS T2 ON T1.stuid = T2.stuid JOIN pets AS T3 ON T2.petid = T3.petid WHERE T1.sex = 'F' AND T3.pettype = 'dog'

MQL:

2026-07-31 15:30:40,017 [INFO   ]   >> OUTPUT : db.Student.aggregate([ { $match: { Sex: "F" } }, { $lookup: { from: "Has_Pet", localField: "StuID", foreignField: "StuID", as: "has_pet" } }, { $unwind: "$has_pet" }, { $lookup: { from: "Pets", localField: "has_pet.petid", foreignField: "PetID", as: "pet" } }, { $unwind: "$pet" }, { $group: { _id: null, count: { $sum: 1 } } }, { $project: { count: 1 } } ])
2026-07-31 15:30:46,821 [INFO   ] [inference] generate_nosql  latency_sec=6.8033  input_tokens=163  output_tokens=146
2026-07-31 15:30:46,821 [INFO   ]   >> INPUT  : Translate the SQL query into an equivalent MongoDB MQL query using the provided schema.

Schema:
Pets(PetID, PetType, _id, pet_age, weight) | Student(Advisor, Age, Fname, LName, Major, Sex, StuID, _id, city_code) | Has_Pet(PetID, StuID, _id)

SQL:
SELECT count(*) FROM student AS T1 JOIN has_pet AS T2 ON T1.stuid = T2.stuid JOIN pets AS T3 ON T2.petid = T3.petid WHERE T1.sex = 'F' AND T3.pettype = 'dog'

MQL:

2026-07-31 15:30:46,822 [INFO   ]   >> OUTPUT : db.Student.aggregate([ { $match: { Sex: "F" } }, { $lookup: { from: "Has_Pet", localField: "StuID", foreignField: "StuID", as: "has_pet" } }, { $unwind: "$has_pet" }, { $lookup: { from: "Pets", localField: "has_pet.petid", foreignField: "PetID", as: "pet" } }, { $unwind: "$pet" }, { $group: { _id: null, count: { $sum: 1 } } }, { $project: { count: 1 } } ])
2026-07-31 15:30:54,774 [INFO   ] [inference] generate_nosql  latency_sec=7.9521  input_tokens=170  output_tokens=150
2026-07-31 15:30:54,775 [INFO   ]   >> INPUT  : Translate the SQL query into an equivalent MongoDB MQL query using the provided schema.

Schema:
Pets(PetID, PetType, _id, pet_age, weight) | Student(Advisor, Age, Fname, LName, Major, Sex, StuID, _id, city_code) | Has_Pet(PetID, StuID, _id)

SQL:
SELECT DISTINCT T1.Fname FROM student AS T1 JOIN has_pet AS T2 ON T1.stuid = T2.stuid JOIN pets AS T3 ON T3.petid = T2.petid WHERE T3.pettype = 'cat' OR T3.pettype = 'dog'

MQL:

2026-07-31 15:30:54,775 [INFO   ]   >> OUTPUT : db.Student.aggregate([ { $lookup: { from: "Has_Pet", localField: "StuID", foreignField: "StuID", as: "has_pet" } }, { $unwind: "$has_pet" }, { $lookup: { from: "Pets", localField: "has_pet.petid", foreignField: "PetID", as: "pets" } }, { $unwind: "$pets" }, { $match: { "pets.pettype": { $in: ["cat", "dog"] } } }, { $group: { _id: "$Fname" } }, { $project: { Fname
2026-07-31 15:31:01,636 [INFO   ] [inference] generate_nosql  latency_sec=6.8611  input_tokens=170  output_tokens=150
2026-07-31 15:31:01,636 [INFO   ]   >> INPUT  : Translate the SQL query into an equivalent MongoDB MQL query using the provided schema.

Schema:
Pets(PetID, PetType, _id, pet_age, weight) | Student(Advisor, Age, Fname, LName, Major, Sex, StuID, _id, city_code) | Has_Pet(PetID, StuID, _id)

SQL:
SELECT DISTINCT T1.Fname FROM student AS T1 JOIN has_pet AS T2 ON T1.stuid = T2.stuid JOIN pets AS T3 ON T3.petid = T2.petid WHERE T3.pettype = 'cat' OR T3.pettype = 'dog'

MQL:

2026-07-31 15:31:01,637 [INFO   ]   >> OUTPUT : db.Student.aggregate([ { $lookup: { from: "Has_Pet", localField: "StuID", foreignField: "StuID", as: "has_pet" } }, { $unwind: "$has_pet" }, { $lookup: { from: "Pets", localField: "has_pet.petid", foreignField: "PetID", as: "pets" } }, { $unwind: "$pets" }, { $match: { "pets.pettype": { $in: ["cat", "dog"] } } }, { $group: { _id: "$Fname" } }, { $project: { Fname
2026-07-31 15:31:03,382 [INFO   ] [inference] generate_nosql  latency_sec=1.7447  input_tokens=68  output_tokens=33
2026-07-31 15:31:03,382 [INFO   ]   >> INPUT  : Translate the SQL query into an equivalent MongoDB MQL query using the provided schema.

Schema:
Pets(PetID, PetType, _id, pet_age, weight)

SQL:
SELECT pettype , weight FROM pets ORDER BY pet_age LIMIT 1

MQL:

2026-07-31 15:31:03,382 [INFO   ]   >> OUTPUT : db.Pets.find({}, { PetType: 1, weight: 1 }).sort({ pet_age: 1 }).limit(1)
2026-07-31 15:31:05,375 [INFO   ] [inference] generate_nosql  latency_sec=1.9915  input_tokens=68  output_tokens=33
2026-07-31 15:31:05,375 [INFO   ]   >> INPUT  : Translate the SQL query into an equivalent MongoDB MQL query using the provided schema.

Schema:
Pets(PetID, PetType, _id, pet_age, weight)

SQL:
SELECT pettype , weight FROM pets ORDER BY pet_age LIMIT 1

MQL:

2026-07-31 15:31:05,375 [INFO   ]   >> OUTPUT : db.Pets.find({}, { PetType: 1, weight: 1 }).sort({ pet_age: 1 }).limit(1)
2026-07-31 15:31:06,957 [INFO   ] [inference] generate_nosql  latency_sec=1.5804  input_tokens=66  output_tokens=29
2026-07-31 15:31:06,957 [INFO   ]   >> INPUT  : Translate the SQL query into an equivalent MongoDB MQL query using the provided schema.

Schema:
Pets(PetID, PetType, _id, pet_age, weight)

SQL:
SELECT petid , weight FROM pets WHERE pet_age > 1

MQL:

2026-07-31 15:31:06,957 [INFO   ]   >> OUTPUT : db.Pets.find({ pet_age: { $gt: 1 } }, { PetID: 1, Weight: 1 })
2026-07-31 15:31:08,294 [INFO   ] [inference] generate_nosql  latency_sec=1.336  input_tokens=66  output_tokens=29
2026-07-31 15:31:08,294 [INFO   ]   >> INPUT  : Translate the SQL query into an equivalent MongoDB MQL query using the provided schema.

Schema:
Pets(PetID, PetType, _id, pet_age, weight)

SQL:
SELECT petid , weight FROM pets WHERE pet_age > 1

MQL:

2026-07-31 15:31:08,294 [INFO   ]   >> OUTPUT : db.Pets.find({ pet_age: { $gt: 1 } }, { PetID: 1, Weight: 1 })
2026-07-31 15:31:11,550 [INFO   ] [inference] generate_nosql  latency_sec=3.2549  input_tokens=76  output_tokens=53
2026-07-31 15:31:11,550 [INFO   ]   >> INPUT  : Translate the SQL query into an equivalent MongoDB MQL query using the provided schema.

Schema:
Pets(PetID, PetType, _id, pet_age, weight)

SQL:
SELECT avg(pet_age) , max(pet_age) , pettype FROM pets GROUP BY pettype

MQL:

2026-07-31 15:31:11,550 [INFO   ]   >> OUTPUT : db.Pets.aggregate([ { $group: { _id: "$pettype", avgPetAge: { $avg: "$pet_age" }, maxPetAge: { $max: "$pet_age" } } } ])
2026-07-31 15:31:14,729 [INFO   ] [inference] generate_nosql  latency_sec=3.1786  input_tokens=76  output_tokens=53
2026-07-31 15:31:14,729 [INFO   ]   >> INPUT  : Translate the SQL query into an equivalent MongoDB MQL query using the provided schema.

Schema:
Pets(PetID, PetType, _id, pet_age, weight)

SQL:
SELECT avg(pet_age) , max(pet_age) , pettype FROM pets GROUP BY pettype

MQL:

2026-07-31 15:31:14,729 [INFO   ]   >> OUTPUT : db.Pets.aggregate([ { $group: { _id: "$pettype", avgPetAge: { $avg: "$pet_age" }, maxPetAge: { $max: "$pet_age" } } } ])
2026-07-31 15:31:16,516 [INFO   ] [inference] generate_nosql  latency_sec=1.7853  input_tokens=67  output_tokens=36
2026-07-31 15:31:16,516 [INFO   ]   >> INPUT  : Translate the SQL query into an equivalent MongoDB MQL query using the provided schema.

Schema:
Pets(PetID, PetType, _id, pet_age, weight)

SQL:
SELECT avg(weight) , pettype FROM pets GROUP BY pettype

MQL:

2026-07-31 15:31:16,516 [INFO   ]   >> OUTPUT : db.Pets.aggregate([ { $group: { _id: "$PetType", averageWeight: { $avg: "$weight" } } } ])
2026-07-31 15:31:18,648 [INFO   ] [inference] generate_nosql  latency_sec=2.1309  input_tokens=67  output_tokens=36
2026-07-31 15:31:18,648 [INFO   ]   >> INPUT  : Translate the SQL query into an equivalent MongoDB MQL query using the provided schema.

Schema:
Pets(PetID, PetType, _id, pet_age, weight)

SQL:
SELECT avg(weight) , pettype FROM pets GROUP BY pettype

MQL:

2026-07-31 15:31:18,648 [INFO   ]   >> OUTPUT : db.Pets.aggregate([ { $group: { _id: "$PetType", averageWeight: { $avg: "$weight" } } } ])
2026-07-31 15:31:23,500 [INFO   ] [inference] generate_nosql  latency_sec=4.8516  input_tokens=118  output_tokens=99
2026-07-31 15:31:23,501 [INFO   ]   >> INPUT  : Translate the SQL query into an equivalent MongoDB MQL query using the provided schema.

Schema:
Student(Advisor, Age, Fname, LName, Major, Sex, StuID, _id, city_code) | Has_Pet(PetID, StuID, _id)

SQL:
SELECT DISTINCT T1.fname , T1.age FROM student AS T1 JOIN has_pet AS T2 ON T1.stuid = T2.stuid

MQL:

2026-07-31 15:31:23,501 [INFO   ]   >> OUTPUT : db.Student.aggregate([ { $lookup: { from: "Has_Pet", localField: "StuID", foreignField: "StuID", as: "has_pet" } }, { $unwind: "$has_pet" }, { $group: { _id: "$Fname", age: { $first: "$age" } } }, { $project: { fname: "$_id", age: 1 } } ])
2026-07-31 15:31:28,016 [INFO   ] [inference] generate_nosql  latency_sec=4.5148  input_tokens=118  output_tokens=99
2026-07-31 15:31:28,016 [INFO   ]   >> INPUT  : Translate the SQL query into an equivalent MongoDB MQL query using the provided schema.

Schema:
Student(Advisor, Age, Fname, LName, Major, Sex, StuID, _id, city_code) | Has_Pet(PetID, StuID, _id)

SQL:
SELECT DISTINCT T1.fname , T1.age FROM student AS T1 JOIN has_pet AS T2 ON T1.stuid = T2.stuid

MQL:

2026-07-31 15:31:28,016 [INFO   ]   >> OUTPUT : db.Student.aggregate([ { $lookup: { from: "Has_Pet", localField: "StuID", foreignField: "StuID", as: "has_pet" } }, { $unwind: "$has_pet" }, { $group: { _id: "$Fname", age: { $first: "$age" } } }, { $project: { fname: "$_id", age: 1 } } ])
2026-07-31 15:31:32,945 [INFO   ] [inference] generate_nosql  latency_sec=4.9274  input_tokens=119  output_tokens=89
2026-07-31 15:31:32,945 [INFO   ]   >> INPUT  : Translate the SQL query into an equivalent MongoDB MQL query using the provided schema.

Schema:
Student(Advisor, Age, Fname, LName, Major, Sex, StuID, _id, city_code) | Has_Pet(PetID, StuID, _id)

SQL:
SELECT T2.petid FROM student AS T1 JOIN has_pet AS T2 ON T1.stuid = T2.stuid WHERE T1.Lname = 'Smith'

MQL:

2026-07-31 15:31:32,945 [INFO   ]   >> OUTPUT : db.Student.aggregate([ { $match: { LName: "Smith" } }, { $lookup: { from: "Has_Pet", localField: "StuID", foreignField: "StuID", as: "has_pet" } }, { $unwind: "$has_pet" }, { $project: { PetID: "$has_pet.PetID" } } ])
2026-07-31 15:31:37,610 [INFO   ] [inference] generate_nosql  latency_sec=4.664  input_tokens=120  output_tokens=100
2026-07-31 15:31:37,610 [INFO   ]   >> INPUT  : Translate the SQL query into an equivalent MongoDB MQL query using the provided schema.

Schema:
Student(Advisor, Age, Fname, LName, Major, Sex, StuID, _id, city_code) | Has_Pet(PetID, StuID, _id)

SQL:
SELECT count(*) , T1.stuid FROM student AS T1 JOIN has_pet AS T2 ON T1.stuid = T2.stuid GROUP BY T1.stuid

MQL:

2026-07-31 15:31:37,610 [INFO   ]   >> OUTPUT : db.Student.aggregate([ { $lookup: { from: "Has_Pet", localField: "StuID", foreignField: "StuID", as: "has_pet" } }, { $unwind: "$has_pet" }, { $group: { _id: "$StuID", count: { $sum: 1 } } }, { $project: { count: 1, StuID: "$_id" } } ])
2026-07-31 15:31:42,241 [INFO   ] [inference] generate_nosql  latency_sec=4.6303  input_tokens=119  output_tokens=100
2026-07-31 15:31:42,241 [INFO   ]   >> INPUT  : Translate the SQL query into an equivalent MongoDB MQL query using the provided schema.

Schema:
Student(Advisor, Age, Fname, LName, Major, Sex, StuID, _id, city_code) | Has_Pet(PetID, StuID, _id)

SQL:
select count(*) , t1.stuid from student as t1 join has_pet as t2 on t1.stuid = t2.stuid group by t1.stuid

MQL:

2026-07-31 15:31:42,241 [INFO   ]   >> OUTPUT : db.Student.aggregate([ { $lookup: { from: "Has_Pet", localField: "StuID", foreignField: "StuID", as: "has_pet" } }, { $unwind: "$has_pet" }, { $group: { _id: "$StuID", count: { $sum: 1 } } }, { $project: { count: 1, StuID: "$_id" } } ])
2026-07-31 15:31:48,870 [INFO   ] [inference] generate_nosql  latency_sec=6.6278  input_tokens=129  output_tokens=83
2026-07-31 15:31:48,870 [INFO   ]   >> INPUT  : Translate the SQL query into an equivalent MongoDB MQL query using the provided schema.

Schema:
Student(Advisor, Age, Fname, LName, Major, Sex, StuID, _id, city_code) | Has_Pet(PetID, StuID, _id)

SQL:
SELECT T1.fname , T1.sex FROM student AS T1 JOIN has_pet AS T2 ON T1.stuid = T2.stuid GROUP BY T1.stuid HAVING count(*) > 1

MQL:

2026-07-31 15:31:48,870 [INFO   ]   >> OUTPUT : db.Student.aggregate([ { $lookup: { from: "Has_Pet", localField: "StuID", foreignField: "StuID", as: "has_pet" } }, { $match: { "has_pet.1": { $exists: true } } }, { $project: { Fname: 1, Sex: 1 } } ])
2026-07-31 15:31:54,598 [INFO   ] [inference] generate_nosql  latency_sec=5.7265  input_tokens=129  output_tokens=83
2026-07-31 15:31:54,598 [INFO   ]   >> INPUT  : Translate the SQL query into an equivalent MongoDB MQL query using the provided schema.

Schema:
Student(Advisor, Age, Fname, LName, Major, Sex, StuID, _id, city_code) | Has_Pet(PetID, StuID, _id)

SQL:
SELECT T1.fname , T1.sex FROM student AS T1 JOIN has_pet AS T2 ON T1.stuid = T2.stuid GROUP BY T1.stuid HAVING count(*) > 1

MQL:

2026-07-31 15:31:54,598 [INFO   ]   >> OUTPUT : db.Student.aggregate([ { $lookup: { from: "Has_Pet", localField: "StuID", foreignField: "StuID", as: "has_pet" } }, { $match: { "has_pet.1": { $exists: true } } }, { $project: { Fname: 1, Sex: 1 } } ])
2026-07-31 15:32:02,257 [INFO   ] [inference] generate_nosql  latency_sec=7.6584  input_tokens=165  output_tokens=140
2026-07-31 15:32:02,258 [INFO   ]   >> INPUT  : Translate the SQL query into an equivalent MongoDB MQL query using the provided schema.

Schema:
Pets(PetID, PetType, _id, pet_age, weight) | Student(Advisor, Age, Fname, LName, Major, Sex, StuID, _id, city_code) | Has_Pet(PetID, StuID, _id)

SQL:
SELECT T1.lname FROM student AS T1 JOIN has_pet AS T2 ON T1.stuid = T2.stuid JOIN pets AS T3 ON T3.petid = T2.petid WHERE T3.pet_age = 3 AND T3.pettype = 'cat'

MQL:

2026-07-31 15:32:02,258 [INFO   ]   >> OUTPUT : db.Student.aggregate([ { $lookup: { from: "Has_Pet", localField: "StuID", foreignField: "StuID", as: "has_pet" } }, { $unwind: "$has_pet" }, { $lookup: { from: "Pets", localField: "has_pet.PetID", foreignField: "PetID", as: "pet" } }, { $unwind: "$pet" }, { $match: { "pet.pet_age": 3, "pet.pettype": "cat" } }, { $project: { LName: 1 } } ])
2026-07-31 15:32:08,857 [INFO   ] [inference] generate_nosql  latency_sec=6.5989  input_tokens=165  output_tokens=140
2026-07-31 15:32:08,858 [INFO   ]   >> INPUT  : Translate the SQL query into an equivalent MongoDB MQL query using the provided schema.

Schema:
Pets(PetID, PetType, _id, pet_age, weight) | Student(Advisor, Age, Fname, LName, Major, Sex, StuID, _id, city_code) | Has_Pet(PetID, StuID, _id)

SQL:
SELECT T1.lname FROM student AS T1 JOIN has_pet AS T2 ON T1.stuid = T2.stuid JOIN pets AS T3 ON T3.petid = T2.petid WHERE T3.pet_age = 3 AND T3.pettype = 'cat'

MQL:

2026-07-31 15:32:08,858 [INFO   ]   >> OUTPUT : db.Student.aggregate([ { $lookup: { from: "Has_Pet", localField: "StuID", foreignField: "StuID", as: "has_pet" } }, { $unwind: "$has_pet" }, { $lookup: { from: "Pets", localField: "has_pet.PetID", foreignField: "PetID", as: "pet" } }, { $unwind: "$pet" }, { $match: { "pet.pet_age": 3, "pet.pettype": "cat" } }, { $project: { LName: 1 } } ])
2026-07-31 15:32:14,429 [INFO   ] [inference] generate_nosql  latency_sec=5.5704  input_tokens=99  output_tokens=100
2026-07-31 15:32:14,429 [INFO   ]   >> INPUT  : Translate the SQL query into an equivalent MongoDB MQL query using the provided schema.

Schema:
Student(Advisor, Age, Fname, LName, Major, Sex, StuID, _id, city_code) | Has_Pet(PetID, StuID, _id)

SQL:
select avg(age) from student where stuid not in (select stuid from has_pet)

MQL:

2026-07-31 15:32:14,429 [INFO   ]   >> OUTPUT : db.Student.aggregate([ { $lookup: { from: "Has_Pet", localField: "StuID", foreignField: "StuID", as: "has_pet" } }, { $match: { has_pet: { $size: 0 } } }, { $group: { _id: null, avgAge: { $avg: "$Age" } } } , { $project: { avgAge: 1 } }])
2026-07-31 15:32:19,073 [INFO   ] [inference] generate_nosql  latency_sec=4.6425  input_tokens=99  output_tokens=100
2026-07-31 15:32:19,073 [INFO   ]   >> INPUT  : Translate the SQL query into an equivalent MongoDB MQL query using the provided schema.

Schema:
Student(Advisor, Age, Fname, LName, Major, Sex, StuID, _id, city_code) | Has_Pet(PetID, StuID, _id)

SQL:
select avg(age) from student where stuid not in (select stuid from has_pet)

MQL:

2026-07-31 15:32:19,073 [INFO   ]   >> OUTPUT : db.Student.aggregate([ { $lookup: { from: "Has_Pet", localField: "StuID", foreignField: "StuID", as: "has_pet" } }, { $match: { has_pet: { $size: 0 } } }, { $group: { _id: null, avgAge: { $avg: "$Age" } } } , { $project: { avgAge: 1 } }])
2026-07-31 15:32:24,176 [INFO   ] [inference] generate_nosql  latency_sec=5.1016  input_tokens=110  output_tokens=105
2026-07-31 15:32:24,176 [INFO   ]   >> INPUT  : Translate the SQL query into an equivalent MongoDB MQL query using the provided schema.

Schema:
countries(Continent, CountryId, CountryName, _id) | continents(ContId, Continent, _id)

SQL:
SELECT T1.ContId , T1.Continent , count(*) FROM CONTINENTS AS T1 JOIN COUNTRIES AS T2 ON T1.ContId = T2.Continent GROUP BY T1.ContId

MQL:

2026-07-31 15:32:24,176 [INFO   ]   >> OUTPUT : db.continents.aggregate([ { $lookup: { from: "countries", localField: "ContId", foreignField: "Continent", as: "country_info" } }, { $unwind: "$country_info" }, { $group: { _id: "$ContId", continent: { $first: "$Continent" }, count: { $sum: 1 } } }, { $project: { continent: "$_id", count: 1 } } ])
2026-07-31 15:32:30,270 [INFO   ] [inference] generate_nosql  latency_sec=6.093  input_tokens=110  output_tokens=105
2026-07-31 15:32:30,271 [INFO   ]   >> INPUT  : Translate the SQL query into an equivalent MongoDB MQL query using the provided schema.

Schema:
countries(Continent, CountryId, CountryName, _id) | continents(ContId, Continent, _id)

SQL:
SELECT T1.ContId , T1.Continent , count(*) FROM CONTINENTS AS T1 JOIN COUNTRIES AS T2 ON T1.ContId = T2.Continent GROUP BY T1.ContId

MQL:

2026-07-31 15:32:30,271 [INFO   ]   >> OUTPUT : db.continents.aggregate([ { $lookup: { from: "countries", localField: "ContId", foreignField: "Continent", as: "country_info" } }, { $unwind: "$country_info" }, { $group: { _id: "$ContId", continent: { $first: "$Continent" }, count: { $sum: 1 } } }, { $project: { continent: "$_id", count: 1 } } ])
2026-07-31 15:32:34,500 [INFO   ] [inference] generate_nosql  latency_sec=4.2285  input_tokens=124  output_tokens=89
2026-07-31 15:32:34,500 [INFO   ]   >> INPUT  : Translate the SQL query into an equivalent MongoDB MQL query using the provided schema.

Schema:
car_names(Make, MakeId, Model, _id) | cars_data(Accelerate, Cylinders, Edispl, Horsepower, Id, MPG, Weight, Year, _id)

SQL:
SELECT T1.Model FROM CAR_NAMES AS T1 JOIN CARS_DATA AS T2 ON T1.MakeId = T2.Id ORDER BY T2.horsepower ASC LIMIT 1

MQL:

2026-07-31 15:32:34,500 [INFO   ]   >> OUTPUT : db.cars_data.aggregate([ { $lookup: { from: "car_names", localField: "Id", foreignField: "MakeId", as: "car_names" } }, { $unwind: "$car_names" }, { $sort: { "car_names.horsepower": 1 } }, { $limit: 1 }, { $project: { Model: 1 } } ])
2026-07-31 15:32:39,143 [INFO   ] [inference] generate_nosql  latency_sec=4.6419  input_tokens=124  output_tokens=89
2026-07-31 15:32:39,143 [INFO   ]   >> INPUT  : Translate the SQL query into an equivalent MongoDB MQL query using the provided schema.

Schema:
car_names(Make, MakeId, Model, _id) | cars_data(Accelerate, Cylinders, Edispl, Horsepower, Id, MPG, Weight, Year, _id)

SQL:
SELECT T1.Model FROM CAR_NAMES AS T1 JOIN CARS_DATA AS T2 ON T1.MakeId = T2.Id ORDER BY T2.horsepower ASC LIMIT 1

MQL:

2026-07-31 15:32:39,143 [INFO   ]   >> OUTPUT : db.cars_data.aggregate([ { $lookup: { from: "car_names", localField: "Id", foreignField: "MakeId", as: "car_names" } }, { $unwind: "$car_names" }, { $sort: { "car_names.horsepower": 1 } }, { $limit: 1 }, { $project: { Model: 1 } } ])
2026-07-31 15:32:46,770 [INFO   ] [inference] generate_nosql  latency_sec=7.6259  input_tokens=197  output_tokens=144
2026-07-31 15:32:46,770 [INFO   ]   >> INPUT  : Translate the SQL query into an equivalent MongoDB MQL query using the provided schema.

Schema:
car_makers(Country, FullName, Id, Maker, _id) | car_names(Make, MakeId, Model, _id) | model_list(Maker, Model, ModelId, _id) | cars_data(Accelerate, Cylinders, Edispl, Horsepower, Id, MPG, Weight, Year, _id)

SQL:
SELECT DISTINCT T1.Maker FROM CAR_MAKERS AS T1 JOIN MODEL_LIST AS T2 ON T1.Id = T2.Maker JOIN CAR_NAMES AS T3 ON T2.model = T3.model JOIN CARS_DATA AS T4 ON T3.MakeId = T4.id WHERE T4.year = '1970'

MQL:

2026-07-31 15:32:46,771 [INFO   ]   >> OUTPUT : db.car_makers.aggregate([ { $lookup: { from: "model_list", localField: "Maker", foreignField: "Maker", as: "model_info" } }, { $unwind: "$model_info" }, { $lookup: { from: "cars_data", localField: "Maker", foreignField: "Maker", as: "data_info" } }, { $unwind: "$data_info" }, { $match: { "data_info.Year": "1970" } }, { $group: { _id: "$Maker" } }, { $project: { Maker: "$_id" } } ])
2026-07-31 15:32:54,302 [INFO   ] [inference] generate_nosql  latency_sec=7.5307  input_tokens=197  output_tokens=144
2026-07-31 15:32:54,302 [INFO   ]   >> INPUT  : Translate the SQL query into an equivalent MongoDB MQL query using the provided schema.

Schema:
car_makers(Country, FullName, Id, Maker, _id) | car_names(Make, MakeId, Model, _id) | model_list(Maker, Model, ModelId, _id) | cars_data(Accelerate, Cylinders, Edispl, Horsepower, Id, MPG, Weight, Year, _id)

SQL:
SELECT DISTINCT T1.Maker FROM CAR_MAKERS AS T1 JOIN MODEL_LIST AS T2 ON T1.Id = T2.Maker JOIN CAR_NAMES AS T3 ON T2.model = T3.model JOIN CARS_DATA AS T4 ON T3.MakeId = T4.id WHERE T4.year = '1970'

MQL:

2026-07-31 15:32:54,302 [INFO   ]   >> OUTPUT : db.car_makers.aggregate([ { $lookup: { from: "model_list", localField: "Maker", foreignField: "Maker", as: "model_info" } }, { $unwind: "$model_info" }, { $lookup: { from: "cars_data", localField: "Maker", foreignField: "Maker", as: "data_info" } }, { $unwind: "$data_info" }, { $match: { "data_info.Year": "1970" } }, { $group: { _id: "$Maker" } }, { $project: { Maker: "$_id" } } ])
2026-07-31 15:32:58,987 [INFO   ] [inference] generate_nosql  latency_sec=4.6832  input_tokens=131  output_tokens=91
2026-07-31 15:32:58,987 [INFO   ]   >> INPUT  : Translate the SQL query into an equivalent MongoDB MQL query using the provided schema.

Schema:
car_names(Make, MakeId, Model, _id) | cars_data(Accelerate, Cylinders, Edispl, Horsepower, Id, MPG, Weight, Year, _id)

SQL:
SELECT T1.Accelerate FROM CARS_DATA AS T1 JOIN CAR_NAMES AS T2 ON T1.Id = T2.MakeId WHERE T2.Make = 'amc hornet sportabout (sw)'

MQL:

2026-07-31 15:32:58,987 [INFO   ]   >> OUTPUT : db.cars_data.aggregate([ { $lookup: { from: "car_names", localField: "Id", foreignField: "Make", as: "car_names" } }, { $unwind: "$car_names" }, { $match: { "car_names.Make": "amc hornet sportabout (sw)" } }, { $project: { Accelerate: 1 } } ])
2026-07-31 15:33:03,290 [INFO   ] [inference] generate_nosql  latency_sec=4.3019  input_tokens=131  output_tokens=91
2026-07-31 15:33:03,290 [INFO   ]   >> INPUT  : Translate the SQL query into an equivalent MongoDB MQL query using the provided schema.

Schema:
car_names(Make, MakeId, Model, _id) | cars_data(Accelerate, Cylinders, Edispl, Horsepower, Id, MPG, Weight, Year, _id)

SQL:
SELECT T1.Accelerate FROM CARS_DATA AS T1 JOIN CAR_NAMES AS T2 ON T1.Id = T2.MakeId WHERE T2.Make = 'amc hornet sportabout (sw)'

MQL:

2026-07-31 15:33:03,290 [INFO   ]   >> OUTPUT : db.cars_data.aggregate([ { $lookup: { from: "car_names", localField: "Id", foreignField: "Make", as: "car_names" } }, { $unwind: "$car_names" }, { $match: { "car_names.Make": "amc hornet sportabout (sw)" } }, { $project: { Accelerate: 1 } } ])
2026-07-31 15:33:10,872 [INFO   ] [inference] generate_nosql  latency_sec=7.5809  input_tokens=82  output_tokens=62
2026-07-31 15:33:10,872 [INFO   ]   >> INPUT  : Translate the SQL query into an equivalent MongoDB MQL query using the provided schema.

Schema:
cars_data(Accelerate, Cylinders, Edispl, Horsepower, Id, MPG, Weight, Year, _id)

SQL:
select min(weight) from cars_data where cylinders = 8 and year = 1974

MQL:

2026-07-31 15:33:10,872 [INFO   ]   >> OUTPUT : db.cars_data.aggregate([ { $match: { Cylinders: 8, Year: 1974 } }, { $group: { _id: null, minWeight: { $min: "$Weight" } } } , { $project: { minWeight: 1 } }])
2026-07-31 15:33:17,438 [INFO   ] [inference] generate_nosql  latency_sec=6.565  input_tokens=82  output_tokens=62
2026-07-31 15:33:17,438 [INFO   ]   >> INPUT  : Translate the SQL query into an equivalent MongoDB MQL query using the provided schema.

Schema:
cars_data(Accelerate, Cylinders, Edispl, Horsepower, Id, MPG, Weight, Year, _id)

SQL:
select min(weight) from cars_data where cylinders = 8 and year = 1974

MQL:

2026-07-31 15:33:17,438 [INFO   ]   >> OUTPUT : db.cars_data.aggregate([ { $match: { Cylinders: 8, Year: 1974 } }, { $group: { _id: null, minWeight: { $min: "$Weight" } } } , { $project: { minWeight: 1 } }])
2026-07-31 15:33:19,236 [INFO   ] [inference] generate_nosql  latency_sec=1.7966  input_tokens=80  output_tokens=36
2026-07-31 15:33:19,236 [INFO   ]   >> INPUT  : Translate the SQL query into an equivalent MongoDB MQL query using the provided schema.

Schema:
cars_data(Accelerate, Cylinders, Edispl, Horsepower, Id, MPG, Weight, Year, _id)

SQL:
SELECT avg(Weight) , YEAR FROM CARS_DATA GROUP BY YEAR

MQL:

2026-07-31 15:33:19,236 [INFO   ]   >> OUTPUT : db.cars_data.aggregate([ { $group: { _id: "$Year", averageWeight: { $avg: "$Weight" } } } ])
2026-07-31 15:33:21,577 [INFO   ] [inference] generate_nosql  latency_sec=2.3392  input_tokens=80  output_tokens=36
2026-07-31 15:33:21,577 [INFO   ]   >> INPUT  : Translate the SQL query into an equivalent MongoDB MQL query using the provided schema.

Schema:
cars_data(Accelerate, Cylinders, Edispl, Horsepower, Id, MPG, Weight, Year, _id)

SQL:
SELECT avg(Weight) , YEAR FROM CARS_DATA GROUP BY YEAR

MQL:

2026-07-31 15:33:21,577 [INFO   ]   >> OUTPUT : db.cars_data.aggregate([ { $group: { _id: "$Year", averageWeight: { $avg: "$Weight" } } } ])
2026-07-31 15:33:27,037 [INFO   ] [inference] generate_nosql  latency_sec=5.458  input_tokens=139  output_tokens=103
2026-07-31 15:33:27,037 [INFO   ]   >> INPUT  : Translate the SQL query into an equivalent MongoDB MQL query using the provided schema.

Schema:
car_names(Make, MakeId, Model, _id) | cars_data(Accelerate, Cylinders, Edispl, Horsepower, Id, MPG, Weight, Year, _id)

SQL:
SELECT T2.horsepower , T1.Make FROM CAR_NAMES AS T1 JOIN CARS_DATA AS T2 ON T1.MakeId = T2.Id WHERE T2.cylinders = 3 ORDER BY T2.horsepower DESC LIMIT 1

MQL:

2026-07-31 15:33:27,037 [INFO   ]   >> OUTPUT : db.cars_data.aggregate([ { $lookup: { from: "car_names", localField: "Id", foreignField: "MakeId", as: "car_names" } }, { $unwind: "$car_names" }, { $sort: { "car_names.cylinders": -1 } }, { $limit: 1 }, { $project: { horsepower: "$car_names.Horsepower", Make: "$Make" } } ])
2026-07-31 15:33:32,076 [INFO   ] [inference] generate_nosql  latency_sec=5.0384  input_tokens=139  output_tokens=103
2026-07-31 15:33:32,077 [INFO   ]   >> INPUT  : Translate the SQL query into an equivalent MongoDB MQL query using the provided schema.

Schema:
car_names(Make, MakeId, Model, _id) | cars_data(Accelerate, Cylinders, Edispl, Horsepower, Id, MPG, Weight, Year, _id)

SQL:
SELECT T2.horsepower , T1.Make FROM CAR_NAMES AS T1 JOIN CARS_DATA AS T2 ON T1.MakeId = T2.Id WHERE T2.cylinders = 3 ORDER BY T2.horsepower DESC LIMIT 1

MQL:

2026-07-31 15:33:32,077 [INFO   ]   >> OUTPUT : db.cars_data.aggregate([ { $lookup: { from: "car_names", localField: "Id", foreignField: "MakeId", as: "car_names" } }, { $unwind: "$car_names" }, { $sort: { "car_names.cylinders": -1 } }, { $limit: 1 }, { $project: { horsepower: "$car_names.Horsepower", Make: "$Make" } } ])
2026-07-31 15:33:37,318 [INFO   ] [inference] generate_nosql  latency_sec=5.2395  input_tokens=120  output_tokens=89
2026-07-31 15:33:37,318 [INFO   ]   >> INPUT  : Translate the SQL query into an equivalent MongoDB MQL query using the provided schema.

Schema:
car_names(Make, MakeId, Model, _id) | cars_data(Accelerate, Cylinders, Edispl, Horsepower, Id, MPG, Weight, Year, _id)

SQL:
select t1.model from car_names as t1 join cars_data as t2 on t1.makeid = t2.id order by t2.mpg desc limit 1

MQL:

2026-07-31 15:33:37,318 [INFO   ]   >> OUTPUT : db.cars_data.aggregate([ { $lookup: { from: "car_names", localField: "MakeId", foreignField: "Make", as: "car_names" } }, { $unwind: "$car_names" }, { $sort: { "car_names.Weight": -1 } }, { $limit: 1 }, { $project: { Model: 1 } } ])
2026-07-31 15:33:42,727 [INFO   ] [inference] generate_nosql  latency_sec=5.408  input_tokens=128  output_tokens=117
2026-07-31 15:33:42,728 [INFO   ]   >> INPUT  : Translate the SQL query into an equivalent MongoDB MQL query using the provided schema.

Schema:
car_names(Make, MakeId, Model, _id) | cars_data(Accelerate, Cylinders, Edispl, Horsepower, Id, MPG, Weight, Year, _id)

SQL:
SELECT avg(T2.edispl) FROM CAR_NAMES AS T1 JOIN CARS_DATA AS T2 ON T1.MakeId = T2.Id WHERE T1.Model = 'volvo'

MQL:

2026-07-31 15:33:42,728 [INFO   ]   >> OUTPUT : db.cars_data.aggregate([ { $match: { Model: "volvo" } }, { $lookup: { from: "car_names", localField: "MakeId", foreignField: "Id", as: "car_names" } }, { $unwind: "$car_names" }, { $group: { _id: null, avg_edispl: { $avg: "$car_names.Edispl" } } }, { $project: { avg_edispl: 1 } } ])
2026-07-31 15:33:48,813 [INFO   ] [inference] generate_nosql  latency_sec=6.084  input_tokens=128  output_tokens=117
2026-07-31 15:33:48,813 [INFO   ]   >> INPUT  : Translate the SQL query into an equivalent MongoDB MQL query using the provided schema.

Schema:
car_names(Make, MakeId, Model, _id) | cars_data(Accelerate, Cylinders, Edispl, Horsepower, Id, MPG, Weight, Year, _id)

SQL:
SELECT avg(T2.edispl) FROM CAR_NAMES AS T1 JOIN CARS_DATA AS T2 ON T1.MakeId = T2.Id WHERE T1.Model = 'volvo'

MQL:

2026-07-31 15:33:48,813 [INFO   ]   >> OUTPUT : db.cars_data.aggregate([ { $match: { Model: "volvo" } }, { $lookup: { from: "car_names", localField: "MakeId", foreignField: "Id", as: "car_names" } }, { $unwind: "$car_names" }, { $group: { _id: null, avg_edispl: { $avg: "$car_names.Edispl" } } }, { $project: { avg_edispl: 1 } } ])
2026-07-31 15:33:51,951 [INFO   ] [inference] generate_nosql  latency_sec=3.1364  input_tokens=86  output_tokens=41
2026-07-31 15:33:51,952 [INFO   ]   >> INPUT  : Translate the SQL query into an equivalent MongoDB MQL query using the provided schema.

Schema:
cars_data(Accelerate, Cylinders, Edispl, Horsepower, Id, MPG, Weight, Year, _id)

SQL:
SELECT max(Accelerate) , Cylinders FROM CARS_DATA GROUP BY Cylinders

MQL:

2026-07-31 15:33:51,952 [INFO   ]   >> OUTPUT : db.cars_data.aggregate([ { $group: { _id: "$Cylinders", maxAcceleration: { $max: "$Accelerate" } } } ])
2026-07-31 15:33:54,809 [INFO   ] [inference] generate_nosql  latency_sec=2.856  input_tokens=86  output_tokens=41
2026-07-31 15:33:54,809 [INFO   ]   >> INPUT  : Translate the SQL query into an equivalent MongoDB MQL query using the provided schema.

Schema:
cars_data(Accelerate, Cylinders, Edispl, Horsepower, Id, MPG, Weight, Year, _id)

SQL:
SELECT max(Accelerate) , Cylinders FROM CARS_DATA GROUP BY Cylinders

MQL:

2026-07-31 15:33:54,809 [INFO   ]   >> OUTPUT : db.cars_data.aggregate([ { $group: { _id: "$Cylinders", maxAcceleration: { $max: "$Accelerate" } } } ])
2026-07-31 15:33:57,706 [INFO   ] [inference] generate_nosql  latency_sec=2.896  input_tokens=69  output_tokens=62
2026-07-31 15:33:57,707 [INFO   ]   >> INPUT  : Translate the SQL query into an equivalent MongoDB MQL query using the provided schema.

Schema:
car_names(Make, MakeId, Model, _id)

SQL:
SELECT Model FROM CAR_NAMES GROUP BY Model ORDER BY count(*) DESC LIMIT 1

MQL:

2026-07-31 15:33:57,707 [INFO   ]   >> OUTPUT : db.car_names.aggregate([ { $group: { _id: "$Model", count: { $sum: 1 } } }, { $sort: { count: -1 } }, { $limit: 1 }, { $project: { Model: "$_id" } } ])
2026-07-31 15:34:00,867 [INFO   ] [inference] generate_nosql  latency_sec=3.1586  input_tokens=69  output_tokens=62
2026-07-31 15:34:00,867 [INFO   ]   >> INPUT  : Translate the SQL query into an equivalent MongoDB MQL query using the provided schema.

Schema:
car_names(Make, MakeId, Model, _id)

SQL:
SELECT Model FROM CAR_NAMES GROUP BY Model ORDER BY count(*) DESC LIMIT 1

MQL:

2026-07-31 15:34:00,867 [INFO   ]   >> OUTPUT : db.car_names.aggregate([ { $group: { _id: "$Model", count: { $sum: 1 } } }, { $sort: { count: -1 } }, { $limit: 1 }, { $project: { Model: "$_id" } } ])
2026-07-31 15:34:06,275 [INFO   ] [inference] generate_nosql  latency_sec=5.4061  input_tokens=110  output_tokens=97
2026-07-31 15:34:06,275 [INFO   ]   >> INPUT  : Translate the SQL query into an equivalent MongoDB MQL query using the provided schema.

Schema:
car_makers(Country, FullName, Id, Maker, _id) | model_list(Maker, Model, ModelId, _id)

SQL:
SELECT count(*) FROM CAR_MAKERS AS T1 JOIN MODEL_LIST AS T2 ON T1.Id = T2.Maker WHERE T1.FullName = 'American Motor Company'

MQL:

2026-07-31 15:34:06,276 [INFO   ]   >> OUTPUT : db.car_makers.aggregate([ { $match: { FullName: "American Motor Company" } }, { $lookup: { from: "model_list", localField: "Maker", foreignField: "Maker", as: "models" } }, { $unwind: "$models" }, { $group: { _id: null, count: { $sum: 1 } } }, { $project: { count: 1 } } ])
2026-07-31 15:34:10,922 [INFO   ] [inference] generate_nosql  latency_sec=4.6448  input_tokens=110  output_tokens=97
2026-07-31 15:34:10,922 [INFO   ]   >> INPUT  : Translate the SQL query into an equivalent MongoDB MQL query using the provided schema.

Schema:
car_makers(Country, FullName, Id, Maker, _id) | model_list(Maker, Model, ModelId, _id)

SQL:
SELECT count(*) FROM CAR_MAKERS AS T1 JOIN MODEL_LIST AS T2 ON T1.Id = T2.Maker WHERE T1.FullName = 'American Motor Company'

MQL:

2026-07-31 15:34:10,922 [INFO   ]   >> OUTPUT : db.car_makers.aggregate([ { $match: { FullName: "American Motor Company" } }, { $lookup: { from: "model_list", localField: "Maker", foreignField: "Maker", as: "models" } }, { $unwind: "$models" }, { $group: { _id: null, count: { $sum: 1 } } }, { $project: { count: 1 } } ])
2026-07-31 15:34:17,389 [INFO   ] [inference] generate_nosql  latency_sec=6.4659  input_tokens=119  output_tokens=120
2026-07-31 15:34:17,389 [INFO   ]   >> INPUT  : Translate the SQL query into an equivalent MongoDB MQL query using the provided schema.

Schema:
car_makers(Country, FullName, Id, Maker, _id) | model_list(Maker, Model, ModelId, _id)

SQL:
SELECT T1.FullName , T1.Id FROM CAR_MAKERS AS T1 JOIN MODEL_LIST AS T2 ON T1.Id = T2.Maker GROUP BY T1.Id HAVING count(*) > 3

MQL:

2026-07-31 15:34:17,389 [INFO   ]   >> OUTPUT : db.car_makers.aggregate([ { $lookup: { from: "model_list", localField: "Id", foreignField: "Maker", as: "model_lists" } }, { $unwind: "$model_lists" }, { $group: { _id: "$Id", fullName: { $first: "$FullName" }, count: { $sum: 1 } } }, { $match: { count: { $gt: 3 } } }, { $project: { fullName: 1, _id: 1 } } ])
2026-07-31 15:34:22,953 [INFO   ] [inference] generate_nosql  latency_sec=5.5622  input_tokens=119  output_tokens=120
2026-07-31 15:34:22,953 [INFO   ]   >> INPUT  : Translate the SQL query into an equivalent MongoDB MQL query using the provided schema.

Schema:
car_makers(Country, FullName, Id, Maker, _id) | model_list(Maker, Model, ModelId, _id)

SQL:
SELECT T1.FullName , T1.Id FROM CAR_MAKERS AS T1 JOIN MODEL_LIST AS T2 ON T1.Id = T2.Maker GROUP BY T1.Id HAVING count(*) > 3

MQL:

2026-07-31 15:34:22,953 [INFO   ]   >> OUTPUT : db.car_makers.aggregate([ { $lookup: { from: "model_list", localField: "Id", foreignField: "Maker", as: "model_lists" } }, { $unwind: "$model_lists" }, { $group: { _id: "$Id", fullName: { $first: "$FullName" }, count: { $sum: 1 } } }, { $match: { count: { $gt: 3 } } }, { $project: { fullName: 1, _id: 1 } } ])
2026-07-31 15:34:30,960 [INFO   ] [inference] generate_nosql  latency_sec=8.0064  input_tokens=207  output_tokens=150
2026-07-31 15:34:30,960 [INFO   ]   >> INPUT  : Translate the SQL query into an equivalent MongoDB MQL query using the provided schema.

Schema:
car_makers(Country, FullName, Id, Maker, _id) | car_names(Make, MakeId, Model, _id) | model_list(Maker, Model, ModelId, _id) | cars_data(Accelerate, Cylinders, Edispl, Horsepower, Id, MPG, Weight, Year, _id)

SQL:
SELECT DISTINCT T2.Model FROM CAR_NAMES AS T1 JOIN MODEL_LIST AS T2 ON T1.Model = T2.Model JOIN CAR_MAKERS AS T3 ON T2.Maker = T3.Id JOIN CARS_DATA AS T4 ON T1.MakeId = T4.Id WHERE T3.FullName = 'General Motors' OR T4.weight > 3500

MQL:

2026-07-31 15:34:30,960 [INFO   ]   >> OUTPUT : db.cars_data.aggregate([ { $lookup: { from: "model_list", localField: "Maker", foreignField: "Id", as: "model_info" } }, { $unwind: "$model_info" }, { $lookup: { from: "car_names", localField: "model_info.Model", foreignField: "Model", as: "car_name_info" } }, { $unwind: "$car_name_info" }, { $match: { $or:[ { "car_name_info.FullName": "General Motors" }, { "car_name_info.weight": { $gt: 3500 } } ]
2026-07-31 15:34:37,815 [INFO   ] [inference] generate_nosql  latency_sec=6.8537  input_tokens=207  output_tokens=150
2026-07-31 15:34:37,815 [INFO   ]   >> INPUT  : Translate the SQL query into an equivalent MongoDB MQL query using the provided schema.

Schema:
car_makers(Country, FullName, Id, Maker, _id) | car_names(Make, MakeId, Model, _id) | model_list(Maker, Model, ModelId, _id) | cars_data(Accelerate, Cylinders, Edispl, Horsepower, Id, MPG, Weight, Year, _id)

SQL:
SELECT DISTINCT T2.Model FROM CAR_NAMES AS T1 JOIN MODEL_LIST AS T2 ON T1.Model = T2.Model JOIN CAR_MAKERS AS T3 ON T2.Maker = T3.Id JOIN CARS_DATA AS T4 ON T1.MakeId = T4.Id WHERE T3.FullName = 'General Motors' OR T4.weight > 3500

MQL:

2026-07-31 15:34:37,816 [INFO   ]   >> OUTPUT : db.cars_data.aggregate([ { $lookup: { from: "model_list", localField: "Maker", foreignField: "Id", as: "model_info" } }, { $unwind: "$model_info" }, { $lookup: { from: "car_names", localField: "model_info.Model", foreignField: "Model", as: "car_name_info" } }, { $unwind: "$car_name_info" }, { $match: { $or:[ { "car_name_info.FullName": "General Motors" }, { "car_name_info.weight": { $gt: 3500 } } ]
2026-07-31 15:34:39,843 [INFO   ] [inference] generate_nosql  latency_sec=2.0261  input_tokens=78  output_tokens=46
2026-07-31 15:34:39,843 [INFO   ]   >> INPUT  : Translate the SQL query into an equivalent MongoDB MQL query using the provided schema.

Schema:
cars_data(Accelerate, Cylinders, Edispl, Horsepower, Id, MPG, Weight, Year, _id)

SQL:
select distinct year from cars_data where weight between 3000 and 4000

MQL:

2026-07-31 15:34:39,843 [INFO   ]   >> OUTPUT : db.cars_data.aggregate([ { $match: { Weight: { $gte: 3000, $lte: 4000 } } }, { $group: { _id: "$Year" } } ])
2026-07-31 15:34:42,382 [INFO   ] [inference] generate_nosql  latency_sec=2.5381  input_tokens=78  output_tokens=46
2026-07-31 15:34:42,382 [INFO   ]   >> INPUT  : Translate the SQL query into an equivalent MongoDB MQL query using the provided schema.

Schema:
cars_data(Accelerate, Cylinders, Edispl, Horsepower, Id, MPG, Weight, Year, _id)

SQL:
select distinct year from cars_data where weight between 3000 and 4000

MQL:

2026-07-31 15:34:42,383 [INFO   ]   >> OUTPUT : db.cars_data.aggregate([ { $match: { Weight: { $gte: 3000, $lte: 4000 } } }, { $group: { _id: "$Year" } } ])
2026-07-31 15:34:44,737 [INFO   ] [inference] generate_nosql  latency_sec=2.3524  input_tokens=92  output_tokens=32
2026-07-31 15:34:44,737 [INFO   ]   >> INPUT  : Translate the SQL query into an equivalent MongoDB MQL query using the provided schema.

Schema:
cars_data(Accelerate, Cylinders, Edispl, Horsepower, Id, MPG, Weight, Year, _id)

SQL:
SELECT T1.horsepower FROM CARS_DATA AS T1 ORDER BY T1.accelerate DESC LIMIT 1

MQL:

2026-07-31 15:34:44,737 [INFO   ]   >> OUTPUT : db.cars_data.find({}, {Horsepower: 1}).sort({Accelerate: -1}).limit(1)
2026-07-31 15:34:46,536 [INFO   ] [inference] generate_nosql  latency_sec=1.7979  input_tokens=92  output_tokens=32
2026-07-31 15:34:46,537 [INFO   ]   >> INPUT  : Translate the SQL query into an equivalent MongoDB MQL query using the provided schema.

Schema:
cars_data(Accelerate, Cylinders, Edispl, Horsepower, Id, MPG, Weight, Year, _id)

SQL:
SELECT T1.horsepower FROM CARS_DATA AS T1 ORDER BY T1.accelerate DESC LIMIT 1

MQL:

2026-07-31 15:34:46,537 [INFO   ]   >> OUTPUT : db.cars_data.find({}, {Horsepower: 1}).sort({Accelerate: -1}).limit(1)
2026-07-31 15:34:51,702 [INFO   ] [inference] generate_nosql  latency_sec=5.1639  input_tokens=136  output_tokens=111
2026-07-31 15:34:51,703 [INFO   ]   >> INPUT  : Translate the SQL query into an equivalent MongoDB MQL query using the provided schema.

Schema:
car_names(Make, MakeId, Model, _id) | cars_data(Accelerate, Cylinders, Edispl, Horsepower, Id, MPG, Weight, Year, _id)

SQL:
SELECT T1.cylinders FROM CARS_DATA AS T1 JOIN CAR_NAMES AS T2 ON T1.Id = T2.MakeId WHERE T2.Model = 'volvo' ORDER BY T1.accelerate ASC LIMIT 1

MQL:

2026-07-31 15:34:51,703 [INFO   ]   >> OUTPUT : db.cars_data.aggregate([ { $lookup: { from: "car_names", localField: "Id", foreignField: "MakeId", as: "car_names" } }, { $unwind: "$car_names" }, { $match: { "car_names.Model": "volvo" } }, { $sort: { "Accelerate": 1 } }, { $limit: 1 }, { $project: { cylinders: "$car_names.cylinders" } } ])
2026-07-31 15:34:57,824 [INFO   ] [inference] generate_nosql  latency_sec=6.1201  input_tokens=136  output_tokens=111
2026-07-31 15:34:57,824 [INFO   ]   >> INPUT  : Translate the SQL query into an equivalent MongoDB MQL query using the provided schema.

Schema:
car_names(Make, MakeId, Model, _id) | cars_data(Accelerate, Cylinders, Edispl, Horsepower, Id, MPG, Weight, Year, _id)

SQL:
SELECT T1.cylinders FROM CARS_DATA AS T1 JOIN CAR_NAMES AS T2 ON T1.Id = T2.MakeId WHERE T2.Model = 'volvo' ORDER BY T1.accelerate ASC LIMIT 1

MQL:

2026-07-31 15:34:57,824 [INFO   ]   >> OUTPUT : db.cars_data.aggregate([ { $lookup: { from: "car_names", localField: "Id", foreignField: "MakeId", as: "car_names" } }, { $unwind: "$car_names" }, { $match: { "car_names.Model": "volvo" } }, { $sort: { "Accelerate": 1 } }, { $limit: 1 }, { $project: { cylinders: "$car_names.cylinders" } } ])
2026-07-31 15:35:02,652 [INFO   ] [inference] generate_nosql  latency_sec=4.8259  input_tokens=98  output_tokens=104
2026-07-31 15:35:02,652 [INFO   ]   >> INPUT  : Translate the SQL query into an equivalent MongoDB MQL query using the provided schema.

Schema:
cars_data(Accelerate, Cylinders, Edispl, Horsepower, Id, MPG, Weight, Year, _id)

SQL:
SELECT COUNT(*) FROM CARS_DATA WHERE Accelerate > ( SELECT Accelerate FROM CARS_DATA ORDER BY Horsepower DESC LIMIT 1 )

MQL:

2026-07-31 15:35:02,652 [INFO   ]   >> OUTPUT : db.cars_data.aggregate([ { $group: { _id: "$Accelerate", count: { $sum: 1 } } }, { $sort: { count: -1 } }, { $limit: 1 }, { $lookup: { from: "cars_data", localField: "_id", foreignField: "Accelerate", as: "data" } }, { $unwind: "$data" }, { $project: { count: 1 } } ])
2026-07-31 15:35:07,313 [INFO   ] [inference] generate_nosql  latency_sec=4.659  input_tokens=98  output_tokens=104
2026-07-31 15:35:07,313 [INFO   ]   >> INPUT  : Translate the SQL query into an equivalent MongoDB MQL query using the provided schema.

Schema:
cars_data(Accelerate, Cylinders, Edispl, Horsepower, Id, MPG, Weight, Year, _id)

SQL:
SELECT COUNT(*) FROM CARS_DATA WHERE Accelerate > ( SELECT Accelerate FROM CARS_DATA ORDER BY Horsepower DESC LIMIT 1 )

MQL:

2026-07-31 15:35:07,313 [INFO   ]   >> OUTPUT : db.cars_data.aggregate([ { $group: { _id: "$Accelerate", count: { $sum: 1 } } }, { $sort: { count: -1 } }, { $limit: 1 }, { $lookup: { from: "cars_data", localField: "_id", foreignField: "Accelerate", as: "data" } }, { $unwind: "$data" }, { $project: { count: 1 } } ])
2026-07-31 15:35:09,674 [INFO   ] [inference] generate_nosql  latency_sec=2.3596  input_tokens=81  output_tokens=36
2026-07-31 15:35:09,675 [INFO   ]   >> INPUT  : Translate the SQL query into an equivalent MongoDB MQL query using the provided schema.

Schema:
cars_data(Accelerate, Cylinders, Edispl, Horsepower, Id, MPG, Weight, Year, _id)

SQL:
SELECT COUNT(*) FROM CARS_DATA WHERE Cylinders > 6

MQL:

2026-07-31 15:35:09,675 [INFO   ]   >> OUTPUT : db.cars_data.aggregate([ { $match: { Cylinders: { $gt: 6 } } }, { $count: "total" } ])
2026-07-31 15:35:12,135 [INFO   ] [inference] generate_nosql  latency_sec=2.4577  input_tokens=81  output_tokens=36
2026-07-31 15:35:12,136 [INFO   ]   >> INPUT  : Translate the SQL query into an equivalent MongoDB MQL query using the provided schema.

Schema:
cars_data(Accelerate, Cylinders, Edispl, Horsepower, Id, MPG, Weight, Year, _id)

SQL:
SELECT COUNT(*) FROM CARS_DATA WHERE Cylinders > 6

MQL:

2026-07-31 15:35:12,136 [INFO   ]   >> OUTPUT : db.cars_data.aggregate([ { $match: { Cylinders: { $gt: 6 } } }, { $count: "total" } ])
2026-07-31 15:35:16,554 [INFO   ] [inference] generate_nosql  latency_sec=4.417  input_tokens=134  output_tokens=91
2026-07-31 15:35:16,554 [INFO   ]   >> INPUT  : Translate the SQL query into an equivalent MongoDB MQL query using the provided schema.

Schema:
car_names(Make, MakeId, Model, _id) | cars_data(Accelerate, Cylinders, Edispl, Horsepower, Id, MPG, Weight, Year, _id)

SQL:
SELECT T1.Model FROM CAR_NAMES AS T1 JOIN CARS_DATA AS T2 ON T1.MakeId = T2.Id WHERE T2.Cylinders = 4 ORDER BY T2.horsepower DESC LIMIT 1

MQL:

2026-07-31 15:35:16,554 [INFO   ]   >> OUTPUT : db.cars_data.aggregate([ { $lookup: { from: "car_names", localField: "Id", foreignField: "MakeId", as: "car_names" } }, { $unwind: "$car_names" }, { $sort: { "car_names.Cylinders": -1 } }, { $limit: 1 }, { $project: { Model: 1 } } ])
2026-07-31 15:35:20,865 [INFO   ] [inference] generate_nosql  latency_sec=4.309  input_tokens=134  output_tokens=91
2026-07-31 15:35:20,865 [INFO   ]   >> INPUT  : Translate the SQL query into an equivalent MongoDB MQL query using the provided schema.

Schema:
car_names(Make, MakeId, Model, _id) | cars_data(Accelerate, Cylinders, Edispl, Horsepower, Id, MPG, Weight, Year, _id)

SQL:
SELECT T1.Model FROM CAR_NAMES AS T1 JOIN CARS_DATA AS T2 ON T1.MakeId = T2.Id WHERE T2.Cylinders = 4 ORDER BY T2.horsepower DESC LIMIT 1

MQL:

2026-07-31 15:35:20,865 [INFO   ]   >> OUTPUT : db.cars_data.aggregate([ { $lookup: { from: "car_names", localField: "Id", foreignField: "MakeId", as: "car_names" } }, { $unwind: "$car_names" }, { $sort: { "car_names.Cylinders": -1 } }, { $limit: 1 }, { $project: { Model: 1 } } ])
2026-07-31 15:35:22,002 [INFO   ] [inference] generate_nosql  latency_sec=1.1359  input_tokens=68  output_tokens=21
2026-07-31 15:35:22,002 [INFO   ]   >> INPUT  : Translate the SQL query into an equivalent MongoDB MQL query using the provided schema.

Schema:
airlines(Abbreviation, Airline, Country, _id, uid)

SQL:
SELECT Country FROM AIRLINES WHERE Airline = "JetBlue Airways"

MQL:

2026-07-31 15:35:22,002 [INFO   ]   >> OUTPUT : db.airlines.find({Airline: "JetBlue Airways"}, {Country: 1})
2026-07-31 15:35:23,339 [INFO   ] [inference] generate_nosql  latency_sec=1.3346  input_tokens=68  output_tokens=21
2026-07-31 15:35:23,339 [INFO   ]   >> INPUT  : Translate the SQL query into an equivalent MongoDB MQL query using the provided schema.

Schema:
airlines(Abbreviation, Airline, Country, _id, uid)

SQL:
SELECT Country FROM AIRLINES WHERE Airline = "JetBlue Airways"

MQL:

2026-07-31 15:35:23,339 [INFO   ]   >> OUTPUT : db.airlines.find({Airline: "JetBlue Airways"}, {Country: 1})
2026-07-31 15:35:24,803 [INFO   ] [inference] generate_nosql  latency_sec=1.4624  input_tokens=70  output_tokens=24
2026-07-31 15:35:24,804 [INFO   ]   >> INPUT  : Translate the SQL query into an equivalent MongoDB MQL query using the provided schema.

Schema:
airlines(Abbreviation, Airline, Country, _id, uid)

SQL:
SELECT Abbreviation FROM AIRLINES WHERE Airline = "JetBlue Airways"

MQL:

2026-07-31 15:35:24,804 [INFO   ]   >> OUTPUT : db.airlines.findOne({Airline: "JetBlue Airways"}, {Abbreviation: 1})
2026-07-31 15:35:26,103 [INFO   ] [inference] generate_nosql  latency_sec=1.2976  input_tokens=70  output_tokens=24
2026-07-31 15:35:26,104 [INFO   ]   >> INPUT  : Translate the SQL query into an equivalent MongoDB MQL query using the provided schema.

Schema:
airlines(Abbreviation, Airline, Country, _id, uid)

SQL:
SELECT Abbreviation FROM AIRLINES WHERE Airline = "JetBlue Airways"

MQL:

2026-07-31 15:35:26,104 [INFO   ]   >> OUTPUT : db.airlines.findOne({Airline: "JetBlue Airways"}, {Abbreviation: 1})
2026-07-31 15:35:27,338 [INFO   ] [inference] generate_nosql  latency_sec=1.2328  input_tokens=70  output_tokens=25
2026-07-31 15:35:27,339 [INFO   ]   >> INPUT  : Translate the SQL query into an equivalent MongoDB MQL query using the provided schema.

Schema:
airlines(Abbreviation, Airline, Country, _id, uid)

SQL:
SELECT Airline , Abbreviation FROM AIRLINES WHERE Country = "USA"

MQL:

2026-07-31 15:35:27,339 [INFO   ]   >> OUTPUT : db.airlines.find({Country: "USA"}, {Airline: 1, Abbreviation: 1})
2026-07-31 15:35:28,553 [INFO   ] [inference] generate_nosql  latency_sec=1.2124  input_tokens=70  output_tokens=25
2026-07-31 15:35:28,553 [INFO   ]   >> INPUT  : Translate the SQL query into an equivalent MongoDB MQL query using the provided schema.

Schema:
airlines(Abbreviation, Airline, Country, _id, uid)

SQL:
SELECT Airline , Abbreviation FROM AIRLINES WHERE Country = "USA"

MQL:

2026-07-31 15:35:28,553 [INFO   ]   >> OUTPUT : db.airlines.find({Country: "USA"}, {Airline: 1, Abbreviation: 1})
2026-07-31 15:35:29,573 [INFO   ] [inference] generate_nosql  latency_sec=1.0187  input_tokens=68  output_tokens=22
2026-07-31 15:35:29,573 [INFO   ]   >> INPUT  : Translate the SQL query into an equivalent MongoDB MQL query using the provided schema.

Schema:
airlines(Abbreviation, Airline, Country, _id, uid)

SQL:
SELECT Airline FROM AIRLINES WHERE Abbreviation = "UAL"

MQL:

2026-07-31 15:35:29,574 [INFO   ]   >> OUTPUT : db.airlines.find({Abbreviation: 'UAL'}, {Airline: 1})
2026-07-31 15:35:30,555 [INFO   ] [inference] generate_nosql  latency_sec=0.9803  input_tokens=68  output_tokens=22
2026-07-31 15:35:30,556 [INFO   ]   >> INPUT  : Translate the SQL query into an equivalent MongoDB MQL query using the provided schema.

Schema:
airlines(Abbreviation, Airline, Country, _id, uid)

SQL:
SELECT Airline FROM AIRLINES WHERE Abbreviation = "UAL"

MQL:

2026-07-31 15:35:30,556 [INFO   ]   >> OUTPUT : db.airlines.find({Abbreviation: 'UAL'}, {Airline: 1})
2026-07-31 15:35:31,629 [INFO   ] [inference] generate_nosql  latency_sec=1.0718  input_tokens=72  output_tokens=22
2026-07-31 15:35:31,629 [INFO   ]   >> INPUT  : Translate the SQL query into an equivalent MongoDB MQL query using the provided schema.

Schema:
airports(AirportCode, AirportName, City, Country, CountryAbbrev, _id)

SQL:
SELECT AirportName FROM AIRPORTS WHERE AirportCode = "AKO"

MQL:

2026-07-31 15:35:31,629 [INFO   ]   >> OUTPUT : db.airports.find({ AirportCode: "AKO" }, { AirportName: 1 })
2026-07-31 15:35:32,709 [INFO   ] [inference] generate_nosql  latency_sec=1.0788  input_tokens=72  output_tokens=22
2026-07-31 15:35:32,710 [INFO   ]   >> INPUT  : Translate the SQL query into an equivalent MongoDB MQL query using the provided schema.

Schema:
airports(AirportCode, AirportName, City, Country, CountryAbbrev, _id)

SQL:
SELECT AirportName FROM AIRPORTS WHERE AirportCode = "AKO"

MQL:

2026-07-31 15:35:32,710 [INFO   ]   >> OUTPUT : db.airports.find({ AirportCode: "AKO" }, { AirportName: 1 })
2026-07-31 15:35:38,372 [INFO   ] [inference] generate_nosql  latency_sec=5.661  input_tokens=114  output_tokens=108
2026-07-31 15:35:38,372 [INFO   ]   >> INPUT  : Translate the SQL query into an equivalent MongoDB MQL query using the provided schema.

Schema:
flights(Airline, DestAirport, FlightNo, SourceAirport, _id) | airlines(Abbreviation, Airline, Country, _id, uid)

SQL:
SELECT count(*) FROM FLIGHTS AS T1 JOIN AIRLINES AS T2 ON T1.Airline = T2.uid WHERE T2.Airline = "JetBlue Airways"

MQL:

2026-07-31 15:35:38,372 [INFO   ]   >> OUTPUT : db.flights.aggregate([ { $lookup: { from: "airlines", localField: "Airline", foreignField: "uid", as: "airline_info" } }, { $unwind: "$airline_info" }, { $match: { "airline_info.Airline": "JetBlue Airways" } }, { $group: { _id: null, count: { $sum: 1 } } }, { $project: { count: 1 } } ])
2026-07-31 15:35:43,456 [INFO   ] [inference] generate_nosql  latency_sec=5.0811  input_tokens=114  output_tokens=108
2026-07-31 15:35:43,456 [INFO   ]   >> INPUT  : Translate the SQL query into an equivalent MongoDB MQL query using the provided schema.

Schema:
flights(Airline, DestAirport, FlightNo, SourceAirport, _id) | airlines(Abbreviation, Airline, Country, _id, uid)

SQL:
SELECT count(*) FROM FLIGHTS AS T1 JOIN AIRLINES AS T2 ON T1.Airline = T2.uid WHERE T2.Airline = "JetBlue Airways"

MQL:

2026-07-31 15:35:43,456 [INFO   ]   >> OUTPUT : db.flights.aggregate([ { $lookup: { from: "airlines", localField: "Airline", foreignField: "uid", as: "airline_info" } }, { $unwind: "$airline_info" }, { $match: { "airline_info.Airline": "JetBlue Airways" } }, { $group: { _id: null, count: { $sum: 1 } } }, { $project: { count: 1 } } ])
2026-07-31 15:35:46,839 [INFO   ] [inference] generate_nosql  latency_sec=3.3806  input_tokens=119  output_tokens=74
2026-07-31 15:35:46,839 [INFO   ]   >> INPUT  : Translate the SQL query into an equivalent MongoDB MQL query using the provided schema.

Schema:
flights(Airline, DestAirport, FlightNo, SourceAirport, _id) | airlines(Abbreviation, Airline, Country, _id, uid)

SQL:
SELECT T1.Airline FROM AIRLINES AS T1 JOIN FLIGHTS AS T2 ON T1.uid = T2.Airline GROUP BY T1.Airline HAVING count(*) < 200

MQL:

2026-07-31 15:35:46,839 [INFO   ]   >> OUTPUT : db.airlines.aggregate([ { $lookup: { from: "flights", localField: "uid", foreignField: "Airline", as: "flights" } }, { $match: { "flights.1": { $exists: true } } }, { $project: { Airline: 1 } } ])
2026-07-31 15:35:50,798 [INFO   ] [inference] generate_nosql  latency_sec=3.9581  input_tokens=119  output_tokens=74
2026-07-31 15:35:50,798 [INFO   ]   >> INPUT  : Translate the SQL query into an equivalent MongoDB MQL query using the provided schema.

Schema:
flights(Airline, DestAirport, FlightNo, SourceAirport, _id) | airlines(Abbreviation, Airline, Country, _id, uid)

SQL:
SELECT T1.Airline FROM AIRLINES AS T1 JOIN FLIGHTS AS T2 ON T1.uid = T2.Airline GROUP BY T1.Airline HAVING count(*) < 200

MQL:

2026-07-31 15:35:50,798 [INFO   ]   >> OUTPUT : db.airlines.aggregate([ { $lookup: { from: "flights", localField: "uid", foreignField: "Airline", as: "flights" } }, { $match: { "flights.1": { $exists: true } } }, { $project: { Airline: 1 } } ])
2026-07-31 15:35:52,123 [INFO   ] [inference] generate_nosql  latency_sec=1.3217  input_tokens=58  output_tokens=21
2026-07-31 15:35:52,123 [INFO   ]   >> INPUT  : Translate the SQL query into an equivalent MongoDB MQL query using the provided schema.

Schema:
employee(Age, City, Employee_ID, Name, _id)

SQL:
SELECT name FROM employee ORDER BY age

MQL:

2026-07-31 15:35:52,123 [INFO   ]   >> OUTPUT : db.employee.find({}, {Name: 1}).sort({Age: 1})
2026-07-31 15:35:53,255 [INFO   ] [inference] generate_nosql  latency_sec=1.1292  input_tokens=58  output_tokens=21
2026-07-31 15:35:53,255 [INFO   ]   >> INPUT  : Translate the SQL query into an equivalent MongoDB MQL query using the provided schema.

Schema:
employee(Age, City, Employee_ID, Name, _id)

SQL:
SELECT name FROM employee ORDER BY age

MQL:

2026-07-31 15:35:53,256 [INFO   ]   >> OUTPUT : db.employee.find({}, {Name: 1}).sort({Age: 1})
2026-07-31 15:35:55,326 [INFO   ] [inference] generate_nosql  latency_sec=2.0689  input_tokens=62  output_tokens=31
2026-07-31 15:35:55,326 [INFO   ]   >> INPUT  : Translate the SQL query into an equivalent MongoDB MQL query using the provided schema.

Schema:
employee(Age, City, Employee_ID, Name, _id)

SQL:
SELECT count(*) , city FROM employee GROUP BY city

MQL:

2026-07-31 15:35:55,326 [INFO   ]   >> OUTPUT : db.employee.aggregate([ { $group: { _id: "$City", count: { $sum: 1 } } } ])
2026-07-31 15:35:57,423 [INFO   ] [inference] generate_nosql  latency_sec=2.0959  input_tokens=62  output_tokens=31
2026-07-31 15:35:57,424 [INFO   ]   >> INPUT  : Translate the SQL query into an equivalent MongoDB MQL query using the provided schema.

Schema:
employee(Age, City, Employee_ID, Name, _id)

SQL:
SELECT count(*) , city FROM employee GROUP BY city

MQL:

2026-07-31 15:35:57,424 [INFO   ]   >> OUTPUT : db.employee.aggregate([ { $group: { _id: "$City", count: { $sum: 1 } } } ])
2026-07-31 15:36:00,135 [INFO   ] [inference] generate_nosql  latency_sec=2.7099  input_tokens=70  output_tokens=46
2026-07-31 15:36:00,135 [INFO   ]   >> INPUT  : Translate the SQL query into an equivalent MongoDB MQL query using the provided schema.

Schema:
employee(Age, City, Employee_ID, Name, _id)

SQL:
SELECT city FROM employee WHERE age < 30 GROUP BY city HAVING count(*) > 1

MQL:

2026-07-31 15:36:00,135 [INFO   ]   >> OUTPUT : db.employee.aggregate([ { $match: { Age: { $lt: 30 } } }, { $group: { _id: "$City", count: { $sum: 1 } } } ])
2026-07-31 15:36:02,986 [INFO   ] [inference] generate_nosql  latency_sec=2.8491  input_tokens=70  output_tokens=46
2026-07-31 15:36:02,986 [INFO   ]   >> INPUT  : Translate the SQL query into an equivalent MongoDB MQL query using the provided schema.

Schema:
employee(Age, City, Employee_ID, Name, _id)

SQL:
SELECT city FROM employee WHERE age < 30 GROUP BY city HAVING count(*) > 1

MQL:

2026-07-31 15:36:02,986 [INFO   ]   >> OUTPUT : db.employee.aggregate([ { $match: { Age: { $lt: 30 } } }, { $group: { _id: "$City", count: { $sum: 1 } } } ])
2026-07-31 15:36:05,731 [INFO   ] [inference] generate_nosql  latency_sec=2.7428  input_tokens=71  output_tokens=30
2026-07-31 15:36:05,732 [INFO   ]   >> INPUT  : Translate the SQL query into an equivalent MongoDB MQL query using the provided schema.

Schema:
shop(District, Location, Manager_name, Name, Number_products, Shop_ID, _id)

SQL:
SELECT count(*) , LOCATION FROM shop GROUP BY LOCATION

MQL:

2026-07-31 15:36:05,732 [INFO   ]   >> OUTPUT : db.shop.aggregate([ { $group: { _id: "$Location", count: { $sum: 1 } } } ])
2026-07-31 15:36:07,923 [INFO   ] [inference] generate_nosql  latency_sec=2.1886  input_tokens=71  output_tokens=30
2026-07-31 15:36:07,923 [INFO   ]   >> INPUT  : Translate the SQL query into an equivalent MongoDB MQL query using the provided schema.

Schema:
shop(District, Location, Manager_name, Name, Number_products, Shop_ID, _id)

SQL:
SELECT count(*) , LOCATION FROM shop GROUP BY LOCATION

MQL:

2026-07-31 15:36:07,923 [INFO   ]   >> OUTPUT : db.shop.aggregate([ { $group: { _id: "$Location", count: { $sum: 1 } } } ])
2026-07-31 15:36:11,138 [INFO   ] [inference] generate_nosql  latency_sec=3.2132  input_tokens=74  output_tokens=71
2026-07-31 15:36:11,138 [INFO   ]   >> INPUT  : Translate the SQL query into an equivalent MongoDB MQL query using the provided schema.

Schema:
shop(District, Location, Manager_name, Name, Number_products, Shop_ID, _id)

SQL:
SELECT min(Number_products) , max(Number_products) FROM shop

MQL:

2026-07-31 15:36:11,138 [INFO   ]   >> OUTPUT : db.shop.aggregate([ { $group: { _id: null, minNumberOfProducts: { $min: "$Number_products" }, maxNumberOfProducts: { $max: "$Number_products" } } }, { $project: { minNumberOfProducts: 1, maxNumberOfProducts: 1 } } ])
2026-07-31 15:36:14,377 [INFO   ] [inference] generate_nosql  latency_sec=3.2369  input_tokens=74  output_tokens=71
2026-07-31 15:36:14,377 [INFO   ]   >> INPUT  : Translate the SQL query into an equivalent MongoDB MQL query using the provided schema.

Schema:
shop(District, Location, Manager_name, Name, Number_products, Shop_ID, _id)

SQL:
SELECT min(Number_products) , max(Number_products) FROM shop

MQL:

2026-07-31 15:36:14,377 [INFO   ]   >> OUTPUT : db.shop.aggregate([ { $group: { _id: null, minNumberOfProducts: { $min: "$Number_products" }, maxNumberOfProducts: { $max: "$Number_products" } } }, { $project: { minNumberOfProducts: 1, maxNumberOfProducts: 1 } } ])
2026-07-31 15:36:15,800 [INFO   ] [inference] generate_nosql  latency_sec=1.4214  input_tokens=74  output_tokens=31
2026-07-31 15:36:15,800 [INFO   ]   >> INPUT  : Translate the SQL query into an equivalent MongoDB MQL query using the provided schema.

Schema:
shop(District, Location, Manager_name, Name, Number_products, Shop_ID, _id)

SQL:
SELECT name , LOCATION , district FROM shop ORDER BY number_products DESC

MQL:

2026-07-31 15:36:15,800 [INFO   ]   >> OUTPUT : db.shop.find({}, { Name: 1, Location: 1, District: 1 }).sort({ Number_products: -1 })
2026-07-31 15:36:17,629 [INFO   ] [inference] generate_nosql  latency_sec=1.8277  input_tokens=74  output_tokens=31
2026-07-31 15:36:17,630 [INFO   ]   >> INPUT  : Translate the SQL query into an equivalent MongoDB MQL query using the provided schema.

Schema:
shop(District, Location, Manager_name, Name, Number_products, Shop_ID, _id)

SQL:
SELECT name , LOCATION , district FROM shop ORDER BY number_products DESC

MQL:

2026-07-31 15:36:17,630 [INFO   ]   >> OUTPUT : db.shop.find({}, { Name: 1, Location: 1, District: 1 }).sort({ Number_products: -1 })
2026-07-31 15:36:23,644 [INFO   ] [inference] generate_nosql  latency_sec=6.0122  input_tokens=119  output_tokens=118
2026-07-31 15:36:23,645 [INFO   ]   >> INPUT  : Translate the SQL query into an equivalent MongoDB MQL query using the provided schema.

Schema:
evaluation(Bonus, Employee_ID, Year_awarded, _id) | employee(Age, City, Employee_ID, Name, _id)

SQL:
SELECT t1.name FROM employee AS t1 JOIN evaluation AS t2 ON t1.Employee_ID = t2.Employee_ID GROUP BY t2.Employee_ID ORDER BY count(*) DESC LIMIT 1

MQL:

2026-07-31 15:36:23,645 [INFO   ]   >> OUTPUT : db.evaluation.aggregate([ { $lookup: { from: "employee", localField: "Employee_ID", foreignField: "Employee_ID", as: "employee_info" } }, { $unwind: "$employee_info" }, { $group: { _id: "$employee_info.Name", count: { $sum: 1 } } }, { $sort: { count: -1 } }, { $limit: 1 }, { $project: { name: "$_id" } } ])
2026-07-31 15:36:29,038 [INFO   ] [inference] generate_nosql  latency_sec=5.3915  input_tokens=119  output_tokens=118
2026-07-31 15:36:29,038 [INFO   ]   >> INPUT  : Translate the SQL query into an equivalent MongoDB MQL query using the provided schema.

Schema:
evaluation(Bonus, Employee_ID, Year_awarded, _id) | employee(Age, City, Employee_ID, Name, _id)

SQL:
SELECT t1.name FROM employee AS t1 JOIN evaluation AS t2 ON t1.Employee_ID = t2.Employee_ID GROUP BY t2.Employee_ID ORDER BY count(*) DESC LIMIT 1

MQL:

2026-07-31 15:36:29,038 [INFO   ]   >> OUTPUT : db.evaluation.aggregate([ { $lookup: { from: "employee", localField: "Employee_ID", foreignField: "Employee_ID", as: "employee_info" } }, { $unwind: "$employee_info" }, { $group: { _id: "$employee_info.Name", count: { $sum: 1 } } }, { $sort: { count: -1 } }, { $limit: 1 }, { $project: { name: "$_id" } } ])
2026-07-31 15:36:35,652 [INFO   ] [inference] generate_nosql  latency_sec=6.6121  input_tokens=131  output_tokens=121
2026-07-31 15:36:35,652 [INFO   ]   >> INPUT  : Translate the SQL query into an equivalent MongoDB MQL query using the provided schema.

Schema:
shop(District, Location, Manager_name, Name, Number_products, Shop_ID, _id) | hiring(Employee_ID, Is_full_time, Shop_ID, Start_from, _id)

SQL:
SELECT t2.name FROM hiring AS t1 JOIN shop AS t2 ON t1.shop_id = t2.shop_id GROUP BY t1.shop_id ORDER BY count(*) DESC LIMIT 1

MQL:

2026-07-31 15:36:35,652 [INFO   ]   >> OUTPUT : db.hiring.aggregate([ { $lookup: { from: "shop", localField: "Shop_ID", foreignField: "Shop_ID", as: "shop_info" } }, { $unwind: "$shop_info" }, { $group: { _id: "$Shop_ID", name: { $first: "$shop_info.Name" }, count: { $sum: 1 } } }, { $sort: { count: -1 } }, { $limit: 1 }, { $project: { name: 1 } } ])
2026-07-31 15:36:37,279 [INFO   ] [inference] generate_nosql  latency_sec=1.6255  input_tokens=101  output_tokens=36
2026-07-31 15:36:37,279 [INFO   ]   >> INPUT  : Translate the SQL query into an equivalent MongoDB MQL query using the provided schema.

Schema:
shop(District, Location, Manager_name, Name, Number_products, Shop_ID, _id) | hiring(Employee_ID, Is_full_time, Shop_ID, Start_from, _id)

SQL:
SELECT name FROM shop WHERE shop_id NOT IN (SELECT shop_id FROM hiring)

MQL:

2026-07-31 15:36:37,280 [INFO   ]   >> OUTPUT : db.shop.find( { Shop_ID: { $nin: db.hiring.distinct("Shop_ID") } }, { Name: 1 } )
2026-07-31 15:36:38,904 [INFO   ] [inference] generate_nosql  latency_sec=1.6233  input_tokens=101  output_tokens=36
2026-07-31 15:36:38,905 [INFO   ]   >> INPUT  : Translate the SQL query into an equivalent MongoDB MQL query using the provided schema.

Schema:
shop(District, Location, Manager_name, Name, Number_products, Shop_ID, _id) | hiring(Employee_ID, Is_full_time, Shop_ID, Start_from, _id)

SQL:
SELECT name FROM shop WHERE shop_id NOT IN (SELECT shop_id FROM hiring)

MQL:

2026-07-31 15:36:38,905 [INFO   ]   >> OUTPUT : db.shop.find( { Shop_ID: { $nin: db.hiring.distinct("Shop_ID") } }, { Name: 1 } )
2026-07-31 15:36:43,374 [INFO   ] [inference] generate_nosql  latency_sec=4.4675  input_tokens=123  output_tokens=98
2026-07-31 15:36:43,374 [INFO   ]   >> INPUT  : Translate the SQL query into an equivalent MongoDB MQL query using the provided schema.

Schema:
shop(District, Location, Manager_name, Name, Number_products, Shop_ID, _id) | hiring(Employee_ID, Is_full_time, Shop_ID, Start_from, _id)

SQL:
SELECT count(*) , t2.name FROM hiring AS t1 JOIN shop AS t2 ON t1.shop_id = t2.shop_id GROUP BY t2.name

MQL:

2026-07-31 15:36:43,374 [INFO   ]   >> OUTPUT : db.hiring.aggregate([ { $lookup: { from: "shop", localField: "Shop_ID", foreignField: "Shop_ID", as: "shop_info" } }, { $unwind: "$shop_info" }, { $group: { _id: "$shop_info.Name", count: { $sum: 1 } } }, { $project: { name: "$_id", count: 1 } } ])
2026-07-31 15:36:48,920 [INFO   ] [inference] generate_nosql  latency_sec=5.5439  input_tokens=123  output_tokens=98
2026-07-31 15:36:48,921 [INFO   ]   >> INPUT  : Translate the SQL query into an equivalent MongoDB MQL query using the provided schema.

Schema:
shop(District, Location, Manager_name, Name, Number_products, Shop_ID, _id) | hiring(Employee_ID, Is_full_time, Shop_ID, Start_from, _id)

SQL:
SELECT count(*) , t2.name FROM hiring AS t1 JOIN shop AS t2 ON t1.shop_id = t2.shop_id GROUP BY t2.name

MQL:

2026-07-31 15:36:48,921 [INFO   ]   >> OUTPUT : db.hiring.aggregate([ { $lookup: { from: "shop", localField: "Shop_ID", foreignField: "Shop_ID", as: "shop_info" } }, { $unwind: "$shop_info" }, { $group: { _id: "$shop_info.Name", count: { $sum: 1 } } }, { $project: { name: "$_id", count: 1 } } ])
2026-07-31 15:36:50,939 [INFO   ] [inference] generate_nosql  latency_sec=2.0168  input_tokens=60  output_tokens=44
2026-07-31 15:36:50,940 [INFO   ]   >> INPUT  : Translate the SQL query into an equivalent MongoDB MQL query using the provided schema.

Schema:
evaluation(Bonus, Employee_ID, Year_awarded, _id)

SQL:
SELECT sum(bonus) FROM evaluation

MQL:

2026-07-31 15:36:50,940 [INFO   ]   >> OUTPUT : db.evaluation.aggregate([ { $group: { _id: null, totalBonus: { $sum: "$Bonus" } } }, { $project: { totalBonus: 1 } } ])
2026-07-31 15:36:52,978 [INFO   ] [inference] generate_nosql  latency_sec=2.0367  input_tokens=60  output_tokens=44
2026-07-31 15:36:52,978 [INFO   ]   >> INPUT  : Translate the SQL query into an equivalent MongoDB MQL query using the provided schema.

Schema:
evaluation(Bonus, Employee_ID, Year_awarded, _id)

SQL:
SELECT sum(bonus) FROM evaluation

MQL:

2026-07-31 15:36:52,978 [INFO   ]   >> OUTPUT : db.evaluation.aggregate([ { $group: { _id: null, totalBonus: { $sum: "$Bonus" } } }, { $project: { totalBonus: 1 } } ])
2026-07-31 15:36:53,654 [INFO   ] [inference] generate_nosql  latency_sec=0.6741  input_tokens=64  output_tokens=15
2026-07-31 15:36:53,654 [INFO   ]   >> INPUT  : Translate the SQL query into an equivalent MongoDB MQL query using the provided schema.

Schema:
hiring(Employee_ID, Is_full_time, Shop_ID, Start_from, _id)

SQL:
SELECT * FROM hiring

MQL:

2026-07-31 15:36:53,654 [INFO   ]   >> OUTPUT : db.hiring.find({}, {Hiring: 1})
2026-07-31 15:36:54,333 [INFO   ] [inference] generate_nosql  latency_sec=0.6767  input_tokens=64  output_tokens=15
2026-07-31 15:36:54,333 [INFO   ]   >> INPUT  : Translate the SQL query into an equivalent MongoDB MQL query using the provided schema.

Schema:
hiring(Employee_ID, Is_full_time, Shop_ID, Start_from, _id)

SQL:
SELECT * FROM hiring

MQL:

2026-07-31 15:36:54,333 [INFO   ]   >> OUTPUT : db.hiring.find({}, {Hiring: 1})
2026-07-31 15:36:55,829 [INFO   ] [inference] generate_nosql  latency_sec=1.4941  input_tokens=70  output_tokens=33
2026-07-31 15:36:55,830 [INFO   ]   >> INPUT  : Translate the SQL query into an equivalent MongoDB MQL query using the provided schema.

Schema:
shop(District, Location, Manager_name, Name, Number_products, Shop_ID, _id)

SQL:
SELECT count(DISTINCT LOCATION) FROM shop

MQL:

2026-07-31 15:36:55,830 [INFO   ]   >> OUTPUT : db.shop.aggregate([ { $group: { _id: "$Location" } }, { $count: "total_locations" } ])
2026-07-31 15:36:57,190 [INFO   ] [inference] generate_nosql  latency_sec=1.3589  input_tokens=74  output_tokens=27
2026-07-31 15:36:57,190 [INFO   ]   >> INPUT  : Translate the SQL query into an equivalent MongoDB MQL query using the provided schema.

Schema:
Documents(Document_Description, Document_ID, Document_Name, Other_Details, Template_ID, _id)

SQL:
SELECT document_id , document_name , document_description FROM Documents

MQL:

2026-07-31 15:36:57,190 [INFO   ]   >> OUTPUT : db.Documents.find({}, { Document_ID: 1, Document_Name: 1, Document_Description: 1 })
2026-07-31 15:36:58,915 [INFO   ] [inference] generate_nosql  latency_sec=1.7225  input_tokens=74  output_tokens=27
2026-07-31 15:36:58,916 [INFO   ]   >> INPUT  : Translate the SQL query into an equivalent MongoDB MQL query using the provided schema.

Schema:
Documents(Document_Description, Document_ID, Document_Name, Other_Details, Template_ID, _id)

SQL:
SELECT document_id , document_name , document_description FROM Documents

MQL:

2026-07-31 15:36:58,916 [INFO   ]   >> OUTPUT : db.Documents.find({}, { Document_ID: 1, Document_Name: 1, Document_Description: 1 })
2026-07-31 15:37:00,841 [INFO   ] [inference] generate_nosql  latency_sec=1.9229  input_tokens=78  output_tokens=32
2026-07-31 15:37:00,842 [INFO   ]   >> INPUT  : Translate the SQL query into an equivalent MongoDB MQL query using the provided schema.

Schema:
Documents(Document_Description, Document_ID, Document_Name, Other_Details, Template_ID, _id)

SQL:
SELECT document_name , template_id FROM Documents WHERE Document_Description LIKE "%w%"

MQL:

2026-07-31 15:37:00,842 [INFO   ]   >> OUTPUT : db.Documents.find( { Document_Description: /w/i/ }, { Document_Name: 1, Template_ID: 1 } )
2026-07-31 15:37:02,294 [INFO   ] [inference] generate_nosql  latency_sec=1.4506  input_tokens=78  output_tokens=32
2026-07-31 15:37:02,294 [INFO   ]   >> INPUT  : Translate the SQL query into an equivalent MongoDB MQL query using the provided schema.

Schema:
Documents(Document_Description, Document_ID, Document_Name, Other_Details, Template_ID, _id)

SQL:
SELECT document_name , template_id FROM Documents WHERE Document_Description LIKE "%w%"

MQL:

2026-07-31 15:37:02,294 [INFO   ]   >> OUTPUT : db.Documents.find( { Document_Description: /w/i/ }, { Document_Name: 1, Template_ID: 1 } )
2026-07-31 15:37:04,029 [INFO   ] [inference] generate_nosql  latency_sec=1.7333  input_tokens=84  output_tokens=38
2026-07-31 15:37:04,029 [INFO   ]   >> INPUT  : Translate the SQL query into an equivalent MongoDB MQL query using the provided schema.

Schema:
Documents(Document_Description, Document_ID, Document_Name, Other_Details, Template_ID, _id)

SQL:
SELECT document_id , template_id , Document_Description FROM Documents WHERE document_name = "Robbin CV"

MQL:

2026-07-31 15:37:04,029 [INFO   ]   >> OUTPUT : db.Documents.find( { Document_Name: "Robbin CV" }, { Document_ID: 1, Template_ID: 1, Document_Description: 1 } )
2026-07-31 15:37:05,760 [INFO   ] [inference] generate_nosql  latency_sec=1.7289  input_tokens=84  output_tokens=38
2026-07-31 15:37:05,760 [INFO   ]   >> INPUT  : Translate the SQL query into an equivalent MongoDB MQL query using the provided schema.

Schema:
Documents(Document_Description, Document_ID, Document_Name, Other_Details, Template_ID, _id)

SQL:
SELECT document_id , template_id , Document_Description FROM Documents WHERE document_name = "Robbin CV"

MQL:

2026-07-31 15:37:05,760 [INFO   ]   >> OUTPUT : db.Documents.find( { Document_Name: "Robbin CV" }, { Document_ID: 1, Template_ID: 1, Document_Description: 1 } )
2026-07-31 15:37:07,348 [INFO   ] [inference] generate_nosql  latency_sec=1.5858  input_tokens=73  output_tokens=35
2026-07-31 15:37:07,349 [INFO   ]   >> INPUT  : Translate the SQL query into an equivalent MongoDB MQL query using the provided schema.

Schema:
Documents(Document_Description, Document_ID, Document_Name, Other_Details, Template_ID, _id)

SQL:
SELECT count(DISTINCT template_id) FROM Documents

MQL:

2026-07-31 15:37:07,349 [INFO   ]   >> OUTPUT : db.Documents.aggregate([ { $group: { _id: "$Template_ID" } }, { $count: "unique_templates" } ])
2026-07-31 15:37:09,040 [INFO   ] [inference] generate_nosql  latency_sec=1.6896  input_tokens=73  output_tokens=35
2026-07-31 15:37:09,040 [INFO   ]   >> INPUT  : Translate the SQL query into an equivalent MongoDB MQL query using the provided schema.

Schema:
Documents(Document_Description, Document_ID, Document_Name, Other_Details, Template_ID, _id)

SQL:
SELECT count(DISTINCT template_id) FROM Documents

MQL:

2026-07-31 15:37:09,040 [INFO   ]   >> OUTPUT : db.Documents.aggregate([ { $group: { _id: "$Template_ID" } }, { $count: "unique_templates" } ])
2026-07-31 15:37:15,169 [INFO   ] [inference] generate_nosql  latency_sec=6.1268  input_tokens=141  output_tokens=109
2026-07-31 15:37:15,169 [INFO   ]   >> INPUT  : Translate the SQL query into an equivalent MongoDB MQL query using the provided schema.

Schema:
Templates(Date_Effective_From, Date_Effective_To, Template_Details, Template_ID, Template_Type_Code, Version_Number, _id) | Documents(Document_Description, Document_ID, Document_Name, Other_Details, Template_ID, _id)

SQL:
SELECT count(*) FROM Documents AS T1 JOIN Templates AS T2 ON T1.Template_ID = T2.Template_ID WHERE T2.Template_Type_Code = 'PPT'

MQL:

2026-07-31 15:37:15,169 [INFO   ]   >> OUTPUT : db.Documents.aggregate([ { $lookup: { from: "Templates", localField: "Template_ID", foreignField: "Template_ID", as: "template_info" } }, { $unwind: "$template_info" }, { $match: { "template_info.Template_Type_Code": "PPT" } }, { $group: { _id: null, count: { $sum: 1 } } }, { $project: { count: 1 } } ])
2026-07-31 15:37:20,275 [INFO   ] [inference] generate_nosql  latency_sec=5.1047  input_tokens=141  output_tokens=109
2026-07-31 15:37:20,275 [INFO   ]   >> INPUT  : Translate the SQL query into an equivalent MongoDB MQL query using the provided schema.

Schema:
Templates(Date_Effective_From, Date_Effective_To, Template_Details, Template_ID, Template_Type_Code, Version_Number, _id) | Documents(Document_Description, Document_ID, Document_Name, Other_Details, Template_ID, _id)

SQL:
SELECT count(*) FROM Documents AS T1 JOIN Templates AS T2 ON T1.Template_ID = T2.Template_ID WHERE T2.Template_Type_Code = 'PPT'

MQL:

2026-07-31 15:37:20,276 [INFO   ]   >> OUTPUT : db.Documents.aggregate([ { $lookup: { from: "Templates", localField: "Template_ID", foreignField: "Template_ID", as: "template_info" } }, { $unwind: "$template_info" }, { $match: { "template_info.Template_Type_Code": "PPT" } }, { $group: { _id: null, count: { $sum: 1 } } }, { $project: { count: 1 } } ])
2026-07-31 15:37:22,223 [INFO   ] [inference] generate_nosql  latency_sec=1.9451  input_tokens=75  output_tokens=32
2026-07-31 15:37:22,223 [INFO   ]   >> INPUT  : Translate the SQL query into an equivalent MongoDB MQL query using the provided schema.

Schema:
Documents(Document_Description, Document_ID, Document_Name, Other_Details, Template_ID, _id)

SQL:
SELECT template_id , count(*) FROM Documents GROUP BY template_id

MQL:

2026-07-31 15:37:22,223 [INFO   ]   >> OUTPUT : db.Documents.aggregate([ { $group: { _id: "$Template_ID", count: { $sum: 1 } } } ])
2026-07-31 15:37:24,153 [INFO   ] [inference] generate_nosql  latency_sec=1.9274  input_tokens=75  output_tokens=32
2026-07-31 15:37:24,153 [INFO   ]   >> INPUT  : Translate the SQL query into an equivalent MongoDB MQL query using the provided schema.

Schema:
Documents(Document_Description, Document_ID, Document_Name, Other_Details, Template_ID, _id)

SQL:
SELECT template_id , count(*) FROM Documents GROUP BY template_id

MQL:

2026-07-31 15:37:24,153 [INFO   ]   >> OUTPUT : db.Documents.aggregate([ { $group: { _id: "$Template_ID", count: { $sum: 1 } } } ])
2026-07-31 15:37:27,871 [INFO   ] [inference] generate_nosql  latency_sec=3.7145  input_tokens=79  output_tokens=58
2026-07-31 15:37:27,871 [INFO   ]   >> INPUT  : Translate the SQL query into an equivalent MongoDB MQL query using the provided schema.

Schema:
Documents(Document_Description, Document_ID, Document_Name, Other_Details, Template_ID, _id)

SQL:
SELECT template_id FROM Documents GROUP BY template_id HAVING count(*) > 1

MQL:

2026-07-31 15:37:27,871 [INFO   ]   >> OUTPUT : db.Documents.aggregate([ { $group: { _id: "$Template_ID", count: { $sum: 1 } } }, { $match: { count: { $gt: 1 } } }, { $project: { _id: 1 } } ])
2026-07-31 15:37:30,740 [INFO   ] [inference] generate_nosql  latency_sec=2.8658  input_tokens=79  output_tokens=58
2026-07-31 15:37:30,740 [INFO   ]   >> INPUT  : Translate the SQL query into an equivalent MongoDB MQL query using the provided schema.

Schema:
Documents(Document_Description, Document_ID, Document_Name, Other_Details, Template_ID, _id)

SQL:
SELECT template_id FROM Documents GROUP BY template_id HAVING count(*) > 1

MQL:

2026-07-31 15:37:30,740 [INFO   ]   >> OUTPUT : db.Documents.aggregate([ { $group: { _id: "$Template_ID", count: { $sum: 1 } } }, { $match: { count: { $gt: 1 } } }, { $project: { _id: 1 } } ])
2026-07-31 15:37:32,750 [INFO   ] [inference] generate_nosql  latency_sec=2.0083  input_tokens=112  output_tokens=38
2026-07-31 15:37:32,750 [INFO   ]   >> INPUT  : Translate the SQL query into an equivalent MongoDB MQL query using the provided schema.

Schema:
Templates(Date_Effective_From, Date_Effective_To, Template_Details, Template_ID, Template_Type_Code, Version_Number, _id) | Documents(Document_Description, Document_ID, Document_Name, Other_Details, Template_ID, _id)

SQL:
SELECT template_id FROM Templates EXCEPT SELECT template_id FROM Documents

MQL:

2026-07-31 15:37:32,750 [INFO   ]   >> OUTPUT : db.Templates.find( { Template_ID: { $nin: db.Documents.distinct("Template_ID") } }, { Template_ID: 1 } )
2026-07-31 15:37:34,733 [INFO   ] [inference] generate_nosql  latency_sec=1.9806  input_tokens=112  output_tokens=38
2026-07-31 15:37:34,733 [INFO   ]   >> INPUT  : Translate the SQL query into an equivalent MongoDB MQL query using the provided schema.

Schema:
Templates(Date_Effective_From, Date_Effective_To, Template_Details, Template_ID, Template_Type_Code, Version_Number, _id) | Documents(Document_Description, Document_ID, Document_Name, Other_Details, Template_ID, _id)

SQL:
SELECT template_id FROM Templates EXCEPT SELECT template_id FROM Documents

MQL:

2026-07-31 15:37:34,733 [INFO   ]   >> OUTPUT : db.Templates.find( { Template_ID: { $nin: db.Documents.distinct("Template_ID") } }, { Template_ID: 1 } )
2026-07-31 15:37:36,068 [INFO   ] [inference] generate_nosql  latency_sec=1.3333  input_tokens=88  output_tokens=30
2026-07-31 15:37:36,069 [INFO   ]   >> INPUT  : Translate the SQL query into an equivalent MongoDB MQL query using the provided schema.

Schema:
Templates(Date_Effective_From, Date_Effective_To, Template_Details, Template_ID, Template_Type_Code, Version_Number, _id)

SQL:
SELECT template_id , version_number , template_type_code FROM Templates

MQL:

2026-07-31 15:37:36,069 [INFO   ]   >> OUTPUT : db.Templates.find({}, { Template_ID: 1, Version_Number: 1, Template_Type_Code: 1 })
2026-07-31 15:37:37,443 [INFO   ] [inference] generate_nosql  latency_sec=1.3724  input_tokens=88  output_tokens=30
2026-07-31 15:37:37,443 [INFO   ]   >> INPUT  : Translate the SQL query into an equivalent MongoDB MQL query using the provided schema.

Schema:
Templates(Date_Effective_From, Date_Effective_To, Template_Details, Template_ID, Template_Type_Code, Version_Number, _id)

SQL:
SELECT template_id , version_number , template_type_code FROM Templates

MQL:

2026-07-31 15:37:37,443 [INFO   ]   >> OUTPUT : db.Templates.find({}, { Template_ID: 1, Version_Number: 1, Template_Type_Code: 1 })
2026-07-31 15:37:39,623 [INFO   ] [inference] generate_nosql  latency_sec=2.1773  input_tokens=84  output_tokens=18
2026-07-31 15:37:39,623 [INFO   ]   >> INPUT  : Translate the SQL query into an equivalent MongoDB MQL query using the provided schema.

Schema:
Templates(Date_Effective_From, Date_Effective_To, Template_Details, Template_ID, Template_Type_Code, Version_Number, _id)

SQL:
SELECT DISTINCT template_type_code FROM Templates

MQL:

2026-07-31 15:37:39,623 [INFO   ]   >> OUTPUT : db.Templates.find({}, { Template_Type_Code: 1 })
2026-07-31 15:37:42,305 [INFO   ] [inference] generate_nosql  latency_sec=2.6784  input_tokens=99  output_tokens=46
2026-07-31 15:37:42,305 [INFO   ]   >> INPUT  : Translate the SQL query into an equivalent MongoDB MQL query using the provided schema.

Schema:
Templates(Date_Effective_From, Date_Effective_To, Template_Details, Template_ID, Template_Type_Code, Version_Number, _id)

SQL:
SELECT template_id FROM Templates WHERE template_type_code = "PP" OR template_type_code = "PPT"

MQL:

2026-07-31 15:37:42,305 [INFO   ]   >> OUTPUT : db.Templates.find( { $or: [ { Template_Type_Code: "PP" }, { Template_Type_Code: "PPT" } ] }, { Template_ID: 1 } )
2026-07-31 15:37:44,417 [INFO   ] [inference] generate_nosql  latency_sec=2.1103  input_tokens=99  output_tokens=46
2026-07-31 15:37:44,417 [INFO   ]   >> INPUT  : Translate the SQL query into an equivalent MongoDB MQL query using the provided schema.

Schema:
Templates(Date_Effective_From, Date_Effective_To, Template_Details, Template_ID, Template_Type_Code, Version_Number, _id)

SQL:
SELECT template_id FROM Templates WHERE template_type_code = "PP" OR template_type_code = "PPT"

MQL:

2026-07-31 15:37:44,417 [INFO   ]   >> OUTPUT : db.Templates.find( { $or: [ { Template_Type_Code: "PP" }, { Template_Type_Code: "PPT" } ] }, { Template_ID: 1 } )
2026-07-31 15:37:46,190 [INFO   ] [inference] generate_nosql  latency_sec=1.7713  input_tokens=88  output_tokens=34
2026-07-31 15:37:46,191 [INFO   ]   >> INPUT  : Translate the SQL query into an equivalent MongoDB MQL query using the provided schema.

Schema:
Templates(Date_Effective_From, Date_Effective_To, Template_Details, Template_ID, Template_Type_Code, Version_Number, _id)

SQL:
SELECT count(*) FROM Templates WHERE template_type_code = "CV"

MQL:

2026-07-31 15:37:46,191 [INFO   ]   >> OUTPUT : db.Templates.aggregate([ { $match: { Template_Type_Code: "CV" } }, { $count: "total" } ])
2026-07-31 15:37:47,719 [INFO   ] [inference] generate_nosql  latency_sec=1.5266  input_tokens=90  output_tokens=34
2026-07-31 15:37:47,719 [INFO   ]   >> INPUT  : Translate the SQL query into an equivalent MongoDB MQL query using the provided schema.

Schema:
Templates(Date_Effective_From, Date_Effective_To, Template_Details, Template_ID, Template_Type_Code, Version_Number, _id)

SQL:
SELECT version_number , template_type_code FROM Templates WHERE version_number > 5

MQL:

2026-07-31 15:37:47,719 [INFO   ]   >> OUTPUT : db.Templates.find({Version_Number: {$gt: 5}}, {Version_Number: 1, Template_Type_Code: 1})
2026-07-31 15:37:49,299 [INFO   ] [inference] generate_nosql  latency_sec=1.5779  input_tokens=90  output_tokens=34
2026-07-31 15:37:49,299 [INFO   ]   >> INPUT  : Translate the SQL query into an equivalent MongoDB MQL query using the provided schema.

Schema:
Templates(Date_Effective_From, Date_Effective_To, Template_Details, Template_ID, Template_Type_Code, Version_Number, _id)

SQL:
SELECT version_number , template_type_code FROM Templates WHERE version_number > 5

MQL:

2026-07-31 15:37:49,299 [INFO   ]   >> OUTPUT : db.Templates.find({Version_Number: {$gt: 5}}, {Version_Number: 1, Template_Type_Code: 1})
2026-07-31 15:37:51,386 [INFO   ] [inference] generate_nosql  latency_sec=2.0852  input_tokens=91  output_tokens=35
2026-07-31 15:37:51,386 [INFO   ]   >> INPUT  : Translate the SQL query into an equivalent MongoDB MQL query using the provided schema.

Schema:
Templates(Date_Effective_From, Date_Effective_To, Template_Details, Template_ID, Template_Type_Code, Version_Number, _id)

SQL:
SELECT template_type_code , count(*) FROM Templates GROUP BY template_type_code

MQL:

2026-07-31 15:37:51,386 [INFO   ]   >> OUTPUT : db.Templates.aggregate([ { $group: { _id: "$Template_Type_Code", count: { $sum: 1 } } } ])
2026-07-31 15:37:54,132 [INFO   ] [inference] generate_nosql  latency_sec=2.7442  input_tokens=91  output_tokens=35
2026-07-31 15:37:54,132 [INFO   ]   >> INPUT  : Translate the SQL query into an equivalent MongoDB MQL query using the provided schema.

Schema:
Templates(Date_Effective_From, Date_Effective_To, Template_Details, Template_ID, Template_Type_Code, Version_Number, _id)

SQL:
SELECT template_type_code , count(*) FROM Templates GROUP BY template_type_code

MQL:

2026-07-31 15:37:54,132 [INFO   ]   >> OUTPUT : db.Templates.aggregate([ { $group: { _id: "$Template_Type_Code", count: { $sum: 1 } } } ])
2026-07-31 15:37:57,358 [INFO   ] [inference] generate_nosql  latency_sec=3.2226  input_tokens=97  output_tokens=63
2026-07-31 15:37:57,358 [INFO   ]   >> INPUT  : Translate the SQL query into an equivalent MongoDB MQL query using the provided schema.

Schema:
Templates(Date_Effective_From, Date_Effective_To, Template_Details, Template_ID, Template_Type_Code, Version_Number, _id)

SQL:
SELECT template_type_code FROM Templates GROUP BY template_type_code ORDER BY count(*) DESC LIMIT 1

MQL:

2026-07-31 15:37:57,358 [INFO   ]   >> OUTPUT : db.Templates.aggregate([ { $group: { _id: "$Template_Type_Code", count: { $sum: 1 } } }, { $sort: { count: -1 } }, { $limit: 1 }, { $project: { _id: 1 } } ])
2026-07-31 15:38:00,302 [INFO   ] [inference] generate_nosql  latency_sec=2.9416  input_tokens=97  output_tokens=63
2026-07-31 15:38:00,302 [INFO   ]   >> INPUT  : Translate the SQL query into an equivalent MongoDB MQL query using the provided schema.

Schema:
Templates(Date_Effective_From, Date_Effective_To, Template_Details, Template_ID, Template_Type_Code, Version_Number, _id)

SQL:
SELECT template_type_code FROM Templates GROUP BY template_type_code ORDER BY count(*) DESC LIMIT 1

MQL:

2026-07-31 15:38:00,302 [INFO   ]   >> OUTPUT : db.Templates.aggregate([ { $group: { _id: "$Template_Type_Code", count: { $sum: 1 } } }, { $sort: { count: -1 } }, { $limit: 1 }, { $project: { _id: 1 } } ])
2026-07-31 15:38:03,368 [INFO   ] [inference] generate_nosql  latency_sec=3.0637  input_tokens=95  output_tokens=67
2026-07-31 15:38:03,368 [INFO   ]   >> INPUT  : Translate the SQL query into an equivalent MongoDB MQL query using the provided schema.

Schema:
Templates(Date_Effective_From, Date_Effective_To, Template_Details, Template_ID, Template_Type_Code, Version_Number, _id)

SQL:
SELECT template_type_code FROM Templates GROUP BY template_type_code HAVING count(*) < 3

MQL:

2026-07-31 15:38:03,368 [INFO   ]   >> OUTPUT : db.Templates.aggregate([ { $group: { _id: "$Template_Type_Code", count: { $sum: 1 } } }, { $match: { count: { $lt: 3 } } }, { $project: { Template_Type_Code: "$_id" } } ])
2026-07-31 15:38:06,844 [INFO   ] [inference] generate_nosql  latency_sec=3.4741  input_tokens=95  output_tokens=67
2026-07-31 15:38:06,844 [INFO   ]   >> INPUT  : Translate the SQL query into an equivalent MongoDB MQL query using the provided schema.

Schema:
Templates(Date_Effective_From, Date_Effective_To, Template_Details, Template_ID, Template_Type_Code, Version_Number, _id)

SQL:
SELECT template_type_code FROM Templates GROUP BY template_type_code HAVING count(*) < 3

MQL:

2026-07-31 15:38:06,844 [INFO   ]   >> OUTPUT : db.Templates.aggregate([ { $group: { _id: "$Template_Type_Code", count: { $sum: 1 } } }, { $match: { count: { $lt: 3 } } }, { $project: { Template_Type_Code: "$_id" } } ])
2026-07-31 15:38:10,134 [INFO   ] [inference] generate_nosql  latency_sec=3.2867  input_tokens=87  output_tokens=59
2026-07-31 15:38:10,134 [INFO   ]   >> INPUT  : Translate the SQL query into an equivalent MongoDB MQL query using the provided schema.

Schema:
Templates(Date_Effective_From, Date_Effective_To, Template_Details, Template_ID, Template_Type_Code, Version_Number, _id)

SQL:
SELECT min(Version_Number) , template_type_code FROM Templates

MQL:

2026-07-31 15:38:10,134 [INFO   ]   >> OUTPUT : db.Templates.aggregate([ { $group: { _id: null, minVersionNumber: { $min: "$Version_Number" } } }, { $project: { minVersionNumber: 1, Template_Type_Code: "$_id" } } ])
2026-07-31 15:38:12,860 [INFO   ] [inference] generate_nosql  latency_sec=2.7238  input_tokens=87  output_tokens=59
2026-07-31 15:38:12,860 [INFO   ]   >> INPUT  : Translate the SQL query into an equivalent MongoDB MQL query using the provided schema.

Schema:
Templates(Date_Effective_From, Date_Effective_To, Template_Details, Template_ID, Template_Type_Code, Version_Number, _id)

SQL:
SELECT min(Version_Number) , template_type_code FROM Templates

MQL:

2026-07-31 15:38:12,860 [INFO   ]   >> OUTPUT : db.Templates.aggregate([ { $group: { _id: null, minVersionNumber: { $min: "$Version_Number" } } }, { $project: { minVersionNumber: 1, Template_Type_Code: "$_id" } } ])
2026-07-31 15:38:17,272 [INFO   ] [inference] generate_nosql  latency_sec=4.4105  input_tokens=144  output_tokens=88
2026-07-31 15:38:17,272 [INFO   ]   >> INPUT  : Translate the SQL query into an equivalent MongoDB MQL query using the provided schema.

Schema:
Templates(Date_Effective_From, Date_Effective_To, Template_Details, Template_ID, Template_Type_Code, Version_Number, _id) | Documents(Document_Description, Document_ID, Document_Name, Other_Details, Template_ID, _id)

SQL:
SELECT T1.template_type_code FROM Templates AS T1 JOIN Documents AS T2 ON T1.template_id = T2.template_id WHERE T2.document_name = "Data base"

MQL:

2026-07-31 15:38:17,272 [INFO   ]   >> OUTPUT : db.Templates.aggregate([ { $lookup: { from: "Documents", localField: "Template_ID", foreignField: "Template_ID", as: "documents" } }, { $unwind: "$documents" }, { $match: { "documents.Document_Name": "Data base" } }, { $project: { Template_Type_Code: 1 } } ])
2026-07-31 15:38:22,584 [INFO   ] [inference] generate_nosql  latency_sec=5.31  input_tokens=144  output_tokens=88
2026-07-31 15:38:22,584 [INFO   ]   >> INPUT  : Translate the SQL query into an equivalent MongoDB MQL query using the provided schema.

Schema:
Templates(Date_Effective_From, Date_Effective_To, Template_Details, Template_ID, Template_Type_Code, Version_Number, _id) | Documents(Document_Description, Document_ID, Document_Name, Other_Details, Template_ID, _id)

SQL:
SELECT T1.template_type_code FROM Templates AS T1 JOIN Documents AS T2 ON T1.template_id = T2.template_id WHERE T2.document_name = "Data base"

MQL:

2026-07-31 15:38:22,584 [INFO   ]   >> OUTPUT : db.Templates.aggregate([ { $lookup: { from: "Documents", localField: "Template_ID", foreignField: "Template_ID", as: "documents" } }, { $unwind: "$documents" }, { $match: { "documents.Document_Name": "Data base" } }, { $project: { Template_Type_Code: 1 } } ])
2026-07-31 15:38:26,774 [INFO   ] [inference] generate_nosql  latency_sec=4.1878  input_tokens=144  output_tokens=91
2026-07-31 15:38:26,774 [INFO   ]   >> INPUT  : Translate the SQL query into an equivalent MongoDB MQL query using the provided schema.

Schema:
Templates(Date_Effective_From, Date_Effective_To, Template_Details, Template_ID, Template_Type_Code, Version_Number, _id) | Documents(Document_Description, Document_ID, Document_Name, Other_Details, Template_ID, _id)

SQL:
SELECT T2.document_name FROM Templates AS T1 JOIN Documents AS T2 ON T1.template_id = T2.template_id WHERE T1.template_type_code = "BK"

MQL:

2026-07-31 15:38:26,774 [INFO   ]   >> OUTPUT : db.Templates.aggregate([ { $match: { Template_Type_Code: "BK" } }, { $lookup: { from: "Documents", localField: "Template_ID", foreignField: "Template_ID", as: "documents" } }, { $unwind: "$documents" }, { $project: { Document_Name: "$documents.Document_Name" } } ])
2026-07-31 15:38:30,964 [INFO   ] [inference] generate_nosql  latency_sec=4.1881  input_tokens=144  output_tokens=91
2026-07-31 15:38:30,964 [INFO   ]   >> INPUT  : Translate the SQL query into an equivalent MongoDB MQL query using the provided schema.

Schema:
Templates(Date_Effective_From, Date_Effective_To, Template_Details, Template_ID, Template_Type_Code, Version_Number, _id) | Documents(Document_Description, Document_ID, Document_Name, Other_Details, Template_ID, _id)

SQL:
SELECT T2.document_name FROM Templates AS T1 JOIN Documents AS T2 ON T1.template_id = T2.template_id WHERE T1.template_type_code = "BK"

MQL:

2026-07-31 15:38:30,964 [INFO   ]   >> OUTPUT : db.Templates.aggregate([ { $match: { Template_Type_Code: "BK" } }, { $lookup: { from: "Documents", localField: "Template_ID", foreignField: "Template_ID", as: "documents" } }, { $unwind: "$documents" }, { $project: { Document_Name: "$documents.Document_Name" } } ])
2026-07-31 15:38:36,464 [INFO   ] [inference] generate_nosql  latency_sec=5.496  input_tokens=146  output_tokens=100
2026-07-31 15:38:36,464 [INFO   ]   >> INPUT  : Translate the SQL query into an equivalent MongoDB MQL query using the provided schema.

Schema:
Templates(Date_Effective_From, Date_Effective_To, Template_Details, Template_ID, Template_Type_Code, Version_Number, _id) | Documents(Document_Description, Document_ID, Document_Name, Other_Details, Template_ID, _id)

SQL:
SELECT T1.template_type_code , count(*) FROM Templates AS T1 JOIN Documents AS T2 ON T1.template_id = T2.template_id GROUP BY T1.template_type_code

MQL:

2026-07-31 15:38:36,464 [INFO   ]   >> OUTPUT : db.Templates.aggregate([ { $lookup: { from: "Documents", localField: "Template_ID", foreignField: "Template_ID", as: "documents" } }, { $unwind: "$documents" }, { $group: { _id: "$Template_Type_Code", count: { $sum: 1 } } }, { $project: { Template_Type_Code: "$_id", count: 1 } } ])
2026-07-31 15:38:41,072 [INFO   ] [inference] generate_nosql  latency_sec=4.6059  input_tokens=146  output_tokens=100
2026-07-31 15:38:41,072 [INFO   ]   >> INPUT  : Translate the SQL query into an equivalent MongoDB MQL query using the provided schema.

Schema:
Templates(Date_Effective_From, Date_Effective_To, Template_Details, Template_ID, Template_Type_Code, Version_Number, _id) | Documents(Document_Description, Document_ID, Document_Name, Other_Details, Template_ID, _id)

SQL:
SELECT T1.template_type_code , count(*) FROM Templates AS T1 JOIN Documents AS T2 ON T1.template_id = T2.template_id GROUP BY T1.template_type_code

MQL:

2026-07-31 15:38:41,072 [INFO   ]   >> OUTPUT : db.Templates.aggregate([ { $lookup: { from: "Documents", localField: "Template_ID", foreignField: "Template_ID", as: "documents" } }, { $unwind: "$documents" }, { $group: { _id: "$Template_Type_Code", count: { $sum: 1 } } }, { $project: { Template_Type_Code: "$_id", count: 1 } } ])
2026-07-31 15:38:46,376 [INFO   ] [inference] generate_nosql  latency_sec=5.3011  input_tokens=152  output_tokens=114
2026-07-31 15:38:46,376 [INFO   ]   >> INPUT  : Translate the SQL query into an equivalent MongoDB MQL query using the provided schema.

Schema:
Templates(Date_Effective_From, Date_Effective_To, Template_Details, Template_ID, Template_Type_Code, Version_Number, _id) | Documents(Document_Description, Document_ID, Document_Name, Other_Details, Template_ID, _id)

SQL:
SELECT T1.template_type_code FROM Templates AS T1 JOIN Documents AS T2 ON T1.template_id = T2.template_id GROUP BY T1.template_type_code ORDER BY count(*) DESC LIMIT 1

MQL:

2026-07-31 15:38:46,376 [INFO   ]   >> OUTPUT : db.Templates.aggregate([ { $lookup: { from: "Documents", localField: "Template_ID", foreignField: "Template_ID", as: "documents" } }, { $unwind: "$documents" }, { $group: { _id: "$Template_Type_Code", count: { $sum: 1 } } }, { $sort: { count: -1 } }, { $limit: 1 }, { $project: { Template_Type_Code: "$_id" } } ])
2026-07-31 15:38:52,601 [INFO   ] [inference] generate_nosql  latency_sec=6.2215  input_tokens=152  output_tokens=114
2026-07-31 15:38:52,601 [INFO   ]   >> INPUT  : Translate the SQL query into an equivalent MongoDB MQL query using the provided schema.

Schema:
Templates(Date_Effective_From, Date_Effective_To, Template_Details, Template_ID, Template_Type_Code, Version_Number, _id) | Documents(Document_Description, Document_ID, Document_Name, Other_Details, Template_ID, _id)

SQL:
SELECT T1.template_type_code FROM Templates AS T1 JOIN Documents AS T2 ON T1.template_id = T2.template_id GROUP BY T1.template_type_code ORDER BY count(*) DESC LIMIT 1

MQL:

2026-07-31 15:38:52,601 [INFO   ]   >> OUTPUT : db.Templates.aggregate([ { $lookup: { from: "Documents", localField: "Template_ID", foreignField: "Template_ID", as: "documents" } }, { $unwind: "$documents" }, { $group: { _id: "$Template_Type_Code", count: { $sum: 1 } } }, { $sort: { count: -1 } }, { $limit: 1 }, { $project: { Template_Type_Code: "$_id" } } ])
2026-07-31 15:38:53,984 [INFO   ] [inference] generate_nosql  latency_sec=1.381  input_tokens=74  output_tokens=29
2026-07-31 15:38:53,984 [INFO   ]   >> INPUT  : Translate the SQL query into an equivalent MongoDB MQL query using the provided schema.

Schema:
Ref_Template_Types(Template_Type_Code, Template_Type_Description, _id)

SQL:
SELECT template_type_code , template_type_description FROM Ref_template_types

MQL:

2026-07-31 15:38:53,984 [INFO   ]   >> OUTPUT : db.Ref_Template_Types.find({}, { Template_Type_Code: 1, Template_Type_Description: 1 })
2026-07-31 15:38:55,370 [INFO   ] [inference] generate_nosql  latency_sec=1.3833  input_tokens=74  output_tokens=29
2026-07-31 15:38:55,370 [INFO   ]   >> INPUT  : Translate the SQL query into an equivalent MongoDB MQL query using the provided schema.

Schema:
Ref_Template_Types(Template_Type_Code, Template_Type_Description, _id)

SQL:
SELECT template_type_code , template_type_description FROM Ref_template_types

MQL:

2026-07-31 15:38:55,370 [INFO   ]   >> OUTPUT : db.Ref_Template_Types.find({}, { Template_Type_Code: 1, Template_Type_Description: 1 })
2026-07-31 15:38:56,807 [INFO   ] [inference] generate_nosql  latency_sec=1.4346  input_tokens=78  output_tokens=30
2026-07-31 15:38:56,807 [INFO   ]   >> INPUT  : Translate the SQL query into an equivalent MongoDB MQL query using the provided schema.

Schema:
Ref_Template_Types(Template_Type_Code, Template_Type_Description, _id)

SQL:
SELECT template_type_description FROM Ref_template_types WHERE template_type_code = "AD"

MQL:

2026-07-31 15:38:56,807 [INFO   ]   >> OUTPUT : db.Ref_Template_Types.find({ Template_Type_Code: "AD" }, { Template_Type_Description: 1 })
2026-07-31 15:38:58,261 [INFO   ] [inference] generate_nosql  latency_sec=1.4526  input_tokens=78  output_tokens=30
2026-07-31 15:38:58,262 [INFO   ]   >> INPUT  : Translate the SQL query into an equivalent MongoDB MQL query using the provided schema.

Schema:
Ref_Template_Types(Template_Type_Code, Template_Type_Description, _id)

SQL:
SELECT template_type_description FROM Ref_template_types WHERE template_type_code = "AD"

MQL:

2026-07-31 15:38:58,262 [INFO   ]   >> OUTPUT : db.Ref_Template_Types.find({ Template_Type_Code: "AD" }, { Template_Type_Description: 1 })
2026-07-31 15:38:59,713 [INFO   ] [inference] generate_nosql  latency_sec=1.449  input_tokens=78  output_tokens=22
2026-07-31 15:38:59,713 [INFO   ]   >> INPUT  : Translate the SQL query into an equivalent MongoDB MQL query using the provided schema.

Schema:
Ref_Template_Types(Template_Type_Code, Template_Type_Description, _id)

SQL:
SELECT template_type_code FROM Ref_template_types WHERE template_type_description = "Book"

MQL:

2026-07-31 15:38:59,713 [INFO   ]   >> OUTPUT : db.Ref_Template_Types.findOne({Template_Type_Description: "Book"})
2026-07-31 15:39:01,605 [INFO   ] [inference] generate_nosql  latency_sec=1.8881  input_tokens=78  output_tokens=22
2026-07-31 15:39:01,605 [INFO   ]   >> INPUT  : Translate the SQL query into an equivalent MongoDB MQL query using the provided schema.

Schema:
Ref_Template_Types(Template_Type_Code, Template_Type_Description, _id)

SQL:
SELECT template_type_code FROM Ref_template_types WHERE template_type_description = "Book"

MQL:

2026-07-31 15:39:01,605 [INFO   ]   >> OUTPUT : db.Ref_Template_Types.findOne({Template_Type_Description: "Book"})
2026-07-31 15:39:09,113 [INFO   ] [inference] generate_nosql  latency_sec=7.5046  input_tokens=186  output_tokens=150
2026-07-31 15:39:09,113 [INFO   ]   >> INPUT  : Translate the SQL query into an equivalent MongoDB MQL query using the provided schema.

Schema:
Templates(Date_Effective_From, Date_Effective_To, Template_Details, Template_ID, Template_Type_Code, Version_Number, _id) | Documents(Document_Description, Document_ID, Document_Name, Other_Details, Template_ID, _id) | Ref_Template_Types(Template_Type_Code, Template_Type_Description, _id)

SQL:
SELECT DISTINCT T1.template_type_description FROM Ref_template_types AS T1 JOIN Templates AS T2 ON T1.template_type_code = T2.template_type_code JOIN Documents AS T3 ON T2.Template_ID = T3.template_ID

MQL:

2026-07-31 15:39:09,113 [INFO   ]   >> OUTPUT : db.Ref_Template_Types.aggregate([ { $lookup: { from: "Templates", localField: "Template_Type_Code", foreignField: "Template_Type_Code", as: "template_info" } }, { $unwind: "$template_info" }, { $lookup: { from: "Documents", localField: "template_info.Template_ID", foreignField: "Template_ID", as: "document_info" } }, { $unwind: "$document_info" }, { $group: { _id: "$Template_Type_Description" } }, { $project: { Template_Type_Description: "$_id" } } ])
2026-07-31 15:39:17,061 [INFO   ] [inference] generate_nosql  latency_sec=7.9447  input_tokens=186  output_tokens=150
2026-07-31 15:39:17,061 [INFO   ]   >> INPUT  : Translate the SQL query into an equivalent MongoDB MQL query using the provided schema.

Schema:
Templates(Date_Effective_From, Date_Effective_To, Template_Details, Template_ID, Template_Type_Code, Version_Number, _id) | Documents(Document_Description, Document_ID, Document_Name, Other_Details, Template_ID, _id) | Ref_Template_Types(Template_Type_Code, Template_Type_Description, _id)

SQL:
SELECT DISTINCT T1.template_type_description FROM Ref_template_types AS T1 JOIN Templates AS T2 ON T1.template_type_code = T2.template_type_code JOIN Documents AS T3 ON T2.Template_ID = T3.template_ID

MQL:

2026-07-31 15:39:17,061 [INFO   ]   >> OUTPUT : db.Ref_Template_Types.aggregate([ { $lookup: { from: "Templates", localField: "Template_Type_Code", foreignField: "Template_Type_Code", as: "template_info" } }, { $unwind: "$template_info" }, { $lookup: { from: "Documents", localField: "template_info.Template_ID", foreignField: "Template_ID", as: "document_info" } }, { $unwind: "$document_info" }, { $group: { _id: "$Template_Type_Description" } }, { $project: { Template_Type_Description: "$_id" } } ])
2026-07-31 15:39:21,890 [INFO   ] [inference] generate_nosql  latency_sec=4.8267  input_tokens=148  output_tokens=99
2026-07-31 15:39:21,890 [INFO   ]   >> INPUT  : Translate the SQL query into an equivalent MongoDB MQL query using the provided schema.

Schema:
Templates(Date_Effective_From, Date_Effective_To, Template_Details, Template_ID, Template_Type_Code, Version_Number, _id) | Ref_Template_Types(Template_Type_Code, Template_Type_Description, _id)

SQL:
SELECT T2.template_id FROM Ref_template_types AS T1 JOIN Templates AS T2 ON T1.template_type_code = T2.template_type_code WHERE T1.template_type_description = "Presentation"

MQL:

2026-07-31 15:39:21,890 [INFO   ]   >> OUTPUT : db.Ref_Template_Types.aggregate([ { $match: { Template_Type_Description: "Presentation" } }, { $lookup: { from: "Templates", localField: "Template_Type_Code", foreignField: "Template_Type_Code", as: "templates" } }, { $unwind: "$templates" }, { $project: { Template_ID: "$templates.Template_ID" } } ])
2026-07-31 15:39:26,633 [INFO   ] [inference] generate_nosql  latency_sec=4.7407  input_tokens=148  output_tokens=99
2026-07-31 15:39:26,633 [INFO   ]   >> INPUT  : Translate the SQL query into an equivalent MongoDB MQL query using the provided schema.

Schema:
Templates(Date_Effective_From, Date_Effective_To, Template_Details, Template_ID, Template_Type_Code, Version_Number, _id) | Ref_Template_Types(Template_Type_Code, Template_Type_Description, _id)

SQL:
SELECT T2.template_id FROM Ref_template_types AS T1 JOIN Templates AS T2 ON T1.template_type_code = T2.template_type_code WHERE T1.template_type_description = "Presentation"

MQL:

2026-07-31 15:39:26,633 [INFO   ]   >> OUTPUT : db.Ref_Template_Types.aggregate([ { $match: { Template_Type_Description: "Presentation" } }, { $lookup: { from: "Templates", localField: "Template_Type_Code", foreignField: "Template_Type_Code", as: "templates" } }, { $unwind: "$templates" }, { $project: { Template_ID: "$templates.Template_ID" } } ])
2026-07-31 15:39:32,597 [INFO   ] [inference] generate_nosql  latency_sec=5.9622  input_tokens=129  output_tokens=108
2026-07-31 15:39:32,597 [INFO   ]   >> INPUT  : Translate the SQL query into an equivalent MongoDB MQL query using the provided schema.

Schema:
Paragraphs(Document_ID, Other_Details, Paragraph_ID, Paragraph_Text, _id) | Documents(Document_Description, Document_ID, Document_Name, Other_Details, Template_ID, _id)

SQL:
SELECT count(*) FROM Paragraphs AS T1 JOIN Documents AS T2 ON T1.document_ID = T2.document_ID WHERE T2.document_name = 'Summer Show'

MQL:

2026-07-31 15:39:32,597 [INFO   ]   >> OUTPUT : db.Paragraphs.aggregate([ { $lookup: { from: "Documents", localField: "Document_ID", foreignField: "Document_ID", as: "document_info" } }, { $unwind: "$document_info" }, { $match: { "document_info.Document_Name": "Summer Show" } }, { $group: { _id: null, count: { $sum: 1 } } }, { $project: { count: 1 } } ])
2026-07-31 15:39:37,584 [INFO   ] [inference] generate_nosql  latency_sec=4.9847  input_tokens=129  output_tokens=108
2026-07-31 15:39:37,585 [INFO   ]   >> INPUT  : Translate the SQL query into an equivalent MongoDB MQL query using the provided schema.

Schema:
Paragraphs(Document_ID, Other_Details, Paragraph_ID, Paragraph_Text, _id) | Documents(Document_Description, Document_ID, Document_Name, Other_Details, Template_ID, _id)

SQL:
SELECT count(*) FROM Paragraphs AS T1 JOIN Documents AS T2 ON T1.document_ID = T2.document_ID WHERE T2.document_name = 'Summer Show'

MQL:

2026-07-31 15:39:37,585 [INFO   ]   >> OUTPUT : db.Paragraphs.aggregate([ { $lookup: { from: "Documents", localField: "Document_ID", foreignField: "Document_ID", as: "document_info" } }, { $unwind: "$document_info" }, { $match: { "document_info.Document_Name": "Summer Show" } }, { $group: { _id: null, count: { $sum: 1 } } }, { $project: { count: 1 } } ])
2026-07-31 15:39:42,952 [INFO   ] [inference] generate_nosql  latency_sec=5.3653  input_tokens=140  output_tokens=97
2026-07-31 15:39:42,952 [INFO   ]   >> INPUT  : Translate the SQL query into an equivalent MongoDB MQL query using the provided schema.

Schema:
Paragraphs(Document_ID, Other_Details, Paragraph_ID, Paragraph_Text, _id) | Documents(Document_Description, Document_ID, Document_Name, Other_Details, Template_ID, _id)

SQL:
SELECT T1.paragraph_id , T1.paragraph_text FROM Paragraphs AS T1 JOIN Documents AS T2 ON T1.document_id = T2.document_id WHERE T2.Document_Name = 'Welcome to NY'

MQL:

2026-07-31 15:39:42,952 [INFO   ]   >> OUTPUT : db.Paragraphs.aggregate([ { $lookup: { from: "Documents", localField: "Document_ID", foreignField: "Document_ID", as: "document_info" } }, { $unwind: "$document_info" }, { $match: { "document_info.Document_Name": "Welcome to NY" } }, { $project: { paragraph_id: 1, paragraph_text: 1 } } ])
2026-07-31 15:39:47,976 [INFO   ] [inference] generate_nosql  latency_sec=5.0206  input_tokens=140  output_tokens=97
2026-07-31 15:39:47,976 [INFO   ]   >> INPUT  : Translate the SQL query into an equivalent MongoDB MQL query using the provided schema.

Schema:
Paragraphs(Document_ID, Other_Details, Paragraph_ID, Paragraph_Text, _id) | Documents(Document_Description, Document_ID, Document_Name, Other_Details, Template_ID, _id)

SQL:
SELECT T1.paragraph_id , T1.paragraph_text FROM Paragraphs AS T1 JOIN Documents AS T2 ON T1.document_id = T2.document_id WHERE T2.Document_Name = 'Welcome to NY'

MQL:

2026-07-31 15:39:47,976 [INFO   ]   >> OUTPUT : db.Paragraphs.aggregate([ { $lookup: { from: "Documents", localField: "Document_ID", foreignField: "Document_ID", as: "document_info" } }, { $unwind: "$document_info" }, { $match: { "document_info.Document_Name": "Welcome to NY" } }, { $project: { paragraph_id: 1, paragraph_text: 1 } } ])
2026-07-31 15:39:52,251 [INFO   ] [inference] generate_nosql  latency_sec=4.272  input_tokens=132  output_tokens=91
2026-07-31 15:39:52,251 [INFO   ]   >> INPUT  : Translate the SQL query into an equivalent MongoDB MQL query using the provided schema.

Schema:
Paragraphs(Document_ID, Other_Details, Paragraph_ID, Paragraph_Text, _id) | Documents(Document_Description, Document_ID, Document_Name, Other_Details, Template_ID, _id)

SQL:
SELECT T1.paragraph_text FROM Paragraphs AS T1 JOIN Documents AS T2 ON T1.document_id = T2.document_id WHERE T2.document_name = "Customer reviews"

MQL:

2026-07-31 15:39:52,251 [INFO   ]   >> OUTPUT : db.Paragraphs.aggregate([ { $lookup: { from: "Documents", localField: "Document_ID", foreignField: "Document_ID", as: "document_info" } }, { $unwind: "$document_info" }, { $match: { "document_info.Document_Name": "Customer reviews" } }, { $project: { Paragraph_Text: 1 } } ])
2026-07-31 15:39:57,291 [INFO   ] [inference] generate_nosql  latency_sec=5.0381  input_tokens=132  output_tokens=91
2026-07-31 15:39:57,291 [INFO   ]   >> INPUT  : Translate the SQL query into an equivalent MongoDB MQL query using the provided schema.

Schema:
Paragraphs(Document_ID, Other_Details, Paragraph_ID, Paragraph_Text, _id) | Documents(Document_Description, Document_ID, Document_Name, Other_Details, Template_ID, _id)

SQL:
SELECT T1.paragraph_text FROM Paragraphs AS T1 JOIN Documents AS T2 ON T1.document_id = T2.document_id WHERE T2.document_name = "Customer reviews"

MQL:

2026-07-31 15:39:57,291 [INFO   ]   >> OUTPUT : db.Paragraphs.aggregate([ { $lookup: { from: "Documents", localField: "Document_ID", foreignField: "Document_ID", as: "document_info" } }, { $unwind: "$document_info" }, { $match: { "document_info.Document_Name": "Customer reviews" } }, { $project: { Paragraph_Text: 1 } } ])
2026-07-31 15:39:59,546 [INFO   ] [inference] generate_nosql  latency_sec=2.2509  input_tokens=82  output_tokens=44
2026-07-31 15:39:59,546 [INFO   ]   >> INPUT  : Translate the SQL query into an equivalent MongoDB MQL query using the provided schema.

Schema:
Paragraphs(Document_ID, Other_Details, Paragraph_ID, Paragraph_Text, _id)

SQL:
SELECT document_id , count(*) FROM Paragraphs GROUP BY document_id ORDER BY document_id

MQL:

2026-07-31 15:39:59,546 [INFO   ]   >> OUTPUT : db.Paragraphs.aggregate([ { $group: { _id: "$Document_ID", count: { $sum: 1 } } }, { $sort: { count: 1 } } ])
2026-07-31 15:40:01,612 [INFO   ] [inference] generate_nosql  latency_sec=2.0633  input_tokens=82  output_tokens=44
2026-07-31 15:40:01,612 [INFO   ]   >> INPUT  : Translate the SQL query into an equivalent MongoDB MQL query using the provided schema.

Schema:
Paragraphs(Document_ID, Other_Details, Paragraph_ID, Paragraph_Text, _id)

SQL:
SELECT document_id , count(*) FROM Paragraphs GROUP BY document_id ORDER BY document_id

MQL:

2026-07-31 15:40:01,612 [INFO   ]   >> OUTPUT : db.Paragraphs.aggregate([ { $group: { _id: "$Document_ID", count: { $sum: 1 } } }, { $sort: { count: 1 } } ])
2026-07-31 15:40:07,528 [INFO   ] [inference] generate_nosql  latency_sec=5.913  input_tokens=139  output_tokens=127
2026-07-31 15:40:07,528 [INFO   ]   >> INPUT  : Translate the SQL query into an equivalent MongoDB MQL query using the provided schema.

Schema:
Paragraphs(Document_ID, Other_Details, Paragraph_ID, Paragraph_Text, _id) | Documents(Document_Description, Document_ID, Document_Name, Other_Details, Template_ID, _id)

SQL:
SELECT T1.document_id , T2.document_name , count(*) FROM Paragraphs AS T1 JOIN Documents AS T2 ON T1.document_id = T2.document_id GROUP BY T1.document_id

MQL:

2026-07-31 15:40:07,528 [INFO   ]   >> OUTPUT : db.Paragraphs.aggregate([ { $lookup: { from: "Documents", localField: "Document_ID", foreignField: "Document_ID", as: "document_info" } }, { $unwind: "$document_info" }, { $group: { _id: "$document_info.Document_ID", document_name: { $first: "$document_info.Document_Name" }, count: { $sum: 1 } } }, { $project: { document_id: "$_id", document_name: 1, count: 1 } } ])
2026-07-31 15:40:14,423 [INFO   ] [inference] generate_nosql  latency_sec=6.8927  input_tokens=139  output_tokens=127
2026-07-31 15:40:14,423 [INFO   ]   >> INPUT  : Translate the SQL query into an equivalent MongoDB MQL query using the provided schema.

Schema:
Paragraphs(Document_ID, Other_Details, Paragraph_ID, Paragraph_Text, _id) | Documents(Document_Description, Document_ID, Document_Name, Other_Details, Template_ID, _id)

SQL:
SELECT T1.document_id , T2.document_name , count(*) FROM Paragraphs AS T1 JOIN Documents AS T2 ON T1.document_id = T2.document_id GROUP BY T1.document_id

MQL:

2026-07-31 15:40:14,424 [INFO   ]   >> OUTPUT : db.Paragraphs.aggregate([ { $lookup: { from: "Documents", localField: "Document_ID", foreignField: "Document_ID", as: "document_info" } }, { $unwind: "$document_info" }, { $group: { _id: "$document_info.Document_ID", document_name: { $first: "$document_info.Document_Name" }, count: { $sum: 1 } } }, { $project: { document_id: "$_id", document_name: 1, count: 1 } } ])
2026-07-31 15:40:17,379 [INFO   ] [inference] generate_nosql  latency_sec=2.9525  input_tokens=81  output_tokens=61
2026-07-31 15:40:17,380 [INFO   ]   >> INPUT  : Translate the SQL query into an equivalent MongoDB MQL query using the provided schema.

Schema:
Paragraphs(Document_ID, Other_Details, Paragraph_ID, Paragraph_Text, _id)

SQL:
SELECT document_id FROM Paragraphs GROUP BY document_id HAVING count(*) >= 2

MQL:

2026-07-31 15:40:17,380 [INFO   ]   >> OUTPUT : db.Paragraphs.aggregate([ { $group: { _id: "$Document_ID", count: { $sum: 1 } } }, { $match: { count: { $gte: 2 } } }, { $project: { _id: 1 } } ])
2026-07-31 15:40:20,376 [INFO   ] [inference] generate_nosql  latency_sec=2.9935  input_tokens=81  output_tokens=61
2026-07-31 15:40:20,376 [INFO   ]   >> INPUT  : Translate the SQL query into an equivalent MongoDB MQL query using the provided schema.

Schema:
Paragraphs(Document_ID, Other_Details, Paragraph_ID, Paragraph_Text, _id)

SQL:
SELECT document_id FROM Paragraphs GROUP BY document_id HAVING count(*) >= 2

MQL:

2026-07-31 15:40:20,376 [INFO   ]   >> OUTPUT : db.Paragraphs.aggregate([ { $group: { _id: "$Document_ID", count: { $sum: 1 } } }, { $match: { count: { $gte: 2 } } }, { $project: { _id: 1 } } ])
2026-07-31 15:40:27,937 [INFO   ] [inference] generate_nosql  latency_sec=7.5583  input_tokens=145  output_tokens=140
2026-07-31 15:40:27,937 [INFO   ]   >> INPUT  : Translate the SQL query into an equivalent MongoDB MQL query using the provided schema.

Schema:
Paragraphs(Document_ID, Other_Details, Paragraph_ID, Paragraph_Text, _id) | Documents(Document_Description, Document_ID, Document_Name, Other_Details, Template_ID, _id)

SQL:
SELECT T1.document_id , T2.document_name FROM Paragraphs AS T1 JOIN Documents AS T2 ON T1.document_id = T2.document_id GROUP BY T1.document_id ORDER BY count(*) DESC LIMIT 1

MQL:

2026-07-31 15:40:27,937 [INFO   ]   >> OUTPUT : db.Paragraphs.aggregate([ { $lookup: { from: "Documents", localField: "Document_ID", foreignField: "Document_ID", as: "document_info" } }, { $unwind: "$document_info" }, { $group: { _id: "$document_info.Document_ID", document_name: { $first: "$document_info.Document_Name" }, count: { $sum: 1 } } }, { $sort: { count: -1 } }, { $limit: 1 }, { $project: { document_id: "$_id", document_name: 1 } } ])
2026-07-31 15:40:34,408 [INFO   ] [inference] generate_nosql  latency_sec=6.4688  input_tokens=145  output_tokens=140
2026-07-31 15:40:34,409 [INFO   ]   >> INPUT  : Translate the SQL query into an equivalent MongoDB MQL query using the provided schema.

Schema:
Paragraphs(Document_ID, Other_Details, Paragraph_ID, Paragraph_Text, _id) | Documents(Document_Description, Document_ID, Document_Name, Other_Details, Template_ID, _id)

SQL:
SELECT T1.document_id , T2.document_name FROM Paragraphs AS T1 JOIN Documents AS T2 ON T1.document_id = T2.document_id GROUP BY T1.document_id ORDER BY count(*) DESC LIMIT 1

MQL:

2026-07-31 15:40:34,409 [INFO   ]   >> OUTPUT : db.Paragraphs.aggregate([ { $lookup: { from: "Documents", localField: "Document_ID", foreignField: "Document_ID", as: "document_info" } }, { $unwind: "$document_info" }, { $group: { _id: "$document_info.Document_ID", document_name: { $first: "$document_info.Document_Name" }, count: { $sum: 1 } } }, { $sort: { count: -1 } }, { $limit: 1 }, { $project: { document_id: "$_id", document_name: 1 } } ])
2026-07-31 15:40:38,195 [INFO   ] [inference] generate_nosql  latency_sec=3.784  input_tokens=85  output_tokens=61
2026-07-31 15:40:38,195 [INFO   ]   >> INPUT  : Translate the SQL query into an equivalent MongoDB MQL query using the provided schema.

Schema:
Paragraphs(Document_ID, Other_Details, Paragraph_ID, Paragraph_Text, _id)

SQL:
SELECT document_id FROM Paragraphs GROUP BY document_id HAVING count(*) BETWEEN 1 AND 2

MQL:

2026-07-31 15:40:38,195 [INFO   ]   >> OUTPUT : db.Paragraphs.aggregate([ { $group: { _id: "$Document_ID", count: { $sum: 1 } } }, { $match: { count: { $gte: 1 } } }, { $project: { _id: 1 } } ])
2026-07-31 15:40:41,449 [INFO   ] [inference] generate_nosql  latency_sec=3.2504  input_tokens=85  output_tokens=61
2026-07-31 15:40:41,450 [INFO   ]   >> INPUT  : Translate the SQL query into an equivalent MongoDB MQL query using the provided schema.

Schema:
Paragraphs(Document_ID, Other_Details, Paragraph_ID, Paragraph_Text, _id)

SQL:
SELECT document_id FROM Paragraphs GROUP BY document_id HAVING count(*) BETWEEN 1 AND 2

MQL:

2026-07-31 15:40:41,450 [INFO   ]   >> OUTPUT : db.Paragraphs.aggregate([ { $group: { _id: "$Document_ID", count: { $sum: 1 } } }, { $match: { count: { $gte: 1 } } }, { $project: { _id: 1 } } ])
2026-07-31 15:40:46,247 [INFO   ] [inference] generate_nosql  latency_sec=4.7953  input_tokens=95  output_tokens=104
2026-07-31 15:40:46,247 [INFO   ]   >> INPUT  : Translate the SQL query into an equivalent MongoDB MQL query using the provided schema.

Schema:
Paragraphs(Document_ID, Other_Details, Paragraph_ID, Paragraph_Text, _id)

SQL:
SELECT document_id FROM Paragraphs WHERE paragraph_text = 'Brazil' INTERSECT SELECT document_id FROM Paragraphs WHERE paragraph_text = 'Ireland'

MQL:

2026-07-31 15:40:46,247 [INFO   ]   >> OUTPUT : db.Paragraphs.aggregate([ { $match: { $or: [ { Paragraph_Text: "Brazil" }, { Paragraph_Text: "Ireland" } ] } }, { $group: { _id: "$Document_ID", paragraphs: { $addToSet: "$Paragraph_Text" } } }, { $match: { paragraphs: { $all: ["Brazil", "Ireland"] } } }, { $project: { _id: 1 } } ])
2026-07-31 15:40:51,915 [INFO   ] [inference] generate_nosql  latency_sec=5.6652  input_tokens=95  output_tokens=104
2026-07-31 15:40:51,915 [INFO   ]   >> INPUT  : Translate the SQL query into an equivalent MongoDB MQL query using the provided schema.

Schema:
Paragraphs(Document_ID, Other_Details, Paragraph_ID, Paragraph_Text, _id)

SQL:
SELECT document_id FROM Paragraphs WHERE paragraph_text = 'Brazil' INTERSECT SELECT document_id FROM Paragraphs WHERE paragraph_text = 'Ireland'

MQL:

2026-07-31 15:40:51,915 [INFO   ]   >> OUTPUT : db.Paragraphs.aggregate([ { $match: { $or: [ { Paragraph_Text: "Brazil" }, { Paragraph_Text: "Ireland" } ] } }, { $group: { _id: "$Document_ID", paragraphs: { $addToSet: "$Paragraph_Text" } } }, { $match: { paragraphs: { $all: ["Brazil", "Ireland"] } } }, { $project: { _id: 1 } } ])
2026-07-31 15:40:53,137 [INFO   ] [inference] generate_nosql  latency_sec=1.2182  input_tokens=60  output_tokens=21
2026-07-31 15:40:53,138 [INFO   ]   >> INPUT  : Translate the SQL query into an equivalent MongoDB MQL query using the provided schema.

Schema:
teacher(Age, Hometown, Name, Teacher_ID, _id)

SQL:
SELECT Name FROM teacher ORDER BY Age ASC

MQL:

2026-07-31 15:40:53,138 [INFO   ]   >> OUTPUT : db.teacher.find({}, {Name: 1}).sort({Age: 1})
2026-07-31 15:40:54,156 [INFO   ] [inference] generate_nosql  latency_sec=1.0159  input_tokens=60  output_tokens=21
2026-07-31 15:40:54,157 [INFO   ]   >> INPUT  : Translate the SQL query into an equivalent MongoDB MQL query using the provided schema.

Schema:
teacher(Age, Hometown, Name, Teacher_ID, _id)

SQL:
SELECT Name FROM teacher ORDER BY Age ASC

MQL:

2026-07-31 15:40:54,157 [INFO   ]   >> OUTPUT : db.teacher.find({}, {Name: 1}).sort({Age: 1})
2026-07-31 15:40:55,035 [INFO   ] [inference] generate_nosql  latency_sec=0.8756  input_tokens=59  output_tokens=19
2026-07-31 15:40:55,036 [INFO   ]   >> INPUT  : Translate the SQL query into an equivalent MongoDB MQL query using the provided schema.

Schema:
teacher(Age, Hometown, Name, Teacher_ID, _id)

SQL:
SELECT Age , Hometown FROM teacher

MQL:

2026-07-31 15:40:55,036 [INFO   ]   >> OUTPUT : db.teacher.find({}, { Age: 1, Hometown: 1})
2026-07-31 15:40:55,916 [INFO   ] [inference] generate_nosql  latency_sec=0.8779  input_tokens=59  output_tokens=19
2026-07-31 15:40:55,917 [INFO   ]   >> INPUT  : Translate the SQL query into an equivalent MongoDB MQL query using the provided schema.

Schema:
teacher(Age, Hometown, Name, Teacher_ID, _id)

SQL:
SELECT Age , Hometown FROM teacher

MQL:

2026-07-31 15:40:55,917 [INFO   ]   >> OUTPUT : db.teacher.find({}, { Age: 1, Hometown: 1})
2026-07-31 15:40:57,223 [INFO   ] [inference] generate_nosql  latency_sec=1.3041  input_tokens=65  output_tokens=26
2026-07-31 15:40:57,224 [INFO   ]   >> INPUT  : Translate the SQL query into an equivalent MongoDB MQL query using the provided schema.

Schema:
teacher(Age, Hometown, Name, Teacher_ID, _id)

SQL:
select name from teacher where hometown != "little lever urban district"

MQL:

2026-07-31 15:40:57,224 [INFO   ]   >> OUTPUT : db.teacher.find({ Hometown: { $ne: "Little Lever" } }, { Name: 1 })
2026-07-31 15:40:58,528 [INFO   ] [inference] generate_nosql  latency_sec=1.3009  input_tokens=65  output_tokens=26
2026-07-31 15:40:58,528 [INFO   ]   >> INPUT  : Translate the SQL query into an equivalent MongoDB MQL query using the provided schema.

Schema:
teacher(Age, Hometown, Name, Teacher_ID, _id)

SQL:
select name from teacher where hometown != "little lever urban district"

MQL:

2026-07-31 15:40:58,528 [INFO   ]   >> OUTPUT : db.teacher.find({ Hometown: { $ne: "Little Lever" } }, { Name: 1 })
2026-07-31 15:40:59,822 [INFO   ] [inference] generate_nosql  latency_sec=1.2909  input_tokens=64  output_tokens=27
2026-07-31 15:40:59,822 [INFO   ]   >> INPUT  : Translate the SQL query into an equivalent MongoDB MQL query using the provided schema.

Schema:
teacher(Age, Hometown, Name, Teacher_ID, _id)

SQL:
SELECT Hometown FROM teacher ORDER BY Age ASC LIMIT 1

MQL:

2026-07-31 15:40:59,823 [INFO   ]   >> OUTPUT : db.teacher.find({}, { Hometown: 1 }).sort({ Age: 1 }).limit(1)
2026-07-31 15:41:01,103 [INFO   ] [inference] generate_nosql  latency_sec=1.278  input_tokens=64  output_tokens=27
2026-07-31 15:41:01,104 [INFO   ]   >> INPUT  : Translate the SQL query into an equivalent MongoDB MQL query using the provided schema.

Schema:
teacher(Age, Hometown, Name, Teacher_ID, _id)

SQL:
SELECT Hometown FROM teacher ORDER BY Age ASC LIMIT 1

MQL:

2026-07-31 15:41:01,104 [INFO   ]   >> OUTPUT : db.teacher.find({}, { Hometown: 1 }).sort({ Age: 1 }).limit(1)
2026-07-31 15:41:03,572 [INFO   ] [inference] generate_nosql  latency_sec=2.4655  input_tokens=66  output_tokens=32
2026-07-31 15:41:03,573 [INFO   ]   >> INPUT  : Translate the SQL query into an equivalent MongoDB MQL query using the provided schema.

Schema:
teacher(Age, Hometown, Name, Teacher_ID, _id)

SQL:
SELECT Hometown , COUNT(*) FROM teacher GROUP BY Hometown

MQL:

2026-07-31 15:41:03,573 [INFO   ]   >> OUTPUT : db.teacher.aggregate([ { $group: { _id: "$Hometown", count: { $sum: 1 } } } ])
2026-07-31 15:41:06,467 [INFO   ] [inference] generate_nosql  latency_sec=2.8903  input_tokens=66  output_tokens=32
2026-07-31 15:41:06,468 [INFO   ]   >> INPUT  : Translate the SQL query into an equivalent MongoDB MQL query using the provided schema.

Schema:
teacher(Age, Hometown, Name, Teacher_ID, _id)

SQL:
SELECT Hometown , COUNT(*) FROM teacher GROUP BY Hometown

MQL:

2026-07-31 15:41:06,468 [INFO   ]   >> OUTPUT : db.teacher.aggregate([ { $group: { _id: "$Hometown", count: { $sum: 1 } } } ])
2026-07-31 15:41:09,431 [INFO   ] [inference] generate_nosql  latency_sec=2.9602  input_tokens=72  output_tokens=63
2026-07-31 15:41:09,431 [INFO   ]   >> INPUT  : Translate the SQL query into an equivalent MongoDB MQL query using the provided schema.

Schema:
teacher(Age, Hometown, Name, Teacher_ID, _id)

SQL:
SELECT Hometown FROM teacher GROUP BY Hometown ORDER BY COUNT(*) DESC LIMIT 1

MQL:

2026-07-31 15:41:09,431 [INFO   ]   >> OUTPUT : db.teacher.aggregate([ { $group: { _id: "$Hometown", count: { $sum: 1 } } }, { $sort: { count: -1 } }, { $limit: 1 }, { $project: { Hometown: "$_id" } } ])
2026-07-31 15:41:16,582 [INFO   ] [inference] generate_nosql  latency_sec=7.1482  input_tokens=147  output_tokens=136
2026-07-31 15:41:16,582 [INFO   ]   >> INPUT  : Translate the SQL query into an equivalent MongoDB MQL query using the provided schema.

Schema:
course(Course, Course_ID, Staring_Date, _id) | course_arrange(Course_ID, Grade, Teacher_ID, _id) | teacher(Age, Hometown, Name, Teacher_ID, _id)

SQL:
SELECT T3.Name , T2.Course FROM course_arrange AS T1 JOIN course AS T2 ON T1.Course_ID = T2.Course_ID JOIN teacher AS T3 ON T1.Teacher_ID = T3.Teacher_ID

MQL:

2026-07-31 15:41:16,582 [INFO   ]   >> OUTPUT : db.course_arrange.aggregate([ { $lookup: { from: "course", localField: "Course_ID", foreignField: "Course_ID", as: "course_info" } }, { $lookup: { from: "teacher", localField: "Teacher_ID", foreignField: "Teacher_ID", as: "teacher_info" } }, { $unwind: "$course_info" }, { $unwind: "$teacher_info" }, { $project: { Name: "$course_info.Name", Course: "$course_info.Course" } } ])
2026-07-31 15:41:24,581 [INFO   ] [inference] generate_nosql  latency_sec=7.9951  input_tokens=147  output_tokens=136
2026-07-31 15:41:24,581 [INFO   ]   >> INPUT  : Translate the SQL query into an equivalent MongoDB MQL query using the provided schema.

Schema:
course(Course, Course_ID, Staring_Date, _id) | course_arrange(Course_ID, Grade, Teacher_ID, _id) | teacher(Age, Hometown, Name, Teacher_ID, _id)

SQL:
SELECT T3.Name , T2.Course FROM course_arrange AS T1 JOIN course AS T2 ON T1.Course_ID = T2.Course_ID JOIN teacher AS T3 ON T1.Teacher_ID = T3.Teacher_ID

MQL:

2026-07-31 15:41:24,581 [INFO   ]   >> OUTPUT : db.course_arrange.aggregate([ { $lookup: { from: "course", localField: "Course_ID", foreignField: "Course_ID", as: "course_info" } }, { $lookup: { from: "teacher", localField: "Teacher_ID", foreignField: "Teacher_ID", as: "teacher_info" } }, { $unwind: "$course_info" }, { $unwind: "$teacher_info" }, { $project: { Name: "$course_info.Name", Course: "$course_info.Course" } } ])
2026-07-31 15:41:32,374 [INFO   ] [inference] generate_nosql  latency_sec=7.7904  input_tokens=153  output_tokens=150
2026-07-31 15:41:32,374 [INFO   ]   >> INPUT  : Translate the SQL query into an equivalent MongoDB MQL query using the provided schema.

Schema:
course(Course, Course_ID, Staring_Date, _id) | course_arrange(Course_ID, Grade, Teacher_ID, _id) | teacher(Age, Hometown, Name, Teacher_ID, _id)

SQL:
SELECT T3.Name , T2.Course FROM course_arrange AS T1 JOIN course AS T2 ON T1.Course_ID = T2.Course_ID JOIN teacher AS T3 ON T1.Teacher_ID = T3.Teacher_ID ORDER BY T3.Name

MQL:

2026-07-31 15:41:32,374 [INFO   ]   >> OUTPUT : db.course_arrange.aggregate([ { $lookup: { from: "course", localField: "Course_ID", foreignField: "Course_ID", as: "course_info" } }, { $unwind: "$course_info" }, { $lookup: { from: "teacher", localField: "Teacher_ID", foreignField: "Teacher_ID", as: "teacher_info" } }, { $unwind: "$teacher_info" }, { $project: { Name: "$teacher_info.Name", Course_ID: "$course_info.Course_ID" } }, { $sort: { Name: 1 } } ])
2026-07-31 15:41:39,729 [INFO   ] [inference] generate_nosql  latency_sec=7.3501  input_tokens=153  output_tokens=150
2026-07-31 15:41:39,729 [INFO   ]   >> INPUT  : Translate the SQL query into an equivalent MongoDB MQL query using the provided schema.

Schema:
course(Course, Course_ID, Staring_Date, _id) | course_arrange(Course_ID, Grade, Teacher_ID, _id) | teacher(Age, Hometown, Name, Teacher_ID, _id)

SQL:
SELECT T3.Name , T2.Course FROM course_arrange AS T1 JOIN course AS T2 ON T1.Course_ID = T2.Course_ID JOIN teacher AS T3 ON T1.Teacher_ID = T3.Teacher_ID ORDER BY T3.Name

MQL:

2026-07-31 15:41:39,729 [INFO   ]   >> OUTPUT : db.course_arrange.aggregate([ { $lookup: { from: "course", localField: "Course_ID", foreignField: "Course_ID", as: "course_info" } }, { $unwind: "$course_info" }, { $lookup: { from: "teacher", localField: "Teacher_ID", foreignField: "Teacher_ID", as: "teacher_info" } }, { $unwind: "$teacher_info" }, { $project: { Name: "$teacher_info.Name", Course_ID: "$course_info.Course_ID" } }, { $sort: { Name: 1 } } ])
2026-07-31 15:41:47,512 [INFO   ] [inference] generate_nosql  latency_sec=7.7801  input_tokens=151  output_tokens=145
2026-07-31 15:41:47,512 [INFO   ]   >> INPUT  : Translate the SQL query into an equivalent MongoDB MQL query using the provided schema.

Schema:
course(Course, Course_ID, Staring_Date, _id) | course_arrange(Course_ID, Grade, Teacher_ID, _id) | teacher(Age, Hometown, Name, Teacher_ID, _id)

SQL:
SELECT T3.Name FROM course_arrange AS T1 JOIN course AS T2 ON T1.Course_ID = T2.Course_ID JOIN teacher AS T3 ON T1.Teacher_ID = T3.Teacher_ID WHERE T2.Course = "Math"

MQL:

2026-07-31 15:41:47,512 [INFO   ]   >> OUTPUT : db.course_arrange.aggregate([ { $lookup: { from: "course", localField: "Course_ID", foreignField: "Course_ID", as: "course_info" } }, { $unwind: "$course_info" }, { $match: { "course_info.Course": "Math" } }, { $lookup: { from: "teacher", localField: "Teacher_ID", foreignField: "Teacher_ID", as: "teacher_info" } }, { $unwind: "$teacher_info" }, { $project: { Name: "$teacher_info.Name" } } ])
2026-07-31 15:41:54,384 [INFO   ] [inference] generate_nosql  latency_sec=6.8695  input_tokens=151  output_tokens=145
2026-07-31 15:41:54,384 [INFO   ]   >> INPUT  : Translate the SQL query into an equivalent MongoDB MQL query using the provided schema.

Schema:
course(Course, Course_ID, Staring_Date, _id) | course_arrange(Course_ID, Grade, Teacher_ID, _id) | teacher(Age, Hometown, Name, Teacher_ID, _id)

SQL:
SELECT T3.Name FROM course_arrange AS T1 JOIN course AS T2 ON T1.Course_ID = T2.Course_ID JOIN teacher AS T3 ON T1.Teacher_ID = T3.Teacher_ID WHERE T2.Course = "Math"

MQL:

2026-07-31 15:41:54,384 [INFO   ]   >> OUTPUT : db.course_arrange.aggregate([ { $lookup: { from: "course", localField: "Course_ID", foreignField: "Course_ID", as: "course_info" } }, { $unwind: "$course_info" }, { $match: { "course_info.Course": "Math" } }, { $lookup: { from: "teacher", localField: "Teacher_ID", foreignField: "Teacher_ID", as: "teacher_info" } }, { $unwind: "$teacher_info" }, { $project: { Name: "$teacher_info.Name" } } ])
2026-07-31 15:42:00,116 [INFO   ] [inference] generate_nosql  latency_sec=5.7303  input_tokens=116  output_tokens=106
2026-07-31 15:42:00,117 [INFO   ]   >> INPUT  : Translate the SQL query into an equivalent MongoDB MQL query using the provided schema.

Schema:
course_arrange(Course_ID, Grade, Teacher_ID, _id) | teacher(Age, Hometown, Name, Teacher_ID, _id)

SQL:
SELECT T2.Name , COUNT(*) FROM course_arrange AS T1 JOIN teacher AS T2 ON T1.Teacher_ID = T2.Teacher_ID GROUP BY T2.Name

MQL:

2026-07-31 15:42:00,117 [INFO   ]   >> OUTPUT : db.course_arrange.aggregate([ { $lookup: { from: "teacher", localField: "Teacher_ID", foreignField: "Teacher_ID", as: "teacher_info" } }, { $unwind: "$teacher_info" }, { $group: { _id: "$teacher_info.Name", count: { $sum: 1 } } }, { $project: { Name: "$_id", count: 1 } } ])
2026-07-31 15:42:05,456 [INFO   ] [inference] generate_nosql  latency_sec=5.3347  input_tokens=116  output_tokens=106
2026-07-31 15:42:05,456 [INFO   ]   >> INPUT  : Translate the SQL query into an equivalent MongoDB MQL query using the provided schema.

Schema:
course_arrange(Course_ID, Grade, Teacher_ID, _id) | teacher(Age, Hometown, Name, Teacher_ID, _id)

SQL:
SELECT T2.Name , COUNT(*) FROM course_arrange AS T1 JOIN teacher AS T2 ON T1.Teacher_ID = T2.Teacher_ID GROUP BY T2.Name

MQL:

2026-07-31 15:42:05,456 [INFO   ]   >> OUTPUT : db.course_arrange.aggregate([ { $lookup: { from: "teacher", localField: "Teacher_ID", foreignField: "Teacher_ID", as: "teacher_info" } }, { $unwind: "$teacher_info" }, { $group: { _id: "$teacher_info.Name", count: { $sum: 1 } } }, { $project: { Name: "$_id", count: 1 } } ])
2026-07-31 15:42:11,211 [INFO   ] [inference] generate_nosql  latency_sec=5.7524  input_tokens=120  output_tokens=119
2026-07-31 15:42:11,211 [INFO   ]   >> INPUT  : Translate the SQL query into an equivalent MongoDB MQL query using the provided schema.

Schema:
course_arrange(Course_ID, Grade, Teacher_ID, _id) | teacher(Age, Hometown, Name, Teacher_ID, _id)

SQL:
SELECT T2.Name FROM course_arrange AS T1 JOIN teacher AS T2 ON T1.Teacher_ID = T2.Teacher_ID GROUP BY T2.Name HAVING COUNT(*) >= 2

MQL:

2026-07-31 15:42:11,211 [INFO   ]   >> OUTPUT : db.course_arrange.aggregate([ { $lookup: { from: "teacher", localField: "Teacher_ID", foreignField: "Teacher_ID", as: "teacher_info" } }, { $unwind: "$teacher_info" }, { $group: { _id: "$teacher_info.Name", count: { $sum: 1 } } }, { $match: { count: { $gte: 2 } } }, { $project: { Name: "$_id" } } ])
2026-07-31 15:42:17,529 [INFO   ] [inference] generate_nosql  latency_sec=6.313  input_tokens=120  output_tokens=119
2026-07-31 15:42:17,529 [INFO   ]   >> INPUT  : Translate the SQL query into an equivalent MongoDB MQL query using the provided schema.

Schema:
course_arrange(Course_ID, Grade, Teacher_ID, _id) | teacher(Age, Hometown, Name, Teacher_ID, _id)

SQL:
SELECT T2.Name FROM course_arrange AS T1 JOIN teacher AS T2 ON T1.Teacher_ID = T2.Teacher_ID GROUP BY T2.Name HAVING COUNT(*) >= 2

MQL:

2026-07-31 15:42:17,529 [INFO   ]   >> OUTPUT : db.course_arrange.aggregate([ { $lookup: { from: "teacher", localField: "Teacher_ID", foreignField: "Teacher_ID", as: "teacher_info" } }, { $unwind: "$teacher_info" }, { $group: { _id: "$teacher_info.Name", count: { $sum: 1 } } }, { $match: { count: { $gte: 2 } } }, { $project: { Name: "$_id" } } ])
2026-07-31 15:42:19,346 [INFO   ] [inference] generate_nosql  latency_sec=1.8152  input_tokens=91  output_tokens=40
2026-07-31 15:42:19,347 [INFO   ]   >> INPUT  : Translate the SQL query into an equivalent MongoDB MQL query using the provided schema.

Schema:
course_arrange(Course_ID, Grade, Teacher_ID, _id) | teacher(Age, Hometown, Name, Teacher_ID, _id)

SQL:
SELECT Name FROM teacher WHERE Teacher_id NOT IN (SELECT Teacher_id FROM course_arrange)

MQL:

2026-07-31 15:42:19,347 [INFO   ]   >> OUTPUT : db.teacher.find( { Teacher_ID: { $nin: db.course_arrange.distinct("Teacher_ID") } }, { Name: 1 } )
2026-07-31 15:42:21,169 [INFO   ] [inference] generate_nosql  latency_sec=1.8198  input_tokens=91  output_tokens=40
2026-07-31 15:42:21,169 [INFO   ]   >> INPUT  : Translate the SQL query into an equivalent MongoDB MQL query using the provided schema.

Schema:
course_arrange(Course_ID, Grade, Teacher_ID, _id) | teacher(Age, Hometown, Name, Teacher_ID, _id)

SQL:
SELECT Name FROM teacher WHERE Teacher_id NOT IN (SELECT Teacher_id FROM course_arrange)

MQL:

2026-07-31 15:42:21,169 [INFO   ]   >> OUTPUT : db.teacher.find( { Teacher_ID: { $nin: db.course_arrange.distinct("Teacher_ID") } }, { Name: 1 } )
2026-07-31 15:42:22,840 [INFO   ] [inference] generate_nosql  latency_sec=1.6682  input_tokens=77  output_tokens=35
2026-07-31 15:42:22,840 [INFO   ]   >> INPUT  : Translate the SQL query into an equivalent MongoDB MQL query using the provided schema.

Schema:
visitor(Age, ID, Level_of_membership, Name, _id)

SQL:
SELECT name FROM visitor WHERE Level_of_membership > 4 ORDER BY Level_of_membership DESC

MQL:

2026-07-31 15:42:22,841 [INFO   ]   >> OUTPUT : db.visitor.find({ Level_of_membership: { $gt: 4 } }, { Name: 1 }).sort({ Name: -1 })
2026-07-31 15:42:26,437 [INFO   ] [inference] generate_nosql  latency_sec=3.5935  input_tokens=70  output_tokens=67
2026-07-31 15:42:26,437 [INFO   ]   >> INPUT  : Translate the SQL query into an equivalent MongoDB MQL query using the provided schema.

Schema:
visitor(Age, ID, Level_of_membership, Name, _id)

SQL:
SELECT avg(age) FROM visitor WHERE Level_of_membership <= 4

MQL:

2026-07-31 15:42:26,437 [INFO   ]   >> OUTPUT : db.visitor.aggregate([ { $match: { Level_of_membership: { $lte: 4 } } }, { $group: { _id: null, avgAge: { $avg: "$Age" } } } , { $project: { avgAge: 1 } }])
2026-07-31 15:42:29,317 [INFO   ] [inference] generate_nosql  latency_sec=2.8754  input_tokens=79  output_tokens=44
2026-07-31 15:42:29,317 [INFO   ]   >> INPUT  : Translate the SQL query into an equivalent MongoDB MQL query using the provided schema.

Schema:
visitor(Age, ID, Level_of_membership, Name, _id)

SQL:
SELECT name , Level_of_membership FROM visitor WHERE Level_of_membership > 4 ORDER BY age DESC

MQL:

2026-07-31 15:42:29,317 [INFO   ]   >> OUTPUT : db.visitor.find({ Level_of_membership: { $gt: 4 } }, { Name: 1, Level_of_membership: 1 }).sort({ Age: -1 })
2026-07-31 15:42:31,056 [INFO   ] [inference] generate_nosql  latency_sec=1.7368  input_tokens=78  output_tokens=38
2026-07-31 15:42:31,056 [INFO   ]   >> INPUT  : Translate the SQL query into an equivalent MongoDB MQL query using the provided schema.

Schema:
museum(Museum_ID, Name, Num_of_Staff, Open_Year, _id)

SQL:
SELECT museum_id , name FROM museum ORDER BY num_of_staff DESC LIMIT 1

MQL:

2026-07-31 15:42:31,056 [INFO   ]   >> OUTPUT : db.museum.find({}, {Museum_ID: 1, Name: 1}).sort({Num_of_Staff: -1}).limit(1)
2026-07-31 15:42:32,506 [INFO   ] [inference] generate_nosql  latency_sec=1.4476  input_tokens=78  output_tokens=31
2026-07-31 15:42:32,507 [INFO   ]   >> INPUT  : Translate the SQL query into an equivalent MongoDB MQL query using the provided schema.

Schema:
museum(Museum_ID, Name, Num_of_Staff, Open_Year, _id)

SQL:
SELECT Num_of_Staff , Open_Year FROM museum WHERE name = 'Plaza Museum'

MQL:

2026-07-31 15:42:32,507 [INFO   ]   >> OUTPUT : db.museum.find({ Name: 'Plaza Museum' }, { Num_of_Staff: 1, Open_Year: 1 })
2026-07-31 15:42:38,983 [INFO   ] [inference] generate_nosql  latency_sec=6.4742  input_tokens=144  output_tokens=133
2026-07-31 15:42:38,984 [INFO   ]   >> INPUT  : Translate the SQL query into an equivalent MongoDB MQL query using the provided schema.

Schema:
museum(Museum_ID, Name, Num_of_Staff, Open_Year, _id) | visit(Museum_ID, Num_of_Ticket, Total_spent, _id, visitor_ID)

SQL:
SELECT t2.Museum_ID , t1.name FROM museum AS t1 JOIN visit AS t2 ON t1.Museum_ID = t2.Museum_ID GROUP BY t2.Museum_ID ORDER BY count(*) DESC LIMIT 1

MQL:

2026-07-31 15:42:38,984 [INFO   ]   >> OUTPUT : db.museum.aggregate([ { $lookup: { from: "visit", localField: "Museum_ID", foreignField: "Museum_ID", as: "visit_info" } }, { $unwind: "$visit_info" }, { $group: { _id: "$Museum_ID", name: { $first: "$Name" }, count: { $sum: 1 } } }, { $sort: { count: -1 } }, { $limit: 1 }, { $project: { Museum_ID: "$_id", Name: "$name" } } ])
2026-07-31 15:42:41,239 [INFO   ] [inference] generate_nosql  latency_sec=2.2506  input_tokens=103  output_tokens=38
2026-07-31 15:42:41,239 [INFO   ]   >> INPUT  : Translate the SQL query into an equivalent MongoDB MQL query using the provided schema.

Schema:
museum(Museum_ID, Name, Num_of_Staff, Open_Year, _id) | visit(Museum_ID, Num_of_Ticket, Total_spent, _id, visitor_ID)

SQL:
SELECT name FROM museum WHERE Museum_ID NOT IN (SELECT museum_id FROM visit)

MQL:

2026-07-31 15:42:41,239 [INFO   ]   >> OUTPUT : db.museum.find( { Museum_ID: { $nin: db.visit.distinct("Museum_ID") } }, { Name: 1 } )
2026-07-31 15:42:44,953 [INFO   ] [inference] generate_nosql  latency_sec=3.7105  input_tokens=82  output_tokens=75
2026-07-31 15:42:44,953 [INFO   ]   >> INPUT  : Translate the SQL query into an equivalent MongoDB MQL query using the provided schema.

Schema:
visit(Museum_ID, Num_of_Ticket, Total_spent, _id, visitor_ID)

SQL:
SELECT avg(num_of_ticket) , max(num_of_ticket) FROM visit

MQL:

2026-07-31 15:42:44,953 [INFO   ]   >> OUTPUT : db.visit.aggregate([ { $group: { _id: null, avgTicket: { $avg: "$Num_of_Ticket" }, maxTicket: { $max: "$Num_of_Ticket" } } }, { $project: { avgTicket: 1, maxTicket: 1 } } ])
2026-07-31 15:42:47,148 [INFO   ] [inference] generate_nosql  latency_sec=2.192  input_tokens=177  output_tokens=48
2026-07-31 15:42:47,149 [INFO   ]   >> INPUT  : Translate the SQL query into an equivalent MongoDB MQL query using the provided schema.

Schema:
matches(_id, best_of, draw_size, loser_age, loser_entry, loser_hand, loser_ht, loser_id, loser_ioc, loser_name, loser_rank, loser_rank_points, loser_seed, match_num, minutes, round, score, surface, tourney_date, tourney_id, tourney_level, tourney_name, winner_age, winner_entry, winner_hand, winner_ht, winner_id, winner_ioc, winner_name, winner_rank, winner_rank_points, winner_seed, year)

SQL:
SELECT avg(winner_rank) FROM matches

MQL:

2026-07-31 15:42:47,149 [INFO   ]   >> OUTPUT : db.matches.aggregate([ { $group: { _id: null, averageRank: { $avg: "$winner_rank" } } } , { $project: { averageRank: 1 } }])
2026-07-31 15:42:49,354 [INFO   ] [inference] generate_nosql  latency_sec=2.203  input_tokens=177  output_tokens=48
2026-07-31 15:42:49,354 [INFO   ]   >> INPUT  : Translate the SQL query into an equivalent MongoDB MQL query using the provided schema.

Schema:
matches(_id, best_of, draw_size, loser_age, loser_entry, loser_hand, loser_ht, loser_id, loser_ioc, loser_name, loser_rank, loser_rank_points, loser_seed, match_num, minutes, round, score, surface, tourney_date, tourney_id, tourney_level, tourney_name, winner_age, winner_entry, winner_hand, winner_ht, winner_id, winner_ioc, winner_name, winner_rank, winner_rank_points, winner_seed, year)

SQL:
SELECT avg(winner_rank) FROM matches

MQL:

2026-07-31 15:42:49,354 [INFO   ]   >> OUTPUT : db.matches.aggregate([ { $group: { _id: null, averageRank: { $avg: "$winner_rank" } } } , { $project: { averageRank: 1 } }])
2026-07-31 15:42:51,674 [INFO   ] [inference] generate_nosql  latency_sec=2.3172  input_tokens=178  output_tokens=50
2026-07-31 15:42:51,674 [INFO   ]   >> INPUT  : Translate the SQL query into an equivalent MongoDB MQL query using the provided schema.

Schema:
matches(_id, best_of, draw_size, loser_age, loser_entry, loser_hand, loser_ht, loser_id, loser_ioc, loser_name, loser_rank, loser_rank_points, loser_seed, match_num, minutes, round, score, surface, tourney_date, tourney_id, tourney_level, tourney_name, winner_age, winner_entry, winner_hand, winner_ht, winner_id, winner_ioc, winner_name, winner_rank, winner_rank_points, winner_seed, year)

SQL:
SELECT min(loser_rank) FROM matches

MQL:

2026-07-31 15:42:51,674 [INFO   ]   >> OUTPUT : db.matches.aggregate([ { $group: { _id: null, minLoserRank: { $min: "$winner_rank" } } }, { $project: { minLoserRank: 1 } } ])
2026-07-31 15:42:54,698 [INFO   ] [inference] generate_nosql  latency_sec=3.0215  input_tokens=178  output_tokens=50
2026-07-31 15:42:54,699 [INFO   ]   >> INPUT  : Translate the SQL query into an equivalent MongoDB MQL query using the provided schema.

Schema:
matches(_id, best_of, draw_size, loser_age, loser_entry, loser_hand, loser_ht, loser_id, loser_ioc, loser_name, loser_rank, loser_rank_points, loser_seed, match_num, minutes, round, score, surface, tourney_date, tourney_id, tourney_level, tourney_name, winner_age, winner_entry, winner_hand, winner_ht, winner_id, winner_ioc, winner_name, winner_rank, winner_rank_points, winner_seed, year)

SQL:
SELECT min(loser_rank) FROM matches

MQL:

2026-07-31 15:42:54,699 [INFO   ]   >> OUTPUT : db.matches.aggregate([ { $group: { _id: null, minLoserRank: { $min: "$winner_rank" } } }, { $project: { minLoserRank: 1 } } ])
2026-07-31 15:42:56,758 [INFO   ] [inference] generate_nosql  latency_sec=2.0548  input_tokens=181  output_tokens=40
2026-07-31 15:42:56,758 [INFO   ]   >> INPUT  : Translate the SQL query into an equivalent MongoDB MQL query using the provided schema.

Schema:
matches(_id, best_of, draw_size, loser_age, loser_entry, loser_hand, loser_ht, loser_id, loser_ioc, loser_name, loser_rank, loser_rank_points, loser_seed, match_num, minutes, round, score, surface, tourney_date, tourney_id, tourney_level, tourney_name, winner_age, winner_entry, winner_hand, winner_ht, winner_id, winner_ioc, winner_name, winner_rank, winner_rank_points, winner_seed, year)

SQL:
SELECT count(DISTINCT loser_name) FROM matches

MQL:

2026-07-31 15:42:56,758 [INFO   ]   >> OUTPUT : db.matches.aggregate([ { $group: { _id: "$loser_name" } }, { $count: "distinct_loser_names" } ])
2026-07-31 15:42:59,795 [INFO   ] [inference] generate_nosql  latency_sec=3.0343  input_tokens=189  output_tokens=65
2026-07-31 15:42:59,795 [INFO   ]   >> INPUT  : Translate the SQL query into an equivalent MongoDB MQL query using the provided schema.

Schema:
matches(_id, best_of, draw_size, loser_age, loser_entry, loser_hand, loser_ht, loser_id, loser_ioc, loser_name, loser_rank, loser_rank_points, loser_seed, match_num, minutes, round, score, surface, tourney_date, tourney_id, tourney_level, tourney_name, winner_age, winner_entry, winner_hand, winner_ht, winner_id, winner_ioc, winner_name, winner_rank, winner_rank_points, winner_seed, year)

SQL:
SELECT tourney_name FROM matches GROUP BY tourney_name HAVING count(*) > 10

MQL:

2026-07-31 15:42:59,795 [INFO   ]   >> OUTPUT : db.matches.aggregate([ { $group: { _id: "$tourney_name", count: { $sum: 1 } } }, { $match: { count: { $gt: 10 } } }, { $project: { tourney_name: "$_id" } } ])
2026-07-31 15:43:02,782 [INFO   ] [inference] generate_nosql  latency_sec=2.9837  input_tokens=189  output_tokens=65
2026-07-31 15:43:02,782 [INFO   ]   >> INPUT  : Translate the SQL query into an equivalent MongoDB MQL query using the provided schema.

Schema:
matches(_id, best_of, draw_size, loser_age, loser_entry, loser_hand, loser_ht, loser_id, loser_ioc, loser_name, loser_rank, loser_rank_points, loser_seed, match_num, minutes, round, score, surface, tourney_date, tourney_id, tourney_level, tourney_name, winner_age, winner_entry, winner_hand, winner_ht, winner_id, winner_ioc, winner_name, winner_rank, winner_rank_points, winner_seed, year)

SQL:
SELECT tourney_name FROM matches GROUP BY tourney_name HAVING count(*) > 10

MQL:

2026-07-31 15:43:02,782 [INFO   ]   >> OUTPUT : db.matches.aggregate([ { $group: { _id: "$tourney_name", count: { $sum: 1 } } }, { $match: { count: { $gt: 10 } } }, { $project: { tourney_name: "$_id" } } ])
2026-07-31 15:43:10,898 [INFO   ] [inference] generate_nosql  latency_sec=8.1112  input_tokens=191  output_tokens=150
2026-07-31 15:43:10,898 [INFO   ]   >> INPUT  : Translate the SQL query into an equivalent MongoDB MQL query using the provided schema.

Schema:
matches(_id, best_of, draw_size, loser_age, loser_entry, loser_hand, loser_ht, loser_id, loser_ioc, loser_name, loser_rank, loser_rank_points, loser_seed, match_num, minutes, round, score, surface, tourney_date, tourney_id, tourney_level, tourney_name, winner_age, winner_entry, winner_hand, winner_ht, winner_id, winner_ioc, winner_name, winner_rank, winner_rank_points, winner_seed, year)

SQL:
SELECT winner_name FROM matches WHERE YEAR = 2013 INTERSECT SELECT winner_name FROM matches WHERE YEAR = 2016

MQL:

2026-07-31 15:43:10,898 [INFO   ]   >> OUTPUT : db.matches.aggregate([ { $lookup: { from: "matches", localField: "match_num", foreignField: "match_num", as: "matches" } }, { $unwind: "$matches" }, { $lookup: { from: "matches", localField: "matches.winner_id", foreignField: "winner_id", as: "matches_winner" } }, { $unwind: "$matches_winner" }, { $match: { "matches_winner.year": { $in: [2013, 2016] } } }, { $group: { _id: "$winner_name" } }, { $project
2026-07-31 15:43:18,090 [INFO   ] [inference] generate_nosql  latency_sec=7.1897  input_tokens=191  output_tokens=150
2026-07-31 15:43:18,091 [INFO   ]   >> INPUT  : Translate the SQL query into an equivalent MongoDB MQL query using the provided schema.

Schema:
matches(_id, best_of, draw_size, loser_age, loser_entry, loser_hand, loser_ht, loser_id, loser_ioc, loser_name, loser_rank, loser_rank_points, loser_seed, match_num, minutes, round, score, surface, tourney_date, tourney_id, tourney_level, tourney_name, winner_age, winner_entry, winner_hand, winner_ht, winner_id, winner_ioc, winner_name, winner_rank, winner_rank_points, winner_seed, year)

SQL:
SELECT winner_name FROM matches WHERE YEAR = 2013 INTERSECT SELECT winner_name FROM matches WHERE YEAR = 2016

MQL:

2026-07-31 15:43:18,091 [INFO   ]   >> OUTPUT : db.matches.aggregate([ { $lookup: { from: "matches", localField: "match_num", foreignField: "match_num", as: "matches" } }, { $unwind: "$matches" }, { $lookup: { from: "matches", localField: "matches.winner_id", foreignField: "winner_id", as: "matches_winner" } }, { $unwind: "$matches_winner" }, { $match: { "matches_winner.year": { $in: [2013, 2016] } } }, { $group: { _id: "$winner_name" } }, { $project
2026-07-31 15:43:20,809 [INFO   ] [inference] generate_nosql  latency_sec=2.7154  input_tokens=182  output_tokens=49
2026-07-31 15:43:20,810 [INFO   ]   >> INPUT  : Translate the SQL query into an equivalent MongoDB MQL query using the provided schema.

Schema:
matches(_id, best_of, draw_size, loser_age, loser_entry, loser_hand, loser_ht, loser_id, loser_ioc, loser_name, loser_rank, loser_rank_points, loser_seed, match_num, minutes, round, score, surface, tourney_date, tourney_id, tourney_level, tourney_name, winner_age, winner_entry, winner_hand, winner_ht, winner_id, winner_ioc, winner_name, winner_rank, winner_rank_points, winner_seed, year)

SQL:
SELECT count(*) FROM matches WHERE YEAR = 2013 OR YEAR = 2016

MQL:

2026-07-31 15:43:20,810 [INFO   ]   >> OUTPUT : db.matches.aggregate([ { $match: { year: { $in: [2013, 2016] } } }, { $group: { _id: null, count: { $sum: 1 } } } ])
2026-07-31 15:43:28,239 [INFO   ] [inference] generate_nosql  latency_sec=7.4252  input_tokens=303  output_tokens=103
2026-07-31 15:43:28,239 [INFO   ]   >> INPUT  : Translate the SQL query into an equivalent MongoDB MQL query using the provided schema.

Schema:
matches(_id, best_of, draw_size, loser_age, loser_entry, loser_hand, loser_ht, loser_id, loser_ioc, loser_name, loser_rank, loser_rank_points, loser_seed, match_num, minutes, round, score, surface, tourney_date, tourney_id, tourney_level, tourney_name, winner_age, winner_entry, winner_hand, winner_ht, winner_id, winner_ioc, winner_name, winner_rank, winner_rank_points, winner_seed, year) | players(_id, birth_date, country_code, first_name, hand, last_name, player_id)

SQL:
SELECT T1.country_code , T1.first_name FROM players AS T1 JOIN matches AS T2 ON T1.player_id = T2.winner_id WHERE T2.tourney_name = 'WTA Championships' INTERSECT SELECT T1.country_code , T1.first_name FROM players AS T1 JOIN matches AS T2 ON T1.player_id = T2.winner_id WHERE T2.tourney_name = 'Australian Open'

MQL:

2026-07-31 15:43:28,239 [INFO   ]   >> OUTPUT : db.players.aggregate([ { $lookup: { from: "matches", localField: "player_id", foreignField: "winner_id", as: "matches" } }, { $unwind: "$matches" }, { $match: { "matches.tourney_name": { $all: ["WTA Championships", "Australian Open"] } } }, { $project: { country_code: 1, first_name: 1 } } ])
2026-07-31 15:43:29,954 [INFO   ] [inference] generate_nosql  latency_sec=1.7125  input_tokens=79  output_tokens=35
2026-07-31 15:43:29,955 [INFO   ]   >> INPUT  : Translate the SQL query into an equivalent MongoDB MQL query using the provided schema.

Schema:
players(_id, birth_date, country_code, first_name, hand, last_name, player_id)

SQL:
SELECT first_name , country_code FROM players ORDER BY birth_date LIMIT 1

MQL:

2026-07-31 15:43:29,955 [INFO   ]   >> OUTPUT : db.players.find({}, {first_name: 1, country_code: 1}).sort({birth_date: 1}).limit(1)
2026-07-31 15:43:31,572 [INFO   ] [inference] generate_nosql  latency_sec=1.6142  input_tokens=79  output_tokens=35
2026-07-31 15:43:31,572 [INFO   ]   >> INPUT  : Translate the SQL query into an equivalent MongoDB MQL query using the provided schema.

Schema:
players(_id, birth_date, country_code, first_name, hand, last_name, player_id)

SQL:
SELECT first_name , country_code FROM players ORDER BY birth_date LIMIT 1

MQL:

2026-07-31 15:43:31,572 [INFO   ]   >> OUTPUT : db.players.find({}, {first_name: 1, country_code: 1}).sort({birth_date: 1}).limit(1)
2026-07-31 15:43:34,998 [INFO   ] [inference] generate_nosql  latency_sec=3.4236  input_tokens=185  output_tokens=61
2026-07-31 15:43:34,999 [INFO   ]   >> INPUT  : Translate the SQL query into an equivalent MongoDB MQL query using the provided schema.

Schema:
matches(_id, best_of, draw_size, loser_age, loser_entry, loser_hand, loser_ht, loser_id, loser_ioc, loser_name, loser_rank, loser_rank_points, loser_seed, match_num, minutes, round, score, surface, tourney_date, tourney_id, tourney_level, tourney_name, winner_age, winner_entry, winner_hand, winner_ht, winner_id, winner_ioc, winner_name, winner_rank, winner_rank_points, winner_seed, year)

SQL:
SELECT YEAR FROM matches GROUP BY YEAR ORDER BY count(*) DESC LIMIT 1

MQL:

2026-07-31 15:43:34,999 [INFO   ]   >> OUTPUT : db.matches.aggregate([ { $group: { _id: "$year", count: { $sum: 1 } } }, { $sort: { count: -1 } }, { $limit: 1 }, { $project: { year: "$_id" } } ])
2026-07-31 15:43:38,170 [INFO   ] [inference] generate_nosql  latency_sec=3.1658  input_tokens=185  output_tokens=61
2026-07-31 15:43:38,170 [INFO   ]   >> INPUT  : Translate the SQL query into an equivalent MongoDB MQL query using the provided schema.

Schema:
matches(_id, best_of, draw_size, loser_age, loser_entry, loser_hand, loser_ht, loser_id, loser_ioc, loser_name, loser_rank, loser_rank_points, loser_seed, match_num, minutes, round, score, surface, tourney_date, tourney_id, tourney_level, tourney_name, winner_age, winner_entry, winner_hand, winner_ht, winner_id, winner_ioc, winner_name, winner_rank, winner_rank_points, winner_seed, year)

SQL:
SELECT YEAR FROM matches GROUP BY YEAR ORDER BY count(*) DESC LIMIT 1

MQL:

2026-07-31 15:43:38,170 [INFO   ]   >> OUTPUT : db.matches.aggregate([ { $group: { _id: "$year", count: { $sum: 1 } } }, { $sort: { count: -1 } }, { $limit: 1 }, { $project: { year: "$_id" } } ])
2026-07-31 15:43:41,722 [INFO   ] [inference] generate_nosql  latency_sec=3.549  input_tokens=195  output_tokens=74
2026-07-31 15:43:41,722 [INFO   ]   >> INPUT  : Translate the SQL query into an equivalent MongoDB MQL query using the provided schema.

Schema:
matches(_id, best_of, draw_size, loser_age, loser_entry, loser_hand, loser_ht, loser_id, loser_ioc, loser_name, loser_rank, loser_rank_points, loser_seed, match_num, minutes, round, score, surface, tourney_date, tourney_id, tourney_level, tourney_name, winner_age, winner_entry, winner_hand, winner_ht, winner_id, winner_ioc, winner_name, winner_rank, winner_rank_points, winner_seed, year)

SQL:
SELECT winner_name , winner_rank_points FROM matches GROUP BY winner_name ORDER BY count(*) DESC LIMIT 1

MQL:

2026-07-31 15:43:41,722 [INFO   ]   >> OUTPUT : db.matches.aggregate([ { $group: { _id: "$winner_name", count: { $sum: 1 } } }, { $sort: { count: -1 } }, { $limit: 1 }, { $project: { winner_name: "$_id", winner_rank_points: "$count" } } ])
2026-07-31 15:43:45,207 [INFO   ] [inference] generate_nosql  latency_sec=3.4812  input_tokens=195  output_tokens=74
2026-07-31 15:43:45,207 [INFO   ]   >> INPUT  : Translate the SQL query into an equivalent MongoDB MQL query using the provided schema.

Schema:
matches(_id, best_of, draw_size, loser_age, loser_entry, loser_hand, loser_ht, loser_id, loser_ioc, loser_name, loser_rank, loser_rank_points, loser_seed, match_num, minutes, round, score, surface, tourney_date, tourney_id, tourney_level, tourney_name, winner_age, winner_entry, winner_hand, winner_ht, winner_id, winner_ioc, winner_name, winner_rank, winner_rank_points, winner_seed, year)

SQL:
SELECT winner_name , winner_rank_points FROM matches GROUP BY winner_name ORDER BY count(*) DESC LIMIT 1

MQL:

2026-07-31 15:43:45,207 [INFO   ]   >> OUTPUT : db.matches.aggregate([ { $group: { _id: "$winner_name", count: { $sum: 1 } } }, { $sort: { count: -1 } }, { $limit: 1 }, { $project: { winner_name: "$_id", winner_rank_points: "$count" } } ])
2026-07-31 15:43:47,505 [INFO   ] [inference] generate_nosql  latency_sec=2.296  input_tokens=196  output_tokens=42
2026-07-31 15:43:47,506 [INFO   ]   >> INPUT  : Translate the SQL query into an equivalent MongoDB MQL query using the provided schema.

Schema:
matches(_id, best_of, draw_size, loser_age, loser_entry, loser_hand, loser_ht, loser_id, loser_ioc, loser_name, loser_rank, loser_rank_points, loser_seed, match_num, minutes, round, score, surface, tourney_date, tourney_id, tourney_level, tourney_name, winner_age, winner_entry, winner_hand, winner_ht, winner_id, winner_ioc, winner_name, winner_rank, winner_rank_points, winner_seed, year)

SQL:
SELECT winner_name FROM matches WHERE tourney_name = 'Australian Open' ORDER BY winner_rank_points DESC LIMIT 1

MQL:

2026-07-31 15:43:47,506 [INFO   ]   >> OUTPUT : db.matches.find({tourney_name: 'Australian Open'}, {winner_name: 1}).sort({winner_rank_points: -1}).limit(1)
2026-07-31 15:43:50,072 [INFO   ] [inference] generate_nosql  latency_sec=2.562  input_tokens=196  output_tokens=42
2026-07-31 15:43:50,072 [INFO   ]   >> INPUT  : Translate the SQL query into an equivalent MongoDB MQL query using the provided schema.

Schema:
matches(_id, best_of, draw_size, loser_age, loser_entry, loser_hand, loser_ht, loser_id, loser_ioc, loser_name, loser_rank, loser_rank_points, loser_seed, match_num, minutes, round, score, surface, tourney_date, tourney_id, tourney_level, tourney_name, winner_age, winner_entry, winner_hand, winner_ht, winner_id, winner_ioc, winner_name, winner_rank, winner_rank_points, winner_seed, year)

SQL:
SELECT winner_name FROM matches WHERE tourney_name = 'Australian Open' ORDER BY winner_rank_points DESC LIMIT 1

MQL:

2026-07-31 15:43:50,072 [INFO   ]   >> OUTPUT : db.matches.find({tourney_name: 'Australian Open'}, {winner_name: 1}).sort({winner_rank_points: -1}).limit(1)
2026-07-31 15:43:51,751 [INFO   ] [inference] generate_nosql  latency_sec=1.6753  input_tokens=186  output_tokens=36
2026-07-31 15:43:51,751 [INFO   ]   >> INPUT  : Translate the SQL query into an equivalent MongoDB MQL query using the provided schema.

Schema:
matches(_id, best_of, draw_size, loser_age, loser_entry, loser_hand, loser_ht, loser_id, loser_ioc, loser_name, loser_rank, loser_rank_points, loser_seed, match_num, minutes, round, score, surface, tourney_date, tourney_id, tourney_level, tourney_name, winner_age, winner_entry, winner_hand, winner_ht, winner_id, winner_ioc, winner_name, winner_rank, winner_rank_points, winner_seed, year)

SQL:
SELECT winner_name , loser_name FROM matches ORDER BY minutes DESC LIMIT 1

MQL:

2026-07-31 15:43:51,751 [INFO   ]   >> OUTPUT : db.matches.find({}, {winner_name: 1, loser_name: 1}).sort({minutes: -1}).limit(1)
2026-07-31 15:43:53,431 [INFO   ] [inference] generate_nosql  latency_sec=1.6774  input_tokens=186  output_tokens=36
2026-07-31 15:43:53,431 [INFO   ]   >> INPUT  : Translate the SQL query into an equivalent MongoDB MQL query using the provided schema.

Schema:
matches(_id, best_of, draw_size, loser_age, loser_entry, loser_hand, loser_ht, loser_id, loser_ioc, loser_name, loser_rank, loser_rank_points, loser_seed, match_num, minutes, round, score, surface, tourney_date, tourney_id, tourney_level, tourney_name, winner_age, winner_entry, winner_hand, winner_ht, winner_id, winner_ioc, winner_name, winner_rank, winner_rank_points, winner_seed, year)

SQL:
SELECT winner_name , loser_name FROM matches ORDER BY minutes DESC LIMIT 1

MQL:

2026-07-31 15:43:53,431 [INFO   ]   >> OUTPUT : db.matches.find({}, {winner_name: 1, loser_name: 1}).sort({minutes: -1}).limit(1)
2026-07-31 15:43:56,364 [INFO   ] [inference] generate_nosql  latency_sec=2.929  input_tokens=82  output_tokens=64
2026-07-31 15:43:56,364 [INFO   ]   >> INPUT  : Translate the SQL query into an equivalent MongoDB MQL query using the provided schema.

Schema:
players(_id, birth_date, country_code, first_name, hand, last_name, player_id)

SQL:
SELECT country_code FROM players GROUP BY country_code ORDER BY count(*) DESC LIMIT 1

MQL:

2026-07-31 15:43:56,364 [INFO   ]   >> OUTPUT : db.players.aggregate([ { $group: { _id: "$country_code", count: { $sum: 1 } } }, { $sort: { count: -1 } }, { $limit: 1 }, { $project: { country_code: "$_id" } } ])
2026-07-31 15:43:59,338 [INFO   ] [inference] generate_nosql  latency_sec=2.9714  input_tokens=82  output_tokens=64
2026-07-31 15:43:59,338 [INFO   ]   >> INPUT  : Translate the SQL query into an equivalent MongoDB MQL query using the provided schema.

Schema:
players(_id, birth_date, country_code, first_name, hand, last_name, player_id)

SQL:
SELECT country_code FROM players GROUP BY country_code ORDER BY count(*) DESC LIMIT 1

MQL:

2026-07-31 15:43:59,339 [INFO   ]   >> OUTPUT : db.players.aggregate([ { $group: { _id: "$country_code", count: { $sum: 1 } } }, { $sort: { count: -1 } }, { $limit: 1 }, { $project: { country_code: "$_id" } } ])
2026-07-31 15:44:02,417 [INFO   ] [inference] generate_nosql  latency_sec=3.0751  input_tokens=179  output_tokens=31
2026-07-31 15:44:02,418 [INFO   ]   >> INPUT  : Translate the SQL query into an equivalent MongoDB MQL query using the provided schema.

Schema:
matches(_id, best_of, draw_size, loser_age, loser_entry, loser_hand, loser_ht, loser_id, loser_ioc, loser_name, loser_rank, loser_rank_points, loser_seed, match_num, minutes, round, score, surface, tourney_date, tourney_id, tourney_level, tourney_name, winner_age, winner_entry, winner_hand, winner_ht, winner_id, winner_ioc, winner_name, winner_rank, winner_rank_points, winner_seed, year)

SQL:
SELECT count(*) , YEAR FROM matches GROUP BY YEAR

MQL:

2026-07-31 15:44:02,418 [INFO   ]   >> OUTPUT : db.matches.aggregate([ { $group: { _id: "$year", count: { $sum: 1 } } } ])
2026-07-31 15:44:05,082 [INFO   ] [inference] generate_nosql  latency_sec=2.6594  input_tokens=179  output_tokens=31
2026-07-31 15:44:05,082 [INFO   ]   >> INPUT  : Translate the SQL query into an equivalent MongoDB MQL query using the provided schema.

Schema:
matches(_id, best_of, draw_size, loser_age, loser_entry, loser_hand, loser_ht, loser_id, loser_ioc, loser_name, loser_rank, loser_rank_points, loser_seed, match_num, minutes, round, score, surface, tourney_date, tourney_id, tourney_level, tourney_name, winner_age, winner_entry, winner_hand, winner_ht, winner_id, winner_ioc, winner_name, winner_rank, winner_rank_points, winner_seed, year)

SQL:
SELECT count(*) , YEAR FROM matches GROUP BY YEAR

MQL:

2026-07-31 15:44:05,082 [INFO   ]   >> OUTPUT : db.matches.aggregate([ { $group: { _id: "$year", count: { $sum: 1 } } } ])
2026-07-31 15:44:09,869 [INFO   ] [inference] generate_nosql  latency_sec=4.7841  input_tokens=190  output_tokens=36
2026-07-31 15:44:09,869 [INFO   ]   >> INPUT  : Translate the SQL query into an equivalent MongoDB MQL query using the provided schema.

Schema:
matches(_id, best_of, draw_size, loser_age, loser_entry, loser_hand, loser_ht, loser_id, loser_ioc, loser_name, loser_rank, loser_rank_points, loser_seed, match_num, minutes, round, score, surface, tourney_date, tourney_id, tourney_level, tourney_name, winner_age, winner_entry, winner_hand, winner_ht, winner_id, winner_ioc, winner_name, winner_rank, winner_rank_points, winner_seed, year)

SQL:
SELECT DISTINCT winner_name , winner_rank FROM matches ORDER BY winner_age LIMIT 3

MQL:

2026-07-31 15:44:09,869 [INFO   ]   >> OUTPUT : db.matches.find({}, {winner_name: 1, winner_rank: 1}).sort({winner_age: 1}).limit(3)
2026-07-31 15:44:14,816 [INFO   ] [inference] generate_nosql  latency_sec=4.9441  input_tokens=190  output_tokens=36
2026-07-31 15:44:14,816 [INFO   ]   >> INPUT  : Translate the SQL query into an equivalent MongoDB MQL query using the provided schema.

Schema:
matches(_id, best_of, draw_size, loser_age, loser_entry, loser_hand, loser_ht, loser_id, loser_ioc, loser_name, loser_rank, loser_rank_points, loser_seed, match_num, minutes, round, score, surface, tourney_date, tourney_id, tourney_level, tourney_name, winner_age, winner_entry, winner_hand, winner_ht, winner_id, winner_ioc, winner_name, winner_rank, winner_rank_points, winner_seed, year)

SQL:
SELECT DISTINCT winner_name , winner_rank FROM matches ORDER BY winner_age LIMIT 3

MQL:

2026-07-31 15:44:14,816 [INFO   ]   >> OUTPUT : db.matches.find({}, {winner_name: 1, winner_rank: 1}).sort({winner_age: 1}).limit(3)
2026-07-31 15:44:20,392 [INFO   ] [inference] generate_nosql  latency_sec=5.5708  input_tokens=200  output_tokens=103
2026-07-31 15:44:20,392 [INFO   ]   >> INPUT  : Translate the SQL query into an equivalent MongoDB MQL query using the provided schema.

Schema:
matches(_id, best_of, draw_size, loser_age, loser_entry, loser_hand, loser_ht, loser_id, loser_ioc, loser_name, loser_rank, loser_rank_points, loser_seed, match_num, minutes, round, score, surface, tourney_date, tourney_id, tourney_level, tourney_name, winner_age, winner_entry, winner_hand, winner_ht, winner_id, winner_ioc, winner_name, winner_rank, winner_rank_points, winner_seed, year)

SQL:
SELECT count(DISTINCT winner_name) FROM matches WHERE tourney_name = 'WTA Championships' AND winner_hand = 'L'

MQL:

2026-07-31 15:44:20,392 [INFO   ]   >> OUTPUT : db.matches.aggregate([ { $match: { tourney_name: "WTA Championships" } }, { $lookup: { from: "matches", localField: "matches_num", foreignField: "winner_id", as: "matches" } }, { $unwind: "$matches" }, { $group: { _id: "$matches.winner_name" } }, { $count: "unique_matches" } ])
2026-07-31 15:44:25,750 [INFO   ] [inference] generate_nosql  latency_sec=5.3552  input_tokens=200  output_tokens=103
2026-07-31 15:44:25,751 [INFO   ]   >> INPUT  : Translate the SQL query into an equivalent MongoDB MQL query using the provided schema.

Schema:
matches(_id, best_of, draw_size, loser_age, loser_entry, loser_hand, loser_ht, loser_id, loser_ioc, loser_name, loser_rank, loser_rank_points, loser_seed, match_num, minutes, round, score, surface, tourney_date, tourney_id, tourney_level, tourney_name, winner_age, winner_entry, winner_hand, winner_ht, winner_id, winner_ioc, winner_name, winner_rank, winner_rank_points, winner_seed, year)

SQL:
SELECT count(DISTINCT winner_name) FROM matches WHERE tourney_name = 'WTA Championships' AND winner_hand = 'L'

MQL:

2026-07-31 15:44:25,751 [INFO   ]   >> OUTPUT : db.matches.aggregate([ { $match: { tourney_name: "WTA Championships" } }, { $lookup: { from: "matches", localField: "matches_num", foreignField: "winner_id", as: "matches" } }, { $unwind: "$matches" }, { $group: { _id: "$matches.winner_name" } }, { $count: "unique_matches" } ])
2026-07-31 15:44:31,327 [INFO   ] [inference] generate_nosql  latency_sec=5.5733  input_tokens=256  output_tokens=90
2026-07-31 15:44:31,328 [INFO   ]   >> INPUT  : Translate the SQL query into an equivalent MongoDB MQL query using the provided schema.

Schema:
matches(_id, best_of, draw_size, loser_age, loser_entry, loser_hand, loser_ht, loser_id, loser_ioc, loser_name, loser_rank, loser_rank_points, loser_seed, match_num, minutes, round, score, surface, tourney_date, tourney_id, tourney_level, tourney_name, winner_age, winner_entry, winner_hand, winner_ht, winner_id, winner_ioc, winner_name, winner_rank, winner_rank_points, winner_seed, year) | players(_id, birth_date, country_code, first_name, hand, last_name, player_id)

SQL:
SELECT T1.first_name , T1.country_code , T1.birth_date FROM players AS T1 JOIN matches AS T2 ON T1.player_id = T2.winner_id ORDER BY T2.winner_rank_points DESC LIMIT 1

MQL:

2026-07-31 15:44:31,328 [INFO   ]   >> OUTPUT : db.players.aggregate([ { $lookup: { from: "matches", localField: "player_id", foreignField: "winner_id", as: "matches" } }, { $project: { first_name: 1, country_code: 1, birth_date: 1 } }, { $sort: { winner_rank_points: -1 } }, { $limit: 1 } ])
2026-07-31 15:44:36,021 [INFO   ] [inference] generate_nosql  latency_sec=4.6887  input_tokens=256  output_tokens=90
2026-07-31 15:44:36,021 [INFO   ]   >> INPUT  : Translate the SQL query into an equivalent MongoDB MQL query using the provided schema.

Schema:
matches(_id, best_of, draw_size, loser_age, loser_entry, loser_hand, loser_ht, loser_id, loser_ioc, loser_name, loser_rank, loser_rank_points, loser_seed, match_num, minutes, round, score, surface, tourney_date, tourney_id, tourney_level, tourney_name, winner_age, winner_entry, winner_hand, winner_ht, winner_id, winner_ioc, winner_name, winner_rank, winner_rank_points, winner_seed, year) | players(_id, birth_date, country_code, first_name, hand, last_name, player_id)

SQL:
SELECT T1.first_name , T1.country_code , T1.birth_date FROM players AS T1 JOIN matches AS T2 ON T1.player_id = T2.winner_id ORDER BY T2.winner_rank_points DESC LIMIT 1

MQL:

2026-07-31 15:44:36,021 [INFO   ]   >> OUTPUT : db.players.aggregate([ { $lookup: { from: "matches", localField: "player_id", foreignField: "winner_id", as: "matches" } }, { $project: { first_name: 1, country_code: 1, birth_date: 1 } }, { $sort: { winner_rank_points: -1 } }, { $limit: 1 } ])
2026-07-31 15:44:38,261 [INFO   ] [inference] generate_nosql  latency_sec=2.2355  input_tokens=72  output_tokens=30
2026-07-31 15:44:38,261 [INFO   ]   >> INPUT  : Translate the SQL query into an equivalent MongoDB MQL query using the provided schema.

Schema:
players(_id, birth_date, country_code, first_name, hand, last_name, player_id)

SQL:
SELECT count(*) , hand FROM players GROUP BY hand

MQL:

2026-07-31 15:44:38,261 [INFO   ]   >> OUTPUT : db.players.aggregate([ { $group: { _id: "$hand", count: { $sum: 1 } } } ])
2026-07-31 15:44:40,424 [INFO   ] [inference] generate_nosql  latency_sec=2.1599  input_tokens=72  output_tokens=30
2026-07-31 15:44:40,425 [INFO   ]   >> INPUT  : Translate the SQL query into an equivalent MongoDB MQL query using the provided schema.

Schema:
players(_id, birth_date, country_code, first_name, hand, last_name, player_id)

SQL:
SELECT count(*) , hand FROM players GROUP BY hand

MQL:

2026-07-31 15:44:40,425 [INFO   ]   >> OUTPUT : db.players.aggregate([ { $group: { _id: "$hand", count: { $sum: 1 } } } ])
2026-07-31 15:44:41,837 [INFO   ] [inference] generate_nosql  latency_sec=1.4096  input_tokens=78  output_tokens=27
2026-07-31 15:44:41,838 [INFO   ]   >> INPUT  : Translate the SQL query into an equivalent MongoDB MQL query using the provided schema.

Schema:
ship(_id, disposition_of_ship, id, location, lost_in_battle, name, ship_type, tonnage)

SQL:
SELECT name , tonnage FROM ship ORDER BY name DESC

MQL:

2026-07-31 15:44:41,838 [INFO   ]   >> OUTPUT : db.ship.find({}, {name: 1, tonnage: 1}).sort({name: -1})
2026-07-31 15:44:42,952 [INFO   ] [inference] generate_nosql  latency_sec=1.1085  input_tokens=66  output_tokens=17
2026-07-31 15:44:42,953 [INFO   ]   >> INPUT  : Translate the SQL query into an equivalent MongoDB MQL query using the provided schema.

Schema:
battle(_id, bulgarian_commander, date, id, latin_commander, name, result)

SQL:
SELECT name , date FROM battle

MQL:

2026-07-31 15:44:42,953 [INFO   ]   >> OUTPUT : db.battle.find({}, { name: 1, date: 1})
2026-07-31 15:44:47,005 [INFO   ] [inference] generate_nosql  latency_sec=4.0465  input_tokens=67  output_tokens=63
2026-07-31 15:44:47,005 [INFO   ]   >> INPUT  : Translate the SQL query into an equivalent MongoDB MQL query using the provided schema.

Schema:
death(_id, caused_by_ship_id, id, injured, killed, note)

SQL:
SELECT max(killed) , min(killed) FROM death

MQL:

2026-07-31 15:44:47,005 [INFO   ]   >> OUTPUT : db.death.aggregate([ { $group: { _id: null, max_killed: { $max: "$killed" }, min_killed: { $min: "$killed" } } }, { $project: { max_killed: 1, min_killed: 1 } } ])
2026-07-31 15:44:49,289 [INFO   ] [inference] generate_nosql  latency_sec=2.2809  input_tokens=63  output_tokens=48
2026-07-31 15:44:49,289 [INFO   ]   >> INPUT  : Translate the SQL query into an equivalent MongoDB MQL query using the provided schema.

Schema:
death(_id, caused_by_ship_id, id, injured, killed, note)

SQL:
SELECT avg(injured) FROM death

MQL:

2026-07-31 15:44:49,289 [INFO   ]   >> OUTPUT : db.death.aggregate([ { $group: { _id: null, averageInjured: { $avg: "$injured" } } } , { $project: { averageInjured: 1 } }])
2026-07-31 15:44:53,681 [INFO   ] [inference] generate_nosql  latency_sec=4.3893  input_tokens=136  output_tokens=92
2026-07-31 15:44:53,681 [INFO   ]   >> INPUT  : Translate the SQL query into an equivalent MongoDB MQL query using the provided schema.

Schema:
ship(_id, disposition_of_ship, id, location, lost_in_battle, name, ship_type, tonnage) | death(_id, caused_by_ship_id, id, injured, killed, note)

SQL:
SELECT T1.killed , T1.injured FROM death AS T1 JOIN ship AS t2 ON T1.caused_by_ship_id = T2.id WHERE T2.tonnage = 't'

MQL:

2026-07-31 15:44:53,682 [INFO   ]   >> OUTPUT : db.death.aggregate([ { $lookup: { from: "ship", localField: "caused_by_ship_id", foreignField: "id", as: "ship_info" } }, { $unwind: "$ship_info" }, { $match: { "ship_info.tonnage": "t" } }, { $project: { killed: 1, injured: 1 } } ])
2026-07-31 15:44:55,469 [INFO   ] [inference] generate_nosql  latency_sec=1.7841  input_tokens=80  output_tokens=34
2026-07-31 15:44:55,469 [INFO   ]   >> INPUT  : Translate the SQL query into an equivalent MongoDB MQL query using the provided schema.

Schema:
battle(_id, bulgarian_commander, date, id, latin_commander, name, result)

SQL:
SELECT name , RESULT FROM battle WHERE bulgarian_commander != 'Boril'

MQL:

2026-07-31 15:44:55,469 [INFO   ]   >> OUTPUT : db.battle.find({bulgarian_commander: {$ne: 'Boril'}}, {name: 1, result: 1})
2026-07-31 15:45:01,009 [INFO   ] [inference] generate_nosql  latency_sec=5.5375  input_tokens=142  output_tokens=90
2026-07-31 15:45:01,009 [INFO   ]   >> INPUT  : Translate the SQL query into an equivalent MongoDB MQL query using the provided schema.

Schema:
ship(_id, disposition_of_ship, id, location, lost_in_battle, name, ship_type, tonnage) | battle(_id, bulgarian_commander, date, id, latin_commander, name, result)

SQL:
SELECT DISTINCT T1.id , T1.name FROM battle AS T1 JOIN ship AS T2 ON T1.id = T2.lost_in_battle WHERE T2.ship_type = 'Brig'

MQL:

2026-07-31 15:45:01,009 [INFO   ]   >> OUTPUT : db.battle.aggregate([ { $lookup: { from: "ship", localField: "id", foreignField: "lost_in_battle", as: "ship_info" } }, { $unwind: "$ship_info" }, { $match: { "ship_info.ship_type": "Brig" } }, { $project: { id: 1, name: 1 } } ])
2026-07-31 15:45:08,049 [INFO   ] [inference] generate_nosql  latency_sec=7.0368  input_tokens=188  output_tokens=127
2026-07-31 15:45:08,050 [INFO   ]   >> INPUT  : Translate the SQL query into an equivalent MongoDB MQL query using the provided schema.

Schema:
ship(_id, disposition_of_ship, id, location, lost_in_battle, name, ship_type, tonnage) | battle(_id, bulgarian_commander, date, id, latin_commander, name, result) | death(_id, caused_by_ship_id, id, injured, killed, note)

SQL:
SELECT T1.id , T1.name FROM battle AS T1 JOIN ship AS T2 ON T1.id = T2.lost_in_battle JOIN death AS T3 ON T2.id = T3.caused_by_ship_id GROUP BY T1.id HAVING sum(T3.killed) > 10

MQL:

2026-07-31 15:45:08,050 [INFO   ]   >> OUTPUT : db.battle.aggregate([ { $lookup: { from: "ship", localField: "id", foreignField: "lost_in_battle", as: "ship_info" } }, { $unwind: "$ship_info" }, { $group: { _id: "$id", name: { $first: "$ship_info.name" }, total_killed: { $sum: "$killed" } } }, { $match: { total_killed: { $gt: 10 } } }, { $project: { _id: 1, name: 1 } } ])
2026-07-31 15:45:13,196 [INFO   ] [inference] generate_nosql  latency_sec=5.1437  input_tokens=119  output_tokens=77
2026-07-31 15:45:13,196 [INFO   ]   >> INPUT  : Translate the SQL query into an equivalent MongoDB MQL query using the provided schema.

Schema:
ship(_id, disposition_of_ship, id, location, lost_in_battle, name, ship_type, tonnage) | battle(_id, bulgarian_commander, date, id, latin_commander, name, result)

SQL:
SELECT count(*) FROM battle WHERE id NOT IN ( SELECT lost_in_battle FROM ship WHERE tonnage = '225' )

MQL:

2026-07-31 15:45:13,197 [INFO   ]   >> OUTPUT : db.battle.aggregate([ { $lookup: { from: "ship", localField: "id", foreignField: "lost_in_battle", as: "ship_info" } }, { $match: { "ship_info.tonnage": { $ne: "225" } } }, { $count: "total" } ])
2026-07-31 15:45:20,361 [INFO   ] [inference] generate_nosql  latency_sec=7.1594  input_tokens=188  output_tokens=126
2026-07-31 15:45:20,361 [INFO   ]   >> INPUT  : Translate the SQL query into an equivalent MongoDB MQL query using the provided schema.

Schema:
ship(_id, disposition_of_ship, id, location, lost_in_battle, name, ship_type, tonnage) | battle(_id, bulgarian_commander, date, id, latin_commander, name, result)

SQL:
SELECT T1.name , T1.date FROM battle AS T1 JOIN ship AS T2 ON T1.id = T2.lost_in_battle WHERE T2.name = 'Lettice' INTERSECT SELECT T1.name , T1.date FROM battle AS T1 JOIN ship AS T2 ON T1.id = T2.lost_in_battle WHERE T2.name = 'HMS Atalanta'

MQL:

2026-07-31 15:45:20,361 [INFO   ]   >> OUTPUT : db.battle.aggregate([ { $lookup: { from: "ship", localField: "id", foreignField: "lost_in_battle", as: "ship_info" } }, { $unwind: "$ship_info" }, { $match: { "ship_info.name": { $in: ["Lettice", "HMS Atalanta"] } } }, { $group: { _id: "$name", date: { $first: "$date" } } }, { $project: { name: "$_id", date: 1 } } ])
2026-07-31 15:45:26,056 [INFO   ] [inference] generate_nosql  latency_sec=5.6916  input_tokens=162  output_tokens=91
2026-07-31 15:45:26,057 [INFO   ]   >> INPUT  : Translate the SQL query into an equivalent MongoDB MQL query using the provided schema.

Schema:
ship(_id, disposition_of_ship, id, location, lost_in_battle, name, ship_type, tonnage) | battle(_id, bulgarian_commander, date, id, latin_commander, name, result)

SQL:
SELECT name , RESULT , bulgarian_commander FROM battle EXCEPT SELECT T1.name , T1.result , T1.bulgarian_commander FROM battle AS T1 JOIN ship AS T2 ON T1.id = T2.lost_in_battle WHERE T2.location = 'English Channel'

MQL:

2026-07-31 15:45:26,057 [INFO   ]   >> OUTPUT : db.battle.aggregate([ { $lookup: { from: "ship", localField: "id", foreignField: "lost_in_battle", as: "ship_info" } }, { $match: { "ship_info.location": { $ne: "English Channel" } } }, { $project: { name: 1, result: 1, bulgarian_commander: 1 } } ])
2026-07-31 15:45:27,485 [INFO   ] [inference] generate_nosql  latency_sec=1.4231  input_tokens=67  output_tokens=19
2026-07-31 15:45:27,485 [INFO   ]   >> INPUT  : Translate the SQL query into an equivalent MongoDB MQL query using the provided schema.

Schema:
death(_id, caused_by_ship_id, id, injured, killed, note)

SQL:
SELECT note FROM death WHERE note LIKE '%East%'

MQL:

2026-07-31 15:45:27,485 [INFO   ]   >> OUTPUT : db.death.find({note: /^East/}, {note: 1})
2026-07-31 15:45:28,491 [INFO   ] [inference] generate_nosql  latency_sec=1.003  input_tokens=89  output_tokens=22
2026-07-31 15:45:28,492 [INFO   ]   >> INPUT  : Translate the SQL query into an equivalent MongoDB MQL query using the provided schema.

Schema:
Addresses(_id, address_id, city, country, line_1, line_2, line_3, other_address_details, state_province_county, zip_postcode)

SQL:
SELECT line_1 , line_2 FROM addresses

MQL:

2026-07-31 15:45:28,492 [INFO   ]   >> OUTPUT : db.Addresses.find({}, {line_1: 1, line_2: 1})
2026-07-31 15:45:29,490 [INFO   ] [inference] generate_nosql  latency_sec=0.995  input_tokens=89  output_tokens=22
2026-07-31 15:45:29,491 [INFO   ]   >> INPUT  : Translate the SQL query into an equivalent MongoDB MQL query using the provided schema.

Schema:
Addresses(_id, address_id, city, country, line_1, line_2, line_3, other_address_details, state_province_county, zip_postcode)

SQL:
SELECT line_1 , line_2 FROM addresses

MQL:

2026-07-31 15:45:29,491 [INFO   ]   >> OUTPUT : db.Addresses.find({}, {line_1: 1, line_2: 1})
2026-07-31 15:45:30,570 [INFO   ] [inference] generate_nosql  latency_sec=1.0763  input_tokens=71  output_tokens=23
2026-07-31 15:45:30,571 [INFO   ]   >> INPUT  : Translate the SQL query into an equivalent MongoDB MQL query using the provided schema.

Schema:
Courses(_id, course_description, course_id, course_name, other_details)

SQL:
SELECT course_description FROM Courses WHERE course_name = 'math'

MQL:

2026-07-31 15:45:30,571 [INFO   ]   >> OUTPUT : db.Courses.find({course_name: 'math'}, {course_description: 1})
2026-07-31 15:45:31,661 [INFO   ] [inference] generate_nosql  latency_sec=1.0867  input_tokens=71  output_tokens=23
2026-07-31 15:45:31,661 [INFO   ]   >> INPUT  : Translate the SQL query into an equivalent MongoDB MQL query using the provided schema.

Schema:
Courses(_id, course_description, course_id, course_name, other_details)

SQL:
SELECT course_description FROM Courses WHERE course_name = 'math'

MQL:

2026-07-31 15:45:31,662 [INFO   ]   >> OUTPUT : db.Courses.find({course_name: 'math'}, {course_description: 1})
2026-07-31 15:45:32,750 [INFO   ] [inference] generate_nosql  latency_sec=1.0855  input_tokens=94  output_tokens=23
2026-07-31 15:45:32,751 [INFO   ]   >> INPUT  : Translate the SQL query into an equivalent MongoDB MQL query using the provided schema.

Schema:
Addresses(_id, address_id, city, country, line_1, line_2, line_3, other_address_details, state_province_county, zip_postcode)

SQL:
SELECT zip_postcode FROM Addresses WHERE city = 'Port Chelsea'

MQL:

2026-07-31 15:45:32,751 [INFO   ]   >> OUTPUT : db.Addresses.find({city: 'Port Chelsea'}, {zip_postcode: 1})
2026-07-31 15:45:33,843 [INFO   ] [inference] generate_nosql  latency_sec=1.0894  input_tokens=94  output_tokens=23
2026-07-31 15:45:33,844 [INFO   ]   >> INPUT  : Translate the SQL query into an equivalent MongoDB MQL query using the provided schema.

Schema:
Addresses(_id, address_id, city, country, line_1, line_2, line_3, other_address_details, state_province_county, zip_postcode)

SQL:
SELECT zip_postcode FROM Addresses WHERE city = 'Port Chelsea'

MQL:

2026-07-31 15:45:33,844 [INFO   ]   >> OUTPUT : db.Addresses.find({city: 'Port Chelsea'}, {zip_postcode: 1})
2026-07-31 15:45:41,741 [INFO   ] [inference] generate_nosql  latency_sec=7.8936  input_tokens=156  output_tokens=148
2026-07-31 15:45:41,741 [INFO   ]   >> INPUT  : Translate the SQL query into an equivalent MongoDB MQL query using the provided schema.

Schema:
Departments(_id, department_description, department_id, department_name, other_details) | Degree_Programs(_id, degree_program_id, degree_summary_description, degree_summary_name, department_id, other_details)

SQL:
SELECT T2.department_name , T1.department_id FROM Degree_Programs AS T1 JOIN Departments AS T2 ON T1.department_id = T2.department_id GROUP BY T1.department_id ORDER BY count(*) DESC LIMIT 1

MQL:

2026-07-31 15:45:41,741 [INFO   ]   >> OUTPUT : db.Degree_Programs.aggregate([ { $lookup: { from: "Departments", localField: "department_id", foreignField: "department_id", as: "department_info" } }, { $unwind: "$department_info" }, { $group: { _id: "$department_id", department_name: { $first: "$department_info.department_name" }, count: { $sum: 1 } } }, { $sort: { count: -1 } }, { $limit: 1 }, { $project: { department_name: 1, department_id: "$_id" } } ])
2026-07-31 15:45:48,305 [INFO   ] [inference] generate_nosql  latency_sec=6.561  input_tokens=152  output_tokens=134
2026-07-31 15:45:48,305 [INFO   ]   >> INPUT  : Translate the SQL query into an equivalent MongoDB MQL query using the provided schema.

Schema:
Departments(_id, department_description, department_id, department_name, other_details) | Degree_Programs(_id, degree_program_id, degree_summary_description, degree_summary_name, department_id, other_details)

SQL:
select t2.department_name , t1.department_id from degree_programs as t1 join departments as t2 on t1.department_id = t2.department_id group by t1.department_id order by count(*) desc limit 1

MQL:

2026-07-31 15:45:48,305 [INFO   ]   >> OUTPUT : db.Degree_Programs.aggregate([ { $group: { _id: "$department_id", count: { $sum: 1 } } }, { $sort: { count: -1 } }, { $limit: 1 }, { $lookup: { from: "Departments", localField: "_id", foreignField: "department_id", as: "department_info" } }, { $unwind: "$department_info" }, { $project: { department_name: "$department_info.department_name", department_id: "$_id" } } ])
2026-07-31 15:45:50,236 [INFO   ] [inference] generate_nosql  latency_sec=1.9259  input_tokens=86  output_tokens=41
2026-07-31 15:45:50,236 [INFO   ]   >> INPUT  : Translate the SQL query into an equivalent MongoDB MQL query using the provided schema.

Schema:
Degree_Programs(_id, degree_program_id, degree_summary_description, degree_summary_name, department_id, other_details)

SQL:
SELECT count(DISTINCT department_id) FROM Degree_Programs

MQL:

2026-07-31 15:45:50,236 [INFO   ]   >> OUTPUT : db.Degree_Programs.aggregate([ { $group: { _id: "$department_id" } }, { $count: "total_departments" } ])
2026-07-31 15:45:52,867 [INFO   ] [inference] generate_nosql  latency_sec=2.6278  input_tokens=88  output_tokens=45
2026-07-31 15:45:52,867 [INFO   ]   >> INPUT  : Translate the SQL query into an equivalent MongoDB MQL query using the provided schema.

Schema:
Degree_Programs(_id, degree_program_id, degree_summary_description, degree_summary_name, department_id, other_details)

SQL:
SELECT count(DISTINCT degree_summary_name) FROM Degree_Programs

MQL:

2026-07-31 15:45:52,867 [INFO   ]   >> OUTPUT : db.Degree_Programs.aggregate([ { $group: { _id: "$degree_summary_name" } }, { $count: "distinct_degree_programs" } ])
2026-07-31 15:45:57,824 [INFO   ] [inference] generate_nosql  latency_sec=4.9516  input_tokens=138  output_tokens=85
2026-07-31 15:45:57,824 [INFO   ]   >> INPUT  : Translate the SQL query into an equivalent MongoDB MQL query using the provided schema.

Schema:
Departments(_id, department_description, department_id, department_name, other_details) | Degree_Programs(_id, degree_program_id, degree_summary_description, degree_summary_name, department_id, other_details)

SQL:
SELECT count(*) FROM Departments AS T1 JOIN Degree_Programs AS T2 ON T1.department_id = T2.department_id WHERE T1.department_name = 'engineer'

MQL:

2026-07-31 15:45:57,824 [INFO   ]   >> OUTPUT : db.Departments.aggregate([ { $match: { department_name: "engineer" } }, { $lookup: { from: "Degree_Programs", localField: "department_id", foreignField: "department_id", as: "programs" } }, { $project: { count: { $size: "$programs" } } } ])
2026-07-31 15:46:02,322 [INFO   ] [inference] generate_nosql  latency_sec=4.4947  input_tokens=138  output_tokens=85
2026-07-31 15:46:02,322 [INFO   ]   >> INPUT  : Translate the SQL query into an equivalent MongoDB MQL query using the provided schema.

Schema:
Departments(_id, department_description, department_id, department_name, other_details) | Degree_Programs(_id, degree_program_id, degree_summary_description, degree_summary_name, department_id, other_details)

SQL:
SELECT count(*) FROM Departments AS T1 JOIN Degree_Programs AS T2 ON T1.department_id = T2.department_id WHERE T1.department_name = 'engineer'

MQL:

2026-07-31 15:46:02,322 [INFO   ]   >> OUTPUT : db.Departments.aggregate([ { $match: { department_name: "engineer" } }, { $lookup: { from: "Degree_Programs", localField: "department_id", foreignField: "department_id", as: "programs" } }, { $project: { count: { $size: "$programs" } } } ])
2026-07-31 15:46:03,409 [INFO   ] [inference] generate_nosql  latency_sec=1.0829  input_tokens=71  output_tokens=23
2026-07-31 15:46:03,410 [INFO   ]   >> INPUT  : Translate the SQL query into an equivalent MongoDB MQL query using the provided schema.

Schema:
Sections(_id, course_id, other_details, section_description, section_id, section_name)

SQL:
SELECT section_name , section_description FROM Sections

MQL:

2026-07-31 15:46:03,410 [INFO   ]   >> OUTPUT : db.Sections.find({}, { section_name: 1, section_description: 1})
2026-07-31 15:46:04,552 [INFO   ] [inference] generate_nosql  latency_sec=1.1391  input_tokens=71  output_tokens=23
2026-07-31 15:46:04,552 [INFO   ]   >> INPUT  : Translate the SQL query into an equivalent MongoDB MQL query using the provided schema.

Schema:
Sections(_id, course_id, other_details, section_description, section_id, section_name)

SQL:
SELECT section_name , section_description FROM Sections

MQL:

2026-07-31 15:46:04,552 [INFO   ]   >> OUTPUT : db.Sections.find({}, { section_name: 1, section_description: 1})
2026-07-31 15:46:10,552 [INFO   ] [inference] generate_nosql  latency_sec=5.9946  input_tokens=137  output_tokens=83
2026-07-31 15:46:10,552 [INFO   ]   >> INPUT  : Translate the SQL query into an equivalent MongoDB MQL query using the provided schema.

Schema:
Courses(_id, course_description, course_id, course_name, other_details) | Sections(_id, course_id, other_details, section_description, section_id, section_name)

SQL:
SELECT T1.course_name , T1.course_id FROM Courses AS T1 JOIN Sections AS T2 ON T1.course_id = T2.course_id GROUP BY T1.course_id HAVING count(*) <= 2

MQL:

2026-07-31 15:46:10,552 [INFO   ]   >> OUTPUT : db.Courses.aggregate([ { $lookup: { from: "Sections", localField: "course_id", foreignField: "course_id", as: "sections" } }, { $match: { "sections.2": { $exists: true } } }, { $project: { course_name: 1, course_id: 1 } } ])
2026-07-31 15:46:11,789 [INFO   ] [inference] generate_nosql  latency_sec=1.2336  input_tokens=74  output_tokens=27
2026-07-31 15:46:11,790 [INFO   ]   >> INPUT  : Translate the SQL query into an equivalent MongoDB MQL query using the provided schema.

Schema:
Sections(_id, course_id, other_details, section_description, section_id, section_name)

SQL:
SELECT section_name FROM Sections ORDER BY section_name DESC

MQL:

2026-07-31 15:46:11,790 [INFO   ]   >> OUTPUT : db.Sections.find({}, {section_name: 1}).sort({section_name: -1})
2026-07-31 15:46:13,021 [INFO   ] [inference] generate_nosql  latency_sec=1.2282  input_tokens=74  output_tokens=27
2026-07-31 15:46:13,022 [INFO   ]   >> INPUT  : Translate the SQL query into an equivalent MongoDB MQL query using the provided schema.

Schema:
Sections(_id, course_id, other_details, section_description, section_id, section_name)

SQL:
SELECT section_name FROM Sections ORDER BY section_name DESC

MQL:

2026-07-31 15:46:13,022 [INFO   ]   >> OUTPUT : db.Sections.find({}, {section_name: 1}).sort({section_name: -1})
2026-07-31 15:46:20,598 [INFO   ] [inference] generate_nosql  latency_sec=7.5731  input_tokens=163  output_tokens=148
2026-07-31 15:46:20,598 [INFO   ]   >> INPUT  : Translate the SQL query into an equivalent MongoDB MQL query using the provided schema.

Schema:
Semesters(_id, other_details, semester_description, semester_id, semester_name) | Student_Enrolment(_id, degree_program_id, other_details, semester_id, student_enrolment_id, student_id)

SQL:
SELECT T1.semester_name , T1.semester_id FROM Semesters AS T1 JOIN Student_Enrolment AS T2 ON T1.semester_id = T2.semester_id GROUP BY T1.semester_id ORDER BY count(*) DESC LIMIT 1

MQL:

2026-07-31 15:46:20,598 [INFO   ]   >> OUTPUT : db.Semesters.aggregate([ { $lookup: { from: "Student_Enrolment", localField: "semester_id", foreignField: "semester_id", as: "enrolment_info" } }, { $unwind: "$enrolment_info" }, { $group: { _id: "$semester_id", semester_name: { $first: "$semester_name" }, count: { $sum: 1 } } }, { $sort: { count: -1 } }, { $limit: 1 }, { $project: { semester_name: 1, semester_id: "$_id" } } ])
2026-07-31 15:46:27,832 [INFO   ] [inference] generate_nosql  latency_sec=7.2282  input_tokens=163  output_tokens=148
2026-07-31 15:46:27,832 [INFO   ]   >> INPUT  : Translate the SQL query into an equivalent MongoDB MQL query using the provided schema.

Schema:
Semesters(_id, other_details, semester_description, semester_id, semester_name) | Student_Enrolment(_id, degree_program_id, other_details, semester_id, student_enrolment_id, student_id)

SQL:
SELECT T1.semester_name , T1.semester_id FROM Semesters AS T1 JOIN Student_Enrolment AS T2 ON T1.semester_id = T2.semester_id GROUP BY T1.semester_id ORDER BY count(*) DESC LIMIT 1

MQL:

2026-07-31 15:46:27,832 [INFO   ]   >> OUTPUT : db.Semesters.aggregate([ { $lookup: { from: "Student_Enrolment", localField: "semester_id", foreignField: "semester_id", as: "enrolment_info" } }, { $unwind: "$enrolment_info" }, { $group: { _id: "$semester_id", semester_name: { $first: "$semester_name" }, count: { $sum: 1 } } }, { $sort: { count: -1 } }, { $limit: 1 }, { $project: { semester_name: 1, semester_id: "$_id" } } ])
2026-07-31 15:46:29,041 [INFO   ] [inference] generate_nosql  latency_sec=1.2059  input_tokens=73  output_tokens=24
2026-07-31 15:46:29,042 [INFO   ]   >> INPUT  : Translate the SQL query into an equivalent MongoDB MQL query using the provided schema.

Schema:
Departments(_id, department_description, department_id, department_name, other_details)

SQL:
SELECT department_description FROM Departments WHERE department_name LIKE '%computer%'

MQL:

2026-07-31 15:46:29,042 [INFO   ]   >> OUTPUT : db.Departments.find({ department_name: /^computer/ }, { department_description: 1 })
2026-07-31 15:46:30,258 [INFO   ] [inference] generate_nosql  latency_sec=1.2128  input_tokens=73  output_tokens=24
2026-07-31 15:46:30,259 [INFO   ]   >> INPUT  : Translate the SQL query into an equivalent MongoDB MQL query using the provided schema.

Schema:
Departments(_id, department_description, department_id, department_name, other_details)

SQL:
SELECT department_description FROM Departments WHERE department_name LIKE '%computer%'

MQL:

2026-07-31 15:46:30,259 [INFO   ]   >> OUTPUT : db.Departments.find({ department_name: /^computer/ }, { department_description: 1 })
2026-07-31 15:46:35,891 [INFO   ] [inference] generate_nosql  latency_sec=5.629  input_tokens=204  output_tokens=100
2026-07-31 15:46:35,891 [INFO   ]   >> INPUT  : Translate the SQL query into an equivalent MongoDB MQL query using the provided schema.

Schema:
Students(_id, cell_mobile_number, current_address_id, date_first_registered, date_left, email_address, first_name, last_name, middle_name, other_student_details, permanent_address_id, ssn, student_id) | Student_Enrolment(_id, degree_program_id, other_details, semester_id, student_enrolment_id, student_id)

SQL:
SELECT T1.first_name , T1.middle_name , T1.last_name , T1.student_id FROM Students AS T1 JOIN Student_Enrolment AS T2 ON T1.student_id = T2.student_id GROUP BY T1.student_id HAVING count(*) = 2

MQL:

2026-07-31 15:46:35,891 [INFO   ]   >> OUTPUT : db.Students.aggregate([ { $lookup: { from: "Student_Enrolment", localField: "student_id", foreignField: "student_id", as: "enrolments" } }, { $match: { "enrolments.2": { $exists: true } } }, { $project: { first_name: 1, middle_name: 1, last_name: 1, student_id: 1 } } ])
2026-07-31 15:46:40,590 [INFO   ] [inference] generate_nosql  latency_sec=4.6956  input_tokens=204  output_tokens=100
2026-07-31 15:46:40,590 [INFO   ]   >> INPUT  : Translate the SQL query into an equivalent MongoDB MQL query using the provided schema.

Schema:
Students(_id, cell_mobile_number, current_address_id, date_first_registered, date_left, email_address, first_name, last_name, middle_name, other_student_details, permanent_address_id, ssn, student_id) | Student_Enrolment(_id, degree_program_id, other_details, semester_id, student_enrolment_id, student_id)

SQL:
SELECT T1.first_name , T1.middle_name , T1.last_name , T1.student_id FROM Students AS T1 JOIN Student_Enrolment AS T2 ON T1.student_id = T2.student_id GROUP BY T1.student_id HAVING count(*) = 2

MQL:

2026-07-31 15:46:40,590 [INFO   ]   >> OUTPUT : db.Students.aggregate([ { $lookup: { from: "Student_Enrolment", localField: "student_id", foreignField: "student_id", as: "enrolments" } }, { $match: { "enrolments.2": { $exists: true } } }, { $project: { first_name: 1, middle_name: 1, last_name: 1, student_id: 1 } } ])
2026-07-31 15:46:48,672 [INFO   ] [inference] generate_nosql  latency_sec=8.0785  input_tokens=260  output_tokens=150
2026-07-31 15:46:48,672 [INFO   ]   >> INPUT  : Translate the SQL query into an equivalent MongoDB MQL query using the provided schema.

Schema:
Students(_id, cell_mobile_number, current_address_id, date_first_registered, date_left, email_address, first_name, last_name, middle_name, other_student_details, permanent_address_id, ssn, student_id) | Student_Enrolment(_id, degree_program_id, other_details, semester_id, student_enrolment_id, student_id) | Degree_Programs(_id, degree_program_id, degree_summary_description, degree_summary_name, department_id, other_details)

SQL:
SELECT DISTINCT T1.first_name , T1.middle_name , T1.last_name FROM Students AS T1 JOIN Student_Enrolment AS T2 ON T1.student_id = T2.student_id JOIN Degree_Programs AS T3 ON T2.degree_program_id = T3.degree_program_id WHERE T3.degree_summary_name = 'Bachelor'

MQL:

2026-07-31 15:46:48,672 [INFO   ]   >> OUTPUT : db.Students.aggregate([ { $lookup: { from: "Student_Enrolment", localField: "student_id", foreignField: "student_id", as: "enrolments" } }, { $unwind: "$enrolments" }, { $lookup: { from: "Degree_Programs", localField: "enrolments.degree_program_id", foreignField: "degree_program_id", as: "programs" } }, { $unwind: "$programs" }, { $match: { "programs.degree_summary_name": "Bachelor" } }, { $group: { _id: { first_name:
2026-07-31 15:46:54,718 [INFO   ] [inference] generate_nosql  latency_sec=6.0427  input_tokens=168  output_tokens=128
2026-07-31 15:46:54,718 [INFO   ]   >> INPUT  : Translate the SQL query into an equivalent MongoDB MQL query using the provided schema.

Schema:
Student_Enrolment(_id, degree_program_id, other_details, semester_id, student_enrolment_id, student_id) | Degree_Programs(_id, degree_program_id, degree_summary_description, degree_summary_name, department_id, other_details)

SQL:
SELECT T1.degree_summary_name FROM Degree_Programs AS T1 JOIN Student_Enrolment AS T2 ON T1.degree_program_id = T2.degree_program_id GROUP BY T1.degree_summary_name ORDER BY count(*) DESC LIMIT 1

MQL:

2026-07-31 15:46:54,718 [INFO   ]   >> OUTPUT : db.Degree_Programs.aggregate([ { $lookup: { from: "Student_Enrolment", localField: "degree_program_id", foreignField: "degree_program_id", as: "enrolment" } }, { $unwind: "$enrolment" }, { $group: { _id: "$degree_summary_name", count: { $sum: 1 } } }, { $sort: { count: -1 } }, { $limit: 1 }, { $project: { degree_summary_name: "$_id" } } ])
2026-07-31 15:47:01,401 [INFO   ] [inference] generate_nosql  latency_sec=6.6789  input_tokens=168  output_tokens=128
2026-07-31 15:47:01,401 [INFO   ]   >> INPUT  : Translate the SQL query into an equivalent MongoDB MQL query using the provided schema.

Schema:
Student_Enrolment(_id, degree_program_id, other_details, semester_id, student_enrolment_id, student_id) | Degree_Programs(_id, degree_program_id, degree_summary_description, degree_summary_name, department_id, other_details)

SQL:
SELECT T1.degree_summary_name FROM Degree_Programs AS T1 JOIN Student_Enrolment AS T2 ON T1.degree_program_id = T2.degree_program_id GROUP BY T1.degree_summary_name ORDER BY count(*) DESC LIMIT 1

MQL:

2026-07-31 15:47:01,401 [INFO   ]   >> OUTPUT : db.Degree_Programs.aggregate([ { $lookup: { from: "Student_Enrolment", localField: "degree_program_id", foreignField: "degree_program_id", as: "enrolment" } }, { $unwind: "$enrolment" }, { $group: { _id: "$degree_summary_name", count: { $sum: 1 } } }, { $sort: { count: -1 } }, { $limit: 1 }, { $project: { degree_summary_name: "$_id" } } ])
2026-07-31 15:47:08,417 [INFO   ] [inference] generate_nosql  latency_sec=7.0111  input_tokens=177  output_tokens=114
2026-07-31 15:47:08,417 [INFO   ]   >> INPUT  : Translate the SQL query into an equivalent MongoDB MQL query using the provided schema.

Schema:
Student_Enrolment(_id, degree_program_id, other_details, semester_id, student_enrolment_id, student_id) | Degree_Programs(_id, degree_program_id, degree_summary_description, degree_summary_name, department_id, other_details)

SQL:
SELECT T1.degree_program_id , T1.degree_summary_name FROM Degree_Programs AS T1 JOIN Student_Enrolment AS T2 ON T1.degree_program_id = T2.degree_program_id GROUP BY T1.degree_program_id ORDER BY count(*) DESC LIMIT 1

MQL:

2026-07-31 15:47:08,418 [INFO   ]   >> OUTPUT : db.Degree_Programs.aggregate([ { $lookup: { from: "Student_Enrolment", localField: "degree_program_id", foreignField: "degree_program_id", as: "enrolments" } }, { $project: { degree_program_id: 1, degree_summary_name: 1, enrolmentCount: { $size: "$enrolments" } } }, { $sort: { enrolmentCount: -1 } }, { $limit: 1 } ])
2026-07-31 15:47:16,242 [INFO   ] [inference] generate_nosql  latency_sec=7.8208  input_tokens=177  output_tokens=114
2026-07-31 15:47:16,242 [INFO   ]   >> INPUT  : Translate the SQL query into an equivalent MongoDB MQL query using the provided schema.

Schema:
Student_Enrolment(_id, degree_program_id, other_details, semester_id, student_enrolment_id, student_id) | Degree_Programs(_id, degree_program_id, degree_summary_description, degree_summary_name, department_id, other_details)

SQL:
SELECT T1.degree_program_id , T1.degree_summary_name FROM Degree_Programs AS T1 JOIN Student_Enrolment AS T2 ON T1.degree_program_id = T2.degree_program_id GROUP BY T1.degree_program_id ORDER BY count(*) DESC LIMIT 1

MQL:

2026-07-31 15:47:16,242 [INFO   ]   >> OUTPUT : db.Degree_Programs.aggregate([ { $lookup: { from: "Student_Enrolment", localField: "degree_program_id", foreignField: "degree_program_id", as: "enrolments" } }, { $project: { degree_program_id: 1, degree_summary_name: 1, enrolmentCount: { $size: "$enrolments" } } }, { $sort: { enrolmentCount: -1 } }, { $limit: 1 } ])
2026-07-31 15:47:22,944 [INFO   ] [inference] generate_nosql  latency_sec=6.6988  input_tokens=217  output_tokens=143
2026-07-31 15:47:22,944 [INFO   ]   >> INPUT  : Translate the SQL query into an equivalent MongoDB MQL query using the provided schema.

Schema:
Students(_id, cell_mobile_number, current_address_id, date_first_registered, date_left, email_address, first_name, last_name, middle_name, other_student_details, permanent_address_id, ssn, student_id) | Student_Enrolment(_id, degree_program_id, other_details, semester_id, student_enrolment_id, student_id)

SQL:
SELECT T1.student_id , T1.first_name , T1.middle_name , T1.last_name , count(*) , T1.student_id FROM Students AS T1 JOIN Student_Enrolment AS T2 ON T1.student_id = T2.student_id GROUP BY T1.student_id ORDER BY count(*) DESC LIMIT 1

MQL:

2026-07-31 15:47:22,944 [INFO   ]   >> OUTPUT : db.Students.aggregate([ { $lookup: { from: "Student_Enrolment", localField: "student_id", foreignField: "student_id", as: "enrolments" } }, { $project: { student_id: 1, first_name: 1, middle_name: 1, last_name: 1, enrolmentsCount: { $size: "$enrolments" } } }, { $sort: { enrolmentsCount: -1 } }, { $limit: 1 }, { $project: { student_id: 1, first_name: 1, middle_name: 1, last_name: 1 } } ])
2026-07-31 15:47:27,100 [INFO   ] [inference] generate_nosql  latency_sec=4.1531  input_tokens=116  output_tokens=55
2026-07-31 15:47:27,101 [INFO   ]   >> INPUT  : Translate the SQL query into an equivalent MongoDB MQL query using the provided schema.

Schema:
Semesters(_id, other_details, semester_description, semester_id, semester_name) | Student_Enrolment(_id, degree_program_id, other_details, semester_id, student_enrolment_id, student_id)

SQL:
SELECT semester_name FROM Semesters WHERE semester_id NOT IN( SELECT semester_id FROM Student_Enrolment )

MQL:

2026-07-31 15:47:27,101 [INFO   ]   >> OUTPUT : db.Semesters.find( { "semester_id": { "$nin": db.Student_Enrolment.distinct("semester_id") } }, { "semester_name": 1, "_id": 0 } )
2026-07-31 15:47:31,531 [INFO   ] [inference] generate_nosql  latency_sec=4.4243  input_tokens=116  output_tokens=55
2026-07-31 15:47:31,531 [INFO   ]   >> INPUT  : Translate the SQL query into an equivalent MongoDB MQL query using the provided schema.

Schema:
Semesters(_id, other_details, semester_description, semester_id, semester_name) | Student_Enrolment(_id, degree_program_id, other_details, semester_id, student_enrolment_id, student_id)

SQL:
SELECT semester_name FROM Semesters WHERE semester_id NOT IN( SELECT semester_id FROM Student_Enrolment )

MQL:

2026-07-31 15:47:31,531 [INFO   ]   >> OUTPUT : db.Semesters.find( { "semester_id": { "$nin": db.Student_Enrolment.distinct("semester_id") } }, { "semester_name": 1, "_id": 0 } )
2026-07-31 15:47:36,419 [INFO   ] [inference] generate_nosql  latency_sec=4.8851  input_tokens=130  output_tokens=103
2026-07-31 15:47:36,419 [INFO   ]   >> INPUT  : Translate the SQL query into an equivalent MongoDB MQL query using the provided schema.

Schema:
Courses(_id, course_description, course_id, course_name, other_details) | Student_Enrolment_Courses(_id, course_id, student_course_id, student_enrolment_id)

SQL:
SELECT DISTINCT T1.course_name FROM Courses AS T1 JOIN Student_Enrolment_Courses AS T2 ON T1.course_id = T2.course_id

MQL:

2026-07-31 15:47:36,419 [INFO   ]   >> OUTPUT : db.Courses.aggregate([ { $lookup: { from: "Student_Enrolment_Courses", localField: "course_id", foreignField: "course_id", as: "enrolments" } }, { $match: { "enrolments.0": { $ne: [] } } }, { $group: { _id: "$course_name" } }, { $project: { course_name: "$_id" } } ])
2026-07-31 15:47:38,058 [INFO   ] [inference] generate_nosql  latency_sec=1.6355  input_tokens=122  output_tokens=35
2026-07-31 15:47:38,059 [INFO   ]   >> INPUT  : Translate the SQL query into an equivalent MongoDB MQL query using the provided schema.

Schema:
Students(_id, cell_mobile_number, current_address_id, date_first_registered, date_left, email_address, first_name, last_name, middle_name, other_student_details, permanent_address_id, ssn, student_id)

SQL:
SELECT cell_mobile_number FROM Students WHERE first_name = 'Timmothy' AND last_name = 'Ward'

MQL:

2026-07-31 15:47:38,059 [INFO   ]   >> OUTPUT : db.Students.find( { first_name: 'Timmothy', last_name: 'Ward' }, { cell_mobile_number: 1 } )
2026-07-31 15:47:40,408 [INFO   ] [inference] generate_nosql  latency_sec=2.3459  input_tokens=121  output_tokens=43
2026-07-31 15:47:40,408 [INFO   ]   >> INPUT  : Translate the SQL query into an equivalent MongoDB MQL query using the provided schema.

Schema:
Students(_id, cell_mobile_number, current_address_id, date_first_registered, date_left, email_address, first_name, last_name, middle_name, other_student_details, permanent_address_id, ssn, student_id)

SQL:
SELECT first_name , middle_name , last_name FROM Students ORDER BY date_first_registered ASC LIMIT 1

MQL:

2026-07-31 15:47:40,408 [INFO   ]   >> OUTPUT : db.Students.find({}, {first_name: 1, middle_name: 1, last_name: 1}).sort({date_first_registered: 1}).limit(1)
2026-07-31 15:47:43,125 [INFO   ] [inference] generate_nosql  latency_sec=2.7116  input_tokens=121  output_tokens=43
2026-07-31 15:47:43,126 [INFO   ]   >> INPUT  : Translate the SQL query into an equivalent MongoDB MQL query using the provided schema.

Schema:
Students(_id, cell_mobile_number, current_address_id, date_first_registered, date_left, email_address, first_name, last_name, middle_name, other_student_details, permanent_address_id, ssn, student_id)

SQL:
SELECT first_name , middle_name , last_name FROM Students ORDER BY date_first_registered ASC LIMIT 1

MQL:

2026-07-31 15:47:43,126 [INFO   ]   >> OUTPUT : db.Students.find({}, {first_name: 1, middle_name: 1, last_name: 1}).sort({date_first_registered: 1}).limit(1)
2026-07-31 15:47:45,128 [INFO   ] [inference] generate_nosql  latency_sec=1.9983  input_tokens=119  output_tokens=41
2026-07-31 15:47:45,128 [INFO   ]   >> INPUT  : Translate the SQL query into an equivalent MongoDB MQL query using the provided schema.

Schema:
Students(_id, cell_mobile_number, current_address_id, date_first_registered, date_left, email_address, first_name, last_name, middle_name, other_student_details, permanent_address_id, ssn, student_id)

SQL:
SELECT first_name , middle_name , last_name FROM Students ORDER BY date_left ASC LIMIT 1

MQL:

2026-07-31 15:47:45,128 [INFO   ]   >> OUTPUT : db.Students.find({}, {first_name: 1, middle_name: 1, last_name: 1}).sort({date_left: 1}).limit(1)
2026-07-31 15:47:47,039 [INFO   ] [inference] generate_nosql  latency_sec=1.9077  input_tokens=119  output_tokens=41
2026-07-31 15:47:47,039 [INFO   ]   >> INPUT  : Translate the SQL query into an equivalent MongoDB MQL query using the provided schema.

Schema:
Students(_id, cell_mobile_number, current_address_id, date_first_registered, date_left, email_address, first_name, last_name, middle_name, other_student_details, permanent_address_id, ssn, student_id)

SQL:
SELECT first_name , middle_name , last_name FROM Students ORDER BY date_left ASC LIMIT 1

MQL:

2026-07-31 15:47:47,039 [INFO   ]   >> OUTPUT : db.Students.find({}, {first_name: 1, middle_name: 1, last_name: 1}).sort({date_left: 1}).limit(1)
2026-07-31 15:47:48,544 [INFO   ] [inference] generate_nosql  latency_sec=1.5019  input_tokens=114  output_tokens=33
2026-07-31 15:47:48,545 [INFO   ]   >> INPUT  : Translate the SQL query into an equivalent MongoDB MQL query using the provided schema.

Schema:
Students(_id, cell_mobile_number, current_address_id, date_first_registered, date_left, email_address, first_name, last_name, middle_name, other_student_details, permanent_address_id, ssn, student_id)

SQL:
SELECT first_name FROM Students WHERE current_address_id != permanent_address_id

MQL:

2026-07-31 15:47:48,545 [INFO   ]   >> OUTPUT : db.Students.find( { current_address_id: { $ne: permanent_address_id } }, { first_name: 1 } )
2026-07-31 15:47:50,057 [INFO   ] [inference] generate_nosql  latency_sec=1.5089  input_tokens=114  output_tokens=33
2026-07-31 15:47:50,057 [INFO   ]   >> INPUT  : Translate the SQL query into an equivalent MongoDB MQL query using the provided schema.

Schema:
Students(_id, cell_mobile_number, current_address_id, date_first_registered, date_left, email_address, first_name, last_name, middle_name, other_student_details, permanent_address_id, ssn, student_id)

SQL:
SELECT first_name FROM Students WHERE current_address_id != permanent_address_id

MQL:

2026-07-31 15:47:50,057 [INFO   ]   >> OUTPUT : db.Students.find( { current_address_id: { $ne: permanent_address_id } }, { first_name: 1 } )
2026-07-31 15:47:57,118 [INFO   ] [inference] generate_nosql  latency_sec=7.0575  input_tokens=208  output_tokens=104
2026-07-31 15:47:57,118 [INFO   ]   >> INPUT  : Translate the SQL query into an equivalent MongoDB MQL query using the provided schema.

Schema:
Students(_id, cell_mobile_number, current_address_id, date_first_registered, date_left, email_address, first_name, last_name, middle_name, other_student_details, permanent_address_id, ssn, student_id) | Addresses(_id, address_id, city, country, line_1, line_2, line_3, other_address_details, state_province_county, zip_postcode)

SQL:
SELECT T1.address_id , T1.line_1 , T1.line_2 FROM Addresses AS T1 JOIN Students AS T2 ON T1.address_id = T2.current_address_id GROUP BY T1.address_id ORDER BY count(*) DESC LIMIT 1

MQL:

2026-07-31 15:47:57,118 [INFO   ]   >> OUTPUT : db.Addresses.aggregate([ { $lookup: { from: "Students", localField: "address_id", foreignField: "current_address_id", as: "students" } }, { $project: { address_id: 1, line_1: 1, line_2: 1, student_count: { $size: "$students" } } }, { $sort: { student_count: -1 } }, { $limit: 1 } ])
2026-07-31 15:48:03,379 [INFO   ] [inference] generate_nosql  latency_sec=6.2569  input_tokens=208  output_tokens=104
2026-07-31 15:48:03,379 [INFO   ]   >> INPUT  : Translate the SQL query into an equivalent MongoDB MQL query using the provided schema.

Schema:
Students(_id, cell_mobile_number, current_address_id, date_first_registered, date_left, email_address, first_name, last_name, middle_name, other_student_details, permanent_address_id, ssn, student_id) | Addresses(_id, address_id, city, country, line_1, line_2, line_3, other_address_details, state_province_county, zip_postcode)

SQL:
SELECT T1.address_id , T1.line_1 , T1.line_2 FROM Addresses AS T1 JOIN Students AS T2 ON T1.address_id = T2.current_address_id GROUP BY T1.address_id ORDER BY count(*) DESC LIMIT 1

MQL:

2026-07-31 15:48:03,380 [INFO   ]   >> OUTPUT : db.Addresses.aggregate([ { $lookup: { from: "Students", localField: "address_id", foreignField: "current_address_id", as: "students" } }, { $project: { address_id: 1, line_1: 1, line_2: 1, student_count: { $size: "$students" } } }, { $sort: { student_count: -1 } }, { $limit: 1 } ])
2026-07-31 15:48:06,894 [INFO   ] [inference] generate_nosql  latency_sec=3.5115  input_tokens=83  output_tokens=54
2026-07-31 15:48:06,895 [INFO   ]   >> INPUT  : Translate the SQL query into an equivalent MongoDB MQL query using the provided schema.

Schema:
Transcript_Contents(_id, student_course_id, transcript_id)

SQL:
SELECT count(*) , student_course_id FROM Transcript_Contents GROUP BY student_course_id ORDER BY count(*) DESC LIMIT 1

MQL:

2026-07-31 15:48:06,895 [INFO   ]   >> OUTPUT : db.Transcript_Contents.aggregate([ { $group: { _id: "$student_course_id", count: { $sum: 1 } } }, { $sort: { count: -1 } }, { $limit: 1 } ])
2026-07-31 15:48:11,417 [INFO   ] [inference] generate_nosql  latency_sec=4.5167  input_tokens=83  output_tokens=54
2026-07-31 15:48:11,418 [INFO   ]   >> INPUT  : Translate the SQL query into an equivalent MongoDB MQL query using the provided schema.

Schema:
Transcript_Contents(_id, student_course_id, transcript_id)

SQL:
SELECT count(*) , student_course_id FROM Transcript_Contents GROUP BY student_course_id ORDER BY count(*) DESC LIMIT 1

MQL:

2026-07-31 15:48:11,418 [INFO   ]   >> OUTPUT : db.Transcript_Contents.aggregate([ { $group: { _id: "$student_course_id", count: { $sum: 1 } } }, { $sort: { count: -1 } }, { $limit: 1 } ])
2026-07-31 15:48:18,698 [INFO   ] [inference] generate_nosql  latency_sec=7.2769  input_tokens=225  output_tokens=150
2026-07-31 15:48:18,698 [INFO   ]   >> INPUT  : Translate the SQL query into an equivalent MongoDB MQL query using the provided schema.

Schema:
Student_Enrolment(_id, degree_program_id, other_details, semester_id, student_enrolment_id, student_id) | Degree_Programs(_id, degree_program_id, degree_summary_description, degree_summary_name, department_id, other_details)

SQL:
SELECT DISTINCT T2.semester_id FROM Degree_Programs AS T1 JOIN Student_Enrolment AS T2 ON T1.degree_program_id = T2.degree_program_id WHERE degree_summary_name = 'Master' INTERSECT SELECT DISTINCT T2.semester_id FROM Degree_Programs AS T1 JOIN Student_Enrolment AS T2 ON T1.degree_program_id = T2.degree_program_id WHERE degree_summary_name = 'Bachelor'

MQL:

2026-07-31 15:48:18,698 [INFO   ]   >> OUTPUT : db.Degree_Programs.aggregate([ { $lookup: { from: "Student_Enrolment", localField: "degree_program_id", foreignField: "degree_program_id", as: "enrolments" } }, { $unwind: "$enrolments" }, { $lookup: { from: "Degree_Programs", localField: "degree_program_id", foreignField: "degree_program_id", as: "programs" } }, { $unwind: "$programs" }, { $match: { $or:[ { "programs.degree_summary_name": "Master" }, { "programs.degree
2026-07-31 15:48:26,977 [INFO   ] [inference] generate_nosql  latency_sec=8.2747  input_tokens=225  output_tokens=150
2026-07-31 15:48:26,977 [INFO   ]   >> INPUT  : Translate the SQL query into an equivalent MongoDB MQL query using the provided schema.

Schema:
Student_Enrolment(_id, degree_program_id, other_details, semester_id, student_enrolment_id, student_id) | Degree_Programs(_id, degree_program_id, degree_summary_description, degree_summary_name, department_id, other_details)

SQL:
SELECT DISTINCT T2.semester_id FROM Degree_Programs AS T1 JOIN Student_Enrolment AS T2 ON T1.degree_program_id = T2.degree_program_id WHERE degree_summary_name = 'Master' INTERSECT SELECT DISTINCT T2.semester_id FROM Degree_Programs AS T1 JOIN Student_Enrolment AS T2 ON T1.degree_program_id = T2.degree_program_id WHERE degree_summary_name = 'Bachelor'

MQL:

2026-07-31 15:48:26,977 [INFO   ]   >> OUTPUT : db.Degree_Programs.aggregate([ { $lookup: { from: "Student_Enrolment", localField: "degree_program_id", foreignField: "degree_program_id", as: "enrolments" } }, { $unwind: "$enrolments" }, { $lookup: { from: "Degree_Programs", localField: "degree_program_id", foreignField: "degree_program_id", as: "programs" } }, { $unwind: "$programs" }, { $match: { $or:[ { "programs.degree_summary_name": "Master" }, { "programs.degree
2026-07-31 15:48:28,345 [INFO   ] [inference] generate_nosql  latency_sec=1.3651  input_tokens=113  output_tokens=29
2026-07-31 15:48:28,346 [INFO   ]   >> INPUT  : Translate the SQL query into an equivalent MongoDB MQL query using the provided schema.

Schema:
Students(_id, cell_mobile_number, current_address_id, date_first_registered, date_left, email_address, first_name, last_name, middle_name, other_student_details, permanent_address_id, ssn, student_id)

SQL:
SELECT other_student_details FROM Students ORDER BY other_student_details DESC

MQL:

2026-07-31 15:48:28,346 [INFO   ]   >> OUTPUT : db.Students.find({}, {other_student_details: 1}).sort({other_student_details: -1})
2026-07-31 15:48:29,692 [INFO   ] [inference] generate_nosql  latency_sec=1.3421  input_tokens=113  output_tokens=29
2026-07-31 15:48:29,693 [INFO   ]   >> INPUT  : Translate the SQL query into an equivalent MongoDB MQL query using the provided schema.

Schema:
Students(_id, cell_mobile_number, current_address_id, date_first_registered, date_left, email_address, first_name, last_name, middle_name, other_student_details, permanent_address_id, ssn, student_id)

SQL:
SELECT other_student_details FROM Students ORDER BY other_student_details DESC

MQL:

2026-07-31 15:48:29,693 [INFO   ]   >> OUTPUT : db.Students.find({}, {other_student_details: 1}).sort({other_student_details: -1})
2026-07-31 15:48:30,853 [INFO   ] [inference] generate_nosql  latency_sec=1.1563  input_tokens=75  output_tokens=24
2026-07-31 15:48:30,854 [INFO   ]   >> INPUT  : Translate the SQL query into an equivalent MongoDB MQL query using the provided schema.

Schema:
Sections(_id, course_id, other_details, section_description, section_id, section_name)

SQL:
SELECT section_description FROM Sections WHERE section_name = 'h'

MQL:

2026-07-31 15:48:30,854 [INFO   ]   >> OUTPUT : db.Sections.find({section_name: 'h'}, {section_description: 1})
2026-07-31 15:48:32,010 [INFO   ] [inference] generate_nosql  latency_sec=1.152  input_tokens=75  output_tokens=24
2026-07-31 15:48:32,010 [INFO   ]   >> INPUT  : Translate the SQL query into an equivalent MongoDB MQL query using the provided schema.

Schema:
Sections(_id, course_id, other_details, section_description, section_id, section_name)

SQL:
SELECT section_description FROM Sections WHERE section_name = 'h'

MQL:

2026-07-31 15:48:32,011 [INFO   ]   >> OUTPUT : db.Sections.find({section_name: 'h'}, {section_description: 1})
2026-07-31 15:48:37,268 [INFO   ] [inference] generate_nosql  latency_sec=5.2518  input_tokens=202  output_tokens=90
2026-07-31 15:48:37,268 [INFO   ]   >> INPUT  : Translate the SQL query into an equivalent MongoDB MQL query using the provided schema.

Schema:
Students(_id, cell_mobile_number, current_address_id, date_first_registered, date_left, email_address, first_name, last_name, middle_name, other_student_details, permanent_address_id, ssn, student_id) | Addresses(_id, address_id, city, country, line_1, line_2, line_3, other_address_details, state_province_county, zip_postcode)

SQL:
select t1.first_name from students as t1 join addresses as t2 on t1.permanent_address_id = t2.address_id where t2.country = 'haiti' or t1.cell_mobile_number = '09700166582'

MQL:

2026-07-31 15:48:37,268 [INFO   ]   >> OUTPUT : db.Students.aggregate([ { $lookup: { from: "Addresses", localField: "permanent_address_id", foreignField: "address_id", as: "address_info" } }, { $unwind: "$address_info" }, { $match: { "address_info.country": "haiti" } }, { $project: { first_name: 1 } } ])
2026-07-31 15:48:38,501 [INFO   ] [inference] generate_nosql  latency_sec=1.2242  input_tokens=73  output_tokens=21
2026-07-31 15:48:38,502 [INFO   ]   >> INPUT  : Translate the SQL query into an equivalent MongoDB MQL query using the provided schema.

Schema:
Cartoon(Channel, Directed_by, Original_air_date, Production_code, Title, Written_by, _id, id)

SQL:
SELECT Title FROM Cartoon ORDER BY title

MQL:

2026-07-31 15:48:38,502 [INFO   ]   >> OUTPUT : db.Cartoon.find({}, {Title: 1}).sort({Title: 1})
2026-07-31 15:48:39,579 [INFO   ] [inference] generate_nosql  latency_sec=1.0734  input_tokens=73  output_tokens=21
2026-07-31 15:48:39,579 [INFO   ]   >> INPUT  : Translate the SQL query into an equivalent MongoDB MQL query using the provided schema.

Schema:
Cartoon(Channel, Directed_by, Original_air_date, Production_code, Title, Written_by, _id, id)

SQL:
SELECT Title FROM Cartoon ORDER BY title

MQL:

2026-07-31 15:48:39,579 [INFO   ]   >> OUTPUT : db.Cartoon.find({}, {Title: 1}).sort({Title: 1})
2026-07-31 15:48:40,734 [INFO   ] [inference] generate_nosql  latency_sec=1.1507  input_tokens=80  output_tokens=22
2026-07-31 15:48:40,734 [INFO   ]   >> INPUT  : Translate the SQL query into an equivalent MongoDB MQL query using the provided schema.

Schema:
Cartoon(Channel, Directed_by, Original_air_date, Production_code, Title, Written_by, _id, id)

SQL:
SELECT Title FROM Cartoon WHERE Directed_by = "Ben Jones"

MQL:

2026-07-31 15:48:40,735 [INFO   ]   >> OUTPUT : db.Cartoon.find({Directed_by: "Ben Jones"}, {Title: 1})
2026-07-31 15:48:41,896 [INFO   ] [inference] generate_nosql  latency_sec=1.1579  input_tokens=80  output_tokens=22
2026-07-31 15:48:41,897 [INFO   ]   >> INPUT  : Translate the SQL query into an equivalent MongoDB MQL query using the provided schema.

Schema:
Cartoon(Channel, Directed_by, Original_air_date, Production_code, Title, Written_by, _id, id)

SQL:
SELECT Title FROM Cartoon WHERE Directed_by = "Ben Jones"

MQL:

2026-07-31 15:48:41,897 [INFO   ]   >> OUTPUT : db.Cartoon.find({Directed_by: "Ben Jones"}, {Title: 1})
2026-07-31 15:48:43,451 [INFO   ] [inference] generate_nosql  latency_sec=1.5506  input_tokens=82  output_tokens=32
2026-07-31 15:48:43,451 [INFO   ]   >> INPUT  : Translate the SQL query into an equivalent MongoDB MQL query using the provided schema.

Schema:
Cartoon(Channel, Directed_by, Original_air_date, Production_code, Title, Written_by, _id, id)

SQL:
SELECT title , Directed_by FROM Cartoon ORDER BY Original_air_date

MQL:

2026-07-31 15:48:43,452 [INFO   ]   >> OUTPUT : db.Cartoon.find({}, { Title: 1, Directed_by: 1 }).sort({ Original_air_date: 1 })
2026-07-31 15:48:44,952 [INFO   ] [inference] generate_nosql  latency_sec=1.4967  input_tokens=82  output_tokens=32
2026-07-31 15:48:44,952 [INFO   ]   >> INPUT  : Translate the SQL query into an equivalent MongoDB MQL query using the provided schema.

Schema:
Cartoon(Channel, Directed_by, Original_air_date, Production_code, Title, Written_by, _id, id)

SQL:
SELECT title , Directed_by FROM Cartoon ORDER BY Original_air_date

MQL:

2026-07-31 15:48:44,952 [INFO   ]   >> OUTPUT : db.Cartoon.find({}, { Title: 1, Directed_by: 1 }).sort({ Original_air_date: 1 })
2026-07-31 15:48:46,981 [INFO   ] [inference] generate_nosql  latency_sec=2.0257  input_tokens=91  output_tokens=44
2026-07-31 15:48:46,981 [INFO   ]   >> INPUT  : Translate the SQL query into an equivalent MongoDB MQL query using the provided schema.

Schema:
Cartoon(Channel, Directed_by, Original_air_date, Production_code, Title, Written_by, _id, id)

SQL:
SELECT Title FROM Cartoon WHERE Directed_by = "Ben Jones" OR Directed_by = "Brandon Vietti"

MQL:

2026-07-31 15:48:46,981 [INFO   ]   >> OUTPUT : db.Cartoon.find( { $or: [ { Directed_by: "Ben Jones" }, { Directed_by: "Brandon Vietti" } ] }, { Title: 1 } )
2026-07-31 15:48:49,463 [INFO   ] [inference] generate_nosql  latency_sec=2.4782  input_tokens=91  output_tokens=44
2026-07-31 15:48:49,464 [INFO   ]   >> INPUT  : Translate the SQL query into an equivalent MongoDB MQL query using the provided schema.

Schema:
Cartoon(Channel, Directed_by, Original_air_date, Production_code, Title, Written_by, _id, id)

SQL:
SELECT Title FROM Cartoon WHERE Directed_by = "Ben Jones" OR Directed_by = "Brandon Vietti"

MQL:

2026-07-31 15:48:49,464 [INFO   ]   >> OUTPUT : db.Cartoon.find( { $or: [ { Directed_by: "Ben Jones" }, { Directed_by: "Brandon Vietti" } ] }, { Title: 1 } )
2026-07-31 15:48:52,920 [INFO   ] [inference] generate_nosql  latency_sec=3.4508  input_tokens=107  output_tokens=49
2026-07-31 15:48:52,921 [INFO   ]   >> INPUT  : Translate the SQL query into an equivalent MongoDB MQL query using the provided schema.

Schema:
TV_Channel(Content, Country, Hight_definition_TV, Language, Package_Option, Pay_per_view_PPV, Pixel_aspect_ratio_PAR, _id, id, series_name)

SQL:
SELECT Country , count(*) FROM TV_Channel GROUP BY Country ORDER BY count(*) DESC LIMIT 1

MQL:

2026-07-31 15:48:52,921 [INFO   ]   >> OUTPUT : db.TV_Channel.aggregate([ { $group: { _id: "$Country", count: { $sum: 1 } } }, { $sort: { count: -1 } }, { $limit: 1 } ])
2026-07-31 15:48:55,949 [INFO   ] [inference] generate_nosql  latency_sec=3.0248  input_tokens=107  output_tokens=49
2026-07-31 15:48:55,949 [INFO   ]   >> INPUT  : Translate the SQL query into an equivalent MongoDB MQL query using the provided schema.

Schema:
TV_Channel(Content, Country, Hight_definition_TV, Language, Package_Option, Pay_per_view_PPV, Pixel_aspect_ratio_PAR, _id, id, series_name)

SQL:
SELECT Country , count(*) FROM TV_Channel GROUP BY Country ORDER BY count(*) DESC LIMIT 1

MQL:

2026-07-31 15:48:55,949 [INFO   ]   >> OUTPUT : db.TV_Channel.aggregate([ { $group: { _id: "$Country", count: { $sum: 1 } } }, { $sort: { count: -1 } }, { $limit: 1 } ])
2026-07-31 15:48:58,732 [INFO   ] [inference] generate_nosql  latency_sec=2.7796  input_tokens=108  output_tokens=56
2026-07-31 15:48:58,732 [INFO   ]   >> INPUT  : Translate the SQL query into an equivalent MongoDB MQL query using the provided schema.

Schema:
TV_Channel(Content, Country, Hight_definition_TV, Language, Package_Option, Pay_per_view_PPV, Pixel_aspect_ratio_PAR, _id, id, series_name)

SQL:
SELECT count(DISTINCT series_name) , count(DISTINCT content) FROM TV_Channel

MQL:

2026-07-31 15:48:58,732 [INFO   ]   >> OUTPUT : db.TV_Channel.aggregate([ { $group: { _id: "$series_name", count: { $sum: 1 } } }, { $group: { _id: "$_id", count: { $sum: 1 } } } ])
2026-07-31 15:49:01,613 [INFO   ] [inference] generate_nosql  latency_sec=2.8768  input_tokens=108  output_tokens=56
2026-07-31 15:49:01,613 [INFO   ]   >> INPUT  : Translate the SQL query into an equivalent MongoDB MQL query using the provided schema.

Schema:
TV_Channel(Content, Country, Hight_definition_TV, Language, Package_Option, Pay_per_view_PPV, Pixel_aspect_ratio_PAR, _id, id, series_name)

SQL:
SELECT count(DISTINCT series_name) , count(DISTINCT content) FROM TV_Channel

MQL:

2026-07-31 15:49:01,613 [INFO   ]   >> OUTPUT : db.TV_Channel.aggregate([ { $group: { _id: "$series_name", count: { $sum: 1 } } }, { $group: { _id: "$_id", count: { $sum: 1 } } } ])
2026-07-31 15:49:03,029 [INFO   ] [inference] generate_nosql  latency_sec=1.4088  input_tokens=99  output_tokens=23
2026-07-31 15:49:03,030 [INFO   ]   >> INPUT  : Translate the SQL query into an equivalent MongoDB MQL query using the provided schema.

Schema:
TV_Channel(Content, Country, Hight_definition_TV, Language, Package_Option, Pay_per_view_PPV, Pixel_aspect_ratio_PAR, _id, id, series_name)

SQL:
SELECT Content FROM TV_Channel WHERE series_name = "Sky Radio"

MQL:

2026-07-31 15:49:03,030 [INFO   ]   >> OUTPUT : db.TV_Channel.find({series_name: 'Sky Radio'}, {Content: 1})
2026-07-31 15:49:04,393 [INFO   ] [inference] generate_nosql  latency_sec=1.3559  input_tokens=99  output_tokens=23
2026-07-31 15:49:04,394 [INFO   ]   >> INPUT  : Translate the SQL query into an equivalent MongoDB MQL query using the provided schema.

Schema:
TV_Channel(Content, Country, Hight_definition_TV, Language, Package_Option, Pay_per_view_PPV, Pixel_aspect_ratio_PAR, _id, id, series_name)

SQL:
SELECT Content FROM TV_Channel WHERE series_name = "Sky Radio"

MQL:

2026-07-31 15:49:04,394 [INFO   ]   >> OUTPUT : db.TV_Channel.find({series_name: 'Sky Radio'}, {Content: 1})
2026-07-31 15:49:05,739 [INFO   ] [inference] generate_nosql  latency_sec=1.3395  input_tokens=101  output_tokens=25
2026-07-31 15:49:05,740 [INFO   ]   >> INPUT  : Translate the SQL query into an equivalent MongoDB MQL query using the provided schema.

Schema:
TV_Channel(Content, Country, Hight_definition_TV, Language, Package_Option, Pay_per_view_PPV, Pixel_aspect_ratio_PAR, _id, id, series_name)

SQL:
SELECT Package_Option FROM TV_Channel WHERE series_name = "Sky Radio"

MQL:

2026-07-31 15:49:05,740 [INFO   ]   >> OUTPUT : db.TV_Channel.find({series_name: 'Sky Radio'}, {Package_Option: 1})
2026-07-31 15:49:06,899 [INFO   ] [inference] generate_nosql  latency_sec=1.1546  input_tokens=101  output_tokens=25
2026-07-31 15:49:06,899 [INFO   ]   >> INPUT  : Translate the SQL query into an equivalent MongoDB MQL query using the provided schema.

Schema:
TV_Channel(Content, Country, Hight_definition_TV, Language, Package_Option, Pay_per_view_PPV, Pixel_aspect_ratio_PAR, _id, id, series_name)

SQL:
SELECT Package_Option FROM TV_Channel WHERE series_name = "Sky Radio"

MQL:

2026-07-31 15:49:06,899 [INFO   ]   >> OUTPUT : db.TV_Channel.find({series_name: 'Sky Radio'}, {Package_Option: 1})
2026-07-31 15:49:09,858 [INFO   ] [inference] generate_nosql  latency_sec=2.9545  input_tokens=112  output_tokens=48
2026-07-31 15:49:09,858 [INFO   ]   >> INPUT  : Translate the SQL query into an equivalent MongoDB MQL query using the provided schema.

Schema:
TV_Channel(Content, Country, Hight_definition_TV, Language, Package_Option, Pay_per_view_PPV, Pixel_aspect_ratio_PAR, _id, id, series_name)

SQL:
SELECT LANGUAGE , count(*) FROM TV_Channel GROUP BY LANGUAGE ORDER BY count(*) ASC LIMIT 1

MQL:

2026-07-31 15:49:09,858 [INFO   ]   >> OUTPUT : db.TV_Channel.aggregate([ { $group: { _id: "$Language", count: { $sum: 1 } } }, { $sort: { count: 1 } }, { $limit: 1 } ])
2026-07-31 15:49:12,843 [INFO   ] [inference] generate_nosql  latency_sec=2.9814  input_tokens=112  output_tokens=48
2026-07-31 15:49:12,844 [INFO   ]   >> INPUT  : Translate the SQL query into an equivalent MongoDB MQL query using the provided schema.

Schema:
TV_Channel(Content, Country, Hight_definition_TV, Language, Package_Option, Pay_per_view_PPV, Pixel_aspect_ratio_PAR, _id, id, series_name)

SQL:
SELECT LANGUAGE , count(*) FROM TV_Channel GROUP BY LANGUAGE ORDER BY count(*) ASC LIMIT 1

MQL:

2026-07-31 15:49:12,844 [INFO   ]   >> OUTPUT : db.TV_Channel.aggregate([ { $group: { _id: "$Language", count: { $sum: 1 } } }, { $sort: { count: 1 } }, { $limit: 1 } ])
2026-07-31 15:49:14,765 [INFO   ] [inference] generate_nosql  latency_sec=1.9173  input_tokens=103  output_tokens=32
2026-07-31 15:49:14,766 [INFO   ]   >> INPUT  : Translate the SQL query into an equivalent MongoDB MQL query using the provided schema.

Schema:
TV_Channel(Content, Country, Hight_definition_TV, Language, Package_Option, Pay_per_view_PPV, Pixel_aspect_ratio_PAR, _id, id, series_name)

SQL:
SELECT LANGUAGE , count(*) FROM TV_Channel GROUP BY LANGUAGE

MQL:

2026-07-31 15:49:14,766 [INFO   ]   >> OUTPUT : db.TV_Channel.aggregate([ { $group: { _id: "$Language", count: { $sum: 1 } } } ])
2026-07-31 15:49:17,364 [INFO   ] [inference] generate_nosql  latency_sec=2.595  input_tokens=103  output_tokens=32
2026-07-31 15:49:17,364 [INFO   ]   >> INPUT  : Translate the SQL query into an equivalent MongoDB MQL query using the provided schema.

Schema:
TV_Channel(Content, Country, Hight_definition_TV, Language, Package_Option, Pay_per_view_PPV, Pixel_aspect_ratio_PAR, _id, id, series_name)

SQL:
SELECT LANGUAGE , count(*) FROM TV_Channel GROUP BY LANGUAGE

MQL:

2026-07-31 15:49:17,364 [INFO   ]   >> OUTPUT : db.TV_Channel.aggregate([ { $group: { _id: "$Language", count: { $sum: 1 } } } ])
2026-07-31 15:49:21,922 [INFO   ] [inference] generate_nosql  latency_sec=4.5517  input_tokens=159  output_tokens=92
2026-07-31 15:49:21,923 [INFO   ]   >> INPUT  : Translate the SQL query into an equivalent MongoDB MQL query using the provided schema.

Schema:
TV_Channel(Content, Country, Hight_definition_TV, Language, Package_Option, Pay_per_view_PPV, Pixel_aspect_ratio_PAR, _id, id, series_name) | Cartoon(Channel, Directed_by, Original_air_date, Production_code, Title, Written_by, _id, id)

SQL:
SELECT T1.series_name FROM TV_Channel AS T1 JOIN Cartoon AS T2 ON T1.id = T2.Channel WHERE T2.Title = "The Rise of the Blue Beetle!"

MQL:

2026-07-31 15:49:21,923 [INFO   ]   >> OUTPUT : db.TV_Channel.aggregate([ { $lookup: { from: "Cartoon", localField: "id", foreignField: "Channel", as: "cartoon_info" } }, { $unwind: "$cartoon_info" }, { $match: { "cartoon_info.Title": "The Rise of the Blue Beetle" } }, { $project: { series_name: 1 } } ])
2026-07-31 15:49:26,193 [INFO   ] [inference] generate_nosql  latency_sec=4.267  input_tokens=159  output_tokens=92
2026-07-31 15:49:26,193 [INFO   ]   >> INPUT  : Translate the SQL query into an equivalent MongoDB MQL query using the provided schema.

Schema:
TV_Channel(Content, Country, Hight_definition_TV, Language, Package_Option, Pay_per_view_PPV, Pixel_aspect_ratio_PAR, _id, id, series_name) | Cartoon(Channel, Directed_by, Original_air_date, Production_code, Title, Written_by, _id, id)

SQL:
SELECT T1.series_name FROM TV_Channel AS T1 JOIN Cartoon AS T2 ON T1.id = T2.Channel WHERE T2.Title = "The Rise of the Blue Beetle!"

MQL:

2026-07-31 15:49:26,193 [INFO   ]   >> OUTPUT : db.TV_Channel.aggregate([ { $lookup: { from: "Cartoon", localField: "id", foreignField: "Channel", as: "cartoon_info" } }, { $unwind: "$cartoon_info" }, { $match: { "cartoon_info.Title": "The Rise of the Blue Beetle" } }, { $project: { series_name: 1 } } ])
2026-07-31 15:49:31,020 [INFO   ] [inference] generate_nosql  latency_sec=4.8227  input_tokens=155  output_tokens=89
2026-07-31 15:49:31,020 [INFO   ]   >> INPUT  : Translate the SQL query into an equivalent MongoDB MQL query using the provided schema.

Schema:
TV_Channel(Content, Country, Hight_definition_TV, Language, Package_Option, Pay_per_view_PPV, Pixel_aspect_ratio_PAR, _id, id, series_name) | Cartoon(Channel, Directed_by, Original_air_date, Production_code, Title, Written_by, _id, id)

SQL:
SELECT T2.Title FROM TV_Channel AS T1 JOIN Cartoon AS T2 ON T1.id = T2.Channel WHERE T1.series_name = "Sky Radio"

MQL:

2026-07-31 15:49:31,020 [INFO   ]   >> OUTPUT : db.TV_Channel.aggregate([ { $match: { series_name: "Sky Radio" } }, { $lookup: { from: "Cartoon", localField: "id", foreignField: "Channel", as: "cartoon_info" } }, { $unwind: "$cartoon_info" }, { $project: { Title: "$cartoon_info.Title" } } ])
2026-07-31 15:49:35,449 [INFO   ] [inference] generate_nosql  latency_sec=4.4222  input_tokens=155  output_tokens=89
2026-07-31 15:49:35,449 [INFO   ]   >> INPUT  : Translate the SQL query into an equivalent MongoDB MQL query using the provided schema.

Schema:
TV_Channel(Content, Country, Hight_definition_TV, Language, Package_Option, Pay_per_view_PPV, Pixel_aspect_ratio_PAR, _id, id, series_name) | Cartoon(Channel, Directed_by, Original_air_date, Production_code, Title, Written_by, _id, id)

SQL:
SELECT T2.Title FROM TV_Channel AS T1 JOIN Cartoon AS T2 ON T1.id = T2.Channel WHERE T1.series_name = "Sky Radio"

MQL:

2026-07-31 15:49:35,449 [INFO   ]   >> OUTPUT : db.TV_Channel.aggregate([ { $match: { series_name: "Sky Radio" } }, { $lookup: { from: "Cartoon", localField: "id", foreignField: "Channel", as: "cartoon_info" } }, { $unwind: "$cartoon_info" }, { $project: { Title: "$cartoon_info.Title" } } ])
2026-07-31 15:49:36,681 [INFO   ] [inference] generate_nosql  latency_sec=1.2288  input_tokens=82  output_tokens=22
2026-07-31 15:49:36,682 [INFO   ]   >> INPUT  : Translate the SQL query into an equivalent MongoDB MQL query using the provided schema.

Schema:
TV_series(18_49_Rating_Share, Air_Date, Channel, Episode, Rating, Share, Viewers_m, Weekly_Rank, _id, id)

SQL:
SELECT Episode FROM TV_series ORDER BY rating

MQL:

2026-07-31 15:49:36,682 [INFO   ]   >> OUTPUT : db.TV_series.find({}, { Episode: 1 }).sort({ Rating: 1 })
2026-07-31 15:49:37,940 [INFO   ] [inference] generate_nosql  latency_sec=1.2534  input_tokens=82  output_tokens=22
2026-07-31 15:49:37,941 [INFO   ]   >> INPUT  : Translate the SQL query into an equivalent MongoDB MQL query using the provided schema.

Schema:
TV_series(18_49_Rating_Share, Air_Date, Channel, Episode, Rating, Share, Viewers_m, Weekly_Rank, _id, id)

SQL:
SELECT Episode FROM TV_series ORDER BY rating

MQL:

2026-07-31 15:49:37,941 [INFO   ]   >> OUTPUT : db.TV_series.find({}, { Episode: 1 }).sort({ Rating: 1 })
2026-07-31 15:49:39,466 [INFO   ] [inference] generate_nosql  latency_sec=1.5211  input_tokens=89  output_tokens=32
2026-07-31 15:49:39,466 [INFO   ]   >> INPUT  : Translate the SQL query into an equivalent MongoDB MQL query using the provided schema.

Schema:
TV_series(18_49_Rating_Share, Air_Date, Channel, Episode, Rating, Share, Viewers_m, Weekly_Rank, _id, id)

SQL:
SELECT Episode , Rating FROM TV_series ORDER BY Rating DESC LIMIT 3

MQL:

2026-07-31 15:49:39,466 [INFO   ]   >> OUTPUT : db.TV_series.find({}, { Episode: 1, Rating: 1 }).sort({ Rating: -1 }).limit(3)
2026-07-31 15:49:41,073 [INFO   ] [inference] generate_nosql  latency_sec=1.604  input_tokens=89  output_tokens=32
2026-07-31 15:49:41,074 [INFO   ]   >> INPUT  : Translate the SQL query into an equivalent MongoDB MQL query using the provided schema.

Schema:
TV_series(18_49_Rating_Share, Air_Date, Channel, Episode, Rating, Share, Viewers_m, Weekly_Rank, _id, id)

SQL:
SELECT Episode , Rating FROM TV_series ORDER BY Rating DESC LIMIT 3

MQL:

2026-07-31 15:49:41,074 [INFO   ]   >> OUTPUT : db.TV_series.find({}, { Episode: 1, Rating: 1 }).sort({ Rating: -1 }).limit(3)
2026-07-31 15:49:44,626 [INFO   ] [inference] generate_nosql  latency_sec=3.5483  input_tokens=87  output_tokens=61
2026-07-31 15:49:44,626 [INFO   ]   >> INPUT  : Translate the SQL query into an equivalent MongoDB MQL query using the provided schema.

Schema:
TV_series(18_49_Rating_Share, Air_Date, Channel, Episode, Rating, Share, Viewers_m, Weekly_Rank, _id, id)

SQL:
SELECT max(SHARE) , min(SHARE) FROM TV_series

MQL:

2026-07-31 15:49:44,626 [INFO   ]   >> OUTPUT : db.TV_series.aggregate([ { $group: { _id: null, maxShare: { $max: "$Share" }, minShare: { $min: "$Share" } } }, { $project: { maxShare: 1, minShare: 1 } } ])
2026-07-31 15:49:47,788 [INFO   ] [inference] generate_nosql  latency_sec=3.1553  input_tokens=87  output_tokens=61
2026-07-31 15:49:47,789 [INFO   ]   >> INPUT  : Translate the SQL query into an equivalent MongoDB MQL query using the provided schema.

Schema:
TV_series(18_49_Rating_Share, Air_Date, Channel, Episode, Rating, Share, Viewers_m, Weekly_Rank, _id, id)

SQL:
SELECT max(SHARE) , min(SHARE) FROM TV_series

MQL:

2026-07-31 15:49:47,789 [INFO   ]   >> OUTPUT : db.TV_series.aggregate([ { $group: { _id: null, maxShare: { $max: "$Share" }, minShare: { $min: "$Share" } } }, { $project: { maxShare: 1, minShare: 1 } } ])
2026-07-31 15:49:49,100 [INFO   ] [inference] generate_nosql  latency_sec=1.3071  input_tokens=91  output_tokens=25
2026-07-31 15:49:49,101 [INFO   ]   >> INPUT  : Translate the SQL query into an equivalent MongoDB MQL query using the provided schema.

Schema:
TV_series(18_49_Rating_Share, Air_Date, Channel, Episode, Rating, Share, Viewers_m, Weekly_Rank, _id, id)

SQL:
SELECT Air_Date FROM TV_series WHERE Episode = "A Love of a Lifetime"

MQL:

2026-07-31 15:49:49,101 [INFO   ]   >> OUTPUT : db.TV_series.find({Episode: "A Love of a Lifetime"}, {Air_Date: 1})
2026-07-31 15:49:50,421 [INFO   ] [inference] generate_nosql  latency_sec=1.316  input_tokens=91  output_tokens=25
2026-07-31 15:49:50,421 [INFO   ]   >> INPUT  : Translate the SQL query into an equivalent MongoDB MQL query using the provided schema.

Schema:
TV_series(18_49_Rating_Share, Air_Date, Channel, Episode, Rating, Share, Viewers_m, Weekly_Rank, _id, id)

SQL:
SELECT Air_Date FROM TV_series WHERE Episode = "A Love of a Lifetime"

MQL:

2026-07-31 15:49:50,421 [INFO   ]   >> OUTPUT : db.TV_series.find({Episode: "A Love of a Lifetime"}, {Air_Date: 1})
2026-07-31 15:49:51,757 [INFO   ] [inference] generate_nosql  latency_sec=1.3314  input_tokens=91  output_tokens=26
2026-07-31 15:49:51,758 [INFO   ]   >> INPUT  : Translate the SQL query into an equivalent MongoDB MQL query using the provided schema.

Schema:
TV_series(18_49_Rating_Share, Air_Date, Channel, Episode, Rating, Share, Viewers_m, Weekly_Rank, _id, id)

SQL:
SELECT Weekly_Rank FROM TV_series WHERE Episode = "A Love of a Lifetime"

MQL:

2026-07-31 15:49:51,758 [INFO   ]   >> OUTPUT : db.TV_series.find({Episode: "A Love of a Lifetime"}, {Weekly_Rank: 1})
2026-07-31 15:49:53,097 [INFO   ] [inference] generate_nosql  latency_sec=1.335  input_tokens=91  output_tokens=26
2026-07-31 15:49:53,098 [INFO   ]   >> INPUT  : Translate the SQL query into an equivalent MongoDB MQL query using the provided schema.

Schema:
TV_series(18_49_Rating_Share, Air_Date, Channel, Episode, Rating, Share, Viewers_m, Weekly_Rank, _id, id)

SQL:
SELECT Weekly_Rank FROM TV_series WHERE Episode = "A Love of a Lifetime"

MQL:

2026-07-31 15:49:53,098 [INFO   ]   >> OUTPUT : db.TV_series.find({Episode: "A Love of a Lifetime"}, {Weekly_Rank: 1})
2026-07-31 15:49:58,092 [INFO   ] [inference] generate_nosql  latency_sec=4.9902  input_tokens=168  output_tokens=89
2026-07-31 15:49:58,092 [INFO   ]   >> INPUT  : Translate the SQL query into an equivalent MongoDB MQL query using the provided schema.

Schema:
TV_Channel(Content, Country, Hight_definition_TV, Language, Package_Option, Pay_per_view_PPV, Pixel_aspect_ratio_PAR, _id, id, series_name) | TV_series(18_49_Rating_Share, Air_Date, Channel, Episode, Rating, Share, Viewers_m, Weekly_Rank, _id, id)

SQL:
SELECT T1.series_name FROM TV_Channel AS T1 JOIN TV_series AS T2 ON T1.id = T2.Channel WHERE T2.Episode = "A Love of a Lifetime"

MQL:

2026-07-31 15:49:58,092 [INFO   ]   >> OUTPUT : db.TV_series.aggregate([ { $lookup: { from: "TV_Channel", localField: "Channel", foreignField: "id", as: "channel_info" } }, { $unwind: "$channel_info" }, { $match: { "channel_info.Episode": "A Love of a Lifetime" } }, { $project: { series_name: 1 } } ])
2026-07-31 15:50:02,667 [INFO   ] [inference] generate_nosql  latency_sec=4.5683  input_tokens=168  output_tokens=89
2026-07-31 15:50:02,667 [INFO   ]   >> INPUT  : Translate the SQL query into an equivalent MongoDB MQL query using the provided schema.

Schema:
TV_Channel(Content, Country, Hight_definition_TV, Language, Package_Option, Pay_per_view_PPV, Pixel_aspect_ratio_PAR, _id, id, series_name) | TV_series(18_49_Rating_Share, Air_Date, Channel, Episode, Rating, Share, Viewers_m, Weekly_Rank, _id, id)

SQL:
SELECT T1.series_name FROM TV_Channel AS T1 JOIN TV_series AS T2 ON T1.id = T2.Channel WHERE T2.Episode = "A Love of a Lifetime"

MQL:

2026-07-31 15:50:02,667 [INFO   ]   >> OUTPUT : db.TV_series.aggregate([ { $lookup: { from: "TV_Channel", localField: "Channel", foreignField: "id", as: "channel_info" } }, { $unwind: "$channel_info" }, { $match: { "channel_info.Episode": "A Love of a Lifetime" } }, { $project: { series_name: 1 } } ])
2026-07-31 15:50:06,656 [INFO   ] [inference] generate_nosql  latency_sec=3.9851  input_tokens=165  output_tokens=87
2026-07-31 15:50:06,656 [INFO   ]   >> INPUT  : Translate the SQL query into an equivalent MongoDB MQL query using the provided schema.

Schema:
TV_Channel(Content, Country, Hight_definition_TV, Language, Package_Option, Pay_per_view_PPV, Pixel_aspect_ratio_PAR, _id, id, series_name) | TV_series(18_49_Rating_Share, Air_Date, Channel, Episode, Rating, Share, Viewers_m, Weekly_Rank, _id, id)

SQL:
SELECT T2.Episode FROM TV_Channel AS T1 JOIN TV_series AS T2 ON T1.id = T2.Channel WHERE T1.series_name = "Sky Radio"

MQL:

2026-07-31 15:50:06,656 [INFO   ]   >> OUTPUT : db.TV_series.aggregate([ { $match: { series_name: "Sky Radio" } }, { $lookup: { from: "TV_Channel", localField: "id", foreignField: "Channel", as: "channel_info" } }, { $unwind: "$channel_info" }, { $project: { Episode: "$channel_info.Episode" } } ])
2026-07-31 15:50:11,184 [INFO   ] [inference] generate_nosql  latency_sec=4.524  input_tokens=165  output_tokens=87
2026-07-31 15:50:11,185 [INFO   ]   >> INPUT  : Translate the SQL query into an equivalent MongoDB MQL query using the provided schema.

Schema:
TV_Channel(Content, Country, Hight_definition_TV, Language, Package_Option, Pay_per_view_PPV, Pixel_aspect_ratio_PAR, _id, id, series_name) | TV_series(18_49_Rating_Share, Air_Date, Channel, Episode, Rating, Share, Viewers_m, Weekly_Rank, _id, id)

SQL:
SELECT T2.Episode FROM TV_Channel AS T1 JOIN TV_series AS T2 ON T1.id = T2.Channel WHERE T1.series_name = "Sky Radio"

MQL:

2026-07-31 15:50:11,185 [INFO   ]   >> OUTPUT : db.TV_series.aggregate([ { $match: { series_name: "Sky Radio" } }, { $lookup: { from: "TV_Channel", localField: "id", foreignField: "Channel", as: "channel_info" } }, { $unwind: "$channel_info" }, { $project: { Episode: "$channel_info.Episode" } } ])
2026-07-31 15:50:13,896 [INFO   ] [inference] generate_nosql  latency_sec=2.7048  input_tokens=83  output_tokens=34
2026-07-31 15:50:13,897 [INFO   ]   >> INPUT  : Translate the SQL query into an equivalent MongoDB MQL query using the provided schema.

Schema:
Cartoon(Channel, Directed_by, Original_air_date, Production_code, Title, Written_by, _id, id)

SQL:
SELECT count(*) , Directed_by FROM cartoon GROUP BY Directed_by

MQL:

2026-07-31 15:50:13,897 [INFO   ]   >> OUTPUT : db.Cartoon.aggregate([ { $group: { _id: "$Directed_by", count: { $sum: 1 } } } ])
2026-07-31 15:50:16,195 [INFO   ] [inference] generate_nosql  latency_sec=2.2948  input_tokens=83  output_tokens=34
2026-07-31 15:50:16,195 [INFO   ]   >> INPUT  : Translate the SQL query into an equivalent MongoDB MQL query using the provided schema.

Schema:
Cartoon(Channel, Directed_by, Original_air_date, Production_code, Title, Written_by, _id, id)

SQL:
SELECT count(*) , Directed_by FROM cartoon GROUP BY Directed_by

MQL:

2026-07-31 15:50:16,195 [INFO   ]   >> OUTPUT : db.Cartoon.aggregate([ { $group: { _id: "$Directed_by", count: { $sum: 1 } } } ])
2026-07-31 15:50:17,722 [INFO   ] [inference] generate_nosql  latency_sec=1.5224  input_tokens=107  output_tokens=33
2026-07-31 15:50:17,723 [INFO   ]   >> INPUT  : Translate the SQL query into an equivalent MongoDB MQL query using the provided schema.

Schema:
TV_Channel(Content, Country, Hight_definition_TV, Language, Package_Option, Pay_per_view_PPV, Pixel_aspect_ratio_PAR, _id, id, series_name)

SQL:
SELECT package_option , series_name FROM TV_Channel WHERE hight_definition_TV = "yes"

MQL:

2026-07-31 15:50:17,723 [INFO   ]   >> OUTPUT : db.TV_Channel.find({ Hight_definition_TV: "yes" }, { Package_Option: 1, series_name: 1 })
2026-07-31 15:50:19,211 [INFO   ] [inference] generate_nosql  latency_sec=1.4848  input_tokens=107  output_tokens=33
2026-07-31 15:50:19,212 [INFO   ]   >> INPUT  : Translate the SQL query into an equivalent MongoDB MQL query using the provided schema.

Schema:
TV_Channel(Content, Country, Hight_definition_TV, Language, Package_Option, Pay_per_view_PPV, Pixel_aspect_ratio_PAR, _id, id, series_name)

SQL:
SELECT package_option , series_name FROM TV_Channel WHERE hight_definition_TV = "yes"

MQL:

2026-07-31 15:50:19,212 [INFO   ]   >> OUTPUT : db.TV_Channel.find({ Hight_definition_TV: "yes" }, { Package_Option: 1, series_name: 1 })
2026-07-31 15:50:23,457 [INFO   ] [inference] generate_nosql  latency_sec=4.24  input_tokens=155  output_tokens=88
2026-07-31 15:50:23,457 [INFO   ]   >> INPUT  : Translate the SQL query into an equivalent MongoDB MQL query using the provided schema.

Schema:
TV_Channel(Content, Country, Hight_definition_TV, Language, Package_Option, Pay_per_view_PPV, Pixel_aspect_ratio_PAR, _id, id, series_name) | Cartoon(Channel, Directed_by, Original_air_date, Production_code, Title, Written_by, _id, id)

SQL:
SELECT T1.country FROM TV_Channel AS T1 JOIN cartoon AS T2 ON T1.id = T2.Channel WHERE T2.written_by = 'Todd Casey'

MQL:

2026-07-31 15:50:23,457 [INFO   ]   >> OUTPUT : db.TV_Channel.aggregate([ { $lookup: { from: "Cartoon", localField: "id", foreignField: "Channel", as: "cartoon_info" } }, { $unwind: "$cartoon_info" }, { $match: { "cartoon_info.Written_by": "Todd Casey" } }, { $project: { Country: 1 } } ])
2026-07-31 15:50:31,264 [INFO   ] [inference] generate_nosql  latency_sec=7.8005  input_tokens=212  output_tokens=150
2026-07-31 15:50:31,264 [INFO   ]   >> INPUT  : Translate the SQL query into an equivalent MongoDB MQL query using the provided schema.

Schema:
TV_Channel(Content, Country, Hight_definition_TV, Language, Package_Option, Pay_per_view_PPV, Pixel_aspect_ratio_PAR, _id, id, series_name) | Cartoon(Channel, Directed_by, Original_air_date, Production_code, Title, Written_by, _id, id)

SQL:
SELECT T1.series_name , T1.country FROM TV_Channel AS T1 JOIN cartoon AS T2 ON T1.id = T2.Channel WHERE T2.directed_by = 'Michael Chang' INTERSECT SELECT T1.series_name , T1.country FROM TV_Channel AS T1 JOIN cartoon AS T2 ON T1.id = T2.Channel WHERE T2.directed_by = 'Ben Jones'

MQL:

2026-07-31 15:50:31,264 [INFO   ]   >> OUTPUT : db.TV_Channel.aggregate([ { $lookup: { from: "Cartoon", localField: "id", foreignField: "Channel", as: "cartoon_info" } }, { $unwind: "$cartoon_info" }, { $match: { $or: [ { "cartoon_info.Directed_by": "Michael Chang" }, { "cartoon_info.Directed_by": "Ben Jones" } ] } }, { $group: { _id: "$series_name", countries: { $addToSet: "$Country" } } }, { $match: { countries: { $all: ["Michael Chang", "Ben Jones"] } } },
2026-07-31 15:50:35,647 [INFO   ] [inference] generate_nosql  latency_sec=4.3792  input_tokens=136  output_tokens=88
2026-07-31 15:50:35,647 [INFO   ]   >> INPUT  : Translate the SQL query into an equivalent MongoDB MQL query using the provided schema.

Schema:
TV_Channel(Content, Country, Hight_definition_TV, Language, Package_Option, Pay_per_view_PPV, Pixel_aspect_ratio_PAR, _id, id, series_name) | Cartoon(Channel, Directed_by, Original_air_date, Production_code, Title, Written_by, _id, id)

SQL:
SELECT id FROM TV_Channel EXCEPT SELECT channel FROM cartoon WHERE directed_by = 'Ben Jones'

MQL:

2026-07-31 15:50:35,647 [INFO   ]   >> OUTPUT : db.TV_Channel.aggregate([ { $lookup: { from: "Cartoon", localField: "id", foreignField: "Channel", as: "cartoon_info" } }, { $match: { "cartoon_info.Directed_by": { $ne: "Ben Jones" } } }, { $project: { "_id": 0, "id": 1 } } ])
2026-07-31 15:50:41,027 [INFO   ] [inference] generate_nosql  latency_sec=5.376  input_tokens=136  output_tokens=88
2026-07-31 15:50:41,027 [INFO   ]   >> INPUT  : Translate the SQL query into an equivalent MongoDB MQL query using the provided schema.

Schema:
TV_Channel(Content, Country, Hight_definition_TV, Language, Package_Option, Pay_per_view_PPV, Pixel_aspect_ratio_PAR, _id, id, series_name) | Cartoon(Channel, Directed_by, Original_air_date, Production_code, Title, Written_by, _id, id)

SQL:
SELECT id FROM TV_Channel EXCEPT SELECT channel FROM cartoon WHERE directed_by = 'Ben Jones'

MQL:

2026-07-31 15:50:41,027 [INFO   ]   >> OUTPUT : db.TV_Channel.aggregate([ { $lookup: { from: "Cartoon", localField: "id", foreignField: "Channel", as: "cartoon_info" } }, { $match: { "cartoon_info.Directed_by": { $ne: "Ben Jones" } } }, { $project: { "_id": 0, "id": 1 } } ])
2026-07-31 15:50:45,481 [INFO   ] [inference] generate_nosql  latency_sec=4.4502  input_tokens=141  output_tokens=76
2026-07-31 15:50:45,481 [INFO   ]   >> INPUT  : Translate the SQL query into an equivalent MongoDB MQL query using the provided schema.

Schema:
TV_Channel(Content, Country, Hight_definition_TV, Language, Package_Option, Pay_per_view_PPV, Pixel_aspect_ratio_PAR, _id, id, series_name) | Cartoon(Channel, Directed_by, Original_air_date, Production_code, Title, Written_by, _id, id)

SQL:
SELECT package_option FROM TV_Channel WHERE id NOT IN (SELECT channel FROM cartoon WHERE directed_by = 'Ben Jones')

MQL:

2026-07-31 15:50:45,481 [INFO   ]   >> OUTPUT : db.TV_Channel.aggregate([ { $lookup: { from: "Cartoon", localField: "id", foreignField: "Channel", as: "cartoon_info" } }, { $match: { "cartoon_info": { $size: 0 } } }, { $project: { Package_Option: 1 } } ])
2026-07-31 15:50:50,047 [INFO   ] [inference] generate_nosql  latency_sec=4.5614  input_tokens=141  output_tokens=76
2026-07-31 15:50:50,047 [INFO   ]   >> INPUT  : Translate the SQL query into an equivalent MongoDB MQL query using the provided schema.

Schema:
TV_Channel(Content, Country, Hight_definition_TV, Language, Package_Option, Pay_per_view_PPV, Pixel_aspect_ratio_PAR, _id, id, series_name) | Cartoon(Channel, Directed_by, Original_air_date, Production_code, Title, Written_by, _id, id)

SQL:
SELECT package_option FROM TV_Channel WHERE id NOT IN (SELECT channel FROM cartoon WHERE directed_by = 'Ben Jones')

MQL:

2026-07-31 15:50:50,047 [INFO   ]   >> OUTPUT : db.TV_Channel.aggregate([ { $lookup: { from: "Cartoon", localField: "id", foreignField: "Channel", as: "cartoon_info" } }, { $match: { "cartoon_info": { $size: 0 } } }, { $project: { Package_Option: 1 } } ])
2026-07-31 15:50:51,759 [INFO   ] [inference] generate_nosql  latency_sec=1.7056  input_tokens=83  output_tokens=26
2026-07-31 15:50:51,760 [INFO   ]   >> INPUT  : Translate the SQL query into an equivalent MongoDB MQL query using the provided schema.

Schema:
poker_player(Best_Finish, Earnings, Final_Table_Made, Money_Rank, People_ID, Poker_Player_ID, _id)

SQL:
SELECT Earnings FROM poker_player ORDER BY Earnings DESC

MQL:

2026-07-31 15:50:51,760 [INFO   ]   >> OUTPUT : db.poker_player.find({}, {Earnings: 1}).sort({Earnings: -1})
2026-07-31 15:50:53,464 [INFO   ] [inference] generate_nosql  latency_sec=1.6975  input_tokens=83  output_tokens=26
2026-07-31 15:50:53,465 [INFO   ]   >> INPUT  : Translate the SQL query into an equivalent MongoDB MQL query using the provided schema.

Schema:
poker_player(Best_Finish, Earnings, Final_Table_Made, Money_Rank, People_ID, Poker_Player_ID, _id)

SQL:
SELECT Earnings FROM poker_player ORDER BY Earnings DESC

MQL:

2026-07-31 15:50:53,466 [INFO   ]   >> OUTPUT : db.poker_player.find({}, {Earnings: 1}).sort({Earnings: -1})
2026-07-31 15:50:54,676 [INFO   ] [inference] generate_nosql  latency_sec=1.2039  input_tokens=84  output_tokens=26
2026-07-31 15:50:54,677 [INFO   ]   >> INPUT  : Translate the SQL query into an equivalent MongoDB MQL query using the provided schema.

Schema:
poker_player(Best_Finish, Earnings, Final_Table_Made, Money_Rank, People_ID, Poker_Player_ID, _id)

SQL:
SELECT Final_Table_Made , Best_Finish FROM poker_player

MQL:

2026-07-31 15:50:54,677 [INFO   ]   >> OUTPUT : db.poker_player.find({}, {Final_Table_Made: 1, Best_Finish: 1})
2026-07-31 15:50:55,870 [INFO   ] [inference] generate_nosql  latency_sec=1.188  input_tokens=84  output_tokens=26
2026-07-31 15:50:55,871 [INFO   ]   >> INPUT  : Translate the SQL query into an equivalent MongoDB MQL query using the provided schema.

Schema:
poker_player(Best_Finish, Earnings, Final_Table_Made, Money_Rank, People_ID, Poker_Player_ID, _id)

SQL:
SELECT Final_Table_Made , Best_Finish FROM poker_player

MQL:

2026-07-31 15:50:55,871 [INFO   ]   >> OUTPUT : db.poker_player.find({}, {Final_Table_Made: 1, Best_Finish: 1})
2026-07-31 15:50:58,236 [INFO   ] [inference] generate_nosql  latency_sec=2.3611  input_tokens=80  output_tokens=51
2026-07-31 15:50:58,237 [INFO   ]   >> INPUT  : Translate the SQL query into an equivalent MongoDB MQL query using the provided schema.

Schema:
poker_player(Best_Finish, Earnings, Final_Table_Made, Money_Rank, People_ID, Poker_Player_ID, _id)

SQL:
SELECT avg(Earnings) FROM poker_player

MQL:

2026-07-31 15:50:58,237 [INFO   ]   >> OUTPUT : db.poker_player.aggregate([ { $group: { _id: null, averageEarnings: { $avg: "$Earnings" } } } , { $project: { averageEarnings: 1 } }])
2026-07-31 15:51:00,576 [INFO   ] [inference] generate_nosql  latency_sec=2.3351  input_tokens=80  output_tokens=51
2026-07-31 15:51:00,576 [INFO   ]   >> INPUT  : Translate the SQL query into an equivalent MongoDB MQL query using the provided schema.

Schema:
poker_player(Best_Finish, Earnings, Final_Table_Made, Money_Rank, People_ID, Poker_Player_ID, _id)

SQL:
SELECT avg(Earnings) FROM poker_player

MQL:

2026-07-31 15:51:00,576 [INFO   ]   >> OUTPUT : db.poker_player.aggregate([ { $group: { _id: null, averageEarnings: { $avg: "$Earnings" } } } , { $project: { averageEarnings: 1 } }])
2026-07-31 15:51:02,090 [INFO   ] [inference] generate_nosql  latency_sec=1.5093  input_tokens=87  output_tokens=32
2026-07-31 15:51:02,090 [INFO   ]   >> INPUT  : Translate the SQL query into an equivalent MongoDB MQL query using the provided schema.

Schema:
poker_player(Best_Finish, Earnings, Final_Table_Made, Money_Rank, People_ID, Poker_Player_ID, _id)

SQL:
SELECT Money_Rank FROM poker_player ORDER BY Earnings DESC LIMIT 1

MQL:

2026-07-31 15:51:02,090 [INFO   ]   >> OUTPUT : db.poker_player.find({}, { Money_Rank: 1 }).sort({ Earnings: -1 }).limit(1)
2026-07-31 15:51:03,660 [INFO   ] [inference] generate_nosql  latency_sec=1.5662  input_tokens=87  output_tokens=32
2026-07-31 15:51:03,660 [INFO   ]   >> INPUT  : Translate the SQL query into an equivalent MongoDB MQL query using the provided schema.

Schema:
poker_player(Best_Finish, Earnings, Final_Table_Made, Money_Rank, People_ID, Poker_Player_ID, _id)

SQL:
SELECT Money_Rank FROM poker_player ORDER BY Earnings DESC LIMIT 1

MQL:

2026-07-31 15:51:03,661 [INFO   ]   >> OUTPUT : db.poker_player.find({}, { Money_Rank: 1 }).sort({ Earnings: -1 }).limit(1)
2026-07-31 15:51:08,069 [INFO   ] [inference] generate_nosql  latency_sec=4.402  input_tokens=89  output_tokens=72
2026-07-31 15:51:08,069 [INFO   ]   >> INPUT  : Translate the SQL query into an equivalent MongoDB MQL query using the provided schema.

Schema:
poker_player(Best_Finish, Earnings, Final_Table_Made, Money_Rank, People_ID, Poker_Player_ID, _id)

SQL:
SELECT max(Final_Table_Made) FROM poker_player WHERE Earnings < 200000

MQL:

2026-07-31 15:51:08,069 [INFO   ]   >> OUTPUT : db.poker_player.aggregate([ { $match: { Earnings: { $lt: 200000 } } }, { $group: { _id: null, maxFinalTableMade: { $max: "$Final_Table_Made" } } } , { $project: { maxFinalTableMade: 1 } }])
2026-07-31 15:51:11,576 [INFO   ] [inference] generate_nosql  latency_sec=3.5034  input_tokens=89  output_tokens=72
2026-07-31 15:51:11,577 [INFO   ]   >> INPUT  : Translate the SQL query into an equivalent MongoDB MQL query using the provided schema.

Schema:
poker_player(Best_Finish, Earnings, Final_Table_Made, Money_Rank, People_ID, Poker_Player_ID, _id)

SQL:
SELECT max(Final_Table_Made) FROM poker_player WHERE Earnings < 200000

MQL:

2026-07-31 15:51:11,577 [INFO   ]   >> OUTPUT : db.poker_player.aggregate([ { $match: { Earnings: { $lt: 200000 } } }, { $group: { _id: null, maxFinalTableMade: { $max: "$Final_Table_Made" } } } , { $project: { maxFinalTableMade: 1 } }])
2026-07-31 15:51:15,159 [INFO   ] [inference] generate_nosql  latency_sec=3.5788  input_tokens=122  output_tokens=78
2026-07-31 15:51:15,159 [INFO   ]   >> INPUT  : Translate the SQL query into an equivalent MongoDB MQL query using the provided schema.

Schema:
people(Birth_Date, Height, Name, Nationality, People_ID, _id) | poker_player(Best_Finish, Earnings, Final_Table_Made, Money_Rank, People_ID, Poker_Player_ID, _id)

SQL:
SELECT T1.Name FROM people AS T1 JOIN poker_player AS T2 ON T1.People_ID = T2.People_ID

MQL:

2026-07-31 15:51:15,159 [INFO   ]   >> OUTPUT : db.people.aggregate([ { $lookup: { from: "poker_player", localField: "People_ID", foreignField: "People_ID", as: "poker_players" } }, { $unwind: "$poker_players" }, { $project: { Name: "$poker_players.Name" } } ])
2026-07-31 15:51:19,353 [INFO   ] [inference] generate_nosql  latency_sec=4.1898  input_tokens=122  output_tokens=78
2026-07-31 15:51:19,353 [INFO   ]   >> INPUT  : Translate the SQL query into an equivalent MongoDB MQL query using the provided schema.

Schema:
people(Birth_Date, Height, Name, Nationality, People_ID, _id) | poker_player(Best_Finish, Earnings, Final_Table_Made, Money_Rank, People_ID, Poker_Player_ID, _id)

SQL:
SELECT T1.Name FROM people AS T1 JOIN poker_player AS T2 ON T1.People_ID = T2.People_ID

MQL:

2026-07-31 15:51:19,353 [INFO   ]   >> OUTPUT : db.people.aggregate([ { $lookup: { from: "poker_player", localField: "People_ID", foreignField: "People_ID", as: "poker_players" } }, { $unwind: "$poker_players" }, { $project: { Name: "$poker_players.Name" } } ])
2026-07-31 15:51:24,058 [INFO   ] [inference] generate_nosql  latency_sec=4.6982  input_tokens=131  output_tokens=94
2026-07-31 15:51:24,058 [INFO   ]   >> INPUT  : Translate the SQL query into an equivalent MongoDB MQL query using the provided schema.

Schema:
people(Birth_Date, Height, Name, Nationality, People_ID, _id) | poker_player(Best_Finish, Earnings, Final_Table_Made, Money_Rank, People_ID, Poker_Player_ID, _id)

SQL:
SELECT T1.Name FROM people AS T1 JOIN poker_player AS T2 ON T1.People_ID = T2.People_ID WHERE T2.Earnings > 300000

MQL:

2026-07-31 15:51:24,059 [INFO   ]   >> OUTPUT : db.people.aggregate([ { $lookup: { from: "poker_player", localField: "People_ID", foreignField: "People_ID", as: "poker_players" } }, { $unwind: "$poker_players" }, { $match: { "poker_players.Earnings": { $gt: 300000 } } }, { $project: { Name: 1 } } ])
2026-07-31 15:51:28,430 [INFO   ] [inference] generate_nosql  latency_sec=4.3673  input_tokens=131  output_tokens=94
2026-07-31 15:51:28,430 [INFO   ]   >> INPUT  : Translate the SQL query into an equivalent MongoDB MQL query using the provided schema.

Schema:
people(Birth_Date, Height, Name, Nationality, People_ID, _id) | poker_player(Best_Finish, Earnings, Final_Table_Made, Money_Rank, People_ID, Poker_Player_ID, _id)

SQL:
SELECT T1.Name FROM people AS T1 JOIN poker_player AS T2 ON T1.People_ID = T2.People_ID WHERE T2.Earnings > 300000

MQL:

2026-07-31 15:51:28,430 [INFO   ]   >> OUTPUT : db.people.aggregate([ { $lookup: { from: "poker_player", localField: "People_ID", foreignField: "People_ID", as: "poker_players" } }, { $unwind: "$poker_players" }, { $match: { "poker_players.Earnings": { $gt: 300000 } } }, { $project: { Name: 1 } } ])
2026-07-31 15:51:33,259 [INFO   ] [inference] generate_nosql  latency_sec=4.8243  input_tokens=132  output_tokens=91
2026-07-31 15:51:33,259 [INFO   ]   >> INPUT  : Translate the SQL query into an equivalent MongoDB MQL query using the provided schema.

Schema:
people(Birth_Date, Height, Name, Nationality, People_ID, _id) | poker_player(Best_Finish, Earnings, Final_Table_Made, Money_Rank, People_ID, Poker_Player_ID, _id)

SQL:
SELECT T1.Name FROM people AS T1 JOIN poker_player AS T2 ON T1.People_ID = T2.People_ID ORDER BY T2.Final_Table_Made

MQL:

2026-07-31 15:51:33,259 [INFO   ]   >> OUTPUT : db.people.aggregate([ { $lookup: { from: "poker_player", localField: "People_ID", foreignField: "People_ID", as: "poker_players" } }, { $unwind: "$poker_players" }, { $sort: { "poker_players.Final_Table_Made": 1 } }, { $project: { Name: 1 } } ])
2026-07-31 15:51:37,677 [INFO   ] [inference] generate_nosql  latency_sec=4.4104  input_tokens=132  output_tokens=91
2026-07-31 15:51:37,677 [INFO   ]   >> INPUT  : Translate the SQL query into an equivalent MongoDB MQL query using the provided schema.

Schema:
people(Birth_Date, Height, Name, Nationality, People_ID, _id) | poker_player(Best_Finish, Earnings, Final_Table_Made, Money_Rank, People_ID, Poker_Player_ID, _id)

SQL:
SELECT T1.Name FROM people AS T1 JOIN poker_player AS T2 ON T1.People_ID = T2.People_ID ORDER BY T2.Final_Table_Made

MQL:

2026-07-31 15:51:37,677 [INFO   ]   >> OUTPUT : db.people.aggregate([ { $lookup: { from: "poker_player", localField: "People_ID", foreignField: "People_ID", as: "poker_players" } }, { $unwind: "$poker_players" }, { $sort: { "poker_players.Final_Table_Made": 1 } }, { $project: { Name: 1 } } ])
2026-07-31 15:51:41,981 [INFO   ] [inference] generate_nosql  latency_sec=4.2996  input_tokens=135  output_tokens=84
2026-07-31 15:51:41,981 [INFO   ]   >> INPUT  : Translate the SQL query into an equivalent MongoDB MQL query using the provided schema.

Schema:
people(Birth_Date, Height, Name, Nationality, People_ID, _id) | poker_player(Best_Finish, Earnings, Final_Table_Made, Money_Rank, People_ID, Poker_Player_ID, _id)

SQL:
SELECT T1.Birth_Date FROM people AS T1 JOIN poker_player AS T2 ON T1.People_ID = T2.People_ID ORDER BY T2.Earnings ASC LIMIT 1

MQL:

2026-07-31 15:51:41,981 [INFO   ]   >> OUTPUT : db.people.aggregate([ { $lookup: { from: "poker_player", localField: "People_ID", foreignField: "People_ID", as: "poker_players" } }, { $project: { Birth_Date: 1 } }, { $sort: { "poker_players.Earnings": 1 } }, { $limit: 1 } ])
2026-07-31 15:51:47,129 [INFO   ] [inference] generate_nosql  latency_sec=5.1447  input_tokens=135  output_tokens=96
2026-07-31 15:51:47,130 [INFO   ]   >> INPUT  : Translate the SQL query into an equivalent MongoDB MQL query using the provided schema.

Schema:
people(Birth_Date, Height, Name, Nationality, People_ID, _id) | poker_player(Best_Finish, Earnings, Final_Table_Made, Money_Rank, People_ID, Poker_Player_ID, _id)

SQL:
SELECT T2.Money_Rank FROM people AS T1 JOIN poker_player AS T2 ON T1.People_ID = T2.People_ID ORDER BY T1.Height DESC LIMIT 1

MQL:

2026-07-31 15:51:47,130 [INFO   ]   >> OUTPUT : db.people.aggregate([ { $lookup: { from: "poker_player", localField: "People_ID", foreignField: "People_ID", as: "poker_players" } }, { $unwind: "$poker_players" }, { $sort: { "poker_players.Height": -1 } }, { $limit: 1 }, { $project: { Money_Rank: 1 } } ])
2026-07-31 15:51:51,701 [INFO   ] [inference] generate_nosql  latency_sec=4.564  input_tokens=135  output_tokens=96
2026-07-31 15:51:51,701 [INFO   ]   >> INPUT  : Translate the SQL query into an equivalent MongoDB MQL query using the provided schema.

Schema:
people(Birth_Date, Height, Name, Nationality, People_ID, _id) | poker_player(Best_Finish, Earnings, Final_Table_Made, Money_Rank, People_ID, Poker_Player_ID, _id)

SQL:
SELECT T2.Money_Rank FROM people AS T1 JOIN poker_player AS T2 ON T1.People_ID = T2.People_ID ORDER BY T1.Height DESC LIMIT 1

MQL:

2026-07-31 15:51:51,701 [INFO   ]   >> OUTPUT : db.people.aggregate([ { $lookup: { from: "poker_player", localField: "People_ID", foreignField: "People_ID", as: "poker_players" } }, { $unwind: "$poker_players" }, { $sort: { "poker_players.Height": -1 } }, { $limit: 1 }, { $project: { Money_Rank: 1 } } ])
2026-07-31 15:51:57,309 [INFO   ] [inference] generate_nosql  latency_sec=5.6035  input_tokens=133  output_tokens=119
2026-07-31 15:51:57,309 [INFO   ]   >> INPUT  : Translate the SQL query into an equivalent MongoDB MQL query using the provided schema.

Schema:
people(Birth_Date, Height, Name, Nationality, People_ID, _id) | poker_player(Best_Finish, Earnings, Final_Table_Made, Money_Rank, People_ID, Poker_Player_ID, _id)

SQL:
SELECT avg(T2.Earnings) FROM people AS T1 JOIN poker_player AS T2 ON T1.People_ID = T2.People_ID WHERE T1.Height > 200

MQL:

2026-07-31 15:51:57,309 [INFO   ]   >> OUTPUT : db.people.aggregate([ { $match: { Height: { $gt: 200 } } }, { $lookup: { from: "poker_player", localField: "People_ID", foreignField: "People_ID", as: "poker_players" } }, { $unwind: "$poker_players" }, { $group: { _id: null, avgEarnings: { $avg: "$poker_players.Earnings" } } }, { $project: { avgEarnings: 1 } } ])
2026-07-31 15:52:03,816 [INFO   ] [inference] generate_nosql  latency_sec=6.5036  input_tokens=133  output_tokens=119
2026-07-31 15:52:03,816 [INFO   ]   >> INPUT  : Translate the SQL query into an equivalent MongoDB MQL query using the provided schema.

Schema:
people(Birth_Date, Height, Name, Nationality, People_ID, _id) | poker_player(Best_Finish, Earnings, Final_Table_Made, Money_Rank, People_ID, Poker_Player_ID, _id)

SQL:
SELECT avg(T2.Earnings) FROM people AS T1 JOIN poker_player AS T2 ON T1.People_ID = T2.People_ID WHERE T1.Height > 200

MQL:

2026-07-31 15:52:03,816 [INFO   ]   >> OUTPUT : db.people.aggregate([ { $match: { Height: { $gt: 200 } } }, { $lookup: { from: "poker_player", localField: "People_ID", foreignField: "People_ID", as: "poker_players" } }, { $unwind: "$poker_players" }, { $group: { _id: null, avgEarnings: { $avg: "$poker_players.Earnings" } } }, { $project: { avgEarnings: 1 } } ])
2026-07-31 15:52:07,879 [INFO   ] [inference] generate_nosql  latency_sec=4.059  input_tokens=131  output_tokens=89
2026-07-31 15:52:07,879 [INFO   ]   >> INPUT  : Translate the SQL query into an equivalent MongoDB MQL query using the provided schema.

Schema:
people(Birth_Date, Height, Name, Nationality, People_ID, _id) | poker_player(Best_Finish, Earnings, Final_Table_Made, Money_Rank, People_ID, Poker_Player_ID, _id)

SQL:
SELECT T1.Name FROM people AS T1 JOIN poker_player AS T2 ON T1.People_ID = T2.People_ID ORDER BY T2.Earnings DESC

MQL:

2026-07-31 15:52:07,880 [INFO   ]   >> OUTPUT : db.people.aggregate([ { $lookup: { from: "poker_player", localField: "People_ID", foreignField: "People_ID", as: "poker_players" } }, { $unwind: "$poker_players" }, { $sort: { "poker_players.Earnings": -1 } }, { $project: { Name: 1 } } ])
2026-07-31 15:52:12,207 [INFO   ] [inference] generate_nosql  latency_sec=4.3233  input_tokens=131  output_tokens=89
2026-07-31 15:52:12,207 [INFO   ]   >> INPUT  : Translate the SQL query into an equivalent MongoDB MQL query using the provided schema.

Schema:
people(Birth_Date, Height, Name, Nationality, People_ID, _id) | poker_player(Best_Finish, Earnings, Final_Table_Made, Money_Rank, People_ID, Poker_Player_ID, _id)

SQL:
SELECT T1.Name FROM people AS T1 JOIN poker_player AS T2 ON T1.People_ID = T2.People_ID ORDER BY T2.Earnings DESC

MQL:

2026-07-31 15:52:12,207 [INFO   ]   >> OUTPUT : db.people.aggregate([ { $lookup: { from: "poker_player", localField: "People_ID", foreignField: "People_ID", as: "poker_players" } }, { $unwind: "$poker_players" }, { $sort: { "poker_players.Earnings": -1 } }, { $project: { Name: 1 } } ])
2026-07-31 15:52:15,027 [INFO   ] [inference] generate_nosql  latency_sec=2.8124  input_tokens=69  output_tokens=31
2026-07-31 15:52:15,027 [INFO   ]   >> INPUT  : Translate the SQL query into an equivalent MongoDB MQL query using the provided schema.

Schema:
people(Birth_Date, Height, Name, Nationality, People_ID, _id)

SQL:
SELECT Nationality , COUNT(*) FROM people GROUP BY Nationality

MQL:

2026-07-31 15:52:15,027 [INFO   ]   >> OUTPUT : db.people.aggregate([ { $group: { _id: "$Nationality", count: { $sum: 1 } } } ])
2026-07-31 15:52:17,187 [INFO   ] [inference] generate_nosql  latency_sec=2.1557  input_tokens=69  output_tokens=31
2026-07-31 15:52:17,188 [INFO   ]   >> INPUT  : Translate the SQL query into an equivalent MongoDB MQL query using the provided schema.

Schema:
people(Birth_Date, Height, Name, Nationality, People_ID, _id)

SQL:
SELECT Nationality , COUNT(*) FROM people GROUP BY Nationality

MQL:

2026-07-31 15:52:17,188 [INFO   ]   >> OUTPUT : db.people.aggregate([ { $group: { _id: "$Nationality", count: { $sum: 1 } } } ])
2026-07-31 15:52:19,879 [INFO   ] [inference] generate_nosql  latency_sec=2.6869  input_tokens=75  output_tokens=59
2026-07-31 15:52:19,880 [INFO   ]   >> INPUT  : Translate the SQL query into an equivalent MongoDB MQL query using the provided schema.

Schema:
people(Birth_Date, Height, Name, Nationality, People_ID, _id)

SQL:
SELECT Nationality FROM people GROUP BY Nationality ORDER BY COUNT(*) DESC LIMIT 1

MQL:

2026-07-31 15:52:19,880 [INFO   ]   >> OUTPUT : db.people.aggregate([ { $group: { _id: "$Nationality", count: { $sum: 1 } } }, { $sort: { count: -1 } }, { $limit: 1 }, { $project: { _id: 1 } } ])
2026-07-31 15:52:22,549 [INFO   ] [inference] generate_nosql  latency_sec=2.6651  input_tokens=75  output_tokens=59
2026-07-31 15:52:22,549 [INFO   ]   >> INPUT  : Translate the SQL query into an equivalent MongoDB MQL query using the provided schema.

Schema:
people(Birth_Date, Height, Name, Nationality, People_ID, _id)

SQL:
SELECT Nationality FROM people GROUP BY Nationality ORDER BY COUNT(*) DESC LIMIT 1

MQL:

2026-07-31 15:52:22,549 [INFO   ]   >> OUTPUT : db.people.aggregate([ { $group: { _id: "$Nationality", count: { $sum: 1 } } }, { $sort: { count: -1 } }, { $limit: 1 }, { $project: { _id: 1 } } ])
2026-07-31 15:52:25,413 [INFO   ] [inference] generate_nosql  latency_sec=2.8593  input_tokens=73  output_tokens=58
2026-07-31 15:52:25,413 [INFO   ]   >> INPUT  : Translate the SQL query into an equivalent MongoDB MQL query using the provided schema.

Schema:
people(Birth_Date, Height, Name, Nationality, People_ID, _id)

SQL:
SELECT Nationality FROM people GROUP BY Nationality HAVING COUNT(*) >= 2

MQL:

2026-07-31 15:52:25,413 [INFO   ]   >> OUTPUT : db.people.aggregate([ { $group: { _id: "$Nationality", count: { $sum: 1 } } }, { $match: { count: { $gte: 2 } } }, { $project: { _id: 1 } } ])
2026-07-31 15:52:28,922 [INFO   ] [inference] generate_nosql  latency_sec=3.5021  input_tokens=73  output_tokens=58
2026-07-31 15:52:28,922 [INFO   ]   >> INPUT  : Translate the SQL query into an equivalent MongoDB MQL query using the provided schema.

Schema:
people(Birth_Date, Height, Name, Nationality, People_ID, _id)

SQL:
SELECT Nationality FROM people GROUP BY Nationality HAVING COUNT(*) >= 2

MQL:

2026-07-31 15:52:28,922 [INFO   ]   >> OUTPUT : db.people.aggregate([ { $group: { _id: "$Nationality", count: { $sum: 1 } } }, { $match: { count: { $gte: 2 } } }, { $project: { _id: 1 } } ])
2026-07-31 15:52:30,161 [INFO   ] [inference] generate_nosql  latency_sec=1.2336  input_tokens=67  output_tokens=26
2026-07-31 15:52:30,162 [INFO   ]   >> INPUT  : Translate the SQL query into an equivalent MongoDB MQL query using the provided schema.

Schema:
people(Birth_Date, Height, Name, Nationality, People_ID, _id)

SQL:
SELECT Name , Birth_Date FROM people ORDER BY Name ASC

MQL:

2026-07-31 15:52:30,162 [INFO   ]   >> OUTPUT : db.people.find({}, { Name: 1, Birth_Date: 1 }).sort({ Name: 1 })
2026-07-31 15:52:31,367 [INFO   ] [inference] generate_nosql  latency_sec=1.2014  input_tokens=67  output_tokens=26
2026-07-31 15:52:31,368 [INFO   ]   >> INPUT  : Translate the SQL query into an equivalent MongoDB MQL query using the provided schema.

Schema:
people(Birth_Date, Height, Name, Nationality, People_ID, _id)

SQL:
SELECT Name , Birth_Date FROM people ORDER BY Name ASC

MQL:

2026-07-31 15:52:31,368 [INFO   ]   >> OUTPUT : db.people.find({}, { Name: 1, Birth_Date: 1 }).sort({ Name: 1 })
2026-07-31 15:52:32,541 [INFO   ] [inference] generate_nosql  latency_sec=1.1686  input_tokens=66  output_tokens=24
2026-07-31 15:52:32,542 [INFO   ]   >> INPUT  : Translate the SQL query into an equivalent MongoDB MQL query using the provided schema.

Schema:
people(Birth_Date, Height, Name, Nationality, People_ID, _id)

SQL:
SELECT Name FROM people WHERE Nationality != "Russia"

MQL:

2026-07-31 15:52:32,542 [INFO   ]   >> OUTPUT : db.people.find({ Nationality: { $ne: "Russia" } }, { Name: 1 })
2026-07-31 15:52:33,748 [INFO   ] [inference] generate_nosql  latency_sec=1.2025  input_tokens=66  output_tokens=24
2026-07-31 15:52:33,749 [INFO   ]   >> INPUT  : Translate the SQL query into an equivalent MongoDB MQL query using the provided schema.

Schema:
people(Birth_Date, Height, Name, Nationality, People_ID, _id)

SQL:
SELECT Name FROM people WHERE Nationality != "Russia"

MQL:

2026-07-31 15:52:33,749 [INFO   ]   >> OUTPUT : db.people.find({ Nationality: { $ne: "Russia" } }, { Name: 1 })
2026-07-31 15:52:37,010 [INFO   ] [inference] generate_nosql  latency_sec=3.257  input_tokens=110  output_tokens=38
2026-07-31 15:52:37,010 [INFO   ]   >> INPUT  : Translate the SQL query into an equivalent MongoDB MQL query using the provided schema.

Schema:
people(Birth_Date, Height, Name, Nationality, People_ID, _id) | poker_player(Best_Finish, Earnings, Final_Table_Made, Money_Rank, People_ID, Poker_Player_ID, _id)

SQL:
SELECT Name FROM people WHERE People_ID NOT IN (SELECT People_ID FROM poker_player)

MQL:

2026-07-31 15:52:37,010 [INFO   ]   >> OUTPUT : db.people.find( { People_ID: { $nin: db.poker_player.distinct("People_ID") } }, { Name: 1 } )
2026-07-31 15:52:40,911 [INFO   ] [inference] generate_nosql  latency_sec=3.8968  input_tokens=110  output_tokens=38
2026-07-31 15:52:40,911 [INFO   ]   >> INPUT  : Translate the SQL query into an equivalent MongoDB MQL query using the provided schema.

Schema:
people(Birth_Date, Height, Name, Nationality, People_ID, _id) | poker_player(Best_Finish, Earnings, Final_Table_Made, Money_Rank, People_ID, Poker_Player_ID, _id)

SQL:
SELECT Name FROM people WHERE People_ID NOT IN (SELECT People_ID FROM poker_player)

MQL:

2026-07-31 15:52:40,911 [INFO   ]   >> OUTPUT : db.people.find( { People_ID: { $nin: db.poker_player.distinct("People_ID") } }, { Name: 1 } )
2026-07-31 15:52:42,994 [INFO   ] [inference] generate_nosql  latency_sec=2.0758  input_tokens=67  output_tokens=38
2026-07-31 15:52:42,995 [INFO   ]   >> INPUT  : Translate the SQL query into an equivalent MongoDB MQL query using the provided schema.

Schema:
CONTESTANTS(_id, contestant_name, contestant_number)

SQL:
SELECT contestant_number , contestant_name FROM contestants ORDER BY contestant_name DESC

MQL:

2026-07-31 15:52:42,995 [INFO   ]   >> OUTPUT : db.CONTESTANTS.find({}, {contestant_number: 1, contestant_name: 1}).sort({contestant_name: -1})
2026-07-31 15:52:44,273 [INFO   ] [inference] generate_nosql  latency_sec=1.2741  input_tokens=69  output_tokens=27
2026-07-31 15:52:44,273 [INFO   ]   >> INPUT  : Translate the SQL query into an equivalent MongoDB MQL query using the provided schema.

Schema:
VOTES(_id, contestant_number, created, phone_number, state, vote_id)

SQL:
SELECT vote_id , phone_number , state FROM votes

MQL:

2026-07-31 15:52:44,273 [INFO   ]   >> OUTPUT : db.VOTES.find({}, {vote_id: 1, phone_number: 1, state: 1})
2026-07-31 15:52:47,610 [INFO   ] [inference] generate_nosql  latency_sec=3.3324  input_tokens=71  output_tokens=73
2026-07-31 15:52:47,611 [INFO   ]   >> INPUT  : Translate the SQL query into an equivalent MongoDB MQL query using the provided schema.

Schema:
AREA_CODE_STATE(_id, area_code, state)

SQL:
SELECT max(area_code) , min(area_code) FROM area_code_state

MQL:

2026-07-31 15:52:47,612 [INFO   ]   >> OUTPUT : db.AREA_CODE_STATE.aggregate([ { $group: { _id: null, maxAreaCode: { $max: "$area_code" }, minAreaCode: { $min: "$area_code" } } }, { $project: { maxAreaCode: 1, minAreaCode: 1 } } ])
2026-07-31 15:52:49,286 [INFO   ] [inference] generate_nosql  latency_sec=1.6691  input_tokens=67  output_tokens=35
2026-07-31 15:52:49,286 [INFO   ]   >> INPUT  : Translate the SQL query into an equivalent MongoDB MQL query using the provided schema.

Schema:
CONTESTANTS(_id, contestant_name, contestant_number)

SQL:
SELECT contestant_name FROM contestants WHERE contestant_name != 'Jessie Alloway'

MQL:

2026-07-31 15:52:49,287 [INFO   ]   >> OUTPUT : db.CONTESTANTS.find( { contestant_name: { $ne: 'Jessie Alloway' } }, { contestant_name: 1 } )
2026-07-31 15:52:56,984 [INFO   ] [inference] generate_nosql  latency_sec=7.6933  input_tokens=138  output_tokens=142
2026-07-31 15:52:56,984 [INFO   ]   >> INPUT  : Translate the SQL query into an equivalent MongoDB MQL query using the provided schema.

Schema:
VOTES(_id, contestant_number, created, phone_number, state, vote_id) | CONTESTANTS(_id, contestant_name, contestant_number)

SQL:
SELECT T1.contestant_number , T1.contestant_name FROM contestants AS T1 JOIN votes AS T2 ON T1.contestant_number = T2.contestant_number GROUP BY T1.contestant_number HAVING count(*) >= 2

MQL:

2026-07-31 15:52:56,984 [INFO   ]   >> OUTPUT : db.VOTES.aggregate([ { $lookup: { from: "CONTESTANTS", localField: "contestant_number", foreignField: "contestant_number", as: "contestant_info" } }, { $unwind: "$contestant_info" }, { $group: { _id: "$contestant_number", count: { $sum: 1 } } }, { $match: { count: { $gte: 2 } } }, { $project: { contestant_number: "$_id", contestant_name: "$contestant_info.contestant_name" } } ])
2026-07-31 15:53:03,532 [INFO   ] [inference] generate_nosql  latency_sec=6.5434  input_tokens=139  output_tokens=138
2026-07-31 15:53:03,532 [INFO   ]   >> INPUT  : Translate the SQL query into an equivalent MongoDB MQL query using the provided schema.

Schema:
VOTES(_id, contestant_number, created, phone_number, state, vote_id) | CONTESTANTS(_id, contestant_name, contestant_number)

SQL:
SELECT T1.contestant_number , T1.contestant_name FROM contestants AS T1 JOIN votes AS T2 ON T1.contestant_number = T2.contestant_number GROUP BY T1.contestant_number ORDER BY count(*) ASC LIMIT 1

MQL:

2026-07-31 15:53:03,532 [INFO   ]   >> OUTPUT : db.VOTES.aggregate([ { $group: { _id: "$contestant_number", count: { $sum: 1 } } }, { $sort: { count: 1 } }, { $limit: 1 }, { $lookup: { from: "CONTESTANTS", localField: "_id", foreignField: "contestant_number", as: "contestant_info" } }, { $unwind: "$contestant_info" }, { $project: { contestant_number: "$_id", contestant_name: "$contestant_info.contestant_name" } } ])
2026-07-31 15:53:05,649 [INFO   ] [inference] generate_nosql  latency_sec=2.1131  input_tokens=75  output_tokens=41
2026-07-31 15:53:05,649 [INFO   ]   >> INPUT  : Translate the SQL query into an equivalent MongoDB MQL query using the provided schema.

Schema:
VOTES(_id, contestant_number, created, phone_number, state, vote_id)

SQL:
SELECT count(*) FROM votes WHERE state = 'NY' OR state = 'CA'

MQL:

2026-07-31 15:53:05,649 [INFO   ]   >> OUTPUT : db.VOTES.aggregate([ { $match: { state: { $in: ["NY", "CA"] } } }, { $count: "total_votes" } ])
2026-07-31 15:53:10,373 [INFO   ] [inference] generate_nosql  latency_sec=4.7188  input_tokens=93  output_tokens=79
2026-07-31 15:53:10,374 [INFO   ]   >> INPUT  : Translate the SQL query into an equivalent MongoDB MQL query using the provided schema.

Schema:
VOTES(_id, contestant_number, created, phone_number, state, vote_id) | CONTESTANTS(_id, contestant_name, contestant_number)

SQL:
SELECT count(*) FROM contestants WHERE contestant_number NOT IN ( SELECT contestant_number FROM votes )

MQL:

2026-07-31 15:53:10,374 [INFO   ]   >> OUTPUT : db.CONTESTANTS.aggregate([ { $lookup: { from: "VOTES", localField: "contestant_number", foreignField: "contestant_number", as: "votes" } }, { $match: { votes: { $size: 0 } } }, { $count: "no_votes_count" } ])
2026-07-31 15:53:15,728 [INFO   ] [inference] generate_nosql  latency_sec=5.3495  input_tokens=124  output_tokens=111
2026-07-31 15:53:15,728 [INFO   ]   >> INPUT  : Translate the SQL query into an equivalent MongoDB MQL query using the provided schema.

Schema:
AREA_CODE_STATE(_id, area_code, state) | VOTES(_id, contestant_number, created, phone_number, state, vote_id)

SQL:
SELECT T1.area_code FROM area_code_state AS T1 JOIN votes AS T2 ON T1.state = T2.state GROUP BY T1.area_code ORDER BY count(*) DESC LIMIT 1

MQL:

2026-07-31 15:53:15,728 [INFO   ]   >> OUTPUT : db.AREA_CODE_STATE.aggregate([ { $group: { _id: "$area_code", count: { $sum: 1 } } }, { $sort: { count: -1 } }, { $limit: 1 }, { $lookup: { from: "VOTES", localField: "_id", foreignField: "state", as: "votes" } }, { $unwind: "$votes" }, { $project: { area_code: "$_id" } } ])
2026-07-31 15:53:17,207 [INFO   ] [inference] generate_nosql  latency_sec=1.4741  input_tokens=64  output_tokens=29
2026-07-31 15:53:17,207 [INFO   ]   >> INPUT  : Translate the SQL query into an equivalent MongoDB MQL query using the provided schema.

Schema:
CONTESTANTS(_id, contestant_name, contestant_number)

SQL:
select contestant_name from contestants where contestant_name like "%al%"

MQL:

2026-07-31 15:53:17,207 [INFO   ]   >> OUTPUT : db.CONTESTANTS.find({contestant_name: /al/}, {contestant_name: 1})
2026-07-31 15:53:20,493 [INFO   ] [inference] generate_nosql  latency_sec=3.2823  input_tokens=101  output_tokens=63
2026-07-31 15:53:20,495 [INFO   ]   >> INPUT  : Translate the SQL query into an equivalent MongoDB MQL query using the provided schema.

Schema:
country(Capital, Code, Code2, Continent, GNP, GNPOld, GovernmentForm, HeadOfState, IndepYear, LifeExpectancy, LocalName, Name, Population, Region, SurfaceArea, _id)

SQL:
SELECT sum(SurfaceArea) FROM country WHERE Region = "Caribbean"

MQL:

2026-07-31 15:53:20,495 [INFO   ]   >> OUTPUT : db.country.aggregate([ { $match: { Region: "Caribbean" } }, { $group: { _id: null, totalSurfaceArea: { $sum: "$SurfaceArea" } } }, { $project: { totalSurfaceArea: 1 } } ])
2026-07-31 15:53:23,985 [INFO   ] [inference] generate_nosql  latency_sec=3.4825  input_tokens=101  output_tokens=63
2026-07-31 15:53:23,985 [INFO   ]   >> INPUT  : Translate the SQL query into an equivalent MongoDB MQL query using the provided schema.

Schema:
country(Capital, Code, Code2, Continent, GNP, GNPOld, GovernmentForm, HeadOfState, IndepYear, LifeExpectancy, LocalName, Name, Population, Region, SurfaceArea, _id)

SQL:
SELECT sum(SurfaceArea) FROM country WHERE Region = "Caribbean"

MQL:

2026-07-31 15:53:23,985 [INFO   ]   >> OUTPUT : db.country.aggregate([ { $match: { Region: "Caribbean" } }, { $group: { _id: null, totalSurfaceArea: { $sum: "$SurfaceArea" } } }, { $project: { totalSurfaceArea: 1 } } ])
2026-07-31 15:53:24,942 [INFO   ] [inference] generate_nosql  latency_sec=0.9529  input_tokens=96  output_tokens=20
2026-07-31 15:53:24,943 [INFO   ]   >> INPUT  : Translate the SQL query into an equivalent MongoDB MQL query using the provided schema.

Schema:
country(Capital, Code, Code2, Continent, GNP, GNPOld, GovernmentForm, HeadOfState, IndepYear, LifeExpectancy, LocalName, Name, Population, Region, SurfaceArea, _id)

SQL:
SELECT Continent FROM country WHERE Name = "Anguilla"

MQL:

2026-07-31 15:53:24,943 [INFO   ]   >> OUTPUT : db.country.find({Name: "Anguilla"}, {Continent: 1})
2026-07-31 15:53:25,895 [INFO   ] [inference] generate_nosql  latency_sec=0.9477  input_tokens=96  output_tokens=20
2026-07-31 15:53:25,896 [INFO   ]   >> INPUT  : Translate the SQL query into an equivalent MongoDB MQL query using the provided schema.

Schema:
country(Capital, Code, Code2, Continent, GNP, GNPOld, GovernmentForm, HeadOfState, IndepYear, LifeExpectancy, LocalName, Name, Population, Region, SurfaceArea, _id)

SQL:
SELECT Continent FROM country WHERE Name = "Anguilla"

MQL:

2026-07-31 15:53:25,896 [INFO   ]   >> OUTPUT : db.country.find({Name: "Anguilla"}, {Continent: 1})
2026-07-31 15:53:29,750 [INFO   ] [inference] generate_nosql  latency_sec=3.8493  input_tokens=135  output_tokens=81
2026-07-31 15:53:29,750 [INFO   ]   >> INPUT  : Translate the SQL query into an equivalent MongoDB MQL query using the provided schema.

Schema:
country(Capital, Code, Code2, Continent, GNP, GNPOld, GovernmentForm, HeadOfState, IndepYear, LifeExpectancy, LocalName, Name, Population, Region, SurfaceArea, _id) | city(CountryCode, District, ID, Name, Population, _id)

SQL:
SELECT Region FROM country AS T1 JOIN city AS T2 ON T1.Code = T2.CountryCode WHERE T2.Name = "Kabul"

MQL:

2026-07-31 15:53:29,750 [INFO   ]   >> OUTPUT : db.country.aggregate([ { $lookup: { from: "city", localField: "Code", foreignField: "CountryCode", as: "city_info" } }, { $unwind: "$city_info" }, { $match: { "city_info.Name": "Kabul" } }, { $project: { Region: 1 } } ])
2026-07-31 15:53:35,046 [INFO   ] [inference] generate_nosql  latency_sec=5.2918  input_tokens=147  output_tokens=101
2026-07-31 15:53:35,046 [INFO   ]   >> INPUT  : Translate the SQL query into an equivalent MongoDB MQL query using the provided schema.

Schema:
country(Capital, Code, Code2, Continent, GNP, GNPOld, GovernmentForm, HeadOfState, IndepYear, LifeExpectancy, LocalName, Name, Population, Region, SurfaceArea, _id) | countrylanguage(CountryCode, IsOfficial, Language, Percentage, _id)

SQL:
SELECT T2.Language FROM country AS T1 JOIN countrylanguage AS T2 ON T1.Code = T2.CountryCode WHERE T1.Name = "Aruba" ORDER BY Percentage DESC LIMIT 1

MQL:

2026-07-31 15:53:35,046 [INFO   ]   >> OUTPUT : db.country.aggregate([ { $lookup: { from: "countrylanguage", localField: "Code", foreignField: "CountryCode", as: "country_language" } }, { $unwind: "$country_language" }, { $match: { "country_language.Language": "Aruba" } }, { $sort: { "Percentage": -1 } }, { $limit: 1 }, { $project: { Language: 1 } } ])
2026-07-31 15:53:40,004 [INFO   ] [inference] generate_nosql  latency_sec=4.9494  input_tokens=147  output_tokens=101
2026-07-31 15:53:40,004 [INFO   ]   >> INPUT  : Translate the SQL query into an equivalent MongoDB MQL query using the provided schema.

Schema:
country(Capital, Code, Code2, Continent, GNP, GNPOld, GovernmentForm, HeadOfState, IndepYear, LifeExpectancy, LocalName, Name, Population, Region, SurfaceArea, _id) | countrylanguage(CountryCode, IsOfficial, Language, Percentage, _id)

SQL:
SELECT T2.Language FROM country AS T1 JOIN countrylanguage AS T2 ON T1.Code = T2.CountryCode WHERE T1.Name = "Aruba" ORDER BY Percentage DESC LIMIT 1

MQL:

2026-07-31 15:53:40,004 [INFO   ]   >> OUTPUT : db.country.aggregate([ { $lookup: { from: "countrylanguage", localField: "Code", foreignField: "CountryCode", as: "country_language" } }, { $unwind: "$country_language" }, { $match: { "country_language.Language": "Aruba" } }, { $sort: { "Percentage": -1 } }, { $limit: 1 }, { $project: { Language: 1 } } ])
2026-07-31 15:53:41,182 [INFO   ] [inference] generate_nosql  latency_sec=1.174  input_tokens=99  output_tokens=24
2026-07-31 15:53:41,183 [INFO   ]   >> INPUT  : Translate the SQL query into an equivalent MongoDB MQL query using the provided schema.

Schema:
country(Capital, Code, Code2, Continent, GNP, GNPOld, GovernmentForm, HeadOfState, IndepYear, LifeExpectancy, LocalName, Name, Population, Region, SurfaceArea, _id)

SQL:
SELECT Population , LifeExpectancy FROM country WHERE Name = "Brazil"

MQL:

2026-07-31 15:53:41,183 [INFO   ]   >> OUTPUT : db.country.find({Name: "Brazil"}, { Population: 1, LifeExpectancy: 1})
2026-07-31 15:53:42,321 [INFO   ] [inference] generate_nosql  latency_sec=1.1338  input_tokens=99  output_tokens=24
2026-07-31 15:53:42,322 [INFO   ]   >> INPUT  : Translate the SQL query into an equivalent MongoDB MQL query using the provided schema.

Schema:
country(Capital, Code, Code2, Continent, GNP, GNPOld, GovernmentForm, HeadOfState, IndepYear, LifeExpectancy, LocalName, Name, Population, Region, SurfaceArea, _id)

SQL:
SELECT Population , LifeExpectancy FROM country WHERE Name = "Brazil"

MQL:

2026-07-31 15:53:42,322 [INFO   ]   >> OUTPUT : db.country.find({Name: "Brazil"}, { Population: 1, LifeExpectancy: 1})
2026-07-31 15:53:43,403 [INFO   ] [inference] generate_nosql  latency_sec=1.0776  input_tokens=97  output_tokens=22
2026-07-31 15:53:43,404 [INFO   ]   >> INPUT  : Translate the SQL query into an equivalent MongoDB MQL query using the provided schema.

Schema:
country(Capital, Code, Code2, Continent, GNP, GNPOld, GovernmentForm, HeadOfState, IndepYear, LifeExpectancy, LocalName, Name, Population, Region, SurfaceArea, _id)

SQL:
SELECT Population , Region FROM country WHERE Name = "Angola"

MQL:

2026-07-31 15:53:43,404 [INFO   ]   >> OUTPUT : db.country.find({Name: "Angola"}, { Population: 1, Region: 1})
2026-07-31 15:53:44,450 [INFO   ] [inference] generate_nosql  latency_sec=1.0413  input_tokens=97  output_tokens=22
2026-07-31 15:53:44,451 [INFO   ]   >> INPUT  : Translate the SQL query into an equivalent MongoDB MQL query using the provided schema.

Schema:
country(Capital, Code, Code2, Continent, GNP, GNPOld, GovernmentForm, HeadOfState, IndepYear, LifeExpectancy, LocalName, Name, Population, Region, SurfaceArea, _id)

SQL:
SELECT Population , Region FROM country WHERE Name = "Angola"

MQL:

2026-07-31 15:53:44,451 [INFO   ]   >> OUTPUT : db.country.find({Name: "Angola"}, { Population: 1, Region: 1})
2026-07-31 15:53:48,000 [INFO   ] [inference] generate_nosql  latency_sec=3.5452  input_tokens=101  output_tokens=67
2026-07-31 15:53:48,000 [INFO   ]   >> INPUT  : Translate the SQL query into an equivalent MongoDB MQL query using the provided schema.

Schema:
country(Capital, Code, Code2, Continent, GNP, GNPOld, GovernmentForm, HeadOfState, IndepYear, LifeExpectancy, LocalName, Name, Population, Region, SurfaceArea, _id)

SQL:
SELECT avg(LifeExpectancy) FROM country WHERE Region = "Central Africa"

MQL:

2026-07-31 15:53:48,000 [INFO   ]   >> OUTPUT : db.country.aggregate([ { $match: { Region: "Central Africa" } }, { $group: { _id: null, averageLifeExpectancy: { $avg: "$LifeExpectancy" } } } , { $project: { averageLifeExpectancy: 1 } }])
2026-07-31 15:53:51,450 [INFO   ] [inference] generate_nosql  latency_sec=3.442  input_tokens=101  output_tokens=67
2026-07-31 15:53:51,450 [INFO   ]   >> INPUT  : Translate the SQL query into an equivalent MongoDB MQL query using the provided schema.

Schema:
country(Capital, Code, Code2, Continent, GNP, GNPOld, GovernmentForm, HeadOfState, IndepYear, LifeExpectancy, LocalName, Name, Population, Region, SurfaceArea, _id)

SQL:
SELECT avg(LifeExpectancy) FROM country WHERE Region = "Central Africa"

MQL:

2026-07-31 15:53:51,450 [INFO   ]   >> OUTPUT : db.country.aggregate([ { $match: { Region: "Central Africa" } }, { $group: { _id: null, averageLifeExpectancy: { $avg: "$LifeExpectancy" } } } , { $project: { averageLifeExpectancy: 1 } }])
2026-07-31 15:53:53,026 [INFO   ] [inference] generate_nosql  latency_sec=1.5712  input_tokens=103  output_tokens=33
2026-07-31 15:53:53,026 [INFO   ]   >> INPUT  : Translate the SQL query into an equivalent MongoDB MQL query using the provided schema.

Schema:
country(Capital, Code, Code2, Continent, GNP, GNPOld, GovernmentForm, HeadOfState, IndepYear, LifeExpectancy, LocalName, Name, Population, Region, SurfaceArea, _id)

SQL:
SELECT Name FROM country WHERE Continent = "Asia" ORDER BY LifeExpectancy LIMIT 1

MQL:

2026-07-31 15:53:53,027 [INFO   ]   >> OUTPUT : db.country.find({ Continent: "Asia" }, { Name: 1 }).sort({ LifeExpectancy: 1 }).limit(1)
2026-07-31 15:53:54,557 [INFO   ] [inference] generate_nosql  latency_sec=1.526  input_tokens=103  output_tokens=33
2026-07-31 15:53:54,559 [INFO   ]   >> INPUT  : Translate the SQL query into an equivalent MongoDB MQL query using the provided schema.

Schema:
country(Capital, Code, Code2, Continent, GNP, GNPOld, GovernmentForm, HeadOfState, IndepYear, LifeExpectancy, LocalName, Name, Population, Region, SurfaceArea, _id)

SQL:
SELECT Name FROM country WHERE Continent = "Asia" ORDER BY LifeExpectancy LIMIT 1

MQL:

2026-07-31 15:53:54,559 [INFO   ]   >> OUTPUT : db.country.find({ Continent: "Asia" }, { Name: 1 }).sort({ LifeExpectancy: 1 }).limit(1)
2026-07-31 15:53:57,981 [INFO   ] [inference] generate_nosql  latency_sec=3.4177  input_tokens=103  output_tokens=74
2026-07-31 15:53:57,981 [INFO   ]   >> INPUT  : Translate the SQL query into an equivalent MongoDB MQL query using the provided schema.

Schema:
country(Capital, Code, Code2, Continent, GNP, GNPOld, GovernmentForm, HeadOfState, IndepYear, LifeExpectancy, LocalName, Name, Population, Region, SurfaceArea, _id)

SQL:
SELECT sum(Population) , max(GNP) FROM country WHERE Continent = "Asia"

MQL:

2026-07-31 15:53:57,981 [INFO   ]   >> OUTPUT : db.country.aggregate([ { $match: { Continent: "Asia" } }, { $group: { _id: null, totalPopulation: { $sum: "$Population" }, maxGNP: { $max: "$GNP" } } }, { $project: { totalPopulation: 1, maxGNP: 1 } } ])
2026-07-31 15:54:02,067 [INFO   ] [inference] generate_nosql  latency_sec=4.0817  input_tokens=103  output_tokens=74
2026-07-31 15:54:02,067 [INFO   ]   >> INPUT  : Translate the SQL query into an equivalent MongoDB MQL query using the provided schema.

Schema:
country(Capital, Code, Code2, Continent, GNP, GNPOld, GovernmentForm, HeadOfState, IndepYear, LifeExpectancy, LocalName, Name, Population, Region, SurfaceArea, _id)

SQL:
SELECT sum(Population) , max(GNP) FROM country WHERE Continent = "Asia"

MQL:

2026-07-31 15:54:02,067 [INFO   ]   >> OUTPUT : db.country.aggregate([ { $match: { Continent: "Asia" } }, { $group: { _id: null, totalPopulation: { $sum: "$Population" }, maxGNP: { $max: "$GNP" } } }, { $project: { totalPopulation: 1, maxGNP: 1 } } ])
2026-07-31 15:54:05,761 [INFO   ] [inference] generate_nosql  latency_sec=3.6858  input_tokens=105  output_tokens=69
2026-07-31 15:54:05,761 [INFO   ]   >> INPUT  : Translate the SQL query into an equivalent MongoDB MQL query using the provided schema.

Schema:
country(Capital, Code, Code2, Continent, GNP, GNPOld, GovernmentForm, HeadOfState, IndepYear, LifeExpectancy, LocalName, Name, Population, Region, SurfaceArea, _id)

SQL:
SELECT sum(SurfaceArea) FROM country WHERE Continent = "Asia" OR Continent = "Europe"

MQL:

2026-07-31 15:54:05,761 [INFO   ]   >> OUTPUT : db.country.aggregate([ { $match: { Continent: { $in: ["Asia", "Europe"] } } }, { $group: { _id: null, totalSurfaceArea: { $sum: "$SurfaceArea" } } }, { $project: { totalSurfaceArea: 1 } } ])
2026-07-31 15:54:09,153 [INFO   ] [inference] generate_nosql  latency_sec=3.3864  input_tokens=105  output_tokens=69
2026-07-31 15:54:09,153 [INFO   ]   >> INPUT  : Translate the SQL query into an equivalent MongoDB MQL query using the provided schema.

Schema:
country(Capital, Code, Code2, Continent, GNP, GNPOld, GovernmentForm, HeadOfState, IndepYear, LifeExpectancy, LocalName, Name, Population, Region, SurfaceArea, _id)

SQL:
SELECT sum(SurfaceArea) FROM country WHERE Continent = "Asia" OR Continent = "Europe"

MQL:

2026-07-31 15:54:09,153 [INFO   ]   >> OUTPUT : db.country.aggregate([ { $match: { Continent: { $in: ["Asia", "Europe"] } } }, { $group: { _id: null, totalSurfaceArea: { $sum: "$SurfaceArea" } } }, { $project: { totalSurfaceArea: 1 } } ])
2026-07-31 15:54:11,803 [INFO   ] [inference] generate_nosql  latency_sec=2.6455  input_tokens=66  output_tokens=57
2026-07-31 15:54:11,803 [INFO   ]   >> INPUT  : Translate the SQL query into an equivalent MongoDB MQL query using the provided schema.

Schema:
city(CountryCode, District, ID, Name, Population, _id)

SQL:
SELECT sum(Population) FROM city WHERE District = "Gelderland"

MQL:

2026-07-31 15:54:11,803 [INFO   ]   >> OUTPUT : db.city.aggregate([ { $match: { District: "Gelderland" } }, { $group: { _id: null, totalPopulation: { $sum: "$Population" } } }, { $project: { totalPopulation: 1 } } ])
2026-07-31 15:54:14,946 [INFO   ] [inference] generate_nosql  latency_sec=3.1384  input_tokens=66  output_tokens=57
2026-07-31 15:54:14,946 [INFO   ]   >> INPUT  : Translate the SQL query into an equivalent MongoDB MQL query using the provided schema.

Schema:
city(CountryCode, District, ID, Name, Population, _id)

SQL:
SELECT sum(Population) FROM city WHERE District = "Gelderland"

MQL:

2026-07-31 15:54:14,946 [INFO   ]   >> OUTPUT : db.city.aggregate([ { $match: { District: "Gelderland" } }, { $group: { _id: null, totalPopulation: { $sum: "$Population" } } }, { $project: { totalPopulation: 1 } } ])
2026-07-31 15:54:18,835 [INFO   ] [inference] generate_nosql  latency_sec=3.8809  input_tokens=105  output_tokens=74
2026-07-31 15:54:18,835 [INFO   ]   >> INPUT  : Translate the SQL query into an equivalent MongoDB MQL query using the provided schema.

Schema:
country(Capital, Code, Code2, Continent, GNP, GNPOld, GovernmentForm, HeadOfState, IndepYear, LifeExpectancy, LocalName, Name, Population, Region, SurfaceArea, _id)

SQL:
SELECT avg(GNP) , sum(population) FROM country WHERE GovernmentForm = "US Territory"

MQL:

2026-07-31 15:54:18,835 [INFO   ]   >> OUTPUT : db.country.aggregate([ { $match: { GovernmentForm: "US Territory" } }, { $group: { _id: null, averagePopulation: { $avg: "$Population" }, totalPopulation: { $sum: "$Population" } } }, { $project: { averagePopulation: 1, totalPopulation: 1 } } ])
2026-07-31 15:54:22,274 [INFO   ] [inference] generate_nosql  latency_sec=3.435  input_tokens=105  output_tokens=74
2026-07-31 15:54:22,274 [INFO   ]   >> INPUT  : Translate the SQL query into an equivalent MongoDB MQL query using the provided schema.

Schema:
country(Capital, Code, Code2, Continent, GNP, GNPOld, GovernmentForm, HeadOfState, IndepYear, LifeExpectancy, LocalName, Name, Population, Region, SurfaceArea, _id)

SQL:
SELECT avg(GNP) , sum(population) FROM country WHERE GovernmentForm = "US Territory"

MQL:

2026-07-31 15:54:22,275 [INFO   ]   >> OUTPUT : db.country.aggregate([ { $match: { GovernmentForm: "US Territory" } }, { $group: { _id: null, averagePopulation: { $avg: "$Population" }, totalPopulation: { $sum: "$Population" } } }, { $project: { averagePopulation: 1, totalPopulation: 1 } } ])
2026-07-31 15:54:24,419 [INFO   ] [inference] generate_nosql  latency_sec=2.1402  input_tokens=103  output_tokens=48
2026-07-31 15:54:24,419 [INFO   ]   >> INPUT  : Translate the SQL query into an equivalent MongoDB MQL query using the provided schema.

Schema:
country(Capital, Code, Code2, Continent, GNP, GNPOld, GovernmentForm, HeadOfState, IndepYear, LifeExpectancy, LocalName, Name, Population, Region, SurfaceArea, _id)

SQL:
SELECT count(DISTINCT GovernmentForm) FROM country WHERE Continent = "Africa"

MQL:

2026-07-31 15:54:24,419 [INFO   ]   >> OUTPUT : db.country.aggregate([ { $match: { Continent: "Africa" } }, { $group: { _id: "$GovernmentForm" } }, { $count: "distinct_countries" } ])
2026-07-31 15:54:26,527 [INFO   ] [inference] generate_nosql  latency_sec=2.102  input_tokens=103  output_tokens=48
2026-07-31 15:54:26,527 [INFO   ]   >> INPUT  : Translate the SQL query into an equivalent MongoDB MQL query using the provided schema.

Schema:
country(Capital, Code, Code2, Continent, GNP, GNPOld, GovernmentForm, HeadOfState, IndepYear, LifeExpectancy, LocalName, Name, Population, Region, SurfaceArea, _id)

SQL:
SELECT count(DISTINCT GovernmentForm) FROM country WHERE Continent = "Africa"

MQL:

2026-07-31 15:54:26,527 [INFO   ]   >> OUTPUT : db.country.aggregate([ { $match: { Continent: "Africa" } }, { $group: { _id: "$GovernmentForm" } }, { $count: "distinct_countries" } ])
2026-07-31 15:54:32,034 [INFO   ] [inference] generate_nosql  latency_sec=5.5024  input_tokens=143  output_tokens=102
2026-07-31 15:54:32,034 [INFO   ]   >> INPUT  : Translate the SQL query into an equivalent MongoDB MQL query using the provided schema.

Schema:
country(Capital, Code, Code2, Continent, GNP, GNPOld, GovernmentForm, HeadOfState, IndepYear, LifeExpectancy, LocalName, Name, Population, Region, SurfaceArea, _id) | countrylanguage(CountryCode, IsOfficial, Language, Percentage, _id)

SQL:
SELECT COUNT(T2.Language) FROM country AS T1 JOIN countrylanguage AS T2 ON T1.Code = T2.CountryCode WHERE T1.Name = "Aruba"

MQL:

2026-07-31 15:54:32,034 [INFO   ]   >> OUTPUT : db.country.aggregate([ { $lookup: { from: "countrylanguage", localField: "Code", foreignField: "CountryCode", as: "country_language" } }, { $unwind: "$country_language" }, { $match: { "country_language.Language": "Aruba" } }, { $group: { _id: null, count: { $sum: 1 } } }, { $project: { count: 1 } } ])
2026-07-31 15:54:36,578 [INFO   ] [inference] generate_nosql  latency_sec=4.5397  input_tokens=143  output_tokens=102
2026-07-31 15:54:36,578 [INFO   ]   >> INPUT  : Translate the SQL query into an equivalent MongoDB MQL query using the provided schema.

Schema:
country(Capital, Code, Code2, Continent, GNP, GNPOld, GovernmentForm, HeadOfState, IndepYear, LifeExpectancy, LocalName, Name, Population, Region, SurfaceArea, _id) | countrylanguage(CountryCode, IsOfficial, Language, Percentage, _id)

SQL:
SELECT COUNT(T2.Language) FROM country AS T1 JOIN countrylanguage AS T2 ON T1.Code = T2.CountryCode WHERE T1.Name = "Aruba"

MQL:

2026-07-31 15:54:36,578 [INFO   ]   >> OUTPUT : db.country.aggregate([ { $lookup: { from: "countrylanguage", localField: "Code", foreignField: "CountryCode", as: "country_language" } }, { $unwind: "$country_language" }, { $match: { "country_language.Language": "Aruba" } }, { $group: { _id: null, count: { $sum: 1 } } }, { $project: { count: 1 } } ])
2026-07-31 15:54:41,248 [INFO   ] [inference] generate_nosql  latency_sec=4.6649  input_tokens=147  output_tokens=98
2026-07-31 15:54:41,248 [INFO   ]   >> INPUT  : Translate the SQL query into an equivalent MongoDB MQL query using the provided schema.

Schema:
country(Capital, Code, Code2, Continent, GNP, GNPOld, GovernmentForm, HeadOfState, IndepYear, LifeExpectancy, LocalName, Name, Population, Region, SurfaceArea, _id) | countrylanguage(CountryCode, IsOfficial, Language, Percentage, _id)

SQL:
SELECT COUNT(*) FROM country AS T1 JOIN countrylanguage AS T2 ON T1.Code = T2.CountryCode WHERE T1.Name = "Afghanistan" AND IsOfficial = "T"

MQL:

2026-07-31 15:54:41,248 [INFO   ]   >> OUTPUT : db.country.aggregate([ { $match: { Name: "Afghanistan" } }, { $lookup: { from: "countrylanguage", localField: "Code", foreignField: "CountryCode", as: "country_language" } }, { $unwind: "$country_language" }, { $group: { _id: null, count: { $sum: 1 } } }, { $project: { count: 1 } } ])
2026-07-31 15:54:46,511 [INFO   ] [inference] generate_nosql  latency_sec=5.2557  input_tokens=147  output_tokens=98
2026-07-31 15:54:46,511 [INFO   ]   >> INPUT  : Translate the SQL query into an equivalent MongoDB MQL query using the provided schema.

Schema:
country(Capital, Code, Code2, Continent, GNP, GNPOld, GovernmentForm, HeadOfState, IndepYear, LifeExpectancy, LocalName, Name, Population, Region, SurfaceArea, _id) | countrylanguage(CountryCode, IsOfficial, Language, Percentage, _id)

SQL:
SELECT COUNT(*) FROM country AS T1 JOIN countrylanguage AS T2 ON T1.Code = T2.CountryCode WHERE T1.Name = "Afghanistan" AND IsOfficial = "T"

MQL:

2026-07-31 15:54:46,512 [INFO   ]   >> OUTPUT : db.country.aggregate([ { $match: { Name: "Afghanistan" } }, { $lookup: { from: "countrylanguage", localField: "Code", foreignField: "CountryCode", as: "country_language" } }, { $unwind: "$country_language" }, { $group: { _id: null, count: { $sum: 1 } } }, { $project: { count: 1 } } ])
2026-07-31 15:54:51,371 [INFO   ] [inference] generate_nosql  latency_sec=4.855  input_tokens=148  output_tokens=106
2026-07-31 15:54:51,371 [INFO   ]   >> INPUT  : Translate the SQL query into an equivalent MongoDB MQL query using the provided schema.

Schema:
country(Capital, Code, Code2, Continent, GNP, GNPOld, GovernmentForm, HeadOfState, IndepYear, LifeExpectancy, LocalName, Name, Population, Region, SurfaceArea, _id) | countrylanguage(CountryCode, IsOfficial, Language, Percentage, _id)

SQL:
SELECT T1.Continent FROM country AS T1 JOIN countrylanguage AS T2 ON T1.Code = T2.CountryCode GROUP BY T1.Continent ORDER BY COUNT(*) DESC LIMIT 1

MQL:

2026-07-31 15:54:51,371 [INFO   ]   >> OUTPUT : db.country.aggregate([ { $lookup: { from: "countrylanguage", localField: "Code", foreignField: "CountryCode", as: "country_language" } }, { $unwind: "$country_language" }, { $group: { _id: "$Continent", count: { $sum: 1 } } }, { $sort: { count: -1 } }, { $limit: 1 }, { $project: { Continent: "$_id" } } ])
2026-07-31 15:54:57,144 [INFO   ] [inference] generate_nosql  latency_sec=5.7682  input_tokens=148  output_tokens=106
2026-07-31 15:54:57,144 [INFO   ]   >> INPUT  : Translate the SQL query into an equivalent MongoDB MQL query using the provided schema.

Schema:
country(Capital, Code, Code2, Continent, GNP, GNPOld, GovernmentForm, HeadOfState, IndepYear, LifeExpectancy, LocalName, Name, Population, Region, SurfaceArea, _id) | countrylanguage(CountryCode, IsOfficial, Language, Percentage, _id)

SQL:
SELECT T1.Continent FROM country AS T1 JOIN countrylanguage AS T2 ON T1.Code = T2.CountryCode GROUP BY T1.Continent ORDER BY COUNT(*) DESC LIMIT 1

MQL:

2026-07-31 15:54:57,144 [INFO   ]   >> OUTPUT : db.country.aggregate([ { $lookup: { from: "countrylanguage", localField: "Code", foreignField: "CountryCode", as: "country_language" } }, { $unwind: "$country_language" }, { $group: { _id: "$Continent", count: { $sum: 1 } } }, { $sort: { count: -1 } }, { $limit: 1 }, { $project: { Continent: "$_id" } } ])
2026-07-31 15:55:04,205 [INFO   ] [inference] generate_nosql  latency_sec=7.0521  input_tokens=185  output_tokens=150
2026-07-31 15:55:04,206 [INFO   ]   >> INPUT  : Translate the SQL query into an equivalent MongoDB MQL query using the provided schema.

Schema:
country(Capital, Code, Code2, Continent, GNP, GNPOld, GovernmentForm, HeadOfState, IndepYear, LifeExpectancy, LocalName, Name, Population, Region, SurfaceArea, _id) | countrylanguage(CountryCode, IsOfficial, Language, Percentage, _id)

SQL:
SELECT COUNT(*) FROM (SELECT T1.Name FROM country AS T1 JOIN countrylanguage AS T2 ON T1.Code = T2.CountryCode WHERE T2.Language = "English" INTERSECT SELECT T1.Name FROM country AS T1 JOIN countrylanguage AS T2 ON T1.Code = T2.CountryCode WHERE T2.Language = "Dutch")

MQL:

2026-07-31 15:55:04,206 [INFO   ]   >> OUTPUT : db.country.aggregate([ { $lookup: { from: "countrylanguage", localField: "Code", foreignField: "CountryCode", as: "country_language" } }, { $unwind: "$country_language" }, { $lookup: { from: "countrylanguage", localField: "country_language.CountryCode", foreignField: "CountryCode", as: "country_language_data" } }, { $unwind: "$country_language_data" }, { $match: { $or:[ { "country_language_data.Language": "English" }, { "country_language_data.Language": "Dutch" } ] } }, { $group: {
2026-07-31 15:55:12,088 [INFO   ] [inference] generate_nosql  latency_sec=7.8777  input_tokens=185  output_tokens=150
2026-07-31 15:55:12,088 [INFO   ]   >> INPUT  : Translate the SQL query into an equivalent MongoDB MQL query using the provided schema.

Schema:
country(Capital, Code, Code2, Continent, GNP, GNPOld, GovernmentForm, HeadOfState, IndepYear, LifeExpectancy, LocalName, Name, Population, Region, SurfaceArea, _id) | countrylanguage(CountryCode, IsOfficial, Language, Percentage, _id)

SQL:
SELECT COUNT(*) FROM (SELECT T1.Name FROM country AS T1 JOIN countrylanguage AS T2 ON T1.Code = T2.CountryCode WHERE T2.Language = "English" INTERSECT SELECT T1.Name FROM country AS T1 JOIN countrylanguage AS T2 ON T1.Code = T2.CountryCode WHERE T2.Language = "Dutch")

MQL:

2026-07-31 15:55:12,088 [INFO   ]   >> OUTPUT : db.country.aggregate([ { $lookup: { from: "countrylanguage", localField: "Code", foreignField: "CountryCode", as: "country_language" } }, { $unwind: "$country_language" }, { $lookup: { from: "countrylanguage", localField: "country_language.CountryCode", foreignField: "CountryCode", as: "country_language_data" } }, { $unwind: "$country_language_data" }, { $match: { $or:[ { "country_language_data.Language": "English" }, { "country_language_data.Language": "Dutch" } ] } }, { $group: {
2026-07-31 15:55:19,053 [INFO   ] [inference] generate_nosql  latency_sec=6.9608  input_tokens=178  output_tokens=150
2026-07-31 15:55:19,053 [INFO   ]   >> INPUT  : Translate the SQL query into an equivalent MongoDB MQL query using the provided schema.

Schema:
country(Capital, Code, Code2, Continent, GNP, GNPOld, GovernmentForm, HeadOfState, IndepYear, LifeExpectancy, LocalName, Name, Population, Region, SurfaceArea, _id) | countrylanguage(CountryCode, IsOfficial, Language, Percentage, _id)

SQL:
SELECT T1.Name FROM country AS T1 JOIN countrylanguage AS T2 ON T1.Code = T2.CountryCode WHERE T2.Language = "English" INTERSECT SELECT T1.Name FROM country AS T1 JOIN countrylanguage AS T2 ON T1.Code = T2.CountryCode WHERE T2.Language = "French"

MQL:

2026-07-31 15:55:19,053 [INFO   ]   >> OUTPUT : db.country.aggregate([ { $lookup: { from: "countrylanguage", localField: "Code", foreignField: "CountryCode", as: "country_language" } }, { $unwind: "$country_language" }, { $lookup: { from: "countrylanguage", localField: "country_language.CountryCode", foreignField: "CountryCode", as: "country_language_data" } }, { $unwind: "$country_language_data" }, { $match: { $or:[ { "country_language_data.Language": "English" }, { "country_language_data.Language": "French" } ] } }, { $group: {
2026-07-31 15:55:26,861 [INFO   ] [inference] generate_nosql  latency_sec=7.803  input_tokens=178  output_tokens=150
2026-07-31 15:55:26,861 [INFO   ]   >> INPUT  : Translate the SQL query into an equivalent MongoDB MQL query using the provided schema.

Schema:
country(Capital, Code, Code2, Continent, GNP, GNPOld, GovernmentForm, HeadOfState, IndepYear, LifeExpectancy, LocalName, Name, Population, Region, SurfaceArea, _id) | countrylanguage(CountryCode, IsOfficial, Language, Percentage, _id)

SQL:
SELECT T1.Name FROM country AS T1 JOIN countrylanguage AS T2 ON T1.Code = T2.CountryCode WHERE T2.Language = "English" INTERSECT SELECT T1.Name FROM country AS T1 JOIN countrylanguage AS T2 ON T1.Code = T2.CountryCode WHERE T2.Language = "French"

MQL:

2026-07-31 15:55:26,861 [INFO   ]   >> OUTPUT : db.country.aggregate([ { $lookup: { from: "countrylanguage", localField: "Code", foreignField: "CountryCode", as: "country_language" } }, { $unwind: "$country_language" }, { $lookup: { from: "countrylanguage", localField: "country_language.CountryCode", foreignField: "CountryCode", as: "country_language_data" } }, { $unwind: "$country_language_data" }, { $match: { $or:[ { "country_language_data.Language": "English" }, { "country_language_data.Language": "French" } ] } }, { $group: {
2026-07-31 15:55:33,725 [INFO   ] [inference] generate_nosql  latency_sec=6.8589  input_tokens=198  output_tokens=150
2026-07-31 15:55:33,725 [INFO   ]   >> INPUT  : Translate the SQL query into an equivalent MongoDB MQL query using the provided schema.

Schema:
country(Capital, Code, Code2, Continent, GNP, GNPOld, GovernmentForm, HeadOfState, IndepYear, LifeExpectancy, LocalName, Name, Population, Region, SurfaceArea, _id) | countrylanguage(CountryCode, IsOfficial, Language, Percentage, _id)

SQL:
SELECT T1.Name FROM country AS T1 JOIN countrylanguage AS T2 ON T1.Code = T2.CountryCode WHERE T2.Language = "English" AND T2.IsOfficial = "T" INTERSECT SELECT T1.Name FROM country AS T1 JOIN countrylanguage AS T2 ON T1.Code = T2.CountryCode WHERE T2.Language = "French" AND T2.IsOfficial = "T"

MQL:

2026-07-31 15:55:33,725 [INFO   ]   >> OUTPUT : db.country.aggregate([ { $lookup: { from: "countrylanguage", localField: "Code", foreignField: "CountryCode", as: "country_language" } }, { $unwind: "$country_language" }, { $lookup: { from: "countrylanguage", localField: "country_language.CountryCode", foreignField: "CountryCode", as: "country_language_info" } }, { $unwind: "$country_language_info" }, { $match: { $or:[ { "country_language_info.Language": "English" }, { "country_language_info.Language": "French" } ] } }, { $group: {
2026-07-31 15:55:39,168 [INFO   ] [inference] generate_nosql  latency_sec=5.4387  input_tokens=143  output_tokens=97
2026-07-31 15:55:39,168 [INFO   ]   >> INPUT  : Translate the SQL query into an equivalent MongoDB MQL query using the provided schema.

Schema:
country(Capital, Code, Code2, Continent, GNP, GNPOld, GovernmentForm, HeadOfState, IndepYear, LifeExpectancy, LocalName, Name, Population, Region, SurfaceArea, _id) | countrylanguage(CountryCode, IsOfficial, Language, Percentage, _id)

SQL:
SELECT COUNT( DISTINCT Continent) FROM country AS T1 JOIN countrylanguage AS T2 ON T1.Code = T2.CountryCode WHERE T2.Language = "Chinese"

MQL:

2026-07-31 15:55:39,168 [INFO   ]   >> OUTPUT : db.country.aggregate([ { $lookup: { from: "countrylanguage", localField: "Code", foreignField: "CountryCode", as: "country_language" } }, { $unwind: "$country_language" }, { $match: { "country_language.Language": "Chinese" } }, { $group: { _id: "$Continent" } }, { $count: "distinct_continent" } ])
2026-07-31 15:55:43,700 [INFO   ] [inference] generate_nosql  latency_sec=4.5262  input_tokens=143  output_tokens=97
2026-07-31 15:55:43,700 [INFO   ]   >> INPUT  : Translate the SQL query into an equivalent MongoDB MQL query using the provided schema.

Schema:
country(Capital, Code, Code2, Continent, GNP, GNPOld, GovernmentForm, HeadOfState, IndepYear, LifeExpectancy, LocalName, Name, Population, Region, SurfaceArea, _id) | countrylanguage(CountryCode, IsOfficial, Language, Percentage, _id)

SQL:
SELECT COUNT( DISTINCT Continent) FROM country AS T1 JOIN countrylanguage AS T2 ON T1.Code = T2.CountryCode WHERE T2.Language = "Chinese"

MQL:

2026-07-31 15:55:43,700 [INFO   ]   >> OUTPUT : db.country.aggregate([ { $lookup: { from: "countrylanguage", localField: "Code", foreignField: "CountryCode", as: "country_language" } }, { $unwind: "$country_language" }, { $match: { "country_language.Language": "Chinese" } }, { $group: { _id: "$Continent" } }, { $count: "distinct_continent" } ])
2026-07-31 15:55:49,368 [INFO   ] [inference] generate_nosql  latency_sec=5.6631  input_tokens=151  output_tokens=105
2026-07-31 15:55:49,368 [INFO   ]   >> INPUT  : Translate the SQL query into an equivalent MongoDB MQL query using the provided schema.

Schema:
country(Capital, Code, Code2, Continent, GNP, GNPOld, GovernmentForm, HeadOfState, IndepYear, LifeExpectancy, LocalName, Name, Population, Region, SurfaceArea, _id) | countrylanguage(CountryCode, IsOfficial, Language, Percentage, _id)

SQL:
SELECT DISTINCT T1.Region FROM country AS T1 JOIN countrylanguage AS T2 ON T1.Code = T2.CountryCode WHERE T2.Language = "English" OR T2.Language = "Dutch"

MQL:

2026-07-31 15:55:49,368 [INFO   ]   >> OUTPUT : db.country.aggregate([ { $lookup: { from: "countrylanguage", localField: "Code", foreignField: "CountryCode", as: "country_language" } }, { $unwind: "$country_language" }, { $match: { "country_language.Language": { $in: ["English", "Dutch"] } } }, { $group: { _id: "$Region" } }, { $project: { Region: "$_id" } } ])
2026-07-31 15:55:55,302 [INFO   ] [inference] generate_nosql  latency_sec=5.9263  input_tokens=151  output_tokens=105
2026-07-31 15:55:55,303 [INFO   ]   >> INPUT  : Translate the SQL query into an equivalent MongoDB MQL query using the provided schema.

Schema:
country(Capital, Code, Code2, Continent, GNP, GNPOld, GovernmentForm, HeadOfState, IndepYear, LifeExpectancy, LocalName, Name, Population, Region, SurfaceArea, _id) | countrylanguage(CountryCode, IsOfficial, Language, Percentage, _id)

SQL:
SELECT DISTINCT T1.Region FROM country AS T1 JOIN countrylanguage AS T2 ON T1.Code = T2.CountryCode WHERE T2.Language = "English" OR T2.Language = "Dutch"

MQL:

2026-07-31 15:55:55,303 [INFO   ]   >> OUTPUT : db.country.aggregate([ { $lookup: { from: "countrylanguage", localField: "Code", foreignField: "CountryCode", as: "country_language" } }, { $unwind: "$country_language" }, { $match: { "country_language.Language": { $in: ["English", "Dutch"] } } }, { $group: { _id: "$Region" } }, { $project: { Region: "$_id" } } ])
2026-07-31 15:56:01,089 [INFO   ] [inference] generate_nosql  latency_sec=5.782  input_tokens=156  output_tokens=121
2026-07-31 15:56:01,089 [INFO   ]   >> INPUT  : Translate the SQL query into an equivalent MongoDB MQL query using the provided schema.

Schema:
country(Capital, Code, Code2, Continent, GNP, GNPOld, GovernmentForm, HeadOfState, IndepYear, LifeExpectancy, LocalName, Name, Population, Region, SurfaceArea, _id) | countrylanguage(CountryCode, IsOfficial, Language, Percentage, _id)

SQL:
SELECT T2.Language FROM country AS T1 JOIN countrylanguage AS T2 ON T1.Code = T2.CountryCode WHERE T1.Continent = "Asia" GROUP BY T2.Language ORDER BY COUNT (*) DESC LIMIT 1

MQL:

2026-07-31 15:56:01,089 [INFO   ]   >> OUTPUT : db.country.aggregate([ { $match: { Continent: "Asia" } }, { $lookup: { from: "countrylanguage", localField: "Code", foreignField: "CountryCode", as: "country_language" } }, { $unwind: "$country_language" }, { $group: { _id: "$country_language.Language", count: { $sum: 1 } } }, { $sort: { count: -1 } }, { $limit: 1 }, { $project: { Language: "$_id" } } ])
2026-07-31 15:56:07,817 [INFO   ] [inference] generate_nosql  latency_sec=6.7223  input_tokens=156  output_tokens=121
2026-07-31 15:56:07,817 [INFO   ]   >> INPUT  : Translate the SQL query into an equivalent MongoDB MQL query using the provided schema.

Schema:
country(Capital, Code, Code2, Continent, GNP, GNPOld, GovernmentForm, HeadOfState, IndepYear, LifeExpectancy, LocalName, Name, Population, Region, SurfaceArea, _id) | countrylanguage(CountryCode, IsOfficial, Language, Percentage, _id)

SQL:
SELECT T2.Language FROM country AS T1 JOIN countrylanguage AS T2 ON T1.Code = T2.CountryCode WHERE T1.Continent = "Asia" GROUP BY T2.Language ORDER BY COUNT (*) DESC LIMIT 1

MQL:

2026-07-31 15:56:07,817 [INFO   ]   >> OUTPUT : db.country.aggregate([ { $match: { Continent: "Asia" } }, { $lookup: { from: "countrylanguage", localField: "Code", foreignField: "CountryCode", as: "country_language" } }, { $unwind: "$country_language" }, { $group: { _id: "$country_language.Language", count: { $sum: 1 } } }, { $sort: { count: -1 } }, { $limit: 1 }, { $project: { Language: "$_id" } } ])
2026-07-31 15:56:12,767 [INFO   ] [inference] generate_nosql  latency_sec=4.9444  input_tokens=122  output_tokens=107
2026-07-31 15:56:12,767 [INFO   ]   >> INPUT  : Translate the SQL query into an equivalent MongoDB MQL query using the provided schema.

Schema:
countrylanguage(CountryCode, IsOfficial, Language, Percentage, _id) | city(CountryCode, District, ID, Name, Population, _id)

SQL:
SELECT T1.Name , T1.Population FROM city AS T1 JOIN countrylanguage AS T2 ON T1.CountryCode = T2.CountryCode WHERE T2.Language = "English" ORDER BY T1.Population DESC LIMIT 1

MQL:

2026-07-31 15:56:12,767 [INFO   ]   >> OUTPUT : db.city.aggregate([ { $lookup: { from: "countrylanguage", localField: "CountryCode", foreignField: "CountryCode", as: "country_languages" } }, { $unwind: "$country_languages" }, { $match: { "country_languages.Language": "English" } }, { $sort: { "Population": -1 } }, { $limit: 1 }, { $project: { Name: 1, Population: 1 } } ])
2026-07-31 15:56:18,527 [INFO   ] [inference] generate_nosql  latency_sec=5.7551  input_tokens=122  output_tokens=107
2026-07-31 15:56:18,527 [INFO   ]   >> INPUT  : Translate the SQL query into an equivalent MongoDB MQL query using the provided schema.

Schema:
countrylanguage(CountryCode, IsOfficial, Language, Percentage, _id) | city(CountryCode, District, ID, Name, Population, _id)

SQL:
SELECT T1.Name , T1.Population FROM city AS T1 JOIN countrylanguage AS T2 ON T1.CountryCode = T2.CountryCode WHERE T2.Language = "English" ORDER BY T1.Population DESC LIMIT 1

MQL:

2026-07-31 15:56:18,527 [INFO   ]   >> OUTPUT : db.city.aggregate([ { $lookup: { from: "countrylanguage", localField: "CountryCode", foreignField: "CountryCode", as: "country_languages" } }, { $unwind: "$country_languages" }, { $match: { "country_languages.Language": "English" } }, { $sort: { "Population": -1 } }, { $limit: 1 }, { $project: { Name: 1, Population: 1 } } ])
2026-07-31 15:56:20,806 [INFO   ] [inference] generate_nosql  latency_sec=2.2714  input_tokens=110  output_tokens=43
2026-07-31 15:56:20,806 [INFO   ]   >> INPUT  : Translate the SQL query into an equivalent MongoDB MQL query using the provided schema.

Schema:
country(Capital, Code, Code2, Continent, GNP, GNPOld, GovernmentForm, HeadOfState, IndepYear, LifeExpectancy, LocalName, Name, Population, Region, SurfaceArea, _id)

SQL:
SELECT Name , Population , LifeExpectancy FROM country WHERE Continent = "Asia" ORDER BY SurfaceArea DESC LIMIT 1

MQL:

2026-07-31 15:56:20,806 [INFO   ]   >> OUTPUT : db.country.find({ Continent: "Asia" }, { Name: 1, Population: 1, LifeExpectancy: 1 }).sort({ SurfaceArea: -1 }).limit(1)
2026-07-31 15:56:22,780 [INFO   ] [inference] generate_nosql  latency_sec=1.9689  input_tokens=110  output_tokens=43
2026-07-31 15:56:22,780 [INFO   ]   >> INPUT  : Translate the SQL query into an equivalent MongoDB MQL query using the provided schema.

Schema:
country(Capital, Code, Code2, Continent, GNP, GNPOld, GovernmentForm, HeadOfState, IndepYear, LifeExpectancy, LocalName, Name, Population, Region, SurfaceArea, _id)

SQL:
SELECT Name , Population , LifeExpectancy FROM country WHERE Continent = "Asia" ORDER BY SurfaceArea DESC LIMIT 1

MQL:

2026-07-31 15:56:22,780 [INFO   ]   >> OUTPUT : db.country.find({ Continent: "Asia" }, { Name: 1, Population: 1, LifeExpectancy: 1 }).sort({ SurfaceArea: -1 }).limit(1)
2026-07-31 15:56:27,342 [INFO   ] [inference] generate_nosql  latency_sec=4.557  input_tokens=150  output_tokens=100
2026-07-31 15:56:27,342 [INFO   ]   >> INPUT  : Translate the SQL query into an equivalent MongoDB MQL query using the provided schema.

Schema:
country(Capital, Code, Code2, Continent, GNP, GNPOld, GovernmentForm, HeadOfState, IndepYear, LifeExpectancy, LocalName, Name, Population, Region, SurfaceArea, _id) | countrylanguage(CountryCode, IsOfficial, Language, Percentage, _id)

SQL:
SELECT sum(Population) FROM country WHERE Name NOT IN (SELECT T1.Name FROM country AS T1 JOIN countrylanguage AS T2 ON T1.Code = T2.CountryCode WHERE T2.Language = "English")

MQL:

2026-07-31 15:56:27,342 [INFO   ]   >> OUTPUT : db.country.aggregate([ { $lookup: { from: "countrylanguage", localField: "Code", foreignField: "CountryCode", as: "country_language" } }, { $match: { "country_language.Language": { $ne: "English" } } }, { $group: { _id: null, totalPopulation: { $sum: "$Population" } } } , { $project: { totalPopulation: 1 } }])
2026-07-31 15:56:33,031 [INFO   ] [inference] generate_nosql  latency_sec=5.6836  input_tokens=150  output_tokens=100
2026-07-31 15:56:33,031 [INFO   ]   >> INPUT  : Translate the SQL query into an equivalent MongoDB MQL query using the provided schema.

Schema:
country(Capital, Code, Code2, Continent, GNP, GNPOld, GovernmentForm, HeadOfState, IndepYear, LifeExpectancy, LocalName, Name, Population, Region, SurfaceArea, _id) | countrylanguage(CountryCode, IsOfficial, Language, Percentage, _id)

SQL:
SELECT sum(Population) FROM country WHERE Name NOT IN (SELECT T1.Name FROM country AS T1 JOIN countrylanguage AS T2 ON T1.Code = T2.CountryCode WHERE T2.Language = "English")

MQL:

2026-07-31 15:56:33,031 [INFO   ]   >> OUTPUT : db.country.aggregate([ { $lookup: { from: "countrylanguage", localField: "Code", foreignField: "CountryCode", as: "country_language" } }, { $match: { "country_language.Language": { $ne: "English" } } }, { $group: { _id: null, totalPopulation: { $sum: "$Population" } } } , { $project: { totalPopulation: 1 } }])
2026-07-31 15:56:37,461 [INFO   ] [inference] generate_nosql  latency_sec=4.4252  input_tokens=151  output_tokens=91
2026-07-31 15:56:37,462 [INFO   ]   >> INPUT  : Translate the SQL query into an equivalent MongoDB MQL query using the provided schema.

Schema:
country(Capital, Code, Code2, Continent, GNP, GNPOld, GovernmentForm, HeadOfState, IndepYear, LifeExpectancy, LocalName, Name, Population, Region, SurfaceArea, _id) | countrylanguage(CountryCode, IsOfficial, Language, Percentage, _id)

SQL:
SELECT T2.Language FROM country AS T1 JOIN countrylanguage AS T2 ON T1.Code = T2.CountryCode WHERE T1.HeadOfState = "Beatrix" AND T2.IsOfficial = "T"

MQL:

2026-07-31 15:56:37,462 [INFO   ]   >> OUTPUT : db.country.aggregate([ { $match: { HeadOfState: "Beatrix", IsOfficial: "T" } }, { $lookup: { from: "countrylanguage", localField: "Code", foreignField: "CountryCode", as: "country_language" } }, { $unwind: "$country_language" }, { $project: { Language: "$country_language.Language" } } ])
2026-07-31 15:56:41,945 [INFO   ] [inference] generate_nosql  latency_sec=4.4782  input_tokens=151  output_tokens=91
2026-07-31 15:56:41,945 [INFO   ]   >> INPUT  : Translate the SQL query into an equivalent MongoDB MQL query using the provided schema.

Schema:
country(Capital, Code, Code2, Continent, GNP, GNPOld, GovernmentForm, HeadOfState, IndepYear, LifeExpectancy, LocalName, Name, Population, Region, SurfaceArea, _id) | countrylanguage(CountryCode, IsOfficial, Language, Percentage, _id)

SQL:
SELECT T2.Language FROM country AS T1 JOIN countrylanguage AS T2 ON T1.Code = T2.CountryCode WHERE T1.HeadOfState = "Beatrix" AND T2.IsOfficial = "T"

MQL:

2026-07-31 15:56:41,945 [INFO   ]   >> OUTPUT : db.country.aggregate([ { $match: { HeadOfState: "Beatrix", IsOfficial: "T" } }, { $lookup: { from: "countrylanguage", localField: "Code", foreignField: "CountryCode", as: "country_language" } }, { $unwind: "$country_language" }, { $project: { Language: "$country_language.Language" } } ])
2026-07-31 15:56:47,641 [INFO   ] [inference] generate_nosql  latency_sec=5.6914  input_tokens=152  output_tokens=97
2026-07-31 15:56:47,641 [INFO   ]   >> INPUT  : Translate the SQL query into an equivalent MongoDB MQL query using the provided schema.

Schema:
country(Capital, Code, Code2, Continent, GNP, GNPOld, GovernmentForm, HeadOfState, IndepYear, LifeExpectancy, LocalName, Name, Population, Region, SurfaceArea, _id) | countrylanguage(CountryCode, IsOfficial, Language, Percentage, _id)

SQL:
SELECT count(DISTINCT T2.Language) FROM country AS T1 JOIN countrylanguage AS T2 ON T1.Code = T2.CountryCode WHERE IndepYear < 1930 AND T2.IsOfficial = "T"

MQL:

2026-07-31 15:56:47,641 [INFO   ]   >> OUTPUT : db.country.aggregate([ { $lookup: { from: "countrylanguage", localField: "Code", foreignField: "CountryCode", as: "country_language" } }, { $unwind: "$country_language" }, { $match: { "country_language.IsOfficial": "T" } }, { $group: { _id: "$Name" } }, { $count: "distinct_languages" } ])
2026-07-31 15:56:54,562 [INFO   ] [inference] generate_nosql  latency_sec=6.9155  input_tokens=112  output_tokens=150
2026-07-31 15:56:54,562 [INFO   ]   >> INPUT  : Translate the SQL query into an equivalent MongoDB MQL query using the provided schema.

Schema:
country(Capital, Code, Code2, Continent, GNP, GNPOld, GovernmentForm, HeadOfState, IndepYear, LifeExpectancy, LocalName, Name, Population, Region, SurfaceArea, _id)

SQL:
SELECT Name FROM country WHERE Continent = "Africa" AND population < (SELECT min(population) FROM country WHERE Continent = "Asia")

MQL:

2026-07-31 15:56:54,562 [INFO   ]   >> OUTPUT : db.country.aggregate([ { $match: { Continent: "Africa" } }, { $group: { _id: null, minPopulation: { $min: "$Population" } } }, { $lookup: { from: "country", let: { minPopulation: "$minPopulation" }, pipeline: [ { $match: { $expr: { $and: [ { $eq: ["$Population", "$$minPopulation"] }, { $eq: ["$Continent", "Asia"] } ] } } }, { $project: { Name: 1 } } ], as: "asia_countries" } }, { $unwind: "$asia_countries" }, { $replaceRoot:
2026-07-31 15:56:56,314 [INFO   ] [inference] generate_nosql  latency_sec=1.7477  input_tokens=103  output_tokens=37
2026-07-31 15:56:56,315 [INFO   ]   >> INPUT  : Translate the SQL query into an equivalent MongoDB MQL query using the provided schema.

Schema:
country(Capital, Code, Code2, Continent, GNP, GNPOld, GovernmentForm, HeadOfState, IndepYear, LifeExpectancy, LocalName, Name, Population, Region, SurfaceArea, _id)

SQL:
SELECT Name , population , HeadOfState FROM country ORDER BY SurfaceArea DESC LIMIT 1

MQL:

2026-07-31 15:56:56,315 [INFO   ]   >> OUTPUT : db.country.find({}, { Name: 1, Population: 1, HeadOfState: 1 }).sort({ SurfaceArea: -1 }).limit(1)
2026-07-31 15:56:58,638 [INFO   ] [inference] generate_nosql  latency_sec=2.319  input_tokens=103  output_tokens=37
2026-07-31 15:56:58,639 [INFO   ]   >> INPUT  : Translate the SQL query into an equivalent MongoDB MQL query using the provided schema.

Schema:
country(Capital, Code, Code2, Continent, GNP, GNPOld, GovernmentForm, HeadOfState, IndepYear, LifeExpectancy, LocalName, Name, Population, Region, SurfaceArea, _id)

SQL:
SELECT Name , population , HeadOfState FROM country ORDER BY SurfaceArea DESC LIMIT 1

MQL:

2026-07-31 15:56:58,639 [INFO   ]   >> OUTPUT : db.country.find({}, { Name: 1, Population: 1, HeadOfState: 1 }).sort({ SurfaceArea: -1 }).limit(1)
2026-07-31 15:57:02,692 [INFO   ] [inference] generate_nosql  latency_sec=4.0447  input_tokens=110  output_tokens=79
2026-07-31 15:57:02,692 [INFO   ]   >> INPUT  : Translate the SQL query into an equivalent MongoDB MQL query using the provided schema.

Schema:
country(Capital, Code, Code2, Continent, GNP, GNPOld, GovernmentForm, HeadOfState, IndepYear, LifeExpectancy, LocalName, Name, Population, Region, SurfaceArea, _id)

SQL:
SELECT sum(Population) , GovernmentForm FROM country GROUP BY GovernmentForm HAVING avg(LifeExpectancy) > 72

MQL:

2026-07-31 15:57:02,692 [INFO   ]   >> OUTPUT : db.country.aggregate([ { $group: { _id: "$GovernmentForm", avgLifeExpectancy: { $avg: "$LifeExpectancy" } } }, { $match: { avgLifeExpectancy: { $gt: 72 } } }, { $project: { _id: 1, avgLifeExpectancy: 1 } } ])
2026-07-31 15:57:04,192 [INFO   ] [inference] generate_nosql  latency_sec=1.4913  input_tokens=100  output_tokens=32
2026-07-31 15:57:04,193 [INFO   ]   >> INPUT  : Translate the SQL query into an equivalent MongoDB MQL query using the provided schema.

Schema:
country(Capital, Code, Code2, Continent, GNP, GNPOld, GovernmentForm, HeadOfState, IndepYear, LifeExpectancy, LocalName, Name, Population, Region, SurfaceArea, _id)

SQL:
SELECT Name , SurfaceArea FROM country ORDER BY SurfaceArea DESC LIMIT 5

MQL:

2026-07-31 15:57:04,193 [INFO   ]   >> OUTPUT : db.country.find({}, { Name: 1, SurfaceArea: 1 }).sort({ SurfaceArea: -1 }).limit(5)
2026-07-31 15:57:05,678 [INFO   ] [inference] generate_nosql  latency_sec=1.4803  input_tokens=100  output_tokens=32
2026-07-31 15:57:05,679 [INFO   ]   >> INPUT  : Translate the SQL query into an equivalent MongoDB MQL query using the provided schema.

Schema:
country(Capital, Code, Code2, Continent, GNP, GNPOld, GovernmentForm, HeadOfState, IndepYear, LifeExpectancy, LocalName, Name, Population, Region, SurfaceArea, _id)

SQL:
SELECT Name , SurfaceArea FROM country ORDER BY SurfaceArea DESC LIMIT 5

MQL:

2026-07-31 15:57:05,679 [INFO   ]   >> OUTPUT : db.country.find({}, { Name: 1, SurfaceArea: 1 }).sort({ SurfaceArea: -1 }).limit(5)
2026-07-31 15:57:06,910 [INFO   ] [inference] generate_nosql  latency_sec=1.2264  input_tokens=96  output_tokens=26
2026-07-31 15:57:06,911 [INFO   ]   >> INPUT  : Translate the SQL query into an equivalent MongoDB MQL query using the provided schema.

Schema:
country(Capital, Code, Code2, Continent, GNP, GNPOld, GovernmentForm, HeadOfState, IndepYear, LifeExpectancy, LocalName, Name, Population, Region, SurfaceArea, _id)

SQL:
SELECT Name FROM country ORDER BY Population DESC LIMIT 3

MQL:

2026-07-31 15:57:06,911 [INFO   ]   >> OUTPUT : db.country.find({}, {Name: 1}).sort({Population: -1}).limit(3)
2026-07-31 15:57:08,129 [INFO   ] [inference] generate_nosql  latency_sec=1.213  input_tokens=96  output_tokens=26
2026-07-31 15:57:08,130 [INFO   ]   >> INPUT  : Translate the SQL query into an equivalent MongoDB MQL query using the provided schema.

Schema:
country(Capital, Code, Code2, Continent, GNP, GNPOld, GovernmentForm, HeadOfState, IndepYear, LifeExpectancy, LocalName, Name, Population, Region, SurfaceArea, _id)

SQL:
SELECT Name FROM country ORDER BY Population DESC LIMIT 3

MQL:

2026-07-31 15:57:08,130 [INFO   ]   >> OUTPUT : db.country.find({}, {Name: 1}).sort({Population: -1}).limit(3)
2026-07-31 15:57:09,281 [INFO   ] [inference] generate_nosql  latency_sec=1.1458  input_tokens=95  output_tokens=25
2026-07-31 15:57:09,282 [INFO   ]   >> INPUT  : Translate the SQL query into an equivalent MongoDB MQL query using the provided schema.

Schema:
country(Capital, Code, Code2, Continent, GNP, GNPOld, GovernmentForm, HeadOfState, IndepYear, LifeExpectancy, LocalName, Name, Population, Region, SurfaceArea, _id)

SQL:
SELECT Name FROM country ORDER BY Population ASC LIMIT 3

MQL:

2026-07-31 15:57:09,282 [INFO   ]   >> OUTPUT : db.country.find({}, {Name: 1}).sort({Population: 1}).limit(3)
2026-07-31 15:57:10,619 [INFO   ] [inference] generate_nosql  latency_sec=1.3323  input_tokens=95  output_tokens=25
2026-07-31 15:57:10,620 [INFO   ]   >> INPUT  : Translate the SQL query into an equivalent MongoDB MQL query using the provided schema.

Schema:
country(Capital, Code, Code2, Continent, GNP, GNPOld, GovernmentForm, HeadOfState, IndepYear, LifeExpectancy, LocalName, Name, Population, Region, SurfaceArea, _id)

SQL:
SELECT Name FROM country ORDER BY Population ASC LIMIT 3

MQL:

2026-07-31 15:57:10,620 [INFO   ]   >> OUTPUT : db.country.find({}, {Name: 1}).sort({Population: 1}).limit(3)
2026-07-31 15:57:14,106 [INFO   ] [inference] generate_nosql  latency_sec=3.4769  input_tokens=75  output_tokens=61
2026-07-31 15:57:14,106 [INFO   ]   >> INPUT  : Translate the SQL query into an equivalent MongoDB MQL query using the provided schema.

Schema:
countrylanguage(CountryCode, IsOfficial, Language, Percentage, _id)

SQL:
SELECT LANGUAGE FROM countrylanguage GROUP BY LANGUAGE ORDER BY count(*) DESC LIMIT 1

MQL:

2026-07-31 15:57:14,106 [INFO   ]   >> OUTPUT : db.countrylanguage.aggregate([ { $group: { _id: "$Language", count: { $sum: 1 } } }, { $sort: { count: -1 } }, { $limit: 1 }, { $project: { Language: "$_id" } } ])
2026-07-31 15:57:16,871 [INFO   ] [inference] generate_nosql  latency_sec=2.7597  input_tokens=75  output_tokens=61
2026-07-31 15:57:16,871 [INFO   ]   >> INPUT  : Translate the SQL query into an equivalent MongoDB MQL query using the provided schema.

Schema:
countrylanguage(CountryCode, IsOfficial, Language, Percentage, _id)

SQL:
SELECT LANGUAGE FROM countrylanguage GROUP BY LANGUAGE ORDER BY count(*) DESC LIMIT 1

MQL:

2026-07-31 15:57:16,871 [INFO   ]   >> OUTPUT : db.countrylanguage.aggregate([ { $group: { _id: "$Language", count: { $sum: 1 } } }, { $sort: { count: -1 } }, { $limit: 1 }, { $project: { Language: "$_id" } } ])
2026-07-31 15:57:17,831 [INFO   ] [inference] generate_nosql  latency_sec=0.955  input_tokens=67  output_tokens=21
2026-07-31 15:57:17,831 [INFO   ]   >> INPUT  : Translate the SQL query into an equivalent MongoDB MQL query using the provided schema.

Schema:
conductor(Age, Conductor_ID, Name, Nationality, Year_of_Work, _id)

SQL:
SELECT Name FROM conductor ORDER BY Age ASC

MQL:

2026-07-31 15:57:17,832 [INFO   ]   >> OUTPUT : db.conductor.find({}, {Name: 1}).sort({Age: 1})
2026-07-31 15:57:18,787 [INFO   ] [inference] generate_nosql  latency_sec=0.9505  input_tokens=67  output_tokens=21
2026-07-31 15:57:18,788 [INFO   ]   >> INPUT  : Translate the SQL query into an equivalent MongoDB MQL query using the provided schema.

Schema:
conductor(Age, Conductor_ID, Name, Nationality, Year_of_Work, _id)

SQL:
SELECT Name FROM conductor ORDER BY Age ASC

MQL:

2026-07-31 15:57:18,788 [INFO   ]   >> OUTPUT : db.conductor.find({}, {Name: 1}).sort({Age: 1})
2026-07-31 15:57:19,994 [INFO   ] [inference] generate_nosql  latency_sec=1.2011  input_tokens=70  output_tokens=25
2026-07-31 15:57:19,995 [INFO   ]   >> INPUT  : Translate the SQL query into an equivalent MongoDB MQL query using the provided schema.

Schema:
conductor(Age, Conductor_ID, Name, Nationality, Year_of_Work, _id)

SQL:
SELECT Name FROM conductor WHERE Nationality != 'USA'

MQL:

2026-07-31 15:57:19,995 [INFO   ]   >> OUTPUT : db.conductor.find({ Nationality: { $ne: 'USA' } }, { Name: 1 })
2026-07-31 15:57:21,197 [INFO   ] [inference] generate_nosql  latency_sec=1.1971  input_tokens=70  output_tokens=25
2026-07-31 15:57:21,198 [INFO   ]   >> INPUT  : Translate the SQL query into an equivalent MongoDB MQL query using the provided schema.

Schema:
conductor(Age, Conductor_ID, Name, Nationality, Year_of_Work, _id)

SQL:
SELECT Name FROM conductor WHERE Nationality != 'USA'

MQL:

2026-07-31 15:57:21,198 [INFO   ]   >> OUTPUT : db.conductor.find({ Nationality: { $ne: 'USA' } }, { Name: 1 })
2026-07-31 15:57:22,906 [INFO   ] [inference] generate_nosql  latency_sec=1.7029  input_tokens=86  output_tokens=30
2026-07-31 15:57:22,906 [INFO   ]   >> INPUT  : Translate the SQL query into an equivalent MongoDB MQL query using the provided schema.

Schema:
orchestra(Conductor_ID, Major_Record_Format, Orchestra, Orchestra_ID, Record_Company, Year_of_Founded, _id)

SQL:
SELECT Record_Company FROM orchestra ORDER BY Year_of_Founded DESC

MQL:

2026-07-31 15:57:22,906 [INFO   ]   >> OUTPUT : db.orchestra.find({}, { Record_Company: 1 }).sort({ Year_of_Founded: -1 })
2026-07-31 15:57:24,964 [INFO   ] [inference] generate_nosql  latency_sec=2.053  input_tokens=86  output_tokens=30
2026-07-31 15:57:24,964 [INFO   ]   >> INPUT  : Translate the SQL query into an equivalent MongoDB MQL query using the provided schema.

Schema:
orchestra(Conductor_ID, Major_Record_Format, Orchestra, Orchestra_ID, Record_Company, Year_of_Founded, _id)

SQL:
SELECT Record_Company FROM orchestra ORDER BY Year_of_Founded DESC

MQL:

2026-07-31 15:57:24,964 [INFO   ]   >> OUTPUT : db.orchestra.find({}, { Record_Company: 1 }).sort({ Year_of_Founded: -1 })
2026-07-31 15:57:27,921 [INFO   ] [inference] generate_nosql  latency_sec=2.9478  input_tokens=69  output_tokens=51
2026-07-31 15:57:27,921 [INFO   ]   >> INPUT  : Translate the SQL query into an equivalent MongoDB MQL query using the provided schema.

Schema:
show(Attendance, If_first_show, Performance_ID, Result, Show_ID, _id)

SQL:
SELECT avg(Attendance) FROM SHOW

MQL:

2026-07-31 15:57:27,921 [INFO   ]   >> OUTPUT : db.show.aggregate([ { $group: { _id: null, averageAttendance: { $avg: "$Attendance" } } } , { $project: { averageAttendance: 1 } }])
2026-07-31 15:57:30,296 [INFO   ] [inference] generate_nosql  latency_sec=2.3701  input_tokens=69  output_tokens=51
2026-07-31 15:57:30,296 [INFO   ]   >> INPUT  : Translate the SQL query into an equivalent MongoDB MQL query using the provided schema.

Schema:
show(Attendance, If_first_show, Performance_ID, Result, Show_ID, _id)

SQL:
SELECT avg(Attendance) FROM SHOW

MQL:

2026-07-31 15:57:30,296 [INFO   ]   >> OUTPUT : db.show.aggregate([ { $group: { _id: null, averageAttendance: { $avg: "$Attendance" } } } , { $project: { averageAttendance: 1 } }])
2026-07-31 15:57:33,783 [INFO   ] [inference] generate_nosql  latency_sec=3.4819  input_tokens=85  output_tokens=77
2026-07-31 15:57:33,783 [INFO   ]   >> INPUT  : Translate the SQL query into an equivalent MongoDB MQL query using the provided schema.

Schema:
performance(Date, Official_ratings_(millions), Orchestra_ID, Performance_ID, Share, Type, Weekly_rank, _id)

SQL:
SELECT max(SHARE) , min(SHARE) FROM performance WHERE TYPE != "Live final"

MQL:

2026-07-31 15:57:33,783 [INFO   ]   >> OUTPUT : db.performance.aggregate([ { $match: { Type: { $ne: "Live final" } } }, { $group: { _id: null, maxShare: { $max: "$Share" }, minShare: { $min: "$Share" } } }, { $project: { maxShare: 1, minShare: 1 } } ])
2026-07-31 15:57:37,404 [INFO   ] [inference] generate_nosql  latency_sec=3.6152  input_tokens=85  output_tokens=77
2026-07-31 15:57:37,405 [INFO   ]   >> INPUT  : Translate the SQL query into an equivalent MongoDB MQL query using the provided schema.

Schema:
performance(Date, Official_ratings_(millions), Orchestra_ID, Performance_ID, Share, Type, Weekly_rank, _id)

SQL:
SELECT max(SHARE) , min(SHARE) FROM performance WHERE TYPE != "Live final"

MQL:

2026-07-31 15:57:37,405 [INFO   ]   >> OUTPUT : db.performance.aggregate([ { $match: { Type: { $ne: "Live final" } } }, { $group: { _id: null, maxShare: { $max: "$Share" }, minShare: { $min: "$Share" } } }, { $project: { maxShare: 1, minShare: 1 } } ])
2026-07-31 15:57:38,957 [INFO   ] [inference] generate_nosql  latency_sec=1.544  input_tokens=72  output_tokens=26
2026-07-31 15:57:38,958 [INFO   ]   >> INPUT  : Translate the SQL query into an equivalent MongoDB MQL query using the provided schema.

Schema:
conductor(Age, Conductor_ID, Name, Nationality, Year_of_Work, _id)

SQL:
SELECT Name FROM conductor ORDER BY Year_of_Work DESC

MQL:

2026-07-31 15:57:38,958 [INFO   ]   >> OUTPUT : db.conductor.find({}, {Name: 1}).sort({Year_of_Work: -1})
2026-07-31 15:57:40,568 [INFO   ] [inference] generate_nosql  latency_sec=1.6007  input_tokens=72  output_tokens=26
2026-07-31 15:57:40,569 [INFO   ]   >> INPUT  : Translate the SQL query into an equivalent MongoDB MQL query using the provided schema.

Schema:
conductor(Age, Conductor_ID, Name, Nationality, Year_of_Work, _id)

SQL:
SELECT Name FROM conductor ORDER BY Year_of_Work DESC

MQL:

2026-07-31 15:57:40,569 [INFO   ]   >> OUTPUT : db.conductor.find({}, {Name: 1}).sort({Year_of_Work: -1})
2026-07-31 15:57:41,988 [INFO   ] [inference] generate_nosql  latency_sec=1.4135  input_tokens=75  output_tokens=31
2026-07-31 15:57:41,989 [INFO   ]   >> INPUT  : Translate the SQL query into an equivalent MongoDB MQL query using the provided schema.

Schema:
conductor(Age, Conductor_ID, Name, Nationality, Year_of_Work, _id)

SQL:
SELECT Name FROM conductor ORDER BY Year_of_Work DESC LIMIT 1

MQL:

2026-07-31 15:57:41,989 [INFO   ]   >> OUTPUT : db.conductor.find({}, {Name: 1}).sort({Year_of_Work: -1}).limit(1)
2026-07-31 15:57:43,399 [INFO   ] [inference] generate_nosql  latency_sec=1.4016  input_tokens=75  output_tokens=31
2026-07-31 15:57:43,400 [INFO   ]   >> INPUT  : Translate the SQL query into an equivalent MongoDB MQL query using the provided schema.

Schema:
conductor(Age, Conductor_ID, Name, Nationality, Year_of_Work, _id)

SQL:
SELECT Name FROM conductor ORDER BY Year_of_Work DESC LIMIT 1

MQL:

2026-07-31 15:57:43,400 [INFO   ]   >> OUTPUT : db.conductor.find({}, {Name: 1}).sort({Year_of_Work: -1}).limit(1)
2026-07-31 15:57:47,777 [INFO   ] [inference] generate_nosql  latency_sec=4.3722  input_tokens=132  output_tokens=96
2026-07-31 15:57:47,777 [INFO   ]   >> INPUT  : Translate the SQL query into an equivalent MongoDB MQL query using the provided schema.

Schema:
conductor(Age, Conductor_ID, Name, Nationality, Year_of_Work, _id) | orchestra(Conductor_ID, Major_Record_Format, Orchestra, Orchestra_ID, Record_Company, Year_of_Founded, _id)

SQL:
SELECT T1.Name , T2.Orchestra FROM conductor AS T1 JOIN orchestra AS T2 ON T1.Conductor_ID = T2.Conductor_ID

MQL:

2026-07-31 15:57:47,777 [INFO   ]   >> OUTPUT : db.conductor.aggregate([ { $lookup: { from: "orchestra", localField: "Conductor_ID", foreignField: "Conductor_ID", as: "orchestra_info" } }, { $unwind: "$orchestra_info" }, { $project: { Name: "$orchestra_info.Name", Orchestra: "$orchestra_info.Orchestra" } } ])
2026-07-31 15:57:52,694 [INFO   ] [inference] generate_nosql  latency_sec=4.9117  input_tokens=132  output_tokens=96
2026-07-31 15:57:52,694 [INFO   ]   >> INPUT  : Translate the SQL query into an equivalent MongoDB MQL query using the provided schema.

Schema:
conductor(Age, Conductor_ID, Name, Nationality, Year_of_Work, _id) | orchestra(Conductor_ID, Major_Record_Format, Orchestra, Orchestra_ID, Record_Company, Year_of_Founded, _id)

SQL:
SELECT T1.Name , T2.Orchestra FROM conductor AS T1 JOIN orchestra AS T2 ON T1.Conductor_ID = T2.Conductor_ID

MQL:

2026-07-31 15:57:52,694 [INFO   ]   >> OUTPUT : db.conductor.aggregate([ { $lookup: { from: "orchestra", localField: "Conductor_ID", foreignField: "Conductor_ID", as: "orchestra_info" } }, { $unwind: "$orchestra_info" }, { $project: { Name: "$orchestra_info.Name", Orchestra: "$orchestra_info.Orchestra" } } ])
2026-07-31 15:57:57,748 [INFO   ] [inference] generate_nosql  latency_sec=5.0451  input_tokens=134  output_tokens=102
2026-07-31 15:57:57,748 [INFO   ]   >> INPUT  : Translate the SQL query into an equivalent MongoDB MQL query using the provided schema.

Schema:
conductor(Age, Conductor_ID, Name, Nationality, Year_of_Work, _id) | orchestra(Conductor_ID, Major_Record_Format, Orchestra, Orchestra_ID, Record_Company, Year_of_Founded, _id)

SQL:
SELECT T1.Name FROM conductor AS T1 JOIN orchestra AS T2 ON T1.Conductor_ID = T2.Conductor_ID WHERE Year_of_Founded > 2008

MQL:

2026-07-31 15:57:57,748 [INFO   ]   >> OUTPUT : db.conductor.aggregate([ { $lookup: { from: "orchestra", localField: "Conductor_ID", foreignField: "Conductor_ID", as: "orchestra_info" } }, { $unwind: "$orchestra_info" }, { $match: { "orchestra_info.Year_of_Founded": { $gt: 2008 } } }, { $project: { Name: 1 } } ])
2026-07-31 15:58:02,379 [INFO   ] [inference] generate_nosql  latency_sec=4.6257  input_tokens=134  output_tokens=102
2026-07-31 15:58:02,379 [INFO   ]   >> INPUT  : Translate the SQL query into an equivalent MongoDB MQL query using the provided schema.

Schema:
conductor(Age, Conductor_ID, Name, Nationality, Year_of_Work, _id) | orchestra(Conductor_ID, Major_Record_Format, Orchestra, Orchestra_ID, Record_Company, Year_of_Founded, _id)

SQL:
SELECT T1.Name FROM conductor AS T1 JOIN orchestra AS T2 ON T1.Conductor_ID = T2.Conductor_ID WHERE Year_of_Founded > 2008

MQL:

2026-07-31 15:58:02,379 [INFO   ]   >> OUTPUT : db.conductor.aggregate([ { $lookup: { from: "orchestra", localField: "Conductor_ID", foreignField: "Conductor_ID", as: "orchestra_info" } }, { $unwind: "$orchestra_info" }, { $match: { "orchestra_info.Year_of_Founded": { $gt: 2008 } } }, { $project: { Name: 1 } } ])
2026-07-31 15:58:04,853 [INFO   ] [inference] generate_nosql  latency_sec=2.4693  input_tokens=86  output_tokens=34
2026-07-31 15:58:04,854 [INFO   ]   >> INPUT  : Translate the SQL query into an equivalent MongoDB MQL query using the provided schema.

Schema:
orchestra(Conductor_ID, Major_Record_Format, Orchestra, Orchestra_ID, Record_Company, Year_of_Founded, _id)

SQL:
SELECT Record_Company , COUNT(*) FROM orchestra GROUP BY Record_Company

MQL:

2026-07-31 15:58:04,854 [INFO   ]   >> OUTPUT : db.orchestra.aggregate([ { $group: { _id: "$Record_Company", count: { $sum: 1 } } } ])
2026-07-31 15:58:07,958 [INFO   ] [inference] generate_nosql  latency_sec=3.0952  input_tokens=86  output_tokens=34
2026-07-31 15:58:07,958 [INFO   ]   >> INPUT  : Translate the SQL query into an equivalent MongoDB MQL query using the provided schema.

Schema:
orchestra(Conductor_ID, Major_Record_Format, Orchestra, Orchestra_ID, Record_Company, Year_of_Founded, _id)

SQL:
SELECT Record_Company , COUNT(*) FROM orchestra GROUP BY Record_Company

MQL:

2026-07-31 15:58:07,958 [INFO   ]   >> OUTPUT : db.orchestra.aggregate([ { $group: { _id: "$Record_Company", count: { $sum: 1 } } } ])
2026-07-31 15:58:10,629 [INFO   ] [inference] generate_nosql  latency_sec=2.6657  input_tokens=92  output_tokens=46
2026-07-31 15:58:10,630 [INFO   ]   >> INPUT  : Translate the SQL query into an equivalent MongoDB MQL query using the provided schema.

Schema:
orchestra(Conductor_ID, Major_Record_Format, Orchestra, Orchestra_ID, Record_Company, Year_of_Founded, _id)

SQL:
SELECT Major_Record_Format FROM orchestra GROUP BY Major_Record_Format ORDER BY COUNT(*) ASC

MQL:

2026-07-31 15:58:10,630 [INFO   ]   >> OUTPUT : db.orchestra.aggregate([ { $group: { _id: "$Major_Record_Format", count: { $sum: 1 } } }, { $sort: { count: 1 } } ])
2026-07-31 15:58:13,159 [INFO   ] [inference] generate_nosql  latency_sec=2.524  input_tokens=92  output_tokens=46
2026-07-31 15:58:13,160 [INFO   ]   >> INPUT  : Translate the SQL query into an equivalent MongoDB MQL query using the provided schema.

Schema:
orchestra(Conductor_ID, Major_Record_Format, Orchestra, Orchestra_ID, Record_Company, Year_of_Founded, _id)

SQL:
SELECT Major_Record_Format FROM orchestra GROUP BY Major_Record_Format ORDER BY COUNT(*) ASC

MQL:

2026-07-31 15:58:13,160 [INFO   ]   >> OUTPUT : db.orchestra.aggregate([ { $group: { _id: "$Major_Record_Format", count: { $sum: 1 } } }, { $sort: { count: 1 } } ])
2026-07-31 15:58:16,192 [INFO   ] [inference] generate_nosql  latency_sec=3.0277  input_tokens=92  output_tokens=66
2026-07-31 15:58:16,192 [INFO   ]   >> INPUT  : Translate the SQL query into an equivalent MongoDB MQL query using the provided schema.

Schema:
orchestra(Conductor_ID, Major_Record_Format, Orchestra, Orchestra_ID, Record_Company, Year_of_Founded, _id)

SQL:
SELECT Record_Company FROM orchestra GROUP BY Record_Company ORDER BY COUNT(*) DESC LIMIT 1

MQL:

2026-07-31 15:58:16,192 [INFO   ]   >> OUTPUT : db.orchestra.aggregate([ { $group: { _id: "$Record_Company", count: { $sum: 1 } } }, { $sort: { count: -1 } }, { $limit: 1 }, { $project: { Record_Company: "$_id" } } ])
2026-07-31 15:58:19,704 [INFO   ] [inference] generate_nosql  latency_sec=3.5062  input_tokens=92  output_tokens=66
2026-07-31 15:58:19,705 [INFO   ]   >> INPUT  : Translate the SQL query into an equivalent MongoDB MQL query using the provided schema.

Schema:
orchestra(Conductor_ID, Major_Record_Format, Orchestra, Orchestra_ID, Record_Company, Year_of_Founded, _id)

SQL:
SELECT Record_Company FROM orchestra GROUP BY Record_Company ORDER BY COUNT(*) DESC LIMIT 1

MQL:

2026-07-31 15:58:19,705 [INFO   ]   >> OUTPUT : db.orchestra.aggregate([ { $group: { _id: "$Record_Company", count: { $sum: 1 } } }, { $sort: { count: -1 } }, { $limit: 1 }, { $project: { Record_Company: "$_id" } } ])
2026-07-31 15:58:23,517 [INFO   ] [inference] generate_nosql  latency_sec=3.8038  input_tokens=120  output_tokens=75
2026-07-31 15:58:23,517 [INFO   ]   >> INPUT  : Translate the SQL query into an equivalent MongoDB MQL query using the provided schema.

Schema:
orchestra(Conductor_ID, Major_Record_Format, Orchestra, Orchestra_ID, Record_Company, Year_of_Founded, _id) | performance(Date, Official_ratings_(millions), Orchestra_ID, Performance_ID, Share, Type, Weekly_rank, _id)

SQL:
SELECT Orchestra FROM orchestra WHERE Orchestra_ID NOT IN (SELECT Orchestra_ID FROM performance)

MQL:

2026-07-31 15:58:23,517 [INFO   ]   >> OUTPUT : db.orchestra.aggregate([ { $lookup: { from: "performance", localField: "Orchestra_ID", foreignField: "Orchestra_ID", as: "performance" } }, { $match: { "performance": { $size: 0 } } }, { $project: { Orchestra: 1 } } ])
2026-07-31 15:58:26,891 [INFO   ] [inference] generate_nosql  latency_sec=3.3683  input_tokens=120  output_tokens=75
2026-07-31 15:58:26,891 [INFO   ]   >> INPUT  : Translate the SQL query into an equivalent MongoDB MQL query using the provided schema.

Schema:
orchestra(Conductor_ID, Major_Record_Format, Orchestra, Orchestra_ID, Record_Company, Year_of_Founded, _id) | performance(Date, Official_ratings_(millions), Orchestra_ID, Performance_ID, Share, Type, Weekly_rank, _id)

SQL:
SELECT Orchestra FROM orchestra WHERE Orchestra_ID NOT IN (SELECT Orchestra_ID FROM performance)

MQL:

2026-07-31 15:58:26,891 [INFO   ]   >> OUTPUT : db.orchestra.aggregate([ { $lookup: { from: "performance", localField: "Orchestra_ID", foreignField: "Orchestra_ID", as: "performance" } }, { $match: { "performance": { $size: 0 } } }, { $project: { Orchestra: 1 } } ])
2026-07-31 15:58:30,828 [INFO   ] [inference] generate_nosql  latency_sec=3.9323  input_tokens=103  output_tokens=83
2026-07-31 15:58:30,828 [INFO   ]   >> INPUT  : Translate the SQL query into an equivalent MongoDB MQL query using the provided schema.

Schema:
orchestra(Conductor_ID, Major_Record_Format, Orchestra, Orchestra_ID, Record_Company, Year_of_Founded, _id)

SQL:
SELECT Record_Company FROM orchestra WHERE Year_of_Founded < 2003 INTERSECT SELECT Record_Company FROM orchestra WHERE Year_of_Founded > 2003

MQL:

2026-07-31 15:58:30,828 [INFO   ]   >> OUTPUT : db.orchestra.aggregate([ { $match: { $or: [ { Year_of_Founded: { $lt: 2003 } }, { Year_of_Founded: { $gt: 2003 } } ] } }, { $group: { _id: "$Record_Company" } }, { $project: { Record_Company: "$_id" } } ])
2026-07-31 15:58:31,847 [INFO   ] [inference] generate_nosql  latency_sec=1.0136  input_tokens=56  output_tokens=19
2026-07-31 15:58:31,848 [INFO   ]   >> INPUT  : Translate the SQL query into an equivalent MongoDB MQL query using the provided schema.

Schema:
Highschooler(ID, _id, grade, name)

SQL:
SELECT name , grade FROM Highschooler

MQL:

2026-07-31 15:58:31,848 [INFO   ]   >> OUTPUT : db.Highschooler.find({}, { name: 1, grade: 1})
2026-07-31 15:58:32,982 [INFO   ] [inference] generate_nosql  latency_sec=1.1259  input_tokens=56  output_tokens=19
2026-07-31 15:58:32,983 [INFO   ]   >> INPUT  : Translate the SQL query into an equivalent MongoDB MQL query using the provided schema.

Schema:
Highschooler(ID, _id, grade, name)

SQL:
SELECT name , grade FROM Highschooler

MQL:

2026-07-31 15:58:32,983 [INFO   ]   >> OUTPUT : db.Highschooler.find({}, { name: 1, grade: 1})
2026-07-31 15:58:33,843 [INFO   ] [inference] generate_nosql  latency_sec=0.8516  input_tokens=54  output_tokens=15
2026-07-31 15:58:33,844 [INFO   ]   >> INPUT  : Translate the SQL query into an equivalent MongoDB MQL query using the provided schema.

Schema:
Highschooler(ID, _id, grade, name)

SQL:
SELECT grade FROM Highschooler

MQL:

2026-07-31 15:58:33,844 [INFO   ]   >> OUTPUT : db.Highschooler.find({}, { grade: 1})
2026-07-31 15:58:34,794 [INFO   ] [inference] generate_nosql  latency_sec=0.9414  input_tokens=54  output_tokens=15
2026-07-31 15:58:34,795 [INFO   ]   >> INPUT  : Translate the SQL query into an equivalent MongoDB MQL query using the provided schema.

Schema:
Highschooler(ID, _id, grade, name)

SQL:
SELECT grade FROM Highschooler

MQL:

2026-07-31 15:58:34,795 [INFO   ]   >> OUTPUT : db.Highschooler.find({}, { grade: 1})
2026-07-31 15:58:35,682 [INFO   ] [inference] generate_nosql  latency_sec=0.8805  input_tokens=60  output_tokens=20
2026-07-31 15:58:35,683 [INFO   ]   >> INPUT  : Translate the SQL query into an equivalent MongoDB MQL query using the provided schema.

Schema:
Highschooler(ID, _id, grade, name)

SQL:
SELECT grade FROM Highschooler WHERE name = "Kyle"

MQL:

2026-07-31 15:58:35,683 [INFO   ]   >> OUTPUT : db.Highschooler.find({name: 'Kyle'}, { grade: 1})
2026-07-31 15:58:36,545 [INFO   ] [inference] generate_nosql  latency_sec=0.8572  input_tokens=60  output_tokens=20
2026-07-31 15:58:36,546 [INFO   ]   >> INPUT  : Translate the SQL query into an equivalent MongoDB MQL query using the provided schema.

Schema:
Highschooler(ID, _id, grade, name)

SQL:
SELECT grade FROM Highschooler WHERE name = "Kyle"

MQL:

2026-07-31 15:58:36,546 [INFO   ]   >> OUTPUT : db.Highschooler.find({name: 'Kyle'}, { grade: 1})
2026-07-31 15:58:37,368 [INFO   ] [inference] generate_nosql  latency_sec=0.8165  input_tokens=58  output_tokens=18
2026-07-31 15:58:37,369 [INFO   ]   >> INPUT  : Translate the SQL query into an equivalent MongoDB MQL query using the provided schema.

Schema:
Highschooler(ID, _id, grade, name)

SQL:
SELECT name FROM Highschooler WHERE grade = 10

MQL:

2026-07-31 15:58:37,369 [INFO   ]   >> OUTPUT : db.Highschooler.find({grade: 10}, { name: 1})
2026-07-31 15:58:38,197 [INFO   ] [inference] generate_nosql  latency_sec=0.8212  input_tokens=58  output_tokens=18
2026-07-31 15:58:38,198 [INFO   ]   >> INPUT  : Translate the SQL query into an equivalent MongoDB MQL query using the provided schema.

Schema:
Highschooler(ID, _id, grade, name)

SQL:
SELECT name FROM Highschooler WHERE grade = 10

MQL:

2026-07-31 15:58:38,198 [INFO   ]   >> OUTPUT : db.Highschooler.find({grade: 10}, { name: 1})
2026-07-31 15:58:39,132 [INFO   ] [inference] generate_nosql  latency_sec=0.9291  input_tokens=60  output_tokens=20
2026-07-31 15:58:39,133 [INFO   ]   >> INPUT  : Translate the SQL query into an equivalent MongoDB MQL query using the provided schema.

Schema:
Highschooler(ID, _id, grade, name)

SQL:
SELECT ID FROM Highschooler WHERE name = "Kyle"

MQL:

2026-07-31 15:58:39,133 [INFO   ]   >> OUTPUT : db.Highschooler.find({name: 'Kyle'}, { ID: 1})
2026-07-31 15:58:40,087 [INFO   ] [inference] generate_nosql  latency_sec=0.948  input_tokens=60  output_tokens=20
2026-07-31 15:58:40,087 [INFO   ]   >> INPUT  : Translate the SQL query into an equivalent MongoDB MQL query using the provided schema.

Schema:
Highschooler(ID, _id, grade, name)

SQL:
SELECT ID FROM Highschooler WHERE name = "Kyle"

MQL:

2026-07-31 15:58:40,087 [INFO   ]   >> OUTPUT : db.Highschooler.find({name: 'Kyle'}, { ID: 1})
2026-07-31 15:58:41,945 [INFO   ] [inference] generate_nosql  latency_sec=1.8527  input_tokens=61  output_tokens=32
2026-07-31 15:58:41,946 [INFO   ]   >> INPUT  : Translate the SQL query into an equivalent MongoDB MQL query using the provided schema.

Schema:
Highschooler(ID, _id, grade, name)

SQL:
SELECT grade , count(*) FROM Highschooler GROUP BY grade

MQL:

2026-07-31 15:58:41,946 [INFO   ]   >> OUTPUT : db.Highschooler.aggregate([ { $group: { _id: "$grade", count: { $sum: 1 } } } ])
2026-07-31 15:58:43,777 [INFO   ] [inference] generate_nosql  latency_sec=1.826  input_tokens=61  output_tokens=32
2026-07-31 15:58:43,777 [INFO   ]   >> INPUT  : Translate the SQL query into an equivalent MongoDB MQL query using the provided schema.

Schema:
Highschooler(ID, _id, grade, name)

SQL:
SELECT grade , count(*) FROM Highschooler GROUP BY grade

MQL:

2026-07-31 15:58:43,777 [INFO   ]   >> OUTPUT : db.Highschooler.aggregate([ { $group: { _id: "$grade", count: { $sum: 1 } } } ])
2026-07-31 15:58:46,993 [INFO   ] [inference] generate_nosql  latency_sec=3.2109  input_tokens=65  output_tokens=59
2026-07-31 15:58:46,995 [INFO   ]   >> INPUT  : Translate the SQL query into an equivalent MongoDB MQL query using the provided schema.

Schema:
Highschooler(ID, _id, grade, name)

SQL:
SELECT grade FROM Highschooler GROUP BY grade HAVING count(*) >= 4

MQL:

2026-07-31 15:58:46,995 [INFO   ]   >> OUTPUT : db.Highschooler.aggregate([ { $group: { _id: "$grade", count: { $sum: 1 } } }, { $match: { count: { $gte: 4 } } }, { $project: { _id: 1 } } ])
2026-07-31 15:58:50,005 [INFO   ] [inference] generate_nosql  latency_sec=3.0018  input_tokens=65  output_tokens=59
2026-07-31 15:58:50,005 [INFO   ]   >> INPUT  : Translate the SQL query into an equivalent MongoDB MQL query using the provided schema.

Schema:
Highschooler(ID, _id, grade, name)

SQL:
SELECT grade FROM Highschooler GROUP BY grade HAVING count(*) >= 4

MQL:

2026-07-31 15:58:50,005 [INFO   ]   >> OUTPUT : db.Highschooler.aggregate([ { $group: { _id: "$grade", count: { $sum: 1 } } }, { $match: { count: { $gte: 4 } } }, { $project: { _id: 1 } } ])
2026-07-31 15:58:52,122 [INFO   ] [inference] generate_nosql  latency_sec=2.1117  input_tokens=62  output_tokens=32
2026-07-31 15:58:52,123 [INFO   ]   >> INPUT  : Translate the SQL query into an equivalent MongoDB MQL query using the provided schema.

Schema:
Friend(_id, friend_id, student_id)

SQL:
SELECT student_id , count(*) FROM Friend GROUP BY student_id

MQL:

2026-07-31 15:58:52,123 [INFO   ]   >> OUTPUT : db.Friend.aggregate([ { $group: { _id: "$student_id", count: { $sum: 1 } } } ])
2026-07-31 15:58:54,223 [INFO   ] [inference] generate_nosql  latency_sec=2.0938  input_tokens=62  output_tokens=32
2026-07-31 15:58:54,223 [INFO   ]   >> INPUT  : Translate the SQL query into an equivalent MongoDB MQL query using the provided schema.

Schema:
Friend(_id, friend_id, student_id)

SQL:
SELECT student_id , count(*) FROM Friend GROUP BY student_id

MQL:

2026-07-31 15:58:54,223 [INFO   ]   >> OUTPUT : db.Friend.aggregate([ { $group: { _id: "$student_id", count: { $sum: 1 } } } ])
2026-07-31 15:59:00,082 [INFO   ] [inference] generate_nosql  latency_sec=5.8538  input_tokens=109  output_tokens=116
2026-07-31 15:59:00,083 [INFO   ]   >> INPUT  : Translate the SQL query into an equivalent MongoDB MQL query using the provided schema.

Schema:
Highschooler(ID, _id, grade, name) | Friend(_id, friend_id, student_id)

SQL:
SELECT T2.name FROM Friend AS T1 JOIN Highschooler AS T2 ON T1.student_id = T2.id GROUP BY T1.student_id ORDER BY count(*) DESC LIMIT 1

MQL:

2026-07-31 15:59:00,083 [INFO   ]   >> OUTPUT : db.Friend.aggregate([ { $lookup: { from: "Highschooler", localField: "student_id", foreignField: "id", as: "highschooler" } }, { $unwind: "$highschooler" }, { $group: { _id: "$student_id", name: { $first: "$name" }, count: { $sum: 1 } } }, { $sort: { count: -1 } }, { $limit: 1 }, { $project: { name: 1 } } ])
2026-07-31 15:59:05,894 [INFO   ] [inference] generate_nosql  latency_sec=5.8024  input_tokens=109  output_tokens=116
2026-07-31 15:59:05,894 [INFO   ]   >> INPUT  : Translate the SQL query into an equivalent MongoDB MQL query using the provided schema.

Schema:
Highschooler(ID, _id, grade, name) | Friend(_id, friend_id, student_id)

SQL:
SELECT T2.name FROM Friend AS T1 JOIN Highschooler AS T2 ON T1.student_id = T2.id GROUP BY T1.student_id ORDER BY count(*) DESC LIMIT 1

MQL:

2026-07-31 15:59:05,894 [INFO   ]   >> OUTPUT : db.Friend.aggregate([ { $lookup: { from: "Highschooler", localField: "student_id", foreignField: "id", as: "highschooler" } }, { $unwind: "$highschooler" }, { $group: { _id: "$student_id", name: { $first: "$name" }, count: { $sum: 1 } } }, { $sort: { count: -1 } }, { $limit: 1 }, { $project: { name: 1 } } ])
2026-07-31 15:59:11,166 [INFO   ] [inference] generate_nosql  latency_sec=5.2627  input_tokens=107  output_tokens=119
2026-07-31 15:59:11,166 [INFO   ]   >> INPUT  : Translate the SQL query into an equivalent MongoDB MQL query using the provided schema.

Schema:
Highschooler(ID, _id, grade, name) | Friend(_id, friend_id, student_id)

SQL:
SELECT T2.name FROM Friend AS T1 JOIN Highschooler AS T2 ON T1.student_id = T2.id GROUP BY T1.student_id HAVING count(*) >= 3

MQL:

2026-07-31 15:59:11,166 [INFO   ]   >> OUTPUT : db.Friend.aggregate([ { $lookup: { from: "Highschooler", localField: "student_id", foreignField: "id", as: "highschooler_info" } }, { $unwind: "$highschooler_info" }, { $group: { _id: "$student_id", name: { $first: "$name" }, count: { $sum: 1 } } }, { $match: { count: { $gte: 3 } } }, { $project: { name: 1 } } ])
2026-07-31 15:59:18,859 [INFO   ] [inference] generate_nosql  latency_sec=7.6871  input_tokens=120  output_tokens=140
2026-07-31 15:59:18,859 [INFO   ]   >> INPUT  : Translate the SQL query into an equivalent MongoDB MQL query using the provided schema.

Schema:
Highschooler(ID, _id, grade, name) | Friend(_id, friend_id, student_id)

SQL:
SELECT T3.name FROM Friend AS T1 JOIN Highschooler AS T2 ON T1.student_id = T2.id JOIN Highschooler AS T3 ON T1.friend_id = T3.id WHERE T2.name = "Kyle"

MQL:

2026-07-31 15:59:18,859 [INFO   ]   >> OUTPUT : db.Friend.aggregate([ { $lookup: { from: "Highschooler", localField: "student_id", foreignField: "friend_id", as: "highschooler" } }, { $unwind: "$highschooler" }, { $lookup: { from: "Highschooler", localField: "highschooler.grade", foreignField: "grade", as: "highschooler_grade" } }, { $unwind: "$highschooler_grade" }, { $match: { "highschooler_grade.name": "Kyle" } }, { $project: { name: 1 } } ])
2026-07-31 15:59:25,724 [INFO   ] [inference] generate_nosql  latency_sec=6.86  input_tokens=120  output_tokens=140
2026-07-31 15:59:25,725 [INFO   ]   >> INPUT  : Translate the SQL query into an equivalent MongoDB MQL query using the provided schema.

Schema:
Highschooler(ID, _id, grade, name) | Friend(_id, friend_id, student_id)

SQL:
SELECT T3.name FROM Friend AS T1 JOIN Highschooler AS T2 ON T1.student_id = T2.id JOIN Highschooler AS T3 ON T1.friend_id = T3.id WHERE T2.name = "Kyle"

MQL:

2026-07-31 15:59:25,725 [INFO   ]   >> OUTPUT : db.Friend.aggregate([ { $lookup: { from: "Highschooler", localField: "student_id", foreignField: "friend_id", as: "highschooler" } }, { $unwind: "$highschooler" }, { $lookup: { from: "Highschooler", localField: "highschooler.grade", foreignField: "grade", as: "highschooler_grade" } }, { $unwind: "$highschooler_grade" }, { $match: { "highschooler_grade.name": "Kyle" } }, { $project: { name: 1 } } ])
2026-07-31 15:59:30,485 [INFO   ] [inference] generate_nosql  latency_sec=4.7514  input_tokens=99  output_tokens=70
2026-07-31 15:59:30,485 [INFO   ]   >> INPUT  : Translate the SQL query into an equivalent MongoDB MQL query using the provided schema.

Schema:
Highschooler(ID, _id, grade, name) | Friend(_id, friend_id, student_id)

SQL:
SELECT count(*) FROM Friend AS T1 JOIN Highschooler AS T2 ON T1.student_id = T2.id WHERE T2.name = "Kyle"

MQL:

2026-07-31 15:59:30,485 [INFO   ]   >> OUTPUT : db.Friend.aggregate([ { $lookup: { from: "Highschooler", localField: "student_id", foreignField: "id", as: "highschooler" } }, { $match: { "highschooler.name": "Kyle" } }, { $count: "count" } ])
2026-07-31 15:59:34,391 [INFO   ] [inference] generate_nosql  latency_sec=3.9  input_tokens=99  output_tokens=70
2026-07-31 15:59:34,391 [INFO   ]   >> INPUT  : Translate the SQL query into an equivalent MongoDB MQL query using the provided schema.

Schema:
Highschooler(ID, _id, grade, name) | Friend(_id, friend_id, student_id)

SQL:
SELECT count(*) FROM Friend AS T1 JOIN Highschooler AS T2 ON T1.student_id = T2.id WHERE T2.name = "Kyle"

MQL:

2026-07-31 15:59:34,391 [INFO   ]   >> OUTPUT : db.Friend.aggregate([ { $lookup: { from: "Highschooler", localField: "student_id", foreignField: "id", as: "highschooler" } }, { $match: { "highschooler.name": "Kyle" } }, { $count: "count" } ])
2026-07-31 15:59:37,783 [INFO   ] [inference] generate_nosql  latency_sec=3.3873  input_tokens=75  output_tokens=74
2026-07-31 15:59:37,784 [INFO   ]   >> INPUT  : Translate the SQL query into an equivalent MongoDB MQL query using the provided schema.

Schema:
Highschooler(ID, _id, grade, name) | Friend(_id, friend_id, student_id)

SQL:
SELECT id FROM Highschooler EXCEPT SELECT student_id FROM Friend

MQL:

2026-07-31 15:59:37,784 [INFO   ]   >> OUTPUT : db.Highschooler.aggregate([ { $lookup: { from: "Friend", localField: "ID", foreignField: "student_id", as: "friend_info" } }, { $match: { "friend_info": { $size: 0 } } }, { $project: { "ID": 1 } } ])
2026-07-31 15:59:41,960 [INFO   ] [inference] generate_nosql  latency_sec=4.1714  input_tokens=75  output_tokens=74
2026-07-31 15:59:41,961 [INFO   ]   >> INPUT  : Translate the SQL query into an equivalent MongoDB MQL query using the provided schema.

Schema:
Highschooler(ID, _id, grade, name) | Friend(_id, friend_id, student_id)

SQL:
SELECT id FROM Highschooler EXCEPT SELECT student_id FROM Friend

MQL:

2026-07-31 15:59:41,961 [INFO   ]   >> OUTPUT : db.Highschooler.aggregate([ { $lookup: { from: "Friend", localField: "ID", foreignField: "student_id", as: "friend_info" } }, { $match: { "friend_info": { $size: 0 } } }, { $project: { "ID": 1 } } ])
2026-07-31 15:59:45,431 [INFO   ] [inference] generate_nosql  latency_sec=3.4622  input_tokens=99  output_tokens=69
2026-07-31 15:59:45,431 [INFO   ]   >> INPUT  : Translate the SQL query into an equivalent MongoDB MQL query using the provided schema.

Schema:
Highschooler(ID, _id, grade, name) | Friend(_id, friend_id, student_id)

SQL:
SELECT name FROM Highschooler EXCEPT SELECT T2.name FROM Friend AS T1 JOIN Highschooler AS T2 ON T1.student_id = T2.id

MQL:

2026-07-31 15:59:45,431 [INFO   ]   >> OUTPUT : db.Highschooler.aggregate([ { $lookup: { from: "Friend", localField: "ID", foreignField: "student_id", as: "friends" } }, { $match: { "friends": { $size: 0 } } }, { $project: { name: 1 } } ])
2026-07-31 15:59:48,735 [INFO   ] [inference] generate_nosql  latency_sec=3.2994  input_tokens=99  output_tokens=69
2026-07-31 15:59:48,736 [INFO   ]   >> INPUT  : Translate the SQL query into an equivalent MongoDB MQL query using the provided schema.

Schema:
Highschooler(ID, _id, grade, name) | Friend(_id, friend_id, student_id)

SQL:
SELECT name FROM Highschooler EXCEPT SELECT T2.name FROM Friend AS T1 JOIN Highschooler AS T2 ON T1.student_id = T2.id

MQL:

2026-07-31 15:59:48,736 [INFO   ]   >> OUTPUT : db.Highschooler.aggregate([ { $lookup: { from: "Friend", localField: "ID", foreignField: "student_id", as: "friends" } }, { $match: { "friends": { $size: 0 } } }, { $project: { name: 1 } } ])
2026-07-31 15:59:52,406 [INFO   ] [inference] generate_nosql  latency_sec=3.6653  input_tokens=76  output_tokens=74
2026-07-31 15:59:52,406 [INFO   ]   >> INPUT  : Translate the SQL query into an equivalent MongoDB MQL query using the provided schema.

Schema:
Likes(_id, liked_id, student_id) | Friend(_id, friend_id, student_id)

SQL:
SELECT student_id FROM Friend INTERSECT SELECT liked_id FROM Likes

MQL:

2026-07-31 15:59:52,407 [INFO   ]   >> OUTPUT : db.Friend.aggregate([ { $lookup: { from: "Likes", localField: "friend_id", foreignField: "student_id", as: "likes" } }, { $match: { "likes": { $ne: [] } } }, { $project: { student_id: 1 } } ])
2026-07-31 15:59:56,954 [INFO   ] [inference] generate_nosql  latency_sec=4.542  input_tokens=76  output_tokens=74
2026-07-31 15:59:56,954 [INFO   ]   >> INPUT  : Translate the SQL query into an equivalent MongoDB MQL query using the provided schema.

Schema:
Likes(_id, liked_id, student_id) | Friend(_id, friend_id, student_id)

SQL:
SELECT student_id FROM Friend INTERSECT SELECT liked_id FROM Likes

MQL:

2026-07-31 15:59:56,954 [INFO   ]   >> OUTPUT : db.Friend.aggregate([ { $lookup: { from: "Likes", localField: "friend_id", foreignField: "student_id", as: "likes" } }, { $match: { "likes": { $ne: [] } } }, { $project: { student_id: 1 } } ])
2026-07-31 16:00:03,793 [INFO   ] [inference] generate_nosql  latency_sec=6.8338  input_tokens=138  output_tokens=136
2026-07-31 16:00:03,793 [INFO   ]   >> INPUT  : Translate the SQL query into an equivalent MongoDB MQL query using the provided schema.

Schema:
Highschooler(ID, _id, grade, name) | Likes(_id, liked_id, student_id) | Friend(_id, friend_id, student_id)

SQL:
SELECT T2.name FROM Friend AS T1 JOIN Highschooler AS T2 ON T1.student_id = T2.id INTERSECT SELECT T2.name FROM Likes AS T1 JOIN Highschooler AS T2 ON T1.liked_id = T2.id

MQL:

2026-07-31 16:00:03,793 [INFO   ]   >> OUTPUT : db.Friend.aggregate([ { $lookup: { from: "Likes", localField: "student_id", foreignField: "student_id", as: "likes" } }, { $unwind: "$likes" }, { $lookup: { from: "Highschooler", localField: "likes.liked_id", foreignField: "id", as: "highschooler" } }, { $unwind: "$highschooler" }, { $group: { _id: "$highschooler.name" } }, { $project: { name: "$_id" } } ])
2026-07-31 16:00:11,539 [INFO   ] [inference] generate_nosql  latency_sec=7.7401  input_tokens=138  output_tokens=136
2026-07-31 16:00:11,539 [INFO   ]   >> INPUT  : Translate the SQL query into an equivalent MongoDB MQL query using the provided schema.

Schema:
Highschooler(ID, _id, grade, name) | Likes(_id, liked_id, student_id) | Friend(_id, friend_id, student_id)

SQL:
SELECT T2.name FROM Friend AS T1 JOIN Highschooler AS T2 ON T1.student_id = T2.id INTERSECT SELECT T2.name FROM Likes AS T1 JOIN Highschooler AS T2 ON T1.liked_id = T2.id

MQL:

2026-07-31 16:00:11,539 [INFO   ]   >> OUTPUT : db.Friend.aggregate([ { $lookup: { from: "Likes", localField: "student_id", foreignField: "student_id", as: "likes" } }, { $unwind: "$likes" }, { $lookup: { from: "Highschooler", localField: "likes.liked_id", foreignField: "id", as: "highschooler" } }, { $unwind: "$highschooler" }, { $group: { _id: "$highschooler.name" } }, { $project: { name: "$_id" } } ])
2026-07-31 16:00:13,509 [INFO   ] [inference] generate_nosql  latency_sec=1.9632  input_tokens=63  output_tokens=33
2026-07-31 16:00:13,509 [INFO   ]   >> INPUT  : Translate the SQL query into an equivalent MongoDB MQL query using the provided schema.

Schema:
Likes(_id, liked_id, student_id)

SQL:
SELECT student_id , count(*) FROM Likes GROUP BY student_id

MQL:

2026-07-31 16:00:13,509 [INFO   ]   >> OUTPUT : db.Likes.aggregate([ { $group: { _id: "$student_id", count: { $sum: 1 } } } ])
2026-07-31 16:00:15,466 [INFO   ] [inference] generate_nosql  latency_sec=1.9515  input_tokens=63  output_tokens=33
2026-07-31 16:00:15,466 [INFO   ]   >> INPUT  : Translate the SQL query into an equivalent MongoDB MQL query using the provided schema.

Schema:
Likes(_id, liked_id, student_id)

SQL:
SELECT student_id , count(*) FROM Likes GROUP BY student_id

MQL:

2026-07-31 16:00:15,466 [INFO   ]   >> OUTPUT : db.Likes.aggregate([ { $group: { _id: "$student_id", count: { $sum: 1 } } } ])
2026-07-31 16:00:20,570 [INFO   ] [inference] generate_nosql  latency_sec=5.0988  input_tokens=103  output_tokens=98
2026-07-31 16:00:20,570 [INFO   ]   >> INPUT  : Translate the SQL query into an equivalent MongoDB MQL query using the provided schema.

Schema:
Highschooler(ID, _id, grade, name) | Likes(_id, liked_id, student_id)

SQL:
SELECT T2.name , count(*) FROM Likes AS T1 JOIN Highschooler AS T2 ON T1.student_id = T2.id GROUP BY T1.student_id

MQL:

2026-07-31 16:00:20,570 [INFO   ]   >> OUTPUT : db.Likes.aggregate([ { $lookup: { from: "Highschooler", localField: "student_id", foreignField: "ID", as: "highschooler" } }, { $unwind: "$highschooler" }, { $group: { _id: "$highschooler.name", count: { $sum: 1 } } }, { $project: { name: "$_id", count: 1 } } ])
2026-07-31 16:00:26,069 [INFO   ] [inference] generate_nosql  latency_sec=5.4891  input_tokens=103  output_tokens=98
2026-07-31 16:00:26,069 [INFO   ]   >> INPUT  : Translate the SQL query into an equivalent MongoDB MQL query using the provided schema.

Schema:
Highschooler(ID, _id, grade, name) | Likes(_id, liked_id, student_id)

SQL:
SELECT T2.name , count(*) FROM Likes AS T1 JOIN Highschooler AS T2 ON T1.student_id = T2.id GROUP BY T1.student_id

MQL:

2026-07-31 16:00:26,069 [INFO   ]   >> OUTPUT : db.Likes.aggregate([ { $lookup: { from: "Highschooler", localField: "student_id", foreignField: "ID", as: "highschooler" } }, { $unwind: "$highschooler" }, { $group: { _id: "$highschooler.name", count: { $sum: 1 } } }, { $project: { name: "$_id", count: 1 } } ])
2026-07-31 16:00:32,074 [INFO   ] [inference] generate_nosql  latency_sec=5.9981  input_tokens=114  output_tokens=135
2026-07-31 16:00:32,074 [INFO   ]   >> INPUT  : Translate the SQL query into an equivalent MongoDB MQL query using the provided schema.

Schema:
Highschooler(ID, _id, grade, name) | Friend(_id, friend_id, student_id)

SQL:
SELECT T2.name FROM Friend AS T1 JOIN Highschooler AS T2 ON T1.student_id = T2.id WHERE T2.grade > 5 GROUP BY T1.student_id HAVING count(*) >= 2

MQL:

2026-07-31 16:00:32,074 [INFO   ]   >> OUTPUT : db.Friend.aggregate([ { $lookup: { from: "Highschooler", localField: "student_id", foreignField: "id", as: "highschooler" } }, { $unwind: "$highschooler" }, { $match: { "highschooler.grade": { $gt: 5 } } }, { $group: { _id: "$student_id", name: { $first: "$name" }, count: { $sum: 1 } } }, { $match: { count: { $gte: 2 } } }, { $project: { name: 1 } } ])
2026-07-31 16:00:39,124 [INFO   ] [inference] generate_nosql  latency_sec=7.0451  input_tokens=114  output_tokens=135
2026-07-31 16:00:39,124 [INFO   ]   >> INPUT  : Translate the SQL query into an equivalent MongoDB MQL query using the provided schema.

Schema:
Highschooler(ID, _id, grade, name) | Friend(_id, friend_id, student_id)

SQL:
SELECT T2.name FROM Friend AS T1 JOIN Highschooler AS T2 ON T1.student_id = T2.id WHERE T2.grade > 5 GROUP BY T1.student_id HAVING count(*) >= 2

MQL:

2026-07-31 16:00:39,124 [INFO   ]   >> OUTPUT : db.Friend.aggregate([ { $lookup: { from: "Highschooler", localField: "student_id", foreignField: "id", as: "highschooler" } }, { $unwind: "$highschooler" }, { $match: { "highschooler.grade": { $gt: 5 } } }, { $group: { _id: "$student_id", name: { $first: "$name" }, count: { $sum: 1 } } }, { $match: { count: { $gte: 2 } } }, { $project: { name: 1 } } ])
2026-07-31 16:00:42,947 [INFO   ] [inference] generate_nosql  latency_sec=3.8168  input_tokens=99  output_tokens=71
2026-07-31 16:00:42,947 [INFO   ]   >> INPUT  : Translate the SQL query into an equivalent MongoDB MQL query using the provided schema.

Schema:
Highschooler(ID, _id, grade, name) | Likes(_id, liked_id, student_id)

SQL:
SELECT count(*) FROM Likes AS T1 JOIN Highschooler AS T2 ON T1.student_id = T2.id WHERE T2.name = "Kyle"

MQL:

2026-07-31 16:00:42,947 [INFO   ]   >> OUTPUT : db.Likes.aggregate([ { $lookup: { from: "Highschooler", localField: "student_id", foreignField: "id", as: "highschooler" } }, { $match: { "highschooler.name": "Kyle" } }, { $count: "count" } ])
2026-07-31 16:00:46,646 [INFO   ] [inference] generate_nosql  latency_sec=3.693  input_tokens=99  output_tokens=71
2026-07-31 16:00:46,646 [INFO   ]   >> INPUT  : Translate the SQL query into an equivalent MongoDB MQL query using the provided schema.

Schema:
Highschooler(ID, _id, grade, name) | Likes(_id, liked_id, student_id)

SQL:
SELECT count(*) FROM Likes AS T1 JOIN Highschooler AS T2 ON T1.student_id = T2.id WHERE T2.name = "Kyle"

MQL:

2026-07-31 16:00:46,646 [INFO   ]   >> OUTPUT : db.Likes.aggregate([ { $lookup: { from: "Highschooler", localField: "student_id", foreignField: "id", as: "highschooler" } }, { $match: { "highschooler.name": "Kyle" } }, { $count: "count" } ])
2026-07-31 16:00:54,122 [INFO   ] [inference] generate_nosql  latency_sec=7.4705  input_tokens=107  output_tokens=138
2026-07-31 16:00:54,122 [INFO   ]   >> INPUT  : Translate the SQL query into an equivalent MongoDB MQL query using the provided schema.

Schema:
Highschooler(ID, _id, grade, name) | Friend(_id, friend_id, student_id)

SQL:
SELECT avg(grade) FROM Highschooler WHERE id IN (SELECT T1.student_id FROM Friend AS T1 JOIN Highschooler AS T2 ON T1.student_id = T2.id)

MQL:

2026-07-31 16:00:54,122 [INFO   ]   >> OUTPUT : db.Student.aggregate([ { $lookup: { from: "Friend", localField: "ID", foreignField: "student_id", as: "friends" } }, { $unwind: "$friends" }, { $lookup: { from: "Highschooler", localField: "friends.friend_id", foreignField: "ID", as: "highschoolers" } }, { $unwind: "$highschoolers" }, { $group: { _id: null, avgGrade: { $avg: "$highschoolers.grade" } } }, { $project: { avgGrade: 1 } } ])
2026-07-31 16:01:00,829 [INFO   ] [inference] generate_nosql  latency_sec=6.7014  input_tokens=107  output_tokens=138
2026-07-31 16:01:00,829 [INFO   ]   >> INPUT  : Translate the SQL query into an equivalent MongoDB MQL query using the provided schema.

Schema:
Highschooler(ID, _id, grade, name) | Friend(_id, friend_id, student_id)

SQL:
SELECT avg(grade) FROM Highschooler WHERE id IN (SELECT T1.student_id FROM Friend AS T1 JOIN Highschooler AS T2 ON T1.student_id = T2.id)

MQL:

2026-07-31 16:01:00,829 [INFO   ]   >> OUTPUT : db.Student.aggregate([ { $lookup: { from: "Friend", localField: "ID", foreignField: "student_id", as: "friends" } }, { $unwind: "$friends" }, { $lookup: { from: "Highschooler", localField: "friends.friend_id", foreignField: "ID", as: "highschoolers" } }, { $unwind: "$highschoolers" }, { $group: { _id: null, avgGrade: { $avg: "$highschoolers.grade" } } }, { $project: { avgGrade: 1 } } ])
2026-07-31 16:01:05,911 [INFO   ] [inference] generate_nosql  latency_sec=5.0732  input_tokens=108  output_tokens=93
2026-07-31 16:01:05,912 [INFO   ]   >> INPUT  : Translate the SQL query into an equivalent MongoDB MQL query using the provided schema.

Schema:
Highschooler(ID, _id, grade, name) | Friend(_id, friend_id, student_id)

SQL:
SELECT min(grade) FROM Highschooler WHERE id NOT IN (SELECT T1.student_id FROM Friend AS T1 JOIN Highschooler AS T2 ON T1.student_id = T2.id)

MQL:

2026-07-31 16:01:05,912 [INFO   ]   >> OUTPUT : db.Highschooler.aggregate([ { $lookup: { from: "Friend", localField: "ID", foreignField: "student_id", as: "friends" } }, { $match: { "friends": { $size: 0 } } }, { $group: { _id: null, minGrade: { $min: "$grade" } } }, { $project: { minGrade: 1 } } ])
2026-07-31 16:01:10,187 [INFO   ] [inference] generate_nosql  latency_sec=4.2696  input_tokens=108  output_tokens=93
2026-07-31 16:01:10,187 [INFO   ]   >> INPUT  : Translate the SQL query into an equivalent MongoDB MQL query using the provided schema.

Schema:
Highschooler(ID, _id, grade, name) | Friend(_id, friend_id, student_id)

SQL:
SELECT min(grade) FROM Highschooler WHERE id NOT IN (SELECT T1.student_id FROM Friend AS T1 JOIN Highschooler AS T2 ON T1.student_id = T2.id)

MQL:

2026-07-31 16:01:10,188 [INFO   ]   >> OUTPUT : db.Highschooler.aggregate([ { $lookup: { from: "Friend", localField: "ID", foreignField: "student_id", as: "friends" } }, { $match: { "friends": { $size: 0 } } }, { $group: { _id: null, minGrade: { $min: "$grade" } } }, { $project: { minGrade: 1 } } ])
2026-07-31 16:01:14,612 [INFO   ] [inference] generate_nosql  latency_sec=4.4192  input_tokens=130  output_tokens=92
2026-07-31 16:01:14,612 [INFO   ]   >> INPUT  : Translate the SQL query into an equivalent MongoDB MQL query using the provided schema.

Schema:
Professionals(_id, cell_number, city, email_address, first_name, home_phone, last_name, professional_id, role_code, state, street, zip_code) | Owners(_id, cell_number, city, email_address, first_name, home_phone, last_name, owner_id, state, street, zip_code)

SQL:
SELECT state FROM Owners INTERSECT SELECT state FROM Professionals

MQL:

2026-07-31 16:01:14,612 [INFO   ]   >> OUTPUT : db.Owners.aggregate([ { $lookup: { from: "Professionals", localField: "owner_id", foreignField: "owner_id", as: "professionals" } }, { $match: { "professionals": { $ne: [] } } }, { $group: { _id: "$state" } }, { $project: { state: "$_id" } } ])
2026-07-31 16:01:19,527 [INFO   ] [inference] generate_nosql  latency_sec=4.9053  input_tokens=130  output_tokens=92
2026-07-31 16:01:19,527 [INFO   ]   >> INPUT  : Translate the SQL query into an equivalent MongoDB MQL query using the provided schema.

Schema:
Professionals(_id, cell_number, city, email_address, first_name, home_phone, last_name, professional_id, role_code, state, street, zip_code) | Owners(_id, cell_number, city, email_address, first_name, home_phone, last_name, owner_id, state, street, zip_code)

SQL:
SELECT state FROM Owners INTERSECT SELECT state FROM Professionals

MQL:

2026-07-31 16:01:19,527 [INFO   ]   >> OUTPUT : db.Owners.aggregate([ { $lookup: { from: "Professionals", localField: "owner_id", foreignField: "owner_id", as: "professionals" } }, { $match: { "professionals": { $ne: [] } } }, { $group: { _id: "$state" } }, { $project: { state: "$_id" } } ])
2026-07-31 16:01:26,492 [INFO   ] [inference] generate_nosql  latency_sec=6.9593  input_tokens=202  output_tokens=150
2026-07-31 16:01:26,492 [INFO   ]   >> INPUT  : Translate the SQL query into an equivalent MongoDB MQL query using the provided schema.

Schema:
Professionals(_id, cell_number, city, email_address, first_name, home_phone, last_name, professional_id, role_code, state, street, zip_code) | Treatments(_id, cost_of_treatment, date_of_treatment, dog_id, professional_id, treatment_id, treatment_type_code)

SQL:
SELECT professional_id , last_name , cell_number FROM Professionals WHERE state = 'Indiana' UNION SELECT T1.professional_id , T1.last_name , T1.cell_number FROM Professionals AS T1 JOIN Treatments AS T2 ON T1.professional_id = T2.professional_id GROUP BY T1.professional_id HAVING count(*) > 2

MQL:

2026-07-31 16:01:26,492 [INFO   ]   >> OUTPUT : db.Professionals.aggregate([ { $match: { state: "Indiana" } }, { $lookup: { from: "Treatments", localField: "professional_id", foreignField: "professional_id", as: "treatments" } }, { $unwind: "$treatments" }, { $group: { _id: "$professional_id", last_name: { $first: "$treatments.last_name" }, cell_number: { $first: "$treatments.cell_number" }, count: { $sum: 1 } } }, { $match: { count: { $gt: 2 } } }, { $project: { last
2026-07-31 16:01:33,563 [INFO   ] [inference] generate_nosql  latency_sec=7.0647  input_tokens=159  output_tokens=131
2026-07-31 16:01:33,563 [INFO   ]   >> INPUT  : Translate the SQL query into an equivalent MongoDB MQL query using the provided schema.

Schema:
Treatments(_id, cost_of_treatment, date_of_treatment, dog_id, professional_id, treatment_id, treatment_type_code) | Dogs(_id, abandoned_yn, age, breed_code, date_adopted, date_arrived, date_departed, date_of_birth, dog_id, gender, name, owner_id, size_code, weight)

SQL:
select name from dogs where dog_id not in ( select dog_id from treatments group by dog_id having sum(cost_of_treatment) > 1000 )

MQL:

2026-07-31 16:01:33,563 [INFO   ]   >> OUTPUT : db.Dogs.aggregate([ { $lookup: { from: "Treatments", localField: "dog_id", foreignField: "dog_id", as: "treatment_info" } }, { $unwind: "$treatment_info" }, { $group: { _id: "$dog_id", name: { $first: "$name" }, total_cost: { $sum: "$treatment_info.cost_of_treatment" } } }, { $match: { total_cost: { $gt: 1000 } } }, { $project: { name: 1 } } ])
2026-07-31 16:01:39,615 [INFO   ] [inference] generate_nosql  latency_sec=6.0467  input_tokens=159  output_tokens=131
2026-07-31 16:01:39,615 [INFO   ]   >> INPUT  : Translate the SQL query into an equivalent MongoDB MQL query using the provided schema.

Schema:
Treatments(_id, cost_of_treatment, date_of_treatment, dog_id, professional_id, treatment_id, treatment_type_code) | Dogs(_id, abandoned_yn, age, breed_code, date_adopted, date_arrived, date_departed, date_of_birth, dog_id, gender, name, owner_id, size_code, weight)

SQL:
select name from dogs where dog_id not in ( select dog_id from treatments group by dog_id having sum(cost_of_treatment) > 1000 )

MQL:

2026-07-31 16:01:39,615 [INFO   ]   >> OUTPUT : db.Dogs.aggregate([ { $lookup: { from: "Treatments", localField: "dog_id", foreignField: "dog_id", as: "treatment_info" } }, { $unwind: "$treatment_info" }, { $group: { _id: "$dog_id", name: { $first: "$name" }, total_cost: { $sum: "$treatment_info.cost_of_treatment" } } }, { $match: { total_cost: { $gt: 1000 } } }, { $project: { name: 1 } } ])
2026-07-31 16:01:46,464 [INFO   ] [inference] generate_nosql  latency_sec=6.842  input_tokens=180  output_tokens=91
2026-07-31 16:01:46,464 [INFO   ]   >> INPUT  : Translate the SQL query into an equivalent MongoDB MQL query using the provided schema.

Schema:
Professionals(_id, cell_number, city, email_address, first_name, home_phone, last_name, professional_id, role_code, state, street, zip_code) | Treatments(_id, cost_of_treatment, date_of_treatment, dog_id, professional_id, treatment_id, treatment_type_code)

SQL:
SELECT professional_id , role_code , email_address FROM Professionals EXCEPT SELECT T1.professional_id , T1.role_code , T1.email_address FROM Professionals AS T1 JOIN Treatments AS T2 ON T1.professional_id = T2.professional_id

MQL:

2026-07-31 16:01:46,464 [INFO   ]   >> OUTPUT : db.Professionals.aggregate([ { $lookup: { from: "Treatments", localField: "professional_id", foreignField: "professional_id", as: "treatments" } }, { $match: { "treatments": { $size: 0 } } }, { $project: { professional_id: 1, role_code: 1, email_address: 1 } } ])
2026-07-31 16:01:52,466 [INFO   ] [inference] generate_nosql  latency_sec=5.9956  input_tokens=180  output_tokens=91
2026-07-31 16:01:52,466 [INFO   ]   >> INPUT  : Translate the SQL query into an equivalent MongoDB MQL query using the provided schema.

Schema:
Professionals(_id, cell_number, city, email_address, first_name, home_phone, last_name, professional_id, role_code, state, street, zip_code) | Treatments(_id, cost_of_treatment, date_of_treatment, dog_id, professional_id, treatment_id, treatment_type_code)

SQL:
SELECT professional_id , role_code , email_address FROM Professionals EXCEPT SELECT T1.professional_id , T1.role_code , T1.email_address FROM Professionals AS T1 JOIN Treatments AS T2 ON T1.professional_id = T2.professional_id

MQL:

2026-07-31 16:01:52,466 [INFO   ]   >> OUTPUT : db.Professionals.aggregate([ { $lookup: { from: "Treatments", localField: "professional_id", foreignField: "professional_id", as: "treatments" } }, { $match: { "treatments": { $size: 0 } } }, { $project: { professional_id: 1, role_code: 1, email_address: 1 } } ])
2026-07-31 16:02:00,280 [INFO   ] [inference] generate_nosql  latency_sec=7.8088  input_tokens=192  output_tokens=150
2026-07-31 16:02:00,281 [INFO   ]   >> INPUT  : Translate the SQL query into an equivalent MongoDB MQL query using the provided schema.

Schema:
Owners(_id, cell_number, city, email_address, first_name, home_phone, last_name, owner_id, state, street, zip_code) | Dogs(_id, abandoned_yn, age, breed_code, date_adopted, date_arrived, date_departed, date_of_birth, dog_id, gender, name, owner_id, size_code, weight)

SQL:
SELECT T1.owner_id , T2.first_name , T2.last_name FROM Dogs AS T1 JOIN Owners AS T2 ON T1.owner_id = T2.owner_id GROUP BY T1.owner_id ORDER BY count(*) DESC LIMIT 1

MQL:

2026-07-31 16:02:00,281 [INFO   ]   >> OUTPUT : db.Dogs.aggregate([ { $lookup: { from: "Owners", localField: "owner_id", foreignField: "owner_id", as: "owner_info" } }, { $unwind: "$owner_info" }, { $group: { _id: "$owner_info.owner_id", first_name: { $first: "$owner_info.first_name" }, last_name: { $first: "$owner_info.last_name" }, count: { $sum: 1 } } }, { $sort: { count: -1 } }, { $limit: 1 }, { $project: { owner_id: "$_id", first
2026-07-31 16:02:07,117 [INFO   ] [inference] generate_nosql  latency_sec=6.8309  input_tokens=192  output_tokens=150
2026-07-31 16:02:07,117 [INFO   ]   >> INPUT  : Translate the SQL query into an equivalent MongoDB MQL query using the provided schema.

Schema:
Owners(_id, cell_number, city, email_address, first_name, home_phone, last_name, owner_id, state, street, zip_code) | Dogs(_id, abandoned_yn, age, breed_code, date_adopted, date_arrived, date_departed, date_of_birth, dog_id, gender, name, owner_id, size_code, weight)

SQL:
SELECT T1.owner_id , T2.first_name , T2.last_name FROM Dogs AS T1 JOIN Owners AS T2 ON T1.owner_id = T2.owner_id GROUP BY T1.owner_id ORDER BY count(*) DESC LIMIT 1

MQL:

2026-07-31 16:02:07,117 [INFO   ]   >> OUTPUT : db.Dogs.aggregate([ { $lookup: { from: "Owners", localField: "owner_id", foreignField: "owner_id", as: "owner_info" } }, { $unwind: "$owner_info" }, { $group: { _id: "$owner_info.owner_id", first_name: { $first: "$owner_info.first_name" }, last_name: { $first: "$owner_info.last_name" }, count: { $sum: 1 } } }, { $sort: { count: -1 } }, { $limit: 1 }, { $project: { owner_id: "$_id", first
2026-07-31 16:02:14,336 [INFO   ] [inference] generate_nosql  latency_sec=7.2131  input_tokens=179  output_tokens=137
2026-07-31 16:02:14,336 [INFO   ]   >> INPUT  : Translate the SQL query into an equivalent MongoDB MQL query using the provided schema.

Schema:
Professionals(_id, cell_number, city, email_address, first_name, home_phone, last_name, professional_id, role_code, state, street, zip_code) | Treatments(_id, cost_of_treatment, date_of_treatment, dog_id, professional_id, treatment_id, treatment_type_code)

SQL:
SELECT T1.professional_id , T1.role_code , T1.first_name FROM Professionals AS T1 JOIN Treatments AS T2 ON T1.professional_id = T2.professional_id GROUP BY T1.professional_id HAVING count(*) >= 2

MQL:

2026-07-31 16:02:14,336 [INFO   ]   >> OUTPUT : db.Professionals.aggregate([ { $lookup: { from: "Treatments", localField: "professional_id", foreignField: "professional_id", as: "treatment_info" } }, { $unwind: "$treatment_info" }, { $group: { _id: "$professional_id", role_code: { $first: "$role_code" }, count: { $sum: 1 } } }, { $match: { count: { $gte: 2 } } }, { $project: { role_code: "$_id", first_name: "$first_name" } } ])
2026-07-31 16:02:20,622 [INFO   ] [inference] generate_nosql  latency_sec=6.2802  input_tokens=179  output_tokens=137
2026-07-31 16:02:20,622 [INFO   ]   >> INPUT  : Translate the SQL query into an equivalent MongoDB MQL query using the provided schema.

Schema:
Professionals(_id, cell_number, city, email_address, first_name, home_phone, last_name, professional_id, role_code, state, street, zip_code) | Treatments(_id, cost_of_treatment, date_of_treatment, dog_id, professional_id, treatment_id, treatment_type_code)

SQL:
SELECT T1.professional_id , T1.role_code , T1.first_name FROM Professionals AS T1 JOIN Treatments AS T2 ON T1.professional_id = T2.professional_id GROUP BY T1.professional_id HAVING count(*) >= 2

MQL:

2026-07-31 16:02:20,622 [INFO   ]   >> OUTPUT : db.Professionals.aggregate([ { $lookup: { from: "Treatments", localField: "professional_id", foreignField: "professional_id", as: "treatment_info" } }, { $unwind: "$treatment_info" }, { $group: { _id: "$professional_id", role_code: { $first: "$role_code" }, count: { $sum: 1 } } }, { $match: { count: { $gte: 2 } } }, { $project: { role_code: "$_id", first_name: "$first_name" } } ])
2026-07-31 16:02:27,300 [INFO   ] [inference] generate_nosql  latency_sec=6.6713  input_tokens=157  output_tokens=123
2026-07-31 16:02:27,300 [INFO   ]   >> INPUT  : Translate the SQL query into an equivalent MongoDB MQL query using the provided schema.

Schema:
Breeds(_id, breed_code, breed_name) | Dogs(_id, abandoned_yn, age, breed_code, date_adopted, date_arrived, date_departed, date_of_birth, dog_id, gender, name, owner_id, size_code, weight)

SQL:
SELECT T1.breed_name FROM Breeds AS T1 JOIN Dogs AS T2 ON T1.breed_code = T2.breed_code GROUP BY T1.breed_name ORDER BY count(*) DESC LIMIT 1

MQL:

2026-07-31 16:02:27,300 [INFO   ]   >> OUTPUT : db.Dogs.aggregate([ { $lookup: { from: "Breeds", localField: "breed_code", foreignField: "breed_code", as: "breed_info" } }, { $unwind: "$breed_info" }, { $group: { _id: "$breed_info.breed_name", count: { $sum: 1 } } }, { $sort: { count: -1 } }, { $limit: 1 }, { $project: { breed_name: "$_id" } } ])
2026-07-31 16:02:32,961 [INFO   ] [inference] generate_nosql  latency_sec=5.6554  input_tokens=157  output_tokens=123
2026-07-31 16:02:32,961 [INFO   ]   >> INPUT  : Translate the SQL query into an equivalent MongoDB MQL query using the provided schema.

Schema:
Breeds(_id, breed_code, breed_name) | Dogs(_id, abandoned_yn, age, breed_code, date_adopted, date_arrived, date_departed, date_of_birth, dog_id, gender, name, owner_id, size_code, weight)

SQL:
SELECT T1.breed_name FROM Breeds AS T1 JOIN Dogs AS T2 ON T1.breed_code = T2.breed_code GROUP BY T1.breed_name ORDER BY count(*) DESC LIMIT 1

MQL:

2026-07-31 16:02:32,961 [INFO   ]   >> OUTPUT : db.Dogs.aggregate([ { $lookup: { from: "Breeds", localField: "breed_code", foreignField: "breed_code", as: "breed_info" } }, { $unwind: "$breed_info" }, { $group: { _id: "$breed_info.breed_name", count: { $sum: 1 } } }, { $sort: { count: -1 } }, { $limit: 1 }, { $project: { breed_name: "$_id" } } ])
2026-07-31 16:02:40,816 [INFO   ] [inference] generate_nosql  latency_sec=7.8488  input_tokens=242  output_tokens=150
2026-07-31 16:02:40,817 [INFO   ]   >> INPUT  : Translate the SQL query into an equivalent MongoDB MQL query using the provided schema.

Schema:
Treatments(_id, cost_of_treatment, date_of_treatment, dog_id, professional_id, treatment_id, treatment_type_code) | Owners(_id, cell_number, city, email_address, first_name, home_phone, last_name, owner_id, state, street, zip_code) | Dogs(_id, abandoned_yn, age, breed_code, date_adopted, date_arrived, date_departed, date_of_birth, dog_id, gender, name, owner_id, size_code, weight)

SQL:
SELECT T1.owner_id , T1.last_name FROM Owners AS T1 JOIN Dogs AS T2 ON T1.owner_id = T2.owner_id JOIN Treatments AS T3 ON T2.dog_id = T3.dog_id GROUP BY T1.owner_id ORDER BY count(*) DESC LIMIT 1

MQL:

2026-07-31 16:02:40,817 [INFO   ]   >> OUTPUT : db.Owners.aggregate([ { $lookup: { from: "Dogs", localField: "owner_id", foreignField: "owner_id", as: "dog_info" } }, { $unwind: "$dog_info" }, { $lookup: { from: "Treatments", localField: "owner_id", foreignField: "owner_id", as: "treatment_info" } }, { $unwind: "$treatment_info" }, { $group: { _id: "$owner_id", last_name: { $first: "$last_name" }, count: { $sum: 1 } } }, { $sort: { count: -
2026-07-31 16:02:46,637 [INFO   ] [inference] generate_nosql  latency_sec=5.8143  input_tokens=155  output_tokens=127
2026-07-31 16:02:46,637 [INFO   ]   >> INPUT  : Translate the SQL query into an equivalent MongoDB MQL query using the provided schema.

Schema:
Treatment_Types(_id, treatment_type_code, treatment_type_description) | Treatments(_id, cost_of_treatment, date_of_treatment, dog_id, professional_id, treatment_id, treatment_type_code)

SQL:
SELECT T1.treatment_type_description FROM Treatment_types AS T1 JOIN Treatments AS T2 ON T1.treatment_type_code = T2.treatment_type_code GROUP BY T1.treatment_type_code ORDER BY sum(cost_of_treatment) ASC LIMIT 1

MQL:

2026-07-31 16:02:46,637 [INFO   ]   >> OUTPUT : db.Treatment_Types.aggregate([ { $lookup: { from: "Treatments", localField: "treatment_type_code", foreignField: "treatment_type_code", as: "treatment_info" } }, { $unwind: "$treatment_info" }, { $group: { _id: "$treatment_info.treatment_type_description", count: { $sum: 1 } } }, { $sort: { count: 1 } }, { $limit: 1 }, { $project: { treatment_type_description: "$_id" } } ])
2026-07-31 16:02:53,487 [INFO   ] [inference] generate_nosql  latency_sec=6.8445  input_tokens=155  output_tokens=127
2026-07-31 16:02:53,487 [INFO   ]   >> INPUT  : Translate the SQL query into an equivalent MongoDB MQL query using the provided schema.

Schema:
Treatment_Types(_id, treatment_type_code, treatment_type_description) | Treatments(_id, cost_of_treatment, date_of_treatment, dog_id, professional_id, treatment_id, treatment_type_code)

SQL:
SELECT T1.treatment_type_description FROM Treatment_types AS T1 JOIN Treatments AS T2 ON T1.treatment_type_code = T2.treatment_type_code GROUP BY T1.treatment_type_code ORDER BY sum(cost_of_treatment) ASC LIMIT 1

MQL:

2026-07-31 16:02:53,487 [INFO   ]   >> OUTPUT : db.Treatment_Types.aggregate([ { $lookup: { from: "Treatments", localField: "treatment_type_code", foreignField: "treatment_type_code", as: "treatment_info" } }, { $unwind: "$treatment_info" }, { $group: { _id: "$treatment_info.treatment_type_description", count: { $sum: 1 } } }, { $sort: { count: 1 } }, { $limit: 1 }, { $project: { treatment_type_description: "$_id" } } ])
2026-07-31 16:03:00,521 [INFO   ] [inference] generate_nosql  latency_sec=7.0272  input_tokens=250  output_tokens=150
2026-07-31 16:03:00,521 [INFO   ]   >> INPUT  : Translate the SQL query into an equivalent MongoDB MQL query using the provided schema.

Schema:
Treatments(_id, cost_of_treatment, date_of_treatment, dog_id, professional_id, treatment_id, treatment_type_code) | Owners(_id, cell_number, city, email_address, first_name, home_phone, last_name, owner_id, state, street, zip_code) | Dogs(_id, abandoned_yn, age, breed_code, date_adopted, date_arrived, date_departed, date_of_birth, dog_id, gender, name, owner_id, size_code, weight)

SQL:
SELECT T1.owner_id , T1.zip_code FROM Owners AS T1 JOIN Dogs AS T2 ON T1.owner_id = T2.owner_id JOIN Treatments AS T3 ON T2.dog_id = T3.dog_id GROUP BY T1.owner_id ORDER BY sum(T3.cost_of_treatment) DESC LIMIT 1

MQL:

2026-07-31 16:03:00,521 [INFO   ]   >> OUTPUT : db.Owners.aggregate([ { $lookup: { from: "Dogs", localField: "owner_id", foreignField: "owner_id", as: "dog_info" } }, { $unwind: "$dog_info" }, { $lookup: { from: "Treatments", localField: "owner_id", foreignField: "owner_id", as: "treatment_info" } }, { $unwind: "$treatment_info" }, { $group: { _id: "$owner_id", zip_code: { $first: "$zip_code" }, total_cost: { $sum: "$treatment_info.cost_of_treatment
2026-07-31 16:03:08,445 [INFO   ] [inference] generate_nosql  latency_sec=7.9178  input_tokens=250  output_tokens=150
2026-07-31 16:03:08,445 [INFO   ]   >> INPUT  : Translate the SQL query into an equivalent MongoDB MQL query using the provided schema.

Schema:
Treatments(_id, cost_of_treatment, date_of_treatment, dog_id, professional_id, treatment_id, treatment_type_code) | Owners(_id, cell_number, city, email_address, first_name, home_phone, last_name, owner_id, state, street, zip_code) | Dogs(_id, abandoned_yn, age, breed_code, date_adopted, date_arrived, date_departed, date_of_birth, dog_id, gender, name, owner_id, size_code, weight)

SQL:
SELECT T1.owner_id , T1.zip_code FROM Owners AS T1 JOIN Dogs AS T2 ON T1.owner_id = T2.owner_id JOIN Treatments AS T3 ON T2.dog_id = T3.dog_id GROUP BY T1.owner_id ORDER BY sum(T3.cost_of_treatment) DESC LIMIT 1

MQL:

2026-07-31 16:03:08,445 [INFO   ]   >> OUTPUT : db.Owners.aggregate([ { $lookup: { from: "Dogs", localField: "owner_id", foreignField: "owner_id", as: "dog_info" } }, { $unwind: "$dog_info" }, { $lookup: { from: "Treatments", localField: "owner_id", foreignField: "owner_id", as: "treatment_info" } }, { $unwind: "$treatment_info" }, { $group: { _id: "$owner_id", zip_code: { $first: "$zip_code" }, total_cost: { $sum: "$treatment_info.cost_of_treatment
2026-07-31 16:03:12,982 [INFO   ] [inference] generate_nosql  latency_sec=4.5313  input_tokens=172  output_tokens=90
2026-07-31 16:03:12,983 [INFO   ]   >> INPUT  : Translate the SQL query into an equivalent MongoDB MQL query using the provided schema.

Schema:
Professionals(_id, cell_number, city, email_address, first_name, home_phone, last_name, professional_id, role_code, state, street, zip_code) | Treatments(_id, cost_of_treatment, date_of_treatment, dog_id, professional_id, treatment_id, treatment_type_code)

SQL:
SELECT T1.professional_id , T1.cell_number FROM Professionals AS T1 JOIN Treatments AS T2 ON T1.professional_id = T2.professional_id GROUP BY T1.professional_id HAVING count(*) >= 2

MQL:

2026-07-31 16:03:12,983 [INFO   ]   >> OUTPUT : db.Professionals.aggregate([ { $lookup: { from: "Treatments", localField: "professional_id", foreignField: "professional_id", as: "treatments" } }, { $match: { "treatments.1": { $exists: true } } }, { $project: { "professional_id": 1, "cell_number": 1 } } ])
2026-07-31 16:03:18,105 [INFO   ] [inference] generate_nosql  latency_sec=5.1165  input_tokens=172  output_tokens=90
2026-07-31 16:03:18,105 [INFO   ]   >> INPUT  : Translate the SQL query into an equivalent MongoDB MQL query using the provided schema.

Schema:
Professionals(_id, cell_number, city, email_address, first_name, home_phone, last_name, professional_id, role_code, state, street, zip_code) | Treatments(_id, cost_of_treatment, date_of_treatment, dog_id, professional_id, treatment_id, treatment_type_code)

SQL:
SELECT T1.professional_id , T1.cell_number FROM Professionals AS T1 JOIN Treatments AS T2 ON T1.professional_id = T2.professional_id GROUP BY T1.professional_id HAVING count(*) >= 2

MQL:

2026-07-31 16:03:18,105 [INFO   ]   >> OUTPUT : db.Professionals.aggregate([ { $lookup: { from: "Treatments", localField: "professional_id", foreignField: "professional_id", as: "treatments" } }, { $match: { "treatments.1": { $exists: true } } }, { $project: { "professional_id": 1, "cell_number": 1 } } ])
2026-07-31 16:03:23,069 [INFO   ] [inference] generate_nosql  latency_sec=4.9538  input_tokens=174  output_tokens=87
2026-07-31 16:03:23,069 [INFO   ]   >> INPUT  : Translate the SQL query into an equivalent MongoDB MQL query using the provided schema.

Schema:
Owners(_id, cell_number, city, email_address, first_name, home_phone, last_name, owner_id, state, street, zip_code) | Dogs(_id, abandoned_yn, age, breed_code, date_adopted, date_arrived, date_departed, date_of_birth, dog_id, gender, name, owner_id, size_code, weight)

SQL:
SELECT T1.first_name , T1.last_name , T2.size_code FROM Owners AS T1 JOIN Dogs AS T2 ON T1.owner_id = T2.owner_id

MQL:

2026-07-31 16:03:23,069 [INFO   ]   >> OUTPUT : db.Owners.aggregate([ { $lookup: { from: "Dogs", localField: "owner_id", foreignField: "owner_id", as: "dogs" } }, { $unwind: "$dogs" }, { $project: { first_name: 1, last_name: 1, size_code: "$dogs.size_code" } } ])
2026-07-31 16:03:26,992 [INFO   ] [inference] generate_nosql  latency_sec=3.9169  input_tokens=165  output_tokens=87
2026-07-31 16:03:26,992 [INFO   ]   >> INPUT  : Translate the SQL query into an equivalent MongoDB MQL query using the provided schema.

Schema:
Owners(_id, cell_number, city, email_address, first_name, home_phone, last_name, owner_id, state, street, zip_code) | Dogs(_id, abandoned_yn, age, breed_code, date_adopted, date_arrived, date_departed, date_of_birth, dog_id, gender, name, owner_id, size_code, weight)

SQL:
SELECT T1.first_name , T2.name FROM Owners AS T1 JOIN Dogs AS T2 ON T1.owner_id = T2.owner_id

MQL:

2026-07-31 16:03:26,992 [INFO   ]   >> OUTPUT : db.Owners.aggregate([ { $lookup: { from: "Dogs", localField: "owner_id", foreignField: "owner_id", as: "dogs" } }, { $unwind: "$dogs" }, { $project: { first_name: "$dogs.first_name", last_name: "$dogs.last_name" } } ])
2026-07-31 16:03:32,339 [INFO   ] [inference] generate_nosql  latency_sec=5.3411  input_tokens=174  output_tokens=99
2026-07-31 16:03:32,339 [INFO   ]   >> INPUT  : Translate the SQL query into an equivalent MongoDB MQL query using the provided schema.

Schema:
Owners(_id, cell_number, city, email_address, first_name, home_phone, last_name, owner_id, state, street, zip_code) | Dogs(_id, abandoned_yn, age, breed_code, date_adopted, date_arrived, date_departed, date_of_birth, dog_id, gender, name, owner_id, size_code, weight)

SQL:
SELECT T1.first_name , T2.name FROM Owners AS T1 JOIN Dogs AS T2 ON T1.owner_id = T2.owner_id WHERE T1.state = 'Virginia'

MQL:

2026-07-31 16:03:32,339 [INFO   ]   >> OUTPUT : db.Owners.aggregate([ { $match: { state: "Virginia" } }, { $lookup: { from: "Dogs", localField: "owner_id", foreignField: "owner_id", as: "dogs" } }, { $unwind: "$dogs" }, { $project: { first_name: "$dogs.first_name", last_name: "$dogs.last_name" } } ])
2026-07-31 16:03:34,207 [INFO   ] [inference] generate_nosql  latency_sec=1.8582  input_tokens=99  output_tokens=39
2026-07-31 16:03:34,207 [INFO   ]   >> INPUT  : Translate the SQL query into an equivalent MongoDB MQL query using the provided schema.

Schema:
Professionals(_id, cell_number, city, email_address, first_name, home_phone, last_name, professional_id, role_code, state, street, zip_code)

SQL:
SELECT email_address FROM Professionals WHERE state = 'Hawaii' OR state = 'Wisconsin'

MQL:

2026-07-31 16:03:34,207 [INFO   ]   >> OUTPUT : db.Professionals.find( { $or: [ { state: 'Hawaii' }, { state: 'Wisconsin' } ] }, { email_address: 1 } )
2026-07-31 16:03:35,962 [INFO   ] [inference] generate_nosql  latency_sec=1.7486  input_tokens=99  output_tokens=39
2026-07-31 16:03:35,962 [INFO   ]   >> INPUT  : Translate the SQL query into an equivalent MongoDB MQL query using the provided schema.

Schema:
Professionals(_id, cell_number, city, email_address, first_name, home_phone, last_name, professional_id, role_code, state, street, zip_code)

SQL:
SELECT email_address FROM Professionals WHERE state = 'Hawaii' OR state = 'Wisconsin'

MQL:

2026-07-31 16:03:35,962 [INFO   ]   >> OUTPUT : db.Professionals.find( { $or: [ { state: 'Hawaii' }, { state: 'Wisconsin' } ] }, { email_address: 1 } )
2026-07-31 16:03:37,663 [INFO   ] [inference] generate_nosql  latency_sec=1.6948  input_tokens=85  output_tokens=34
2026-07-31 16:03:37,663 [INFO   ]   >> INPUT  : Translate the SQL query into an equivalent MongoDB MQL query using the provided schema.

Schema:
Treatments(_id, cost_of_treatment, date_of_treatment, dog_id, professional_id, treatment_id, treatment_type_code)

SQL:
SELECT count(DISTINCT dog_id) FROM Treatments

MQL:

2026-07-31 16:03:37,663 [INFO   ]   >> OUTPUT : db.Treatments.aggregate([ { $group: { _id: "$dog_id" } }, { $count: "total" } ])
2026-07-31 16:03:39,366 [INFO   ] [inference] generate_nosql  latency_sec=1.6963  input_tokens=85  output_tokens=38
2026-07-31 16:03:39,366 [INFO   ]   >> INPUT  : Translate the SQL query into an equivalent MongoDB MQL query using the provided schema.

Schema:
Treatments(_id, cost_of_treatment, date_of_treatment, dog_id, professional_id, treatment_id, treatment_type_code)

SQL:
SELECT count(DISTINCT professional_id) FROM Treatments

MQL:

2026-07-31 16:03:39,366 [INFO   ]   >> OUTPUT : db.Treatments.aggregate([ { $group: { _id: "$professional_id" } }, { $count: "total_treatments" } ])
2026-07-31 16:03:41,053 [INFO   ] [inference] generate_nosql  latency_sec=1.6812  input_tokens=99  output_tokens=37
2026-07-31 16:03:41,054 [INFO   ]   >> INPUT  : Translate the SQL query into an equivalent MongoDB MQL query using the provided schema.

Schema:
Professionals(_id, cell_number, city, email_address, first_name, home_phone, last_name, professional_id, role_code, state, street, zip_code)

SQL:
SELECT role_code , street , city , state FROM professionals WHERE city LIKE '%West%'

MQL:

2026-07-31 16:03:41,054 [INFO   ]   >> OUTPUT : db.Professionals.find( { city: /West/i }, { role_code: 1, street: 1, city: 1, state: 1 } )
2026-07-31 16:03:42,771 [INFO   ] [inference] generate_nosql  latency_sec=1.712  input_tokens=99  output_tokens=37
2026-07-31 16:03:42,772 [INFO   ]   >> INPUT  : Translate the SQL query into an equivalent MongoDB MQL query using the provided schema.

Schema:
Professionals(_id, cell_number, city, email_address, first_name, home_phone, last_name, professional_id, role_code, state, street, zip_code)

SQL:
SELECT role_code , street , city , state FROM professionals WHERE city LIKE '%West%'

MQL:

2026-07-31 16:03:42,772 [INFO   ]   >> OUTPUT : db.Professionals.find( { city: /West/i }, { role_code: 1, street: 1, city: 1, state: 1 } )
2026-07-31 16:03:45,127 [INFO   ] [inference] generate_nosql  latency_sec=2.3449  input_tokens=96  output_tokens=33
2026-07-31 16:03:45,127 [INFO   ]   >> INPUT  : Translate the SQL query into an equivalent MongoDB MQL query using the provided schema.

Schema:
Owners(_id, cell_number, city, email_address, first_name, home_phone, last_name, owner_id, state, street, zip_code)

SQL:
SELECT first_name , last_name , email_address FROM Owners WHERE state LIKE '%North%'

MQL:

2026-07-31 16:03:45,127 [INFO   ]   >> OUTPUT : db.Owners.find({state: 'North'}, {first_name: 1, last_name: 1, email_address: 1})
2026-07-31 16:03:47,195 [INFO   ] [inference] generate_nosql  latency_sec=2.0574  input_tokens=96  output_tokens=33
2026-07-31 16:03:47,195 [INFO   ]   >> INPUT  : Translate the SQL query into an equivalent MongoDB MQL query using the provided schema.

Schema:
Owners(_id, cell_number, city, email_address, first_name, home_phone, last_name, owner_id, state, street, zip_code)

SQL:
SELECT first_name , last_name , email_address FROM Owners WHERE state LIKE '%North%'

MQL:

2026-07-31 16:03:47,195 [INFO   ]   >> OUTPUT : db.Owners.find({state: 'North'}, {first_name: 1, last_name: 1, email_address: 1})
2026-07-31 16:03:48,847 [INFO   ] [inference] generate_nosql  latency_sec=1.646  input_tokens=92  output_tokens=36
2026-07-31 16:03:48,847 [INFO   ]   >> INPUT  : Translate the SQL query into an equivalent MongoDB MQL query using the provided schema.

Schema:
Treatments(_id, cost_of_treatment, date_of_treatment, dog_id, professional_id, treatment_id, treatment_type_code)

SQL:
SELECT cost_of_treatment FROM Treatments ORDER BY date_of_treatment DESC LIMIT 1

MQL:

2026-07-31 16:03:48,847 [INFO   ]   >> OUTPUT : db.Treatments.find({}, { cost_of_treatment: 1 }).sort({ date_of_treatment: -1 }).limit(1)
2026-07-31 16:03:50,492 [INFO   ] [inference] generate_nosql  latency_sec=1.6394  input_tokens=92  output_tokens=36
2026-07-31 16:03:50,492 [INFO   ]   >> INPUT  : Translate the SQL query into an equivalent MongoDB MQL query using the provided schema.

Schema:
Treatments(_id, cost_of_treatment, date_of_treatment, dog_id, professional_id, treatment_id, treatment_type_code)

SQL:
SELECT cost_of_treatment FROM Treatments ORDER BY date_of_treatment DESC LIMIT 1

MQL:

2026-07-31 16:03:50,492 [INFO   ]   >> OUTPUT : db.Treatments.find({}, { cost_of_treatment: 1 }).sort({ date_of_treatment: -1 }).limit(1)
2026-07-31 16:03:54,241 [INFO   ] [inference] generate_nosql  latency_sec=3.7423  input_tokens=146  output_tokens=77
2026-07-31 16:03:54,241 [INFO   ]   >> INPUT  : Translate the SQL query into an equivalent MongoDB MQL query using the provided schema.

Schema:
Treatments(_id, cost_of_treatment, date_of_treatment, dog_id, professional_id, treatment_id, treatment_type_code) | Dogs(_id, abandoned_yn, age, breed_code, date_adopted, date_arrived, date_departed, date_of_birth, dog_id, gender, name, owner_id, size_code, weight)

SQL:
SELECT count(*) FROM Dogs WHERE dog_id NOT IN ( SELECT dog_id FROM Treatments )

MQL:

2026-07-31 16:03:54,241 [INFO   ]   >> OUTPUT : db.Dogs.aggregate([ { $lookup: { from: "Treatments", localField: "dog_id", foreignField: "dog_id", as: "treatment_count" } }, { $match: { treatment_count: { $size: 0 } } }, { $count: "no_treatment_count" } ])
2026-07-31 16:03:58,336 [INFO   ] [inference] generate_nosql  latency_sec=4.0896  input_tokens=145  output_tokens=77
2026-07-31 16:03:58,337 [INFO   ]   >> INPUT  : Translate the SQL query into an equivalent MongoDB MQL query using the provided schema.

Schema:
Treatments(_id, cost_of_treatment, date_of_treatment, dog_id, professional_id, treatment_id, treatment_type_code) | Dogs(_id, abandoned_yn, age, breed_code, date_adopted, date_arrived, date_departed, date_of_birth, dog_id, gender, name, owner_id, size_code, weight)

SQL:
select count(*) from dogs where dog_id not in ( select dog_id from treatments )

MQL:

2026-07-31 16:03:58,337 [INFO   ]   >> OUTPUT : db.Dogs.aggregate([ { $lookup: { from: "Treatments", localField: "dog_id", foreignField: "dog_id", as: "treatment_count" } }, { $match: { treatment_count: { $size: 0 } } }, { $count: "no_treatment_count" } ])
2026-07-31 16:04:02,194 [INFO   ] [inference] generate_nosql  latency_sec=3.8433  input_tokens=148  output_tokens=76
2026-07-31 16:04:02,194 [INFO   ]   >> INPUT  : Translate the SQL query into an equivalent MongoDB MQL query using the provided schema.

Schema:
Owners(_id, cell_number, city, email_address, first_name, home_phone, last_name, owner_id, state, street, zip_code) | Dogs(_id, abandoned_yn, age, breed_code, date_adopted, date_arrived, date_departed, date_of_birth, dog_id, gender, name, owner_id, size_code, weight)

SQL:
SELECT count(*) FROM Owners WHERE owner_id NOT IN ( SELECT owner_id FROM Dogs )

MQL:

2026-07-31 16:04:02,194 [INFO   ]   >> OUTPUT : db.Owners.aggregate([ { $lookup: { from: "Dogs", localField: "owner_id", foreignField: "owner_id", as: "dogs" } }, { $match: { "dogs": { $size: 0 } } }, { $count: "no_dogs_count" } ])
2026-07-31 16:04:05,644 [INFO   ] [inference] generate_nosql  latency_sec=3.4447  input_tokens=148  output_tokens=76
2026-07-31 16:04:05,645 [INFO   ]   >> INPUT  : Translate the SQL query into an equivalent MongoDB MQL query using the provided schema.

Schema:
Owners(_id, cell_number, city, email_address, first_name, home_phone, last_name, owner_id, state, street, zip_code) | Dogs(_id, abandoned_yn, age, breed_code, date_adopted, date_arrived, date_departed, date_of_birth, dog_id, gender, name, owner_id, size_code, weight)

SQL:
SELECT count(*) FROM Owners WHERE owner_id NOT IN ( SELECT owner_id FROM Dogs )

MQL:

2026-07-31 16:04:05,645 [INFO   ]   >> OUTPUT : db.Owners.aggregate([ { $lookup: { from: "Dogs", localField: "owner_id", foreignField: "owner_id", as: "dogs" } }, { $match: { "dogs": { $size: 0 } } }, { $count: "no_dogs_count" } ])
2026-07-31 16:04:09,371 [INFO   ] [inference] generate_nosql  latency_sec=3.7165  input_tokens=137  output_tokens=79
2026-07-31 16:04:09,371 [INFO   ]   >> INPUT  : Translate the SQL query into an equivalent MongoDB MQL query using the provided schema.

Schema:
Professionals(_id, cell_number, city, email_address, first_name, home_phone, last_name, professional_id, role_code, state, street, zip_code) | Treatments(_id, cost_of_treatment, date_of_treatment, dog_id, professional_id, treatment_id, treatment_type_code)

SQL:
SELECT count(*) FROM Professionals WHERE professional_id NOT IN ( SELECT professional_id FROM Treatments )

MQL:

2026-07-31 16:04:09,371 [INFO   ]   >> OUTPUT : db.Professionals.aggregate([ { $lookup: { from: "Treatments", localField: "professional_id", foreignField: "professional_id", as: "treatments" } }, { $match: { "treatments": { $size: 0 } } }, { $count: "no_professional_count" } ])
2026-07-31 16:04:14,130 [INFO   ] [inference] generate_nosql  latency_sec=4.7527  input_tokens=137  output_tokens=79
2026-07-31 16:04:14,131 [INFO   ]   >> INPUT  : Translate the SQL query into an equivalent MongoDB MQL query using the provided schema.

Schema:
Professionals(_id, cell_number, city, email_address, first_name, home_phone, last_name, professional_id, role_code, state, street, zip_code) | Treatments(_id, cost_of_treatment, date_of_treatment, dog_id, professional_id, treatment_id, treatment_type_code)

SQL:
SELECT count(*) FROM Professionals WHERE professional_id NOT IN ( SELECT professional_id FROM Treatments )

MQL:

2026-07-31 16:04:14,131 [INFO   ]   >> OUTPUT : db.Professionals.aggregate([ { $lookup: { from: "Treatments", localField: "professional_id", foreignField: "professional_id", as: "treatments" } }, { $match: { "treatments": { $size: 0 } } }, { $count: "no_professional_count" } ])
2026-07-31 16:04:15,458 [INFO   ] [inference] generate_nosql  latency_sec=1.3218  input_tokens=96  output_tokens=29
2026-07-31 16:04:15,459 [INFO   ]   >> INPUT  : Translate the SQL query into an equivalent MongoDB MQL query using the provided schema.

Schema:
Dogs(_id, abandoned_yn, age, breed_code, date_adopted, date_arrived, date_departed, date_of_birth, dog_id, gender, name, owner_id, size_code, weight)

SQL:
SELECT max(age) FROM Dogs

MQL:

2026-07-31 16:04:15,459 [INFO   ]   >> OUTPUT : db.Dogs.find({}, {max_age: 1}).sort({age: -1}).limit(1)
2026-07-31 16:04:16,775 [INFO   ] [inference] generate_nosql  latency_sec=1.3104  input_tokens=96  output_tokens=29
2026-07-31 16:04:16,776 [INFO   ]   >> INPUT  : Translate the SQL query into an equivalent MongoDB MQL query using the provided schema.

Schema:
Dogs(_id, abandoned_yn, age, breed_code, date_adopted, date_arrived, date_departed, date_of_birth, dog_id, gender, name, owner_id, size_code, weight)

SQL:
SELECT max(age) FROM Dogs

MQL:

2026-07-31 16:04:16,776 [INFO   ]   >> OUTPUT : db.Dogs.find({}, {max_age: 1}).sort({age: -1}).limit(1)
2026-07-31 16:04:17,727 [INFO   ] [inference] generate_nosql  latency_sec=0.9453  input_tokens=61  output_tokens=21
2026-07-31 16:04:17,727 [INFO   ]   >> INPUT  : Translate the SQL query into an equivalent MongoDB MQL query using the provided schema.

Schema:
Charges(_id, charge_amount, charge_id, charge_type)

SQL:
SELECT charge_type , charge_amount FROM Charges

MQL:

2026-07-31 16:04:17,727 [INFO   ]   >> OUTPUT : db.Charges.find({}, {charge_type: 1, charge_amount: 1})
2026-07-31 16:04:18,676 [INFO   ] [inference] generate_nosql  latency_sec=0.9427  input_tokens=61  output_tokens=21
2026-07-31 16:04:18,677 [INFO   ]   >> INPUT  : Translate the SQL query into an equivalent MongoDB MQL query using the provided schema.

Schema:
Charges(_id, charge_amount, charge_id, charge_type)

SQL:
SELECT charge_type , charge_amount FROM Charges

MQL:

2026-07-31 16:04:18,677 [INFO   ]   >> OUTPUT : db.Charges.find({}, {charge_type: 1, charge_amount: 1})
2026-07-31 16:04:20,873 [INFO   ] [inference] generate_nosql  latency_sec=2.1906  input_tokens=60  output_tokens=47
2026-07-31 16:04:20,873 [INFO   ]   >> INPUT  : Translate the SQL query into an equivalent MongoDB MQL query using the provided schema.

Schema:
Charges(_id, charge_amount, charge_id, charge_type)

SQL:
SELECT max(charge_amount) FROM Charges

MQL:

2026-07-31 16:04:20,873 [INFO   ]   >> OUTPUT : db.Charges.aggregate([ { $group: { _id: null, maxChargeAmount: { $max: "$charge_amount" } } }, { $project: { maxChargeAmount: 1 } } ])
2026-07-31 16:04:23,061 [INFO   ] [inference] generate_nosql  latency_sec=2.1812  input_tokens=60  output_tokens=47
2026-07-31 16:04:23,061 [INFO   ]   >> INPUT  : Translate the SQL query into an equivalent MongoDB MQL query using the provided schema.

Schema:
Charges(_id, charge_amount, charge_id, charge_type)

SQL:
SELECT max(charge_amount) FROM Charges

MQL:

2026-07-31 16:04:23,061 [INFO   ]   >> OUTPUT : db.Charges.aggregate([ { $group: { _id: null, maxChargeAmount: { $max: "$charge_amount" } } }, { $project: { maxChargeAmount: 1 } } ])
2026-07-31 16:04:24,752 [INFO   ] [inference] generate_nosql  latency_sec=1.6859  input_tokens=93  output_tokens=29
2026-07-31 16:04:24,754 [INFO   ]   >> INPUT  : Translate the SQL query into an equivalent MongoDB MQL query using the provided schema.

Schema:
Professionals(_id, cell_number, city, email_address, first_name, home_phone, last_name, professional_id, role_code, state, street, zip_code)

SQL:
SELECT email_address , cell_number , home_phone FROM professionals

MQL:

2026-07-31 16:04:24,754 [INFO   ]   >> OUTPUT : db.Professionals.find({}, {email_address: 1, cell_number: 1, home_phone: 1})
2026-07-31 16:04:26,499 [INFO   ] [inference] generate_nosql  latency_sec=1.7346  input_tokens=93  output_tokens=29
2026-07-31 16:04:26,500 [INFO   ]   >> INPUT  : Translate the SQL query into an equivalent MongoDB MQL query using the provided schema.

Schema:
Professionals(_id, cell_number, city, email_address, first_name, home_phone, last_name, professional_id, role_code, state, street, zip_code)

SQL:
SELECT email_address , cell_number , home_phone FROM professionals

MQL:

2026-07-31 16:04:26,500 [INFO   ]   >> OUTPUT : db.Professionals.find({}, {email_address: 1, cell_number: 1, home_phone: 1})
2026-07-31 16:04:29,275 [INFO   ] [inference] generate_nosql  latency_sec=2.7636  input_tokens=103  output_tokens=23
2026-07-31 16:04:29,275 [INFO   ]   >> INPUT  : Translate the SQL query into an equivalent MongoDB MQL query using the provided schema.

Schema:
Dogs(_id, abandoned_yn, age, breed_code, date_adopted, date_arrived, date_departed, date_of_birth, dog_id, gender, name, owner_id, size_code, weight)

SQL:
SELECT DISTINCT breed_code , size_code FROM dogs

MQL:

2026-07-31 16:04:29,275 [INFO   ]   >> OUTPUT : db.Dogs.find({}, {breed_code: 1, size_code: 1})
2026-07-31 16:04:31,904 [INFO   ] [inference] generate_nosql  latency_sec=2.6229  input_tokens=103  output_tokens=23
2026-07-31 16:04:31,905 [INFO   ]   >> INPUT  : Translate the SQL query into an equivalent MongoDB MQL query using the provided schema.

Schema:
Dogs(_id, abandoned_yn, age, breed_code, date_adopted, date_arrived, date_departed, date_of_birth, dog_id, gender, name, owner_id, size_code, weight)

SQL:
SELECT DISTINCT breed_code , size_code FROM dogs

MQL:

2026-07-31 16:04:31,905 [INFO   ]   >> OUTPUT : db.Dogs.find({}, {breed_code: 1, size_code: 1})
2026-07-31 16:04:39,356 [INFO   ] [inference] generate_nosql  latency_sec=7.4445  input_tokens=206  output_tokens=150
2026-07-31 16:04:39,356 [INFO   ]   >> INPUT  : Translate the SQL query into an equivalent MongoDB MQL query using the provided schema.

Schema:
Treatment_Types(_id, treatment_type_code, treatment_type_description) | Professionals(_id, cell_number, city, email_address, first_name, home_phone, last_name, professional_id, role_code, state, street, zip_code) | Treatments(_id, cost_of_treatment, date_of_treatment, dog_id, professional_id, treatment_id, treatment_type_code)

SQL:
SELECT DISTINCT T1.first_name , T3.treatment_type_description FROM professionals AS T1 JOIN Treatments AS T2 ON T1.professional_id = T2.professional_id JOIN Treatment_types AS T3 ON T2.treatment_type_code = T3.treatment_type_code

MQL:

2026-07-31 16:04:39,357 [INFO   ]   >> OUTPUT : db.Professionals.aggregate([ { $lookup: { from: "Treatments", localField: "professional_id", foreignField: "professional_id", as: "treatments" } }, { $unwind: "$treatments" }, { $lookup: { from: "Treatment_Types", localField: "treatments.treatment_type_code", foreignField: "treatment_type_code", as: "treatment_types" } }, { $unwind: "$treatment_types" }, { $group: { _id: "$first_name", types: { $addToSet: "$treatment_types.treatment_type_description" } }
2026-07-31 16:04:40,911 [INFO   ] [inference] generate_nosql  latency_sec=1.5436  input_tokens=75  output_tokens=27
2026-07-31 16:04:40,912 [INFO   ]   >> INPUT  : Translate the SQL query into an equivalent MongoDB MQL query using the provided schema.

Schema:
singer(Birth_Year, Citizenship, Name, Net_Worth_Millions, Singer_ID, _id)

SQL:
SELECT Name FROM singer ORDER BY Net_Worth_Millions ASC

MQL:

2026-07-31 16:04:40,912 [INFO   ]   >> OUTPUT : db.singer.find({}, {Name: 1}).sort({Net_Worth_Millions: 1})
2026-07-31 16:04:42,175 [INFO   ] [inference] generate_nosql  latency_sec=1.2574  input_tokens=75  output_tokens=27
2026-07-31 16:04:42,175 [INFO   ]   >> INPUT  : Translate the SQL query into an equivalent MongoDB MQL query using the provided schema.

Schema:
singer(Birth_Year, Citizenship, Name, Net_Worth_Millions, Singer_ID, _id)

SQL:
SELECT Name FROM singer ORDER BY Net_Worth_Millions ASC

MQL:

2026-07-31 16:04:42,175 [INFO   ]   >> OUTPUT : db.singer.find({}, {Name: 1}).sort({Net_Worth_Millions: 1})
2026-07-31 16:04:43,062 [INFO   ] [inference] generate_nosql  latency_sec=0.8807  input_tokens=69  output_tokens=20
2026-07-31 16:04:43,062 [INFO   ]   >> INPUT  : Translate the SQL query into an equivalent MongoDB MQL query using the provided schema.

Schema:
singer(Birth_Year, Citizenship, Name, Net_Worth_Millions, Singer_ID, _id)

SQL:
SELECT Birth_Year , Citizenship FROM singer

MQL:

2026-07-31 16:04:43,062 [INFO   ]   >> OUTPUT : db.singer.find({}, { Birth_Year: 1, Citizenship: 1})
2026-07-31 16:04:43,975 [INFO   ] [inference] generate_nosql  latency_sec=0.9066  input_tokens=69  output_tokens=20
2026-07-31 16:04:43,975 [INFO   ]   >> INPUT  : Translate the SQL query into an equivalent MongoDB MQL query using the provided schema.

Schema:
singer(Birth_Year, Citizenship, Name, Net_Worth_Millions, Singer_ID, _id)

SQL:
SELECT Birth_Year , Citizenship FROM singer

MQL:

2026-07-31 16:04:43,975 [INFO   ]   >> OUTPUT : db.singer.find({}, { Birth_Year: 1, Citizenship: 1})
2026-07-31 16:04:47,295 [INFO   ] [inference] generate_nosql  latency_sec=3.3133  input_tokens=71  output_tokens=33
2026-07-31 16:04:47,295 [INFO   ]   >> INPUT  : Translate the SQL query into an equivalent MongoDB MQL query using the provided schema.

Schema:
singer(Birth_Year, Citizenship, Name, Net_Worth_Millions, Singer_ID, _id)

SQL:
SELECT Name FROM singer WHERE Citizenship != "France"

MQL:

2026-07-31 16:04:47,295 [INFO   ]   >> OUTPUT : db.singer.find({ "Citizenship": { $ne: "France" } }, { "Name": 1, "_id": 0 })
2026-07-31 16:04:50,751 [INFO   ] [inference] generate_nosql  latency_sec=3.4462  input_tokens=71  output_tokens=33
2026-07-31 16:04:50,751 [INFO   ]   >> INPUT  : Translate the SQL query into an equivalent MongoDB MQL query using the provided schema.

Schema:
singer(Birth_Year, Citizenship, Name, Net_Worth_Millions, Singer_ID, _id)

SQL:
SELECT Name FROM singer WHERE Citizenship != "France"

MQL:

2026-07-31 16:04:50,751 [INFO   ]   >> OUTPUT : db.singer.find({ "Citizenship": { $ne: "France" } }, { "Name": 1, "_id": 0 })
2026-07-31 16:04:52,801 [INFO   ] [inference] generate_nosql  latency_sec=2.039  input_tokens=77  output_tokens=28
2026-07-31 16:04:52,801 [INFO   ]   >> INPUT  : Translate the SQL query into an equivalent MongoDB MQL query using the provided schema.

Schema:
singer(Birth_Year, Citizenship, Name, Net_Worth_Millions, Singer_ID, _id)

SQL:
SELECT Name FROM singer WHERE Birth_Year = 1948 OR Birth_Year = 1949

MQL:

2026-07-31 16:04:52,801 [INFO   ]   >> OUTPUT : db.singer.find({ Birth_Year: { $in: [ 1948, 1949 ] } }, { Name: 1 })
2026-07-31 16:04:54,658 [INFO   ] [inference] generate_nosql  latency_sec=1.8468  input_tokens=77  output_tokens=28
2026-07-31 16:04:54,660 [INFO   ]   >> INPUT  : Translate the SQL query into an equivalent MongoDB MQL query using the provided schema.

Schema:
singer(Birth_Year, Citizenship, Name, Net_Worth_Millions, Singer_ID, _id)

SQL:
SELECT Name FROM singer WHERE Birth_Year = 1948 OR Birth_Year = 1949

MQL:

2026-07-31 16:04:54,660 [INFO   ]   >> OUTPUT : db.singer.find({ Birth_Year: { $in: [ 1948, 1949 ] } }, { Name: 1 })
2026-07-31 16:04:56,167 [INFO   ] [inference] generate_nosql  latency_sec=1.4963  input_tokens=79  output_tokens=33
2026-07-31 16:04:56,168 [INFO   ]   >> INPUT  : Translate the SQL query into an equivalent MongoDB MQL query using the provided schema.

Schema:
singer(Birth_Year, Citizenship, Name, Net_Worth_Millions, Singer_ID, _id)

SQL:
SELECT Name FROM singer ORDER BY Net_Worth_Millions DESC LIMIT 1

MQL:

2026-07-31 16:04:56,168 [INFO   ]   >> OUTPUT : db.singer.find({}, {Name: 1}).sort({Net_Worth_Millions: -1}).limit(1)
2026-07-31 16:04:57,666 [INFO   ] [inference] generate_nosql  latency_sec=1.4921  input_tokens=79  output_tokens=33
2026-07-31 16:04:57,667 [INFO   ]   >> INPUT  : Translate the SQL query into an equivalent MongoDB MQL query using the provided schema.

Schema:
singer(Birth_Year, Citizenship, Name, Net_Worth_Millions, Singer_ID, _id)

SQL:
SELECT Name FROM singer ORDER BY Net_Worth_Millions DESC LIMIT 1

MQL:

2026-07-31 16:04:57,667 [INFO   ]   >> OUTPUT : db.singer.find({}, {Name: 1}).sort({Net_Worth_Millions: -1}).limit(1)
2026-07-31 16:04:59,886 [INFO   ] [inference] generate_nosql  latency_sec=2.2133  input_tokens=73  output_tokens=33
2026-07-31 16:04:59,887 [INFO   ]   >> INPUT  : Translate the SQL query into an equivalent MongoDB MQL query using the provided schema.

Schema:
singer(Birth_Year, Citizenship, Name, Net_Worth_Millions, Singer_ID, _id)

SQL:
SELECT Citizenship , COUNT(*) FROM singer GROUP BY Citizenship

MQL:

2026-07-31 16:04:59,887 [INFO   ]   >> OUTPUT : db.singer.aggregate([ { $group: { _id: "$Citizenship", count: { $sum: 1 } } } ])
2026-07-31 16:05:02,116 [INFO   ] [inference] generate_nosql  latency_sec=2.2216  input_tokens=73  output_tokens=33
2026-07-31 16:05:02,116 [INFO   ]   >> INPUT  : Translate the SQL query into an equivalent MongoDB MQL query using the provided schema.

Schema:
singer(Birth_Year, Citizenship, Name, Net_Worth_Millions, Singer_ID, _id)

SQL:
SELECT Citizenship , COUNT(*) FROM singer GROUP BY Citizenship

MQL:

2026-07-31 16:05:02,116 [INFO   ]   >> OUTPUT : db.singer.aggregate([ { $group: { _id: "$Citizenship", count: { $sum: 1 } } } ])
2026-07-31 16:05:05,185 [INFO   ] [inference] generate_nosql  latency_sec=3.0625  input_tokens=79  output_tokens=61
2026-07-31 16:05:05,185 [INFO   ]   >> INPUT  : Translate the SQL query into an equivalent MongoDB MQL query using the provided schema.

Schema:
singer(Birth_Year, Citizenship, Name, Net_Worth_Millions, Singer_ID, _id)

SQL:
SELECT Citizenship FROM singer GROUP BY Citizenship ORDER BY COUNT(*) DESC LIMIT 1

MQL:

2026-07-31 16:05:05,185 [INFO   ]   >> OUTPUT : db.singer.aggregate([ { $group: { _id: "$Citizenship", count: { $sum: 1 } } }, { $sort: { count: -1 } }, { $limit: 1 }, { $project: { _id: 1 } } ])
2026-07-31 16:05:08,624 [INFO   ] [inference] generate_nosql  latency_sec=3.4281  input_tokens=76  output_tokens=50
2026-07-31 16:05:08,625 [INFO   ]   >> INPUT  : Translate the SQL query into an equivalent MongoDB MQL query using the provided schema.

Schema:
singer(Birth_Year, Citizenship, Name, Net_Worth_Millions, Singer_ID, _id)

SQL:
select citizenship from singer group by citizenship order by count(*) desc limit 1

MQL:

2026-07-31 16:05:08,625 [INFO   ]   >> OUTPUT : db.singer.aggregate([ { $group: { _id: "$Citizenship", count: { $sum: 1 } } }, { $sort: { count: -1 } }, { $limit: 1 } ])
2026-07-31 16:05:11,550 [INFO   ] [inference] generate_nosql  latency_sec=2.9184  input_tokens=79  output_tokens=44
2026-07-31 16:05:11,550 [INFO   ]   >> INPUT  : Translate the SQL query into an equivalent MongoDB MQL query using the provided schema.

Schema:
singer(Birth_Year, Citizenship, Name, Net_Worth_Millions, Singer_ID, _id)

SQL:
SELECT Citizenship , max(Net_Worth_Millions) FROM singer GROUP BY Citizenship

MQL:

2026-07-31 16:05:11,550 [INFO   ]   >> OUTPUT : db.singer.aggregate([ { $group: { _id: "$Citizenship", maxNetWorth: { $max: "$Net_Worth_Millions" } } } ])
2026-07-31 16:05:14,469 [INFO   ] [inference] generate_nosql  latency_sec=2.9126  input_tokens=79  output_tokens=44
2026-07-31 16:05:14,469 [INFO   ]   >> INPUT  : Translate the SQL query into an equivalent MongoDB MQL query using the provided schema.

Schema:
singer(Birth_Year, Citizenship, Name, Net_Worth_Millions, Singer_ID, _id)

SQL:
SELECT Citizenship , max(Net_Worth_Millions) FROM singer GROUP BY Citizenship

MQL:

2026-07-31 16:05:14,469 [INFO   ]   >> OUTPUT : db.singer.aggregate([ { $group: { _id: "$Citizenship", maxNetWorth: { $max: "$Net_Worth_Millions" } } } ])
2026-07-31 16:05:18,610 [INFO   ] [inference] generate_nosql  latency_sec=4.1347  input_tokens=120  output_tokens=78
2026-07-31 16:05:18,610 [INFO   ]   >> INPUT  : Translate the SQL query into an equivalent MongoDB MQL query using the provided schema.

Schema:
song(Highest_Position, Sales, Singer_ID, Song_ID, Title, _id) | singer(Birth_Year, Citizenship, Name, Net_Worth_Millions, Singer_ID, _id)

SQL:
SELECT T2.Title , T1.Name FROM singer AS T1 JOIN song AS T2 ON T1.Singer_ID = T2.Singer_ID

MQL:

2026-07-31 16:05:18,610 [INFO   ]   >> OUTPUT : db.singer.aggregate([ { $lookup: { from: "song", localField: "Singer_ID", foreignField: "Singer_ID", as: "song_info" } }, { $unwind: "$song_info" }, { $project: { Title: "$song_info.Title", Name: 1 } } ])
2026-07-31 16:05:23,106 [INFO   ] [inference] generate_nosql  latency_sec=4.4835  input_tokens=120  output_tokens=78
2026-07-31 16:05:23,106 [INFO   ]   >> INPUT  : Translate the SQL query into an equivalent MongoDB MQL query using the provided schema.

Schema:
song(Highest_Position, Sales, Singer_ID, Song_ID, Title, _id) | singer(Birth_Year, Citizenship, Name, Net_Worth_Millions, Singer_ID, _id)

SQL:
SELECT T2.Title , T1.Name FROM singer AS T1 JOIN song AS T2 ON T1.Singer_ID = T2.Singer_ID

MQL:

2026-07-31 16:05:23,106 [INFO   ]   >> OUTPUT : db.singer.aggregate([ { $lookup: { from: "song", localField: "Singer_ID", foreignField: "Singer_ID", as: "song_info" } }, { $unwind: "$song_info" }, { $project: { Title: "$song_info.Title", Name: 1 } } ])
2026-07-31 16:05:27,932 [INFO   ] [inference] generate_nosql  latency_sec=4.8189  input_tokens=127  output_tokens=106
2026-07-31 16:05:27,932 [INFO   ]   >> INPUT  : Translate the SQL query into an equivalent MongoDB MQL query using the provided schema.

Schema:
song(Highest_Position, Sales, Singer_ID, Song_ID, Title, _id) | singer(Birth_Year, Citizenship, Name, Net_Worth_Millions, Singer_ID, _id)

SQL:
SELECT DISTINCT T1.Name FROM singer AS T1 JOIN song AS T2 ON T1.Singer_ID = T2.Singer_ID WHERE T2.Sales > 300000

MQL:

2026-07-31 16:05:27,932 [INFO   ]   >> OUTPUT : db.singer.aggregate([ { $lookup: { from: "song", localField: "Singer_ID", foreignField: "Singer_ID", as: "song_info" } }, { $unwind: "$song_info" }, { $match: { "song_info.Sales": { $gt: 300000 } } }, { $group: { _id: "$Name" } }, { $project: { Name: "$_id" } } ])
2026-07-31 16:05:33,475 [INFO   ] [inference] generate_nosql  latency_sec=5.5329  input_tokens=127  output_tokens=106
2026-07-31 16:05:33,475 [INFO   ]   >> INPUT  : Translate the SQL query into an equivalent MongoDB MQL query using the provided schema.

Schema:
song(Highest_Position, Sales, Singer_ID, Song_ID, Title, _id) | singer(Birth_Year, Citizenship, Name, Net_Worth_Millions, Singer_ID, _id)

SQL:
SELECT DISTINCT T1.Name FROM singer AS T1 JOIN song AS T2 ON T1.Singer_ID = T2.Singer_ID WHERE T2.Sales > 300000

MQL:

2026-07-31 16:05:33,475 [INFO   ]   >> OUTPUT : db.singer.aggregate([ { $lookup: { from: "song", localField: "Singer_ID", foreignField: "Singer_ID", as: "song_info" } }, { $unwind: "$song_info" }, { $match: { "song_info.Sales": { $gt: 300000 } } }, { $group: { _id: "$Name" } }, { $project: { Name: "$_id" } } ])
2026-07-31 16:05:38,922 [INFO   ] [inference] generate_nosql  latency_sec=5.4353  input_tokens=130  output_tokens=108
2026-07-31 16:05:38,923 [INFO   ]   >> INPUT  : Translate the SQL query into an equivalent MongoDB MQL query using the provided schema.

Schema:
song(Highest_Position, Sales, Singer_ID, Song_ID, Title, _id) | singer(Birth_Year, Citizenship, Name, Net_Worth_Millions, Singer_ID, _id)

SQL:
SELECT T1.Name FROM singer AS T1 JOIN song AS T2 ON T1.Singer_ID = T2.Singer_ID GROUP BY T1.Name HAVING COUNT(*) > 1

MQL:

2026-07-31 16:05:38,923 [INFO   ]   >> OUTPUT : db.singer.aggregate([ { $lookup: { from: "song", localField: "Singer_ID", foreignField: "Singer_ID", as: "song_info" } }, { $unwind: "$song_info" }, { $group: { _id: "$Name", count: { $sum: 1 } } }, { $match: { count: { $gt: 1 } } }, { $project: { Name: "$_id" } } ])
2026-07-31 16:05:43,760 [INFO   ] [inference] generate_nosql  latency_sec=4.8303  input_tokens=130  output_tokens=108
2026-07-31 16:05:43,760 [INFO   ]   >> INPUT  : Translate the SQL query into an equivalent MongoDB MQL query using the provided schema.

Schema:
song(Highest_Position, Sales, Singer_ID, Song_ID, Title, _id) | singer(Birth_Year, Citizenship, Name, Net_Worth_Millions, Singer_ID, _id)

SQL:
SELECT T1.Name FROM singer AS T1 JOIN song AS T2 ON T1.Singer_ID = T2.Singer_ID GROUP BY T1.Name HAVING COUNT(*) > 1

MQL:

2026-07-31 16:05:43,760 [INFO   ]   >> OUTPUT : db.singer.aggregate([ { $lookup: { from: "song", localField: "Singer_ID", foreignField: "Singer_ID", as: "song_info" } }, { $unwind: "$song_info" }, { $group: { _id: "$Name", count: { $sum: 1 } } }, { $match: { count: { $gt: 1 } } }, { $project: { Name: "$_id" } } ])
2026-07-31 16:05:49,403 [INFO   ] [inference] generate_nosql  latency_sec=5.637  input_tokens=129  output_tokens=104
2026-07-31 16:05:49,403 [INFO   ]   >> INPUT  : Translate the SQL query into an equivalent MongoDB MQL query using the provided schema.

Schema:
song(Highest_Position, Sales, Singer_ID, Song_ID, Title, _id) | singer(Birth_Year, Citizenship, Name, Net_Worth_Millions, Singer_ID, _id)

SQL:
SELECT T1.Name , sum(T2.Sales) FROM singer AS T1 JOIN song AS T2 ON T1.Singer_ID = T2.Singer_ID GROUP BY T1.Name

MQL:

2026-07-31 16:05:49,403 [INFO   ]   >> OUTPUT : db.singer.aggregate([ { $lookup: { from: "song", localField: "Singer_ID", foreignField: "Singer_ID", as: "song_info" } }, { $unwind: "$song_info" }, { $group: { _id: "$Name", totalSales: { $sum: "$song_info.Sales" } } }, { $project: { Name: "$_id", totalSales: 1 } } ])
2026-07-31 16:05:54,186 [INFO   ] [inference] generate_nosql  latency_sec=4.7763  input_tokens=129  output_tokens=104
2026-07-31 16:05:54,186 [INFO   ]   >> INPUT  : Translate the SQL query into an equivalent MongoDB MQL query using the provided schema.

Schema:
song(Highest_Position, Sales, Singer_ID, Song_ID, Title, _id) | singer(Birth_Year, Citizenship, Name, Net_Worth_Millions, Singer_ID, _id)

SQL:
SELECT T1.Name , sum(T2.Sales) FROM singer AS T1 JOIN song AS T2 ON T1.Singer_ID = T2.Singer_ID GROUP BY T1.Name

MQL:

2026-07-31 16:05:54,186 [INFO   ]   >> OUTPUT : db.singer.aggregate([ { $lookup: { from: "song", localField: "Singer_ID", foreignField: "Singer_ID", as: "song_info" } }, { $unwind: "$song_info" }, { $group: { _id: "$Name", totalSales: { $sum: "$song_info.Sales" } } }, { $project: { Name: "$_id", totalSales: 1 } } ])
2026-07-31 16:05:56,224 [INFO   ] [inference] generate_nosql  latency_sec=2.0321  input_tokens=101  output_tokens=45
2026-07-31 16:05:56,224 [INFO   ]   >> INPUT  : Translate the SQL query into an equivalent MongoDB MQL query using the provided schema.

Schema:
song(Highest_Position, Sales, Singer_ID, Song_ID, Title, _id) | singer(Birth_Year, Citizenship, Name, Net_Worth_Millions, Singer_ID, _id)

SQL:
SELECT Name FROM singer WHERE Singer_ID NOT IN (SELECT Singer_ID FROM song)

MQL:

2026-07-31 16:05:56,224 [INFO   ]   >> OUTPUT : db.singer.find( { "Singer_ID": { "$nin": db.song.distinct("Singer_ID") } }, { "Name": 1, "_id": 0 } )
2026-07-31 16:05:58,247 [INFO   ] [inference] generate_nosql  latency_sec=2.0169  input_tokens=101  output_tokens=45
2026-07-31 16:05:58,247 [INFO   ]   >> INPUT  : Translate the SQL query into an equivalent MongoDB MQL query using the provided schema.

Schema:
song(Highest_Position, Sales, Singer_ID, Song_ID, Title, _id) | singer(Birth_Year, Citizenship, Name, Net_Worth_Millions, Singer_ID, _id)

SQL:
SELECT Name FROM singer WHERE Singer_ID NOT IN (SELECT Singer_ID FROM song)

MQL:

2026-07-31 16:05:58,247 [INFO   ]   >> OUTPUT : db.singer.find( { "Singer_ID": { "$nin": db.song.distinct("Singer_ID") } }, { "Name": 1, "_id": 0 } )
2026-07-31 16:06:03,970 [INFO   ] [inference] generate_nosql  latency_sec=5.717  input_tokens=273  output_tokens=95
2026-07-31 16:06:03,971 [INFO   ]   >> INPUT  : Translate the SQL query into an equivalent MongoDB MQL query using the provided schema.

Schema:
Properties(_id, agreed_selling_price, apt_feature_1, apt_feature_2, apt_feature_3, buyer_offered_price, date_on_market, date_sold, fld_feature_1, fld_feature_2, fld_feature_3, hse_feature_1, hse_feature_2, hse_feature_3, oth_feature_1, oth_feature_2, oth_feature_3, other_property_details, property_address, property_id, property_name, property_type_code, room_count, shp_feature_1, shp_feature_2, shp_feature_3, vendor_requested_price) | Ref_Property_Types(_id, property_type_code, property_type_description)

SQL:
SELECT T2.property_type_description FROM Properties AS T1 JOIN Ref_Property_Types AS T2 ON T1.property_type_code = T2.property_type_code GROUP BY T1.property_type_code

MQL:

2026-07-31 16:06:03,971 [INFO   ]   >> OUTPUT : db.Properties.aggregate([ { $lookup: { from: "Ref_Property_Types", localField: "property_type_code", foreignField: "property_type_code", as: "property_type_info" } }, { $unwind: "$property_type_info" }, { $project: { property_type_description: "$property_type_info.property_type_description" } } ])
2026-07-31 16:06:07,417 [INFO   ] [inference] generate_nosql  latency_sec=3.4406  input_tokens=241  output_tokens=58
2026-07-31 16:06:07,417 [INFO   ]   >> INPUT  : Translate the SQL query into an equivalent MongoDB MQL query using the provided schema.

Schema:
Properties(_id, agreed_selling_price, apt_feature_1, apt_feature_2, apt_feature_3, buyer_offered_price, date_on_market, date_sold, fld_feature_1, fld_feature_2, fld_feature_3, hse_feature_1, hse_feature_2, hse_feature_3, oth_feature_1, oth_feature_2, oth_feature_3, other_property_details, property_address, property_id, property_name, property_type_code, room_count, shp_feature_1, shp_feature_2, shp_feature_3, vendor_requested_price)

SQL:
SELECT property_name FROM Properties WHERE property_type_code = "House" UNION SELECT property_name FROM Properties WHERE property_type_code = "Apartment" AND room_count > 1

MQL:

2026-07-31 16:06:07,417 [INFO   ]   >> OUTPUT : db.Properties.find( { $or: [ { property_type_code: "House" }, { property_type_code: "Apartment" }, { room_count: { $gt: 1 } } ] }, { property_name: 1 } )
