Log started at: 2026-07-06 17:22:12
==================================================
Active Options:
  - Baseline (-b)             : Disabled
  - Training (-t)             : Enabled
  - Validation (-v)           : Disabled
  - Number of records to cache: 1000
  - Purge Cached Dataset      : False
==================================================
Resetting singleton states for BaselineData and its dependencies...
Singleton states reset.
Using dataset with 1000 records
Initializing BaselineData singleton using device: cuda...
Initializing FilteredDataset singleton...
Cached dataset loaded with 1000 samples from ./cached_data/filtered_subset_1000.
FilteredDataset initialized successfully.
BaselineData initialized successfully.
Loading all models...
QwenModelBase using device: cuda for model Qwen/Qwen2.5-Coder-7B-Instruct
CodeDocumentationGenerator using device: cuda
QwenCodeGenerator using device: cuda
Initializing GraphCodeBERTScorer...
Using device: cuda
GraphCodeBERTScorer initialized successfully.
LLMJudge using device: cuda
All models loaded.
Processing 500 records for LORA training
Printing modules in Qwen2.5-Coder-7B-Instruct model
	
	model
	model.embed_tokens
	model.layers
	model.layers.0
	model.layers.0.self_attn
	model.layers.0.self_attn.q_proj
	model.layers.0.self_attn.k_proj
	model.layers.0.self_attn.v_proj
	model.layers.0.self_attn.o_proj
	model.layers.0.mlp
	model.layers.0.mlp.gate_proj
	model.layers.0.mlp.up_proj
	model.layers.0.mlp.down_proj
	model.layers.0.mlp.act_fn
	model.layers.0.input_layernorm
	model.layers.0.post_attention_layernorm
	model.layers.1
	model.layers.1.self_attn
	model.layers.1.self_attn.q_proj
	model.layers.1.self_attn.k_proj
	model.layers.1.self_attn.v_proj
	model.layers.1.self_attn.o_proj
	model.layers.1.mlp
	model.layers.1.mlp.gate_proj
	model.layers.1.mlp.up_proj
	model.layers.1.mlp.down_proj
	model.layers.1.mlp.act_fn
	model.layers.1.input_layernorm
	model.layers.1.post_attention_layernorm
	model.layers.2
	model.layers.2.self_attn
	model.layers.2.self_attn.q_proj
	model.layers.2.self_attn.k_proj
	model.layers.2.self_attn.v_proj
	model.layers.2.self_attn.o_proj
	model.layers.2.mlp
	model.layers.2.mlp.gate_proj
	model.layers.2.mlp.up_proj
	model.layers.2.mlp.down_proj
	model.layers.2.mlp.act_fn
	model.layers.2.input_layernorm
	model.layers.2.post_attention_layernorm
	model.layers.3
	model.layers.3.self_attn
	model.layers.3.self_attn.q_proj
	model.layers.3.self_attn.k_proj
	model.layers.3.self_attn.v_proj
	model.layers.3.self_attn.o_proj
	model.layers.3.mlp
	model.layers.3.mlp.gate_proj
	model.layers.3.mlp.up_proj
	model.layers.3.mlp.down_proj
	model.layers.3.mlp.act_fn
	model.layers.3.input_layernorm
	model.layers.3.post_attention_layernorm
	model.layers.4
	model.layers.4.self_attn
	model.layers.4.self_attn.q_proj
	model.layers.4.self_attn.k_proj
	model.layers.4.self_attn.v_proj
	model.layers.4.self_attn.o_proj
	model.layers.4.mlp
	model.layers.4.mlp.gate_proj
	model.layers.4.mlp.up_proj
	model.layers.4.mlp.down_proj
	model.layers.4.mlp.act_fn
	model.layers.4.input_layernorm
	model.layers.4.post_attention_layernorm
	model.layers.5
	model.layers.5.self_attn
	model.layers.5.self_attn.q_proj
	model.layers.5.self_attn.k_proj
	model.layers.5.self_attn.v_proj
	model.layers.5.self_attn.o_proj
	model.layers.5.mlp
	model.layers.5.mlp.gate_proj
	model.layers.5.mlp.up_proj
	model.layers.5.mlp.down_proj
	model.layers.5.mlp.act_fn
	model.layers.5.input_layernorm
	model.layers.5.post_attention_layernorm
	model.layers.6
	model.layers.6.self_attn
	model.layers.6.self_attn.q_proj
	model.layers.6.self_attn.k_proj
	model.layers.6.self_attn.v_proj
	model.layers.6.self_attn.o_proj
	model.layers.6.mlp
	model.layers.6.mlp.gate_proj
	model.layers.6.mlp.up_proj
	model.layers.6.mlp.down_proj
	model.layers.6.mlp.act_fn
	model.layers.6.input_layernorm
	model.layers.6.post_attention_layernorm
	model.layers.7
	model.layers.7.self_attn
	model.layers.7.self_attn.q_proj
	model.layers.7.self_attn.k_proj
	model.layers.7.self_attn.v_proj
	model.layers.7.self_attn.o_proj
	model.layers.7.mlp
	model.layers.7.mlp.gate_proj
	model.layers.7.mlp.up_proj
	model.layers.7.mlp.down_proj
	model.layers.7.mlp.act_fn
	model.layers.7.input_layernorm
	model.layers.7.post_attention_layernorm
	model.layers.8
	model.layers.8.self_attn
	model.layers.8.self_attn.q_proj
	model.layers.8.self_attn.k_proj
	model.layers.8.self_attn.v_proj
	model.layers.8.self_attn.o_proj
	model.layers.8.mlp
	model.layers.8.mlp.gate_proj
	model.layers.8.mlp.up_proj
	model.layers.8.mlp.down_proj
	model.layers.8.mlp.act_fn
	model.layers.8.input_layernorm
	model.layers.8.post_attention_layernorm
	model.layers.9
	model.layers.9.self_attn
	model.layers.9.self_attn.q_proj
	model.layers.9.self_attn.k_proj
	model.layers.9.self_attn.v_proj
	model.layers.9.self_attn.o_proj
	model.layers.9.mlp
	model.layers.9.mlp.gate_proj
	model.layers.9.mlp.up_proj
	model.layers.9.mlp.down_proj
	model.layers.9.mlp.act_fn
	model.layers.9.input_layernorm
	model.layers.9.post_attention_layernorm
	model.layers.10
	model.layers.10.self_attn
	model.layers.10.self_attn.q_proj
	model.layers.10.self_attn.k_proj
	model.layers.10.self_attn.v_proj
	model.layers.10.self_attn.o_proj
	model.layers.10.mlp
	model.layers.10.mlp.gate_proj
	model.layers.10.mlp.up_proj
	model.layers.10.mlp.down_proj
	model.layers.10.mlp.act_fn
	model.layers.10.input_layernorm
	model.layers.10.post_attention_layernorm
	model.layers.11
	model.layers.11.self_attn
	model.layers.11.self_attn.q_proj
	model.layers.11.self_attn.k_proj
	model.layers.11.self_attn.v_proj
	model.layers.11.self_attn.o_proj
	model.layers.11.mlp
	model.layers.11.mlp.gate_proj
	model.layers.11.mlp.up_proj
	model.layers.11.mlp.down_proj
	model.layers.11.mlp.act_fn
	model.layers.11.input_layernorm
	model.layers.11.post_attention_layernorm
	model.layers.12
	model.layers.12.self_attn
	model.layers.12.self_attn.q_proj
	model.layers.12.self_attn.k_proj
	model.layers.12.self_attn.v_proj
	model.layers.12.self_attn.o_proj
	model.layers.12.mlp
	model.layers.12.mlp.gate_proj
	model.layers.12.mlp.up_proj
	model.layers.12.mlp.down_proj
	model.layers.12.mlp.act_fn
	model.layers.12.input_layernorm
	model.layers.12.post_attention_layernorm
	model.layers.13
	model.layers.13.self_attn
	model.layers.13.self_attn.q_proj
	model.layers.13.self_attn.k_proj
	model.layers.13.self_attn.v_proj
	model.layers.13.self_attn.o_proj
	model.layers.13.mlp
	model.layers.13.mlp.gate_proj
	model.layers.13.mlp.up_proj
	model.layers.13.mlp.down_proj
	model.layers.13.mlp.act_fn
	model.layers.13.input_layernorm
	model.layers.13.post_attention_layernorm
	model.layers.14
	model.layers.14.self_attn
	model.layers.14.self_attn.q_proj
	model.layers.14.self_attn.k_proj
	model.layers.14.self_attn.v_proj
	model.layers.14.self_attn.o_proj
	model.layers.14.mlp
	model.layers.14.mlp.gate_proj
	model.layers.14.mlp.up_proj
	model.layers.14.mlp.down_proj
	model.layers.14.mlp.act_fn
	model.layers.14.input_layernorm
	model.layers.14.post_attention_layernorm
	model.layers.15
	model.layers.15.self_attn
	model.layers.15.self_attn.q_proj
	model.layers.15.self_attn.k_proj
	model.layers.15.self_attn.v_proj
	model.layers.15.self_attn.o_proj
	model.layers.15.mlp
	model.layers.15.mlp.gate_proj
	model.layers.15.mlp.up_proj
	model.layers.15.mlp.down_proj
	model.layers.15.mlp.act_fn
	model.layers.15.input_layernorm
	model.layers.15.post_attention_layernorm
	model.layers.16
	model.layers.16.self_attn
	model.layers.16.self_attn.q_proj
	model.layers.16.self_attn.k_proj
	model.layers.16.self_attn.v_proj
	model.layers.16.self_attn.o_proj
	model.layers.16.mlp
	model.layers.16.mlp.gate_proj
	model.layers.16.mlp.up_proj
	model.layers.16.mlp.down_proj
	model.layers.16.mlp.act_fn
	model.layers.16.input_layernorm
	model.layers.16.post_attention_layernorm
	model.layers.17
	model.layers.17.self_attn
	model.layers.17.self_attn.q_proj
	model.layers.17.self_attn.k_proj
	model.layers.17.self_attn.v_proj
	model.layers.17.self_attn.o_proj
	model.layers.17.mlp
	model.layers.17.mlp.gate_proj
	model.layers.17.mlp.up_proj
	model.layers.17.mlp.down_proj
	model.layers.17.mlp.act_fn
	model.layers.17.input_layernorm
	model.layers.17.post_attention_layernorm
	model.layers.18
	model.layers.18.self_attn
	model.layers.18.self_attn.q_proj
	model.layers.18.self_attn.k_proj
	model.layers.18.self_attn.v_proj
	model.layers.18.self_attn.o_proj
	model.layers.18.mlp
	model.layers.18.mlp.gate_proj
	model.layers.18.mlp.up_proj
	model.layers.18.mlp.down_proj
	model.layers.18.mlp.act_fn
	model.layers.18.input_layernorm
	model.layers.18.post_attention_layernorm
	model.layers.19
	model.layers.19.self_attn
	model.layers.19.self_attn.q_proj
	model.layers.19.self_attn.k_proj
	model.layers.19.self_attn.v_proj
	model.layers.19.self_attn.o_proj
	model.layers.19.mlp
	model.layers.19.mlp.gate_proj
	model.layers.19.mlp.up_proj
	model.layers.19.mlp.down_proj
	model.layers.19.mlp.act_fn
	model.layers.19.input_layernorm
	model.layers.19.post_attention_layernorm
	model.layers.20
	model.layers.20.self_attn
	model.layers.20.self_attn.q_proj
	model.layers.20.self_attn.k_proj
	model.layers.20.self_attn.v_proj
	model.layers.20.self_attn.o_proj
	model.layers.20.mlp
	model.layers.20.mlp.gate_proj
	model.layers.20.mlp.up_proj
	model.layers.20.mlp.down_proj
	model.layers.20.mlp.act_fn
	model.layers.20.input_layernorm
	model.layers.20.post_attention_layernorm
	model.layers.21
	model.layers.21.self_attn
	model.layers.21.self_attn.q_proj
	model.layers.21.self_attn.k_proj
	model.layers.21.self_attn.v_proj
	model.layers.21.self_attn.o_proj
	model.layers.21.mlp
	model.layers.21.mlp.gate_proj
	model.layers.21.mlp.up_proj
	model.layers.21.mlp.down_proj
	model.layers.21.mlp.act_fn
	model.layers.21.input_layernorm
	model.layers.21.post_attention_layernorm
	model.layers.22
	model.layers.22.self_attn
	model.layers.22.self_attn.q_proj
	model.layers.22.self_attn.k_proj
	model.layers.22.self_attn.v_proj
	model.layers.22.self_attn.o_proj
	model.layers.22.mlp
	model.layers.22.mlp.gate_proj
	model.layers.22.mlp.up_proj
	model.layers.22.mlp.down_proj
	model.layers.22.mlp.act_fn
	model.layers.22.input_layernorm
	model.layers.22.post_attention_layernorm
	model.layers.23
	model.layers.23.self_attn
	model.layers.23.self_attn.q_proj
	model.layers.23.self_attn.k_proj
	model.layers.23.self_attn.v_proj
	model.layers.23.self_attn.o_proj
	model.layers.23.mlp
	model.layers.23.mlp.gate_proj
	model.layers.23.mlp.up_proj
	model.layers.23.mlp.down_proj
	model.layers.23.mlp.act_fn
	model.layers.23.input_layernorm
	model.layers.23.post_attention_layernorm
	model.layers.24
	model.layers.24.self_attn
	model.layers.24.self_attn.q_proj
	model.layers.24.self_attn.k_proj
	model.layers.24.self_attn.v_proj
	model.layers.24.self_attn.o_proj
	model.layers.24.mlp
	model.layers.24.mlp.gate_proj
	model.layers.24.mlp.up_proj
	model.layers.24.mlp.down_proj
	model.layers.24.mlp.act_fn
	model.layers.24.input_layernorm
	model.layers.24.post_attention_layernorm
	model.layers.25
	model.layers.25.self_attn
	model.layers.25.self_attn.q_proj
	model.layers.25.self_attn.k_proj
	model.layers.25.self_attn.v_proj
	model.layers.25.self_attn.o_proj
	model.layers.25.mlp
	model.layers.25.mlp.gate_proj
	model.layers.25.mlp.up_proj
	model.layers.25.mlp.down_proj
	model.layers.25.mlp.act_fn
	model.layers.25.input_layernorm
	model.layers.25.post_attention_layernorm
	model.layers.26
	model.layers.26.self_attn
	model.layers.26.self_attn.q_proj
	model.layers.26.self_attn.k_proj
	model.layers.26.self_attn.v_proj
	model.layers.26.self_attn.o_proj
	model.layers.26.mlp
	model.layers.26.mlp.gate_proj
	model.layers.26.mlp.up_proj
	model.layers.26.mlp.down_proj
	model.layers.26.mlp.act_fn
	model.layers.26.input_layernorm
	model.layers.26.post_attention_layernorm
	model.layers.27
	model.layers.27.self_attn
	model.layers.27.self_attn.q_proj
	model.layers.27.self_attn.k_proj
	model.layers.27.self_attn.v_proj
	model.layers.27.self_attn.o_proj
	model.layers.27.mlp
	model.layers.27.mlp.gate_proj
	model.layers.27.mlp.up_proj
	model.layers.27.mlp.down_proj
	model.layers.27.mlp.act_fn
	model.layers.27.input_layernorm
	model.layers.27.post_attention_layernorm
	model.norm
	model.rotary_emb
	lm_head

******************************
LORA adapted model summary:
trainable params: 40,370,176 || all params: 7,655,986,688 || trainable%: 0.5273

******************************
|===========================================================================|
|                  PyTorch CUDA memory summary, device ID 0                 |
|---------------------------------------------------------------------------|
|            CUDA OOMs: 0            |        cudaMalloc retries: 0         |
|===========================================================================|
|        Metric         | Cur Usage  | Peak Usage | Tot Alloc  | Tot Freed  |
|---------------------------------------------------------------------------|
| Allocated memory      |  29468 MiB |  29468 MiB |  58725 MiB |  29256 MiB |
|       from large pool |  29409 MiB |  29409 MiB |  58588 MiB |  29179 MiB |
|       from small pool |     59 MiB |     80 MiB |    136 MiB |     77 MiB |
|---------------------------------------------------------------------------|
| Active memory         |  29468 MiB |  29468 MiB |  58725 MiB |  29256 MiB |
|       from large pool |  29409 MiB |  29409 MiB |  58588 MiB |  29179 MiB |
|       from small pool |     59 MiB |     80 MiB |    136 MiB |     77 MiB |
|---------------------------------------------------------------------------|
| Requested memory      |  29443 MiB |  29443 MiB |  58696 MiB |  29253 MiB |
|       from large pool |  29383 MiB |  29383 MiB |  58559 MiB |  29176 MiB |
|       from small pool |     59 MiB |     80 MiB |    136 MiB |     77 MiB |
|---------------------------------------------------------------------------|
| GPU reserved memory   |  29512 MiB |  29512 MiB |  29514 MiB |   2048 KiB |
|       from large pool |  29430 MiB |  29430 MiB |  29430 MiB |      0 KiB |
|       from small pool |     82 MiB |     82 MiB |     84 MiB |   2048 KiB |
|---------------------------------------------------------------------------|
| Non-releasable memory |  44876 KiB |  13486 MiB |  27467 MiB |  27423 MiB |
|       from large pool |  21472 KiB |  13484 MiB |  27321 MiB |  27300 MiB |
|       from small pool |  23404 KiB |     22 MiB |    146 MiB |    123 MiB |
|---------------------------------------------------------------------------|
| Allocations           |    1275    |    1276    |    1872    |     597    |
|       from large pool |     554    |     554    |     631    |      77    |
|       from small pool |     721    |     806    |    1241    |     520    |
|---------------------------------------------------------------------------|
| Active allocs         |    1275    |    1276    |    1872    |     597    |
|       from large pool |     554    |     554    |     631    |      77    |
|       from small pool |     721    |     806    |    1241    |     520    |
|---------------------------------------------------------------------------|
| GPU reserved segments |      70    |      70    |      71    |       1    |
|       from large pool |      29    |      29    |      29    |       0    |
|       from small pool |      41    |      41    |      42    |       1    |
|---------------------------------------------------------------------------|
| Non-releasable allocs |      47    |      48    |     151    |     104    |
|       from large pool |       3    |      19    |      50    |      47    |
|       from small pool |      44    |      45    |     101    |      57    |
|---------------------------------------------------------------------------|
| Oversize allocations  |       0    |       0    |       0    |       0    |
|---------------------------------------------------------------------------|
| Oversize GPU segments |       0    |       0    |       0    |       0    |
|===========================================================================|

Collecting 500 C++ records for LORA NL->C++ training (records 250 to 749)...
Resetting dataset streams and iterators...
Loading Python dataset...
Loading C++ dataset...
Python dataset length: streaming
C++ dataset length: streaming
Marking code as processable for Python
Marking code as processable for C++
Marking code as processable for Python
Marking code as processable for C++
Marking code as processable for Python
Marking code as processable for C++
Marking code as processable for Python
Marking code as processable for C++
Marking code as processable for Python
Marking code as processable for C++
Marking code as processable for Python
Marking code as processable for C++
Marking code as processable for Python
Marking code as processable for C++
Marking code as processable for Python
Marking code as processable for C++
Marking code as processable for Python
Marking code as processable for C++
Marking code as processable for Python
Marking code as processable for C++
Marking code as processable for Python
Marking code as processable for C++
Marking code as processable for Python
Marking code as processable for C++
Marking code as processable for Python
Marking code as processable for C++
Marking code as processable for Python
Marking code as processable for C++
Marking code as processable for Python
Marking code as processable for C++
Marking code as processable for Python
Marking code as processable for C++
Marking code as processable for Python
Marking code as processable for C++
Marking code as processable for Python
Marking code as processable for C++
Marking code as processable for Python
Marking code as processable for C++
Marking code as processable for Python
Marking code as processable for C++
Marking code as processable for Python
Marking code as processable for C++
Marking code as processable for Python
Marking code as processable for C++
Marking code as processable for Python
Marking code as processable for C++
Marking code as processable for Python
Marking code as processable for C++
Marking code as processable for Python
Marking code as processable for C++
Marking code as processable for Python
Marking code as processable for C++
Marking code as processable for Python
Marking code as processable for C++
Marking code as processable for Python
Marking code as processable for C++
Marking code as processable for Python
Marking code as processable for C++
Marking code as processable for Python
Marking code as processable for C++
Marking code as processable for Python
Marking code as processable for C++
Marking code as processable for Python
Marking code as processable for C++
Marking code as processable for Python
Marking code as processable for C++
Marking code as processable for Python
Marking code as processable for C++
Marking code as processable for Python
Marking code as processable for C++
Marking code as processable for Python
Marking code as processable for C++
Marking code as processable for Python
Marking code as processable for C++
Marking code as processable for Python
Marking code as processable for C++
Marking code as processable for Python
Marking code as processable for C++
Marking code as processable for Python
Marking code as processable for C++
Marking code as processable for Python
Marking code as processable for C++
Marking code as processable for Python
Marking code as processable for C++
Marking code as processable for Python
Marking code as processable for C++
Marking code as processable for Python
Marking code as processable for C++
Marking code as processable for Python
Marking code as processable for C++
Marking code as processable for Python
Marking code as processable for C++
Marking code as processable for Python
Marking code as processable for C++
Marking code as processable for Python
Marking code as processable for C++
Marking code as processable for Python
Marking code as processable for C++
Marking code as processable for Python
Marking code as processable for C++
Skipped 100 records for baseline...
Marking code as processable for Python
Marking code as processable for C++
Marking code as processable for Python
Marking code as processable for C++
Marking code as processable for Python
Marking code as processable for C++
Marking code as processable for Python
Marking code as processable for C++
Marking code as processable for Python
Marking code as processable for C++
Marking code as processable for Python
Marking code as processable for C++
Marking code as processable for Python
Marking code as processable for C++
Marking code as processable for Python
Marking code as processable for C++
Marking code as processable for Python
Marking code as processable for C++
Marking code as processable for Python
Marking code as processable for C++
Marking code as processable for Python
Marking code as processable for C++
Marking code as processable for Python
Marking code as processable for C++
Marking code as processable for Python
Marking code as processable for C++
Marking code as processable for Python
Marking code as processable for C++
Marking code as processable for Python
Marking code as processable for C++
Marking code as processable for Python
Marking code as processable for C++
Marking code as processable for Python
Marking code as processable for C++
Marking code as processable for Python
Marking code as processable for C++
Marking code as processable for Python
Marking code as processable for C++
Marking code as processable for Python
Marking code as processable for C++
Marking code as processable for Python
Marking code as processable for C++
Marking code as processable for Python
Marking code as processable for C++
Marking code as processable for Python
Marking code as processable for C++
Marking code as processable for Python
Marking code as processable for C++
Marking code as processable for Python
Marking code as processable for C++
Marking code as processable for Python
Marking code as processable for C++
Marking code as processable for Python
Marking code as processable for C++
Marking code as processable for Python
Marking code as processable for C++
Marking code as processable for Python
Marking code as processable for C++
Marking code as processable for Python
Marking code as processable for C++
Marking code as processable for Python
Marking code as processable for C++
Marking code as processable for Python
Marking code as processable for C++
Marking code as processable for Python
Marking code as processable for C++
Marking code as processable for Python
Marking code as processable for C++
Marking code as processable for Python
Marking code as processable for C++
Marking code as processable for Python
Marking code as processable for C++
Marking code as processable for Python
Marking code as processable for C++
Marking code as processable for Python
Marking code as processable for C++
Marking code as processable for Python
Marking code as processable for C++
Marking code as processable for Python
Marking code as processable for C++
Marking code as processable for Python
Marking code as processable for C++
Marking code as processable for Python
Marking code as processable for C++
Marking code as processable for Python
Marking code as processable for C++
Marking code as processable for Python
Marking code as processable for C++
Marking code as processable for Python
Marking code as processable for C++
Marking code as processable for Python
Marking code as processable for C++
Marking code as processable for Python
Marking code as processable for C++
Marking code as processable for Python
Marking code as processable for C++
Marking code as processable for Python
Marking code as processable for C++
Marking code as processable for Python
Marking code as processable for C++
Skipped 200 records for baseline...
Marking code as processable for Python
Marking code as processable for C++
Marking code as processable for Python
Marking code as processable for C++
Marking code as processable for Python
Marking code as processable for C++
Marking code as processable for Python
Marking code as processable for C++
Marking code as processable for Python
Marking code as processable for C++
Marking code as processable for Python
Marking code as processable for C++
Marking code as processable for Python
Marking code as processable for C++
Marking code as processable for Python
Marking code as processable for C++
Marking code as processable for Python
Marking code as processable for C++
Marking code as processable for Python
Marking code as processable for C++
Marking code as processable for Python
Marking code as processable for C++
Marking code as processable for Python
Marking code as processable for C++
Marking code as processable for Python
Marking code as processable for C++
Marking code as processable for Python
Marking code as processable for C++
Marking code as processable for Python
Marking code as processable for C++
Marking code as processable for Python
Marking code as processable for C++
Marking code as processable for Python
Marking code as processable for C++
Marking code as processable for Python
Marking code as processable for C++
Marking code as processable for Python
Marking code as processable for C++
Marking code as processable for Python
Marking code as processable for C++
Marking code as processable for Python
Marking code as processable for C++
Marking code as processable for Python
Marking code as processable for C++
Marking code as processable for Python
Marking code as processable for C++
Marking code as processable for Python
Marking code as processable for C++
Marking code as processable for Python
Marking code as processable for C++
Skipped 250 records. Starting LORA training data collection from record 251...
Marking code as processable for Python
Record not processable for language python
Marking code as processable for C++
Processed 1 C++ records for LORA NL->C++
Marking code as processable for Python
Record not processable for language python
Marking code as processable for C++
Processed 2 C++ records for LORA NL->C++
Marking code as processable for Python
Record not processable for language python
Marking code as processable for C++
Processed 3 C++ records for LORA NL->C++
Marking code as processable for Python
Record not processable for language python
Marking code as processable for C++
Processed 4 C++ records for LORA NL->C++
Marking code as processable for Python
Record not processable for language python
Marking code as processable for C++
Processed 5 C++ records for LORA NL->C++
Marking code as processable for Python
Record not processable for language python
Marking code as processable for C++
Processed 6 C++ records for LORA NL->C++
Marking code as processable for Python
Record not processable for language python
Marking code as processable for C++
Processed 7 C++ records for LORA NL->C++
Marking code as processable for Python
Record not processable for language python
Marking code as processable for C++
Processed 8 C++ records for LORA NL->C++
Marking code as processable for Python
Record not processable for language python
Marking code as processable for C++
Processed 9 C++ records for LORA NL->C++
Marking code as processable for Python
Record not processable for language python
Marking code as processable for C++
Processed 10 C++ records for LORA NL->C++
Marking code as processable for Python
Record not processable for language python
Marking code as processable for C++
Processed 11 C++ records for LORA NL->C++
Marking code as processable for Python
Record not processable for language python
Marking code as processable for C++
Processed 12 C++ records for LORA NL->C++
Marking code as processable for Python
Record not processable for language python
Marking code as processable for C++
Processed 13 C++ records for LORA NL->C++
Marking code as processable for Python
Record not processable for language python
Marking code as processable for C++
Processed 14 C++ records for LORA NL->C++
Marking code as processable for Python
Record not processable for language python
Marking code as processable for C++
Processed 15 C++ records for LORA NL->C++
Marking code as processable for Python
Record not processable for language python
Marking code as processable for C++
Processed 16 C++ records for LORA NL->C++
Marking code as processable for Python
Record not processable for language python
Marking code as processable for C++
Processed 17 C++ records for LORA NL->C++
Marking code as processable for Python
Record not processable for language python
Marking code as processable for C++
Processed 18 C++ records for LORA NL->C++
Marking code as processable for Python
Record not processable for language python
Marking code as processable for C++
Processed 19 C++ records for LORA NL->C++
Marking code as processable for Python
Record not processable for language python
Marking code as processable for C++
Processed 20 C++ records for LORA NL->C++
Marking code as processable for Python
Record not processable for language python
Marking code as processable for C++
Processed 21 C++ records for LORA NL->C++
Marking code as processable for Python
Record not processable for language python
Marking code as processable for C++
Processed 22 C++ records for LORA NL->C++
Marking code as processable for Python
Record not processable for language python
Marking code as processable for C++
Processed 23 C++ records for LORA NL->C++
Marking code as processable for Python
Record not processable for language python
Marking code as processable for C++
Processed 24 C++ records for LORA NL->C++
Marking code as processable for Python
Record not processable for language python
Marking code as processable for C++
Processed 25 C++ records for LORA NL->C++
Marking code as processable for Python
Record not processable for language python
Marking code as processable for C++
Processed 26 C++ records for LORA NL->C++
Marking code as processable for Python
Record not processable for language python
Marking code as processable for C++
Processed 27 C++ records for LORA NL->C++
Marking code as processable for Python
Record not processable for language python
Marking code as processable for C++
Processed 28 C++ records for LORA NL->C++
Marking code as processable for Python
Record not processable for language python
Marking code as processable for C++
Processed 29 C++ records for LORA NL->C++
Marking code as processable for Python
Record not processable for language python
Marking code as processable for C++
Processed 30 C++ records for LORA NL->C++
Marking code as processable for Python
Record not processable for language python
Marking code as processable for C++
Processed 31 C++ records for LORA NL->C++
Marking code as processable for Python
Record not processable for language python
Marking code as processable for C++
Processed 32 C++ records for LORA NL->C++
Marking code as processable for Python
Record not processable for language python
Marking code as processable for C++
Processed 33 C++ records for LORA NL->C++
Marking code as processable for Python
Record not processable for language python
Marking code as processable for C++
Processed 34 C++ records for LORA NL->C++
Marking code as processable for Python
Record not processable for language python
Marking code as processable for C++
Processed 35 C++ records for LORA NL->C++
Marking code as processable for Python
Record not processable for language python
Marking code as processable for C++
Processed 36 C++ records for LORA NL->C++
Marking code as processable for Python
Record not processable for language python
Marking code as processable for C++
Processed 37 C++ records for LORA NL->C++
Marking code as processable for Python
Record not processable for language python
Marking code as processable for C++
Processed 38 C++ records for LORA NL->C++
Marking code as processable for Python
Record not processable for language python
Marking code as processable for C++
Processed 39 C++ records for LORA NL->C++
Marking code as processable for Python
Record not processable for language python
Marking code as processable for C++
Processed 40 C++ records for LORA NL->C++
Marking code as processable for Python
Record not processable for language python
Marking code as processable for C++
Processed 41 C++ records for LORA NL->C++
Marking code as processable for Python
Record not processable for language python
Marking code as processable for C++
Processed 42 C++ records for LORA NL->C++
Marking code as processable for Python
Record not processable for language python
Marking code as processable for C++
Processed 43 C++ records for LORA NL->C++
Marking code as processable for Python
Record not processable for language python
Marking code as processable for C++
Processed 44 C++ records for LORA NL->C++
Marking code as processable for Python
Record not processable for language python
Marking code as processable for C++
Processed 45 C++ records for LORA NL->C++
Marking code as processable for Python
Record not processable for language python
Marking code as processable for C++
Processed 46 C++ records for LORA NL->C++
Marking code as processable for Python
Record not processable for language python
Marking code as processable for C++
Processed 47 C++ records for LORA NL->C++
Marking code as processable for Python
Record not processable for language python
Marking code as processable for C++
Processed 48 C++ records for LORA NL->C++
Marking code as processable for Python
Record not processable for language python
Marking code as processable for C++
Processed 49 C++ records for LORA NL->C++
Marking code as processable for Python
Record not processable for language python
Marking code as processable for C++
Processed 50 C++ records for LORA NL->C++
Marking code as processable for Python
Record not processable for language python
Marking code as processable for C++
Processed 51 C++ records for LORA NL->C++
Marking code as processable for Python
Record not processable for language python
Marking code as processable for C++
Processed 52 C++ records for LORA NL->C++
Marking code as processable for Python
Record not processable for language python
Marking code as processable for C++
Processed 53 C++ records for LORA NL->C++
Marking code as processable for Python
Record not processable for language python
Marking code as processable for C++
Processed 54 C++ records for LORA NL->C++
Marking code as processable for Python
Record not processable for language python
Marking code as processable for C++
Processed 55 C++ records for LORA NL->C++
Marking code as processable for Python
Record not processable for language python
Marking code as processable for C++
Warning: Input length 42149 >= model max 32768. Truncating.
Processed 56 C++ records for LORA NL->C++
Marking code as processable for Python
Record not processable for language python
Marking code as processable for C++
Processed 57 C++ records for LORA NL->C++
Marking code as processable for Python
Record not processable for language python
Marking code as processable for C++
Processed 58 C++ records for LORA NL->C++
Marking code as processable for Python
Record not processable for language python
Marking code as processable for C++
Processed 59 C++ records for LORA NL->C++
Marking code as processable for Python
Record not processable for language python
Marking code as processable for C++
Processed 60 C++ records for LORA NL->C++
Marking code as processable for Python
Record not processable for language python
Marking code as processable for C++
Processed 61 C++ records for LORA NL->C++
Marking code as processable for Python
Record not processable for language python
Marking code as processable for C++
Processed 62 C++ records for LORA NL->C++
Marking code as processable for Python
Record not processable for language python
Marking code as processable for C++
Processed 63 C++ records for LORA NL->C++
Marking code as processable for Python
Record not processable for language python
Marking code as processable for C++
Processed 64 C++ records for LORA NL->C++
Marking code as processable for Python
Record not processable for language python
Marking code as processable for C++
Processed 65 C++ records for LORA NL->C++
Marking code as processable for Python
Record not processable for language python
Marking code as processable for C++
Processed 66 C++ records for LORA NL->C++
Marking code as processable for Python
Record not processable for language python
Marking code as processable for C++
Processed 67 C++ records for LORA NL->C++
Marking code as processable for Python
Record not processable for language python
Marking code as processable for C++
Processed 68 C++ records for LORA NL->C++
Marking code as processable for Python
Record not processable for language python
Marking code as processable for C++
Processed 69 C++ records for LORA NL->C++
Marking code as processable for Python
Record not processable for language python
Marking code as processable for C++
Processed 70 C++ records for LORA NL->C++
Marking code as processable for Python
Record not processable for language python
Marking code as processable for C++
Processed 71 C++ records for LORA NL->C++
Marking code as processable for Python
Record not processable for language python
Marking code as processable for C++
Processed 72 C++ records for LORA NL->C++
Marking code as processable for Python
Record not processable for language python
Marking code as processable for C++
Processed 73 C++ records for LORA NL->C++
Marking code as processable for Python
Record not processable for language python
Marking code as processable for C++
Processed 74 C++ records for LORA NL->C++
Marking code as processable for Python
Record not processable for language python
Marking code as processable for C++
Processed 75 C++ records for LORA NL->C++
Marking code as processable for Python
Record not processable for language python
Marking code as processable for C++
Processed 76 C++ records for LORA NL->C++
Marking code as processable for Python
Record not processable for language python
Marking code as processable for C++
Processed 77 C++ records for LORA NL->C++
Marking code as processable for Python
Record not processable for language python
Marking code as processable for C++
Processed 78 C++ records for LORA NL->C++
Marking code as processable for Python
Record not processable for language python
Marking code as processable for C++
Processed 79 C++ records for LORA NL->C++
Marking code as processable for Python
Record not processable for language python
Marking code as processable for C++
Processed 80 C++ records for LORA NL->C++
Marking code as processable for Python
Record not processable for language python
Marking code as processable for C++
Processed 81 C++ records for LORA NL->C++
Marking code as processable for Python
Record not processable for language python
Marking code as processable for C++
Processed 82 C++ records for LORA NL->C++
Marking code as processable for Python
Record not processable for language python
Marking code as processable for C++
Processed 83 C++ records for LORA NL->C++
Marking code as processable for Python
Record not processable for language python
Marking code as processable for C++
Processed 84 C++ records for LORA NL->C++
Marking code as processable for Python
Record not processable for language python
Marking code as processable for C++
Processed 85 C++ records for LORA NL->C++
Marking code as processable for Python
Record not processable for language python
Marking code as processable for C++
Processed 86 C++ records for LORA NL->C++
Marking code as processable for Python
Record not processable for language python
Marking code as processable for C++
Processed 87 C++ records for LORA NL->C++
Marking code as processable for Python
Record not processable for language python
Marking code as processable for C++
Processed 88 C++ records for LORA NL->C++
Marking code as processable for Python
Record not processable for language python
Marking code as processable for C++
Warning: Input length 175317 >= model max 32768. Truncating.
Processed 89 C++ records for LORA NL->C++
Marking code as processable for Python
Record not processable for language python
Marking code as processable for C++
Processed 90 C++ records for LORA NL->C++
Marking code as processable for Python
Record not processable for language python
Marking code as processable for C++
Processed 91 C++ records for LORA NL->C++
Marking code as processable for Python
Record not processable for language python
Marking code as processable for C++
Processed 92 C++ records for LORA NL->C++
Marking code as processable for Python
Record not processable for language python
Marking code as processable for C++
Processed 93 C++ records for LORA NL->C++
Marking code as processable for Python
Record not processable for language python
Marking code as processable for C++
Processed 94 C++ records for LORA NL->C++
Marking code as processable for Python
Record not processable for language python
Marking code as processable for C++
Processed 95 C++ records for LORA NL->C++
Marking code as processable for Python
Record not processable for language python
Marking code as processable for C++
Processed 96 C++ records for LORA NL->C++
Marking code as processable for Python
Record not processable for language python
Marking code as processable for C++
Processed 97 C++ records for LORA NL->C++
Marking code as processable for Python
Record not processable for language python
Marking code as processable for C++
Processed 98 C++ records for LORA NL->C++
Marking code as processable for Python
Record not processable for language python
Marking code as processable for C++
Processed 99 C++ records for LORA NL->C++
Marking code as processable for Python
Record not processable for language python
Marking code as processable for C++
Processed 100 C++ records for LORA NL->C++
Marking code as processable for Python
Record not processable for language python
Marking code as processable for C++
Processed 101 C++ records for LORA NL->C++
Marking code as processable for Python
Record not processable for language python
Marking code as processable for C++
Processed 102 C++ records for LORA NL->C++
Marking code as processable for Python
Record not processable for language python
Marking code as processable for C++
Processed 103 C++ records for LORA NL->C++
Marking code as processable for Python
Record not processable for language python
Marking code as processable for C++
Processed 104 C++ records for LORA NL->C++
Marking code as processable for Python
Record not processable for language python
Marking code as processable for C++
Processed 105 C++ records for LORA NL->C++
Marking code as processable for Python
Record not processable for language python
Marking code as processable for C++
Processed 106 C++ records for LORA NL->C++
Marking code as processable for Python
Record not processable for language python
Marking code as processable for C++
Processed 107 C++ records for LORA NL->C++
Marking code as processable for Python
Record not processable for language python
Marking code as processable for C++
Processed 108 C++ records for LORA NL->C++
Marking code as processable for Python
Record not processable for language python
Marking code as processable for C++
Processed 109 C++ records for LORA NL->C++
Marking code as processable for Python
Record not processable for language python
Marking code as processable for C++
Processed 110 C++ records for LORA NL->C++
Marking code as processable for Python
Record not processable for language python
Marking code as processable for C++
Processed 111 C++ records for LORA NL->C++
Marking code as processable for Python
Record not processable for language python
Marking code as processable for C++
Processed 112 C++ records for LORA NL->C++
Marking code as processable for Python
Record not processable for language python
Marking code as processable for C++
Processed 113 C++ records for LORA NL->C++
Marking code as processable for Python
Record not processable for language python
Marking code as processable for C++
Processed 114 C++ records for LORA NL->C++
Marking code as processable for Python
Record not processable for language python
Marking code as processable for C++
Warning: Input length 48276 >= model max 32768. Truncating.
Processed 115 C++ records for LORA NL->C++
Marking code as processable for Python
Record not processable for language python
Marking code as processable for C++
Processed 116 C++ records for LORA NL->C++
Marking code as processable for Python
Record not processable for language python
Marking code as processable for C++
Processed 117 C++ records for LORA NL->C++
Marking code as processable for Python
Record not processable for language python
Marking code as processable for C++
Processed 118 C++ records for LORA NL->C++
Marking code as processable for Python
Record not processable for language python
Marking code as processable for C++
Processed 119 C++ records for LORA NL->C++
Marking code as processable for Python
Record not processable for language python
Marking code as processable for C++
Processed 120 C++ records for LORA NL->C++
Marking code as processable for Python
Record not processable for language python
Marking code as processable for C++
Processed 121 C++ records for LORA NL->C++
Marking code as processable for Python
Record not processable for language python
Marking code as processable for C++
Processed 122 C++ records for LORA NL->C++
Marking code as processable for Python
Record not processable for language python
Marking code as processable for C++
Processed 123 C++ records for LORA NL->C++
Marking code as processable for Python
Record not processable for language python
Marking code as processable for C++
Processed 124 C++ records for LORA NL->C++
Marking code as processable for Python
Record not processable for language python
Marking code as processable for C++
Processed 125 C++ records for LORA NL->C++
Marking code as processable for Python
Record not processable for language python
Marking code as processable for C++
Processed 126 C++ records for LORA NL->C++
Marking code as processable for Python
Record not processable for language python
Marking code as processable for C++
Processed 127 C++ records for LORA NL->C++
Marking code as processable for Python
Record not processable for language python
Marking code as processable for C++
Processed 128 C++ records for LORA NL->C++
Marking code as processable for Python
Record not processable for language python
Marking code as processable for C++
Processed 129 C++ records for LORA NL->C++
Marking code as processable for Python
Record not processable for language python
Marking code as processable for C++
Processed 130 C++ records for LORA NL->C++
Marking code as processable for Python
Record not processable for language python
Marking code as processable for C++
Processed 131 C++ records for LORA NL->C++
Marking code as processable for Python
Record not processable for language python
Marking code as processable for C++
Processed 132 C++ records for LORA NL->C++
Marking code as processable for Python
Record not processable for language python
Marking code as processable for C++
Processed 133 C++ records for LORA NL->C++
Marking code as processable for Python
Record not processable for language python
Marking code as processable for C++
Processed 134 C++ records for LORA NL->C++
Marking code as processable for Python
Record not processable for language python
Marking code as processable for C++
Processed 135 C++ records for LORA NL->C++
Marking code as processable for Python
Record not processable for language python
Marking code as processable for C++
Processed 136 C++ records for LORA NL->C++
Marking code as processable for Python
Record not processable for language python
Marking code as processable for C++
Processed 137 C++ records for LORA NL->C++
Marking code as processable for Python
Record not processable for language python
Marking code as processable for C++
Processed 138 C++ records for LORA NL->C++
Marking code as processable for Python
Record not processable for language python
Marking code as processable for C++
Processed 139 C++ records for LORA NL->C++
Marking code as processable for Python
Record not processable for language python
Marking code as processable for C++
Processed 140 C++ records for LORA NL->C++
Marking code as processable for Python
Record not processable for language python
Marking code as processable for C++
Processed 141 C++ records for LORA NL->C++
Marking code as processable for Python
Record not processable for language python
Marking code as processable for C++
Processed 142 C++ records for LORA NL->C++
Marking code as processable for Python
Record not processable for language python
Marking code as processable for C++
Processed 143 C++ records for LORA NL->C++
Marking code as processable for Python
Record not processable for language python
Marking code as processable for C++
Processed 144 C++ records for LORA NL->C++
Marking code as processable for Python
Record not processable for language python
Marking code as processable for C++
Processed 145 C++ records for LORA NL->C++
Marking code as processable for Python
Record not processable for language python
Marking code as processable for C++
Processed 146 C++ records for LORA NL->C++
Marking code as processable for Python
Record not processable for language python
Marking code as processable for C++
Processed 147 C++ records for LORA NL->C++
Marking code as processable for Python
Record not processable for language python
Marking code as processable for C++
Processed 148 C++ records for LORA NL->C++
Marking code as processable for Python
Record not processable for language python
Marking code as processable for C++
Processed 149 C++ records for LORA NL->C++
Marking code as processable for Python
Record not processable for language python
Marking code as processable for C++
Processed 150 C++ records for LORA NL->C++
Marking code as processable for Python
Record not processable for language python
Marking code as processable for C++
Processed 151 C++ records for LORA NL->C++
Marking code as processable for Python
Record not processable for language python
Marking code as processable for C++
Processed 152 C++ records for LORA NL->C++
Marking code as processable for Python
Record not processable for language python
Marking code as processable for C++
Processed 153 C++ records for LORA NL->C++
Marking code as processable for Python
Record not processable for language python
Marking code as processable for C++
Processed 154 C++ records for LORA NL->C++
Marking code as processable for Python
Record not processable for language python
Marking code as processable for C++
Processed 155 C++ records for LORA NL->C++
Marking code as processable for Python
Record not processable for language python
Marking code as processable for C++
Processed 156 C++ records for LORA NL->C++
Marking code as processable for Python
Record not processable for language python
Marking code as processable for C++
Processed 157 C++ records for LORA NL->C++
Marking code as processable for Python
Record not processable for language python
Marking code as processable for C++
Processed 158 C++ records for LORA NL->C++
Marking code as processable for Python
Record not processable for language python
Marking code as processable for C++
Processed 159 C++ records for LORA NL->C++
Marking code as processable for Python
Record not processable for language python
Marking code as processable for C++
Processed 160 C++ records for LORA NL->C++
Marking code as processable for Python
Record not processable for language python
Marking code as processable for C++
Processed 161 C++ records for LORA NL->C++
Marking code as processable for Python
Record not processable for language python
Marking code as processable for C++
Processed 162 C++ records for LORA NL->C++
Marking code as processable for Python
Record not processable for language python
Marking code as processable for C++
Processed 163 C++ records for LORA NL->C++
Marking code as processable for Python
Record not processable for language python
Marking code as processable for C++
Processed 164 C++ records for LORA NL->C++
Marking code as processable for Python
Record not processable for language python
Marking code as processable for C++
Processed 165 C++ records for LORA NL->C++
Marking code as processable for Python
Record not processable for language python
Marking code as processable for C++
Processed 166 C++ records for LORA NL->C++
Marking code as processable for Python
Record not processable for language python
Marking code as processable for C++
Warning: Input length 63211 >= model max 32768. Truncating.
Processed 167 C++ records for LORA NL->C++
Marking code as processable for Python
Record not processable for language python
Marking code as processable for C++
Processed 168 C++ records for LORA NL->C++
Marking code as processable for Python
Record not processable for language python
Marking code as processable for C++
Processed 169 C++ records for LORA NL->C++
Marking code as processable for Python
Record not processable for language python
Marking code as processable for C++
Processed 170 C++ records for LORA NL->C++
Marking code as processable for Python
Record not processable for language python
Marking code as processable for C++
Processed 171 C++ records for LORA NL->C++
Marking code as processable for Python
Record not processable for language python
Marking code as processable for C++
Processed 172 C++ records for LORA NL->C++
Marking code as processable for Python
Record not processable for language python
Marking code as processable for C++
Processed 173 C++ records for LORA NL->C++
Marking code as processable for Python
Record not processable for language python
Marking code as processable for C++
Processed 174 C++ records for LORA NL->C++
Marking code as processable for Python
Record not processable for language python
Marking code as processable for C++
Processed 175 C++ records for LORA NL->C++
Marking code as processable for Python
Record not processable for language python
Marking code as processable for C++
Processed 176 C++ records for LORA NL->C++
Marking code as processable for Python
Record not processable for language python
Marking code as processable for C++
Processed 177 C++ records for LORA NL->C++
Marking code as processable for Python
Record not processable for language python
Marking code as processable for C++
Processed 178 C++ records for LORA NL->C++
Marking code as processable for Python
Record not processable for language python
Marking code as processable for C++
Processed 179 C++ records for LORA NL->C++
Marking code as processable for Python
Record not processable for language python
Marking code as processable for C++
Processed 180 C++ records for LORA NL->C++
Marking code as processable for Python
Record not processable for language python
Marking code as processable for C++
Processed 181 C++ records for LORA NL->C++
Marking code as processable for Python
Record not processable for language python
Marking code as processable for C++
Processed 182 C++ records for LORA NL->C++
Marking code as processable for Python
Record not processable for language python
Marking code as processable for C++
Processed 183 C++ records for LORA NL->C++
Marking code as processable for Python
Record not processable for language python
Marking code as processable for C++
Processed 184 C++ records for LORA NL->C++
Marking code as processable for Python
Record not processable for language python
Marking code as processable for C++
Processed 185 C++ records for LORA NL->C++
Marking code as processable for Python
Record not processable for language python
Marking code as processable for C++
Processed 186 C++ records for LORA NL->C++
Marking code as processable for Python
Record not processable for language python
Marking code as processable for C++
Processed 187 C++ records for LORA NL->C++
Marking code as processable for Python
Record not processable for language python
Marking code as processable for C++
Processed 188 C++ records for LORA NL->C++
Marking code as processable for Python
Record not processable for language python
Marking code as processable for C++
Processed 189 C++ records for LORA NL->C++
Marking code as processable for Python
Record not processable for language python
Marking code as processable for C++
Processed 190 C++ records for LORA NL->C++
Marking code as processable for Python
Record not processable for language python
Marking code as processable for C++
Processed 191 C++ records for LORA NL->C++
Marking code as processable for Python
Record not processable for language python
Marking code as processable for C++
Processed 192 C++ records for LORA NL->C++
Marking code as processable for Python
Record not processable for language python
Marking code as processable for C++
Processed 193 C++ records for LORA NL->C++
Marking code as processable for Python
Record not processable for language python
Marking code as processable for C++
Processed 194 C++ records for LORA NL->C++
Marking code as processable for Python
Record not processable for language python
Marking code as processable for C++
Processed 195 C++ records for LORA NL->C++
Marking code as processable for Python
Record not processable for language python
Marking code as processable for C++
Processed 196 C++ records for LORA NL->C++
Marking code as processable for Python
Record not processable for language python
Marking code as processable for C++
Processed 197 C++ records for LORA NL->C++
Marking code as processable for Python
Record not processable for language python
Marking code as processable for C++
Processed 198 C++ records for LORA NL->C++
Marking code as processable for Python
Record not processable for language python
Marking code as processable for C++
Processed 199 C++ records for LORA NL->C++
Marking code as processable for Python
Record not processable for language python
Marking code as processable for C++
Processed 200 C++ records for LORA NL->C++
Marking code as processable for Python
Record not processable for language python
Marking code as processable for C++
Processed 201 C++ records for LORA NL->C++
Marking code as processable for Python
Record not processable for language python
Marking code as processable for C++
Processed 202 C++ records for LORA NL->C++
Marking code as processable for Python
Record not processable for language python
Marking code as processable for C++
Processed 203 C++ records for LORA NL->C++
Marking code as processable for Python
Record not processable for language python
Marking code as processable for C++
Processed 204 C++ records for LORA NL->C++
Marking code as processable for Python
Record not processable for language python
Marking code as processable for C++
Processed 205 C++ records for LORA NL->C++
Marking code as processable for Python
Record not processable for language python
Marking code as processable for C++
Processed 206 C++ records for LORA NL->C++
Marking code as processable for Python
Record not processable for language python
Marking code as processable for C++
Processed 207 C++ records for LORA NL->C++
Marking code as processable for Python
Record not processable for language python
Marking code as processable for C++
Processed 208 C++ records for LORA NL->C++
Marking code as processable for Python
Record not processable for language python
Marking code as processable for C++
Processed 209 C++ records for LORA NL->C++
Marking code as processable for Python
Record not processable for language python
Marking code as processable for C++
Processed 210 C++ records for LORA NL->C++
Marking code as processable for Python
Record not processable for language python
Marking code as processable for C++
Processed 211 C++ records for LORA NL->C++
Marking code as processable for Python
Record not processable for language python
Marking code as processable for C++
Processed 212 C++ records for LORA NL->C++
Marking code as processable for Python
Record not processable for language python
Marking code as processable for C++
Processed 213 C++ records for LORA NL->C++
Marking code as processable for Python
Record not processable for language python
Marking code as processable for C++
Processed 214 C++ records for LORA NL->C++
Marking code as processable for Python
Record not processable for language python
Marking code as processable for C++
Processed 215 C++ records for LORA NL->C++
Marking code as processable for Python
Record not processable for language python
Marking code as processable for C++
Processed 216 C++ records for LORA NL->C++
Marking code as processable for Python
Record not processable for language python
Marking code as processable for C++
Processed 217 C++ records for LORA NL->C++
Marking code as processable for Python
Record not processable for language python
Marking code as processable for C++
Processed 218 C++ records for LORA NL->C++
Marking code as processable for Python
Record not processable for language python
Marking code as processable for C++
Processed 219 C++ records for LORA NL->C++
Marking code as processable for Python
Record not processable for language python
Marking code as processable for C++
Processed 220 C++ records for LORA NL->C++
Marking code as processable for Python
Record not processable for language python
Marking code as processable for C++
Processed 221 C++ records for LORA NL->C++
Marking code as processable for Python
Record not processable for language python
Marking code as processable for C++
Processed 222 C++ records for LORA NL->C++
Marking code as processable for Python
Record not processable for language python
Marking code as processable for C++
Processed 223 C++ records for LORA NL->C++
Marking code as processable for Python
Record not processable for language python
Marking code as processable for C++
Processed 224 C++ records for LORA NL->C++
Marking code as processable for Python
Record not processable for language python
Marking code as processable for C++
Processed 225 C++ records for LORA NL->C++
Marking code as processable for Python
Record not processable for language python
Marking code as processable for C++
Processed 226 C++ records for LORA NL->C++
Marking code as processable for Python
Record not processable for language python
Marking code as processable for C++
Processed 227 C++ records for LORA NL->C++
Marking code as processable for Python
Record not processable for language python
Marking code as processable for C++
Processed 228 C++ records for LORA NL->C++
Marking code as processable for Python
Record not processable for language python
Marking code as processable for C++
Processed 229 C++ records for LORA NL->C++
Marking code as processable for Python
Record not processable for language python
Marking code as processable for C++
Processed 230 C++ records for LORA NL->C++
Marking code as processable for Python
Record not processable for language python
Marking code as processable for C++
Processed 231 C++ records for LORA NL->C++
Marking code as processable for Python
Record not processable for language python
Marking code as processable for C++
Processed 232 C++ records for LORA NL->C++
Marking code as processable for Python
Record not processable for language python
Marking code as processable for C++
Warning: Input length 102115 >= model max 32768. Truncating.
Processed 233 C++ records for LORA NL->C++
Marking code as processable for Python
Record not processable for language python
Marking code as processable for C++
Processed 234 C++ records for LORA NL->C++
Marking code as processable for Python
Record not processable for language python
Marking code as processable for C++
Processed 235 C++ records for LORA NL->C++
Marking code as processable for Python
Record not processable for language python
Marking code as processable for C++
Processed 236 C++ records for LORA NL->C++
Marking code as processable for Python
Record not processable for language python
Marking code as processable for C++
Processed 237 C++ records for LORA NL->C++
Marking code as processable for Python
Record not processable for language python
Marking code as processable for C++
Processed 238 C++ records for LORA NL->C++
Marking code as processable for Python
Record not processable for language python
Marking code as processable for C++
Processed 239 C++ records for LORA NL->C++
Marking code as processable for Python
Record not processable for language python
Marking code as processable for C++
Processed 240 C++ records for LORA NL->C++
Marking code as processable for Python
Record not processable for language python
Marking code as processable for C++
Processed 241 C++ records for LORA NL->C++
Marking code as processable for Python
Record not processable for language python
Marking code as processable for C++
Processed 242 C++ records for LORA NL->C++
Marking code as processable for Python
Record not processable for language python
Marking code as processable for C++
Processed 243 C++ records for LORA NL->C++
Marking code as processable for Python
Record not processable for language python
Marking code as processable for C++
Processed 244 C++ records for LORA NL->C++
Marking code as processable for Python
Record not processable for language python
Marking code as processable for C++
Processed 245 C++ records for LORA NL->C++
Marking code as processable for Python
Record not processable for language python
Marking code as processable for C++
Processed 246 C++ records for LORA NL->C++
Marking code as processable for Python
Record not processable for language python
Marking code as processable for C++
Processed 247 C++ records for LORA NL->C++
Marking code as processable for Python
Record not processable for language python
Marking code as processable for C++
Processed 248 C++ records for LORA NL->C++
Marking code as processable for Python
Record not processable for language python
Marking code as processable for C++
Processed 249 C++ records for LORA NL->C++
Marking code as processable for Python
Record not processable for language python
Marking code as processable for C++
Processed 250 C++ records for LORA NL->C++
Marking code as processable for Python
Record not processable for language python
Marking code as processable for C++
Processed 251 C++ records for LORA NL->C++
Marking code as processable for Python
Record not processable for language python
Marking code as processable for C++
Processed 252 C++ records for LORA NL->C++
Marking code as processable for Python
Record not processable for language python
Marking code as processable for C++
Processed 253 C++ records for LORA NL->C++
Marking code as processable for Python
Record not processable for language python
Marking code as processable for C++
Processed 254 C++ records for LORA NL->C++
Marking code as processable for Python
Record not processable for language python
Marking code as processable for C++
Processed 255 C++ records for LORA NL->C++
Marking code as processable for Python
Record not processable for language python
Marking code as processable for C++
Processed 256 C++ records for LORA NL->C++
Marking code as processable for Python
Record not processable for language python
Marking code as processable for C++
Processed 257 C++ records for LORA NL->C++
Marking code as processable for Python
Record not processable for language python
Marking code as processable for C++
Processed 258 C++ records for LORA NL->C++
Marking code as processable for Python
Record not processable for language python
Marking code as processable for C++
Processed 259 C++ records for LORA NL->C++
Marking code as processable for Python
Record not processable for language python
Marking code as processable for C++
Processed 260 C++ records for LORA NL->C++
Marking code as processable for Python
Record not processable for language python
Marking code as processable for C++
Processed 261 C++ records for LORA NL->C++
Marking code as processable for Python
Record not processable for language python
Marking code as processable for C++
Processed 262 C++ records for LORA NL->C++
Marking code as processable for Python
Record not processable for language python
Marking code as processable for C++
Processed 263 C++ records for LORA NL->C++
Marking code as processable for Python
Record not processable for language python
Marking code as processable for C++
Processed 264 C++ records for LORA NL->C++
Marking code as processable for Python
Record not processable for language python
Marking code as processable for C++
Processed 265 C++ records for LORA NL->C++
Marking code as processable for Python
Record not processable for language python
Marking code as processable for C++
Processed 266 C++ records for LORA NL->C++
Marking code as processable for Python
Record not processable for language python
Marking code as processable for C++
Processed 267 C++ records for LORA NL->C++
Marking code as processable for Python
Record not processable for language python
Marking code as processable for C++
Processed 268 C++ records for LORA NL->C++
Marking code as processable for Python
Record not processable for language python
Marking code as processable for C++
Processed 269 C++ records for LORA NL->C++
Marking code as processable for Python
Record not processable for language python
Marking code as processable for C++
Processed 270 C++ records for LORA NL->C++
Marking code as processable for Python
Record not processable for language python
Marking code as processable for C++
Processed 271 C++ records for LORA NL->C++
Marking code as processable for Python
Record not processable for language python
Marking code as processable for C++
Processed 272 C++ records for LORA NL->C++
Marking code as processable for Python
Record not processable for language python
Marking code as processable for C++
Processed 273 C++ records for LORA NL->C++
Marking code as processable for Python
Record not processable for language python
Marking code as processable for C++
Processed 274 C++ records for LORA NL->C++
Marking code as processable for Python
Record not processable for language python
Marking code as processable for C++
Processed 275 C++ records for LORA NL->C++
Marking code as processable for Python
Record not processable for language python
Marking code as processable for C++
Processed 276 C++ records for LORA NL->C++
Marking code as processable for Python
Record not processable for language python
Marking code as processable for C++
Processed 277 C++ records for LORA NL->C++
Marking code as processable for Python
Record not processable for language python
Marking code as processable for C++
Processed 278 C++ records for LORA NL->C++
Marking code as processable for Python
Record not processable for language python
Marking code as processable for C++
Processed 279 C++ records for LORA NL->C++
Marking code as processable for Python
Record not processable for language python
Marking code as processable for C++
Processed 280 C++ records for LORA NL->C++
Marking code as processable for Python
Record not processable for language python
Marking code as processable for C++
Processed 281 C++ records for LORA NL->C++
Marking code as processable for Python
Record not processable for language python
Marking code as processable for C++
Processed 282 C++ records for LORA NL->C++
Marking code as processable for Python
Record not processable for language python
Marking code as processable for C++
Warning: Input length 288669 >= model max 32768. Truncating.
Processed 283 C++ records for LORA NL->C++
Marking code as processable for Python
Record not processable for language python
Marking code as processable for C++
Processed 284 C++ records for LORA NL->C++
Marking code as processable for Python
Record not processable for language python
Marking code as processable for C++
Processed 285 C++ records for LORA NL->C++
Marking code as processable for Python
Record not processable for language python
Marking code as processable for C++
Processed 286 C++ records for LORA NL->C++
Marking code as processable for Python
Record not processable for language python
Marking code as processable for C++
Processed 287 C++ records for LORA NL->C++
Marking code as processable for Python
Record not processable for language python
Marking code as processable for C++
Processed 288 C++ records for LORA NL->C++
Marking code as processable for Python
Record not processable for language python
Marking code as processable for C++
Processed 289 C++ records for LORA NL->C++
Marking code as processable for Python
Record not processable for language python
Marking code as processable for C++
Processed 290 C++ records for LORA NL->C++
Marking code as processable for Python
Record not processable for language python
Marking code as processable for C++
Processed 291 C++ records for LORA NL->C++
Marking code as processable for Python
Record not processable for language python
Marking code as processable for C++
Processed 292 C++ records for LORA NL->C++
Marking code as processable for Python
Record not processable for language python
Marking code as processable for C++
Processed 293 C++ records for LORA NL->C++
Marking code as processable for Python
Record not processable for language python
Marking code as processable for C++
Processed 294 C++ records for LORA NL->C++
Marking code as processable for Python
Record not processable for language python
Marking code as processable for C++
Processed 295 C++ records for LORA NL->C++
Marking code as processable for Python
Record not processable for language python
Marking code as processable for C++
Processed 296 C++ records for LORA NL->C++
Marking code as processable for Python
Record not processable for language python
Marking code as processable for C++
Processed 297 C++ records for LORA NL->C++
Marking code as processable for Python
Record not processable for language python
Marking code as processable for C++
Processed 298 C++ records for LORA NL->C++
Marking code as processable for Python
Record not processable for language python
Marking code as processable for C++
Processed 299 C++ records for LORA NL->C++
Marking code as processable for Python
Record not processable for language python
Marking code as processable for C++
Processed 300 C++ records for LORA NL->C++
Marking code as processable for Python
Record not processable for language python
Marking code as processable for C++
Processed 301 C++ records for LORA NL->C++
Marking code as processable for Python
Record not processable for language python
Marking code as processable for C++
Processed 302 C++ records for LORA NL->C++
Marking code as processable for Python
Record not processable for language python
Marking code as processable for C++
Processed 303 C++ records for LORA NL->C++
Marking code as processable for Python
Record not processable for language python
Marking code as processable for C++
Processed 304 C++ records for LORA NL->C++
Marking code as processable for Python
Record not processable for language python
Marking code as processable for C++
Processed 305 C++ records for LORA NL->C++
Marking code as processable for Python
Record not processable for language python
Marking code as processable for C++
Processed 306 C++ records for LORA NL->C++
Marking code as processable for Python
Record not processable for language python
Marking code as processable for C++
Processed 307 C++ records for LORA NL->C++
Marking code as processable for Python
Record not processable for language python
Marking code as processable for C++
Processed 308 C++ records for LORA NL->C++
Marking code as processable for Python
Record not processable for language python
Marking code as processable for C++
Processed 309 C++ records for LORA NL->C++
Marking code as processable for Python
Record not processable for language python
Marking code as processable for C++
Processed 310 C++ records for LORA NL->C++
Marking code as processable for Python
Record not processable for language python
Marking code as processable for C++
Processed 311 C++ records for LORA NL->C++
Marking code as processable for Python
Record not processable for language python
Marking code as processable for C++
Warning: Input length 37797 >= model max 32768. Truncating.
Processed 312 C++ records for LORA NL->C++
Marking code as processable for Python
Record not processable for language python
Marking code as processable for C++
Processed 313 C++ records for LORA NL->C++
Marking code as processable for Python
Record not processable for language python
Marking code as processable for C++
Processed 314 C++ records for LORA NL->C++
Marking code as processable for Python
Record not processable for language python
Marking code as processable for C++
Processed 315 C++ records for LORA NL->C++
Marking code as processable for Python
Record not processable for language python
Marking code as processable for C++
Processed 316 C++ records for LORA NL->C++
Marking code as processable for Python
Record not processable for language python
Marking code as processable for C++
Processed 317 C++ records for LORA NL->C++
Marking code as processable for Python
Record not processable for language python
Marking code as processable for C++
Processed 318 C++ records for LORA NL->C++
Marking code as processable for Python
Record not processable for language python
Marking code as processable for C++
Processed 319 C++ records for LORA NL->C++
Marking code as processable for Python
Record not processable for language python
Marking code as processable for C++
Processed 320 C++ records for LORA NL->C++
Marking code as processable for Python
Record not processable for language python
Marking code as processable for C++
Warning: Input length 37666 >= model max 32768. Truncating.
Processed 321 C++ records for LORA NL->C++
Marking code as processable for Python
Record not processable for language python
Marking code as processable for C++
Processed 322 C++ records for LORA NL->C++
Marking code as processable for Python
Record not processable for language python
Marking code as processable for C++
Processed 323 C++ records for LORA NL->C++
Marking code as processable for Python
Record not processable for language python
Marking code as processable for C++
Processed 324 C++ records for LORA NL->C++
Marking code as processable for Python
Record not processable for language python
Marking code as processable for C++
Processed 325 C++ records for LORA NL->C++
Marking code as processable for Python
Record not processable for language python
Marking code as processable for C++
Processed 326 C++ records for LORA NL->C++
Marking code as processable for Python
Record not processable for language python
Marking code as processable for C++
Processed 327 C++ records for LORA NL->C++
Marking code as processable for Python
Record not processable for language python
Marking code as processable for C++
Processed 328 C++ records for LORA NL->C++
Marking code as processable for Python
Record not processable for language python
Marking code as processable for C++
Processed 329 C++ records for LORA NL->C++
Marking code as processable for Python
Record not processable for language python
Marking code as processable for C++
Processed 330 C++ records for LORA NL->C++
Marking code as processable for Python
Record not processable for language python
Marking code as processable for C++
Processed 331 C++ records for LORA NL->C++
Marking code as processable for Python
Record not processable for language python
Marking code as processable for C++
Processed 332 C++ records for LORA NL->C++
Marking code as processable for Python
Record not processable for language python
Marking code as processable for C++
Processed 333 C++ records for LORA NL->C++
Marking code as processable for Python
Record not processable for language python
Marking code as processable for C++
Processed 334 C++ records for LORA NL->C++
Marking code as processable for Python
Record not processable for language python
Marking code as processable for C++
Processed 335 C++ records for LORA NL->C++
Marking code as processable for Python
Record not processable for language python
Marking code as processable for C++
Processed 336 C++ records for LORA NL->C++
Marking code as processable for Python
Record not processable for language python
Marking code as processable for C++
Processed 337 C++ records for LORA NL->C++
Marking code as processable for Python
Record not processable for language python
Marking code as processable for C++
Processed 338 C++ records for LORA NL->C++
Marking code as processable for Python
Record not processable for language python
Marking code as processable for C++
Processed 339 C++ records for LORA NL->C++
Marking code as processable for Python
Record not processable for language python
Marking code as processable for C++
Processed 340 C++ records for LORA NL->C++
Marking code as processable for Python
Record not processable for language python
Marking code as processable for C++
Processed 341 C++ records for LORA NL->C++
Marking code as processable for Python
Record not processable for language python
Marking code as processable for C++
Processed 342 C++ records for LORA NL->C++
Marking code as processable for Python
Record not processable for language python
Marking code as processable for C++
Processed 343 C++ records for LORA NL->C++
Marking code as processable for Python
Record not processable for language python
Marking code as processable for C++
Processed 344 C++ records for LORA NL->C++
Marking code as processable for Python
Record not processable for language python
Marking code as processable for C++
Processed 345 C++ records for LORA NL->C++
Marking code as processable for Python
Record not processable for language python
Marking code as processable for C++
Processed 346 C++ records for LORA NL->C++
Marking code as processable for Python
Record not processable for language python
Marking code as processable for C++
Processed 347 C++ records for LORA NL->C++
Marking code as processable for Python
Record not processable for language python
Marking code as processable for C++
Processed 348 C++ records for LORA NL->C++
Marking code as processable for Python
Record not processable for language python
Marking code as processable for C++
Processed 349 C++ records for LORA NL->C++
Marking code as processable for Python
Record not processable for language python
Marking code as processable for C++
Processed 350 C++ records for LORA NL->C++
Marking code as processable for Python
Record not processable for language python
Marking code as processable for C++
Processed 351 C++ records for LORA NL->C++
Marking code as processable for Python
Record not processable for language python
Marking code as processable for C++
Processed 352 C++ records for LORA NL->C++
Marking code as processable for Python
Record not processable for language python
Marking code as processable for C++
Processed 353 C++ records for LORA NL->C++
Marking code as processable for Python
Record not processable for language python
Marking code as processable for C++
Processed 354 C++ records for LORA NL->C++
Marking code as processable for Python
Record not processable for language python
Marking code as processable for C++
Processed 355 C++ records for LORA NL->C++
Marking code as processable for Python
Record not processable for language python
Marking code as processable for C++
Processed 356 C++ records for LORA NL->C++
Marking code as processable for Python
Record not processable for language python
Marking code as processable for C++
Processed 357 C++ records for LORA NL->C++
Marking code as processable for Python
Record not processable for language python
Marking code as processable for C++
Processed 358 C++ records for LORA NL->C++
Marking code as processable for Python
Record not processable for language python
Marking code as processable for C++
Processed 359 C++ records for LORA NL->C++
Marking code as processable for Python
Record not processable for language python
Marking code as processable for C++
Processed 360 C++ records for LORA NL->C++
Marking code as processable for Python
Record not processable for language python
Marking code as processable for C++
Processed 361 C++ records for LORA NL->C++
Marking code as processable for Python
Record not processable for language python
Marking code as processable for C++
Processed 362 C++ records for LORA NL->C++
Marking code as processable for Python
Record not processable for language python
Marking code as processable for C++
Processed 363 C++ records for LORA NL->C++
Marking code as processable for Python
Record not processable for language python
Marking code as processable for C++
Processed 364 C++ records for LORA NL->C++
Marking code as processable for Python
Record not processable for language python
Marking code as processable for C++
Processed 365 C++ records for LORA NL->C++
Marking code as processable for Python
Record not processable for language python
Marking code as processable for C++
Processed 366 C++ records for LORA NL->C++
Marking code as processable for Python
Record not processable for language python
Marking code as processable for C++
Processed 367 C++ records for LORA NL->C++
Marking code as processable for Python
Record not processable for language python
Marking code as processable for C++
Processed 368 C++ records for LORA NL->C++
Marking code as processable for Python
Record not processable for language python
Marking code as processable for C++
Processed 369 C++ records for LORA NL->C++
Marking code as processable for Python
Record not processable for language python
Marking code as processable for C++
Processed 370 C++ records for LORA NL->C++
Marking code as processable for Python
Record not processable for language python
Marking code as processable for C++
Processed 371 C++ records for LORA NL->C++
Marking code as processable for Python
Record not processable for language python
Marking code as processable for C++
Processed 372 C++ records for LORA NL->C++
Marking code as processable for Python
Record not processable for language python
Marking code as processable for C++
Processed 373 C++ records for LORA NL->C++
Marking code as processable for Python
Record not processable for language python
Marking code as processable for C++
Processed 374 C++ records for LORA NL->C++
Marking code as processable for Python
Record not processable for language python
Marking code as processable for C++
Processed 375 C++ records for LORA NL->C++
Successfully created training_dataset with 375 examples for NL->C++.
Created Training arguments for LORA

==============================

Created Trainer for LORA
Starting LORA training for Phase 1 NL->PL1...
{'loss': '0.9327', 'grad_norm': '0.2949', 'learning_rate': '0.0001872', 'epoch': '0.2133'}
{'loss': '0.7388', 'grad_norm': '0.2426', 'learning_rate': '0.000173', 'epoch': '0.4267'}
{'loss': '0.7345', 'grad_norm': '0.2274', 'learning_rate': '0.0001589', 'epoch': '0.64'}
{'loss': '0.7171', 'grad_norm': '0.301', 'learning_rate': '0.0001447', 'epoch': '0.8533'}
{'loss': '0.7405', 'grad_norm': '0.2171', 'learning_rate': '0.0001305', 'epoch': '1.064'}
{'loss': '0.6221', 'grad_norm': '0.2626', 'learning_rate': '0.0001163', 'epoch': '1.277'}
{'loss': '0.6225', 'grad_norm': '0.3028', 'learning_rate': '0.0001021', 'epoch': '1.491'}
{'loss': '0.5724', 'grad_norm': '0.3204', 'learning_rate': '8.794e-05', 'epoch': '1.704'}
{'loss': '0.6048', 'grad_norm': '0.4294', 'learning_rate': '7.376e-05', 'epoch': '1.917'}
{'loss': '0.5514', 'grad_norm': '0.3665', 'learning_rate': '5.957e-05', 'epoch': '2.128'}
{'loss': '0.5151', 'grad_norm': '0.4453', 'learning_rate': '4.539e-05', 'epoch': '2.341'}
{'loss': '0.4776', 'grad_norm': '0.3911', 'learning_rate': '3.121e-05', 'epoch': '2.555'}
{'loss': '0.5003', 'grad_norm': '0.4716', 'learning_rate': '1.702e-05', 'epoch': '2.768'}
{'loss': '0.4416', 'grad_norm': '0.3955', 'learning_rate': '2.837e-06', 'epoch': '2.981'}
{'train_runtime': '454.5', 'train_samples_per_second': '2.475', 'train_steps_per_second': '0.31', 'train_loss': '0.6255', 'epoch': '3'}
LORA training for Phase 1 NL->PL1 complete.

==============================

LORA adapter model saved to '../model/Qwen_NL_to_PL_LORA_Adapter'.

==============================

Generating LORA training dataset for C++ to Python translation...
Unloading qwen_generator...
qwen_generator unloaded and memory cleared.
Unloading graphcodebert...
graphcodebert unloaded and memory cleared.
Unloading ast...
ast unloaded and memory cleared.
Loading support models for LORA training...
	Loaded QwenCodeGenerator...
Support models for LORA training loaded.
Resetting dataset streams and iterators...
Loading Python dataset...
Loading C++ dataset...
Python dataset length: streaming
C++ dataset length: streaming
Marking code as processable for Python
Marking code as processable for C++
Marking code as processable for Python
Marking code as processable for C++
Marking code as processable for Python
Marking code as processable for C++
Marking code as processable for Python
Marking code as processable for C++
Marking code as processable for Python
Marking code as processable for C++
Marking code as processable for Python
Marking code as processable for C++
Marking code as processable for Python
Marking code as processable for C++
Marking code as processable for Python
Marking code as processable for C++
Marking code as processable for Python
Marking code as processable for C++
Marking code as processable for Python
Marking code as processable for C++
Marking code as processable for Python
Marking code as processable for C++
Marking code as processable for Python
Marking code as processable for C++
Marking code as processable for Python
Marking code as processable for C++
Marking code as processable for Python
Marking code as processable for C++
Marking code as processable for Python
Marking code as processable for C++
Marking code as processable for Python
Marking code as processable for C++
Marking code as processable for Python
Marking code as processable for C++
Marking code as processable for Python
Marking code as processable for C++
Marking code as processable for Python
Marking code as processable for C++
Marking code as processable for Python
Marking code as processable for C++
Marking code as processable for Python
Marking code as processable for C++
Marking code as processable for Python
Marking code as processable for C++
Marking code as processable for Python
Marking code as processable for C++
Marking code as processable for Python
Marking code as processable for C++
Marking code as processable for Python
Marking code as processable for C++
Marking code as processable for Python
Marking code as processable for C++
Marking code as processable for Python
Marking code as processable for C++
Marking code as processable for Python
Marking code as processable for C++
Marking code as processable for Python
Marking code as processable for C++
Marking code as processable for Python
Marking code as processable for C++
Marking code as processable for Python
Marking code as processable for C++
Marking code as processable for Python
Marking code as processable for C++
Marking code as processable for Python
Marking code as processable for C++
Marking code as processable for Python
Marking code as processable for C++
Marking code as processable for Python
Marking code as processable for C++
Marking code as processable for Python
Marking code as processable for C++
Marking code as processable for Python
Marking code as processable for C++
Marking code as processable for Python
Marking code as processable for C++
Marking code as processable for Python
Marking code as processable for C++
Marking code as processable for Python
Marking code as processable for C++
Marking code as processable for Python
Marking code as processable for C++
Marking code as processable for Python
Marking code as processable for C++
Marking code as processable for Python
Marking code as processable for C++
Marking code as processable for Python
Marking code as processable for C++
Marking code as processable for Python
Marking code as processable for C++
Marking code as processable for Python
Marking code as processable for C++
Marking code as processable for Python
Marking code as processable for C++
Marking code as processable for Python
Marking code as processable for C++
Marking code as processable for Python
Marking code as processable for C++
Marking code as processable for Python
Marking code as processable for C++
Skipped 100 records for baseline...
Marking code as processable for Python
Marking code as processable for C++
Marking code as processable for Python
Marking code as processable for C++
Marking code as processable for Python
Marking code as processable for C++
Marking code as processable for Python
Marking code as processable for C++
Marking code as processable for Python
Marking code as processable for C++
Marking code as processable for Python
Marking code as processable for C++
Marking code as processable for Python
Marking code as processable for C++
Marking code as processable for Python
Marking code as processable for C++
Marking code as processable for Python
Marking code as processable for C++
Marking code as processable for Python
Marking code as processable for C++
Marking code as processable for Python
Marking code as processable for C++
Marking code as processable for Python
Marking code as processable for C++
Marking code as processable for Python
Marking code as processable for C++
Marking code as processable for Python
Marking code as processable for C++
Marking code as processable for Python
Marking code as processable for C++
Marking code as processable for Python
Marking code as processable for C++
Marking code as processable for Python
Marking code as processable for C++
Marking code as processable for Python
Marking code as processable for C++
Marking code as processable for Python
Marking code as processable for C++
Marking code as processable for Python
Marking code as processable for C++
Marking code as processable for Python
Marking code as processable for C++
Marking code as processable for Python
Marking code as processable for C++
Marking code as processable for Python
Marking code as processable for C++
Marking code as processable for Python
Marking code as processable for C++
Marking code as processable for Python
Marking code as processable for C++
Marking code as processable for Python
Marking code as processable for C++
Marking code as processable for Python
Marking code as processable for C++
Marking code as processable for Python
Marking code as processable for C++
Marking code as processable for Python
Marking code as processable for C++
Marking code as processable for Python
Marking code as processable for C++
Marking code as processable for Python
Marking code as processable for C++
Marking code as processable for Python
Marking code as processable for C++
Marking code as processable for Python
Marking code as processable for C++
Marking code as processable for Python
Marking code as processable for C++
Marking code as processable for Python
Marking code as processable for C++
Marking code as processable for Python
Marking code as processable for C++
Marking code as processable for Python
Marking code as processable for C++
Marking code as processable for Python
Marking code as processable for C++
Marking code as processable for Python
Marking code as processable for C++
Marking code as processable for Python
Marking code as processable for C++
Marking code as processable for Python
Marking code as processable for C++
Marking code as processable for Python
Marking code as processable for C++
Marking code as processable for Python
Marking code as processable for C++
Marking code as processable for Python
Marking code as processable for C++
Marking code as processable for Python
Marking code as processable for C++
Marking code as processable for Python
Marking code as processable for C++
Marking code as processable for Python
Marking code as processable for C++
Marking code as processable for Python
Marking code as processable for C++
Marking code as processable for Python
Marking code as processable for C++
Marking code as processable for Python
Marking code as processable for C++
Skipped 200 records for baseline...
Marking code as processable for Python
Marking code as processable for C++
Marking code as processable for Python
Marking code as processable for C++
Marking code as processable for Python
Marking code as processable for C++
Marking code as processable for Python
Marking code as processable for C++
Marking code as processable for Python
Marking code as processable for C++
Marking code as processable for Python
Marking code as processable for C++
Marking code as processable for Python
Marking code as processable for C++
Marking code as processable for Python
Marking code as processable for C++
Marking code as processable for Python
Marking code as processable for C++
Marking code as processable for Python
Marking code as processable for C++
Marking code as processable for Python
Marking code as processable for C++
Marking code as processable for Python
Marking code as processable for C++
Marking code as processable for Python
Marking code as processable for C++
Marking code as processable for Python
Marking code as processable for C++
Marking code as processable for Python
Marking code as processable for C++
Marking code as processable for Python
Marking code as processable for C++
Marking code as processable for Python
Marking code as processable for C++
Marking code as processable for Python
Marking code as processable for C++
Marking code as processable for Python
Marking code as processable for C++
Marking code as processable for Python
Marking code as processable for C++
Marking code as processable for Python
Marking code as processable for C++
Marking code as processable for Python
Marking code as processable for C++
Marking code as processable for Python
Marking code as processable for C++
Marking code as processable for Python
Marking code as processable for C++
Marking code as processable for Python
Marking code as processable for C++
Skipped 250 records. Starting Phase 2 LORA training data collection from record 251...
Marking code as processable for Python
Marking code as processable for C++
Warning: C++ documentation not found in record 4fa8fd063ec268594ef1ce82e4aec2761bcf4016. Re-generating for this record as a fallback.
	Info: Qwen code generation max new tokens: 16384
LLM Judge Score: 0.8
	Info: Qwen code generation max new tokens: 16384
LLM Judge Score: 0.8
	Info: Qwen code generation max new tokens: 16384
LLM Judge Score: 0.8
Marking code as processable for Python
Marking code as processable for C++
Warning: C++ documentation not found in record 4fa9ab50fe9a773e9b70b04fa4da831c37e5f1f7. Re-generating for this record as a fallback.
	Info: Qwen code generation max new tokens: 16384
LLM Judge Score: 0.9
	Info: Qwen code generation max new tokens: 16384
LLM Judge Score: 0.95
	Info: Qwen code generation max new tokens: 16384
LLM Judge Score: 0.9
Marking code as processable for Python
Marking code as processable for C++
Warning: C++ documentation not found in record 4fabc4c1aa0861e2d0b9e4f93f0b6e742710578d. Re-generating for this record as a fallback.
	Info: Qwen code generation max new tokens: 16384
LLM Judge Score: 0.8
	Info: Qwen code generation max new tokens: 16384
LLM Judge Score: 0.8
	Info: Qwen code generation max new tokens: 16384
LLM Judge Score: 0.8
Marking code as processable for Python
Marking code as processable for C++
Warning: C++ documentation not found in record 4faea4ab3ce93c24e81efae27f6558f7c174b84b. Re-generating for this record as a fallback.
	Info: Qwen code generation max new tokens: 16384
LLM Judge Score: 0.8
	Info: Qwen code generation max new tokens: 16384
LLM Judge Score: 0.85
	Info: Qwen code generation max new tokens: 16384
LLM Judge Score: 0.8
Marking code as processable for Python
Marking code as processable for C++
Warning: C++ documentation not found in record 4fafd512581b5e05309b43067b1f821888bf3612. Re-generating for this record as a fallback.
	Info: Qwen code generation max new tokens: 16384
LLM Judge Score: 0.5
	Info: Qwen code generation max new tokens: 16384
LLM Judge Score: 0.8
	Info: Qwen code generation max new tokens: 16384
LLM Judge Score: 0.8
Marking code as processable for Python
Marking code as processable for C++
Warning: C++ documentation not found in record 4fb1d855e1e0c068ba2c79e87167dfc3c6db8683. Re-generating for this record as a fallback.
	Info: Qwen code generation max new tokens: 16384
LLM Judge Score: 0.8
	Info: Qwen code generation max new tokens: 16384
LLM Judge Score: 0.8
	Info: Qwen code generation max new tokens: 16384
LLM Judge Score: 0.8
Marking code as processable for Python
Marking code as processable for C++
Warning: C++ documentation not found in record 4fb200e44ebaa6efdcfc1efaec83b8ffcc78b838. Re-generating for this record as a fallback.
	Info: Qwen code generation max new tokens: 16384
LLM Judge Score: 0.7
	Info: Qwen code generation max new tokens: 16384
LLM Judge Score: 0.9
	Info: Qwen code generation max new tokens: 16384
LLM Judge Score: 0.9
Marking code as processable for Python
Marking code as processable for C++
Warning: C++ documentation not found in record 4fb215be17b7a517f5c703eef67e7a23eb9a1c2c. Re-generating for this record as a fallback.
	Info: Qwen code generation max new tokens: 16384
LLM Judge Score: 0.8
	Info: Qwen code generation max new tokens: 16384
LLM Judge Score: 0.8
	Info: Qwen code generation max new tokens: 16384
LLM Judge Score: 0.8
Marking code as processable for Python
Marking code as processable for C++
Warning: C++ documentation not found in record 4fb26419819029cbca5a4561cdcaaa756c6d76f2. Re-generating for this record as a fallback.
	Info: Qwen code generation max new tokens: 16384
LLM Judge Score: 0.8
	Info: Qwen code generation max new tokens: 16384
LLM Judge Score: 0.8
	Info: Qwen code generation max new tokens: 16384
LLM Judge Score: 0.8
Marking code as processable for Python
Marking code as processable for C++
Warning: C++ documentation not found in record 4fb59c89f9637b5a55fea3244994655ee8f3d196. Re-generating for this record as a fallback.
	Info: Qwen code generation max new tokens: 16384
LLM Judge Score: 0.9
	Info: Qwen code generation max new tokens: 16384
LLM Judge Score: 0.9
	Info: Qwen code generation max new tokens: 16384
LLM Judge Score: 0.9
Marking code as processable for Python
Marking code as processable for C++
Warning: C++ documentation not found in record 4fb7559032ee7beb162d0ef4e006d5493076a3d1. Re-generating for this record as a fallback.
	Info: Qwen code generation max new tokens: 16384
LLM Judge Score: 0.8
	Info: Qwen code generation max new tokens: 16384
LLM Judge Score: 0.9
	Info: Qwen code generation max new tokens: 16384
LLM Judge Score: 0.9
Marking code as processable for Python
Marking code as processable for C++
Warning: C++ documentation not found in record 4fb78d86c114295f779747859aee82380b540ce0. Re-generating for this record as a fallback.
	Info: Qwen code generation max new tokens: 16384
LLM Judge Score: 0.8
	Info: Qwen code generation max new tokens: 16384
LLM Judge Score: 0.8
	Info: Qwen code generation max new tokens: 16384
LLM Judge Score: 0.85
Marking code as processable for Python
Marking code as processable for C++
Warning: C++ documentation not found in record 4fb7a2f953cc7c8e7943c2a7b5d9c4caf1c4d5a3. Re-generating for this record as a fallback.
	Info: Qwen code generation max new tokens: 16384
LLM Judge Score: 0.9
	Info: Qwen code generation max new tokens: 16384
LLM Judge Score: 0.9
	Info: Qwen code generation max new tokens: 16384
LLM Judge Score: 0.9
Marking code as processable for Python
Marking code as processable for C++
Warning: C++ documentation not found in record 4fb7cb08b00f7a87f694463e9c2e14d8f0ad616a. Re-generating for this record as a fallback.
	Info: Qwen code generation max new tokens: 16384
LLM Judge Score: 0.8
	Info: Qwen code generation max new tokens: 16384
LLM Judge Score: 0.8
	Info: Qwen code generation max new tokens: 16384
LLM Judge Score: 0.8
Marking code as processable for Python
Marking code as processable for C++
Warning: C++ documentation not found in record 4fb7e82857d84cd5366a009336fff5bb0ea3b537. Re-generating for this record as a fallback.
	Info: Qwen code generation max new tokens: 16384
LLM Judge Score: 0.8
	Info: Qwen code generation max new tokens: 16384
LLM Judge Score: 0.8
	Info: Qwen code generation max new tokens: 16384
LLM Judge Score: 0.9
Marking code as processable for Python
Marking code as processable for C++
Warning: C++ documentation not found in record 4fb84a3b3aa2b769bcbd0205f640df54c7e9d1fc. Re-generating for this record as a fallback.
	Info: Qwen code generation max new tokens: 16384
LLM Judge Score: 0.8
	Info: Qwen code generation max new tokens: 16384
LLM Judge Score: 0.8
	Info: Qwen code generation max new tokens: 16384
LLM Judge Score: 0.8
Marking code as processable for Python
Marking code as processable for C++
Warning: C++ documentation not found in record 4fbbe4ac2f97ce5a0568c81bf49cafc935bb5aaa. Re-generating for this record as a fallback.
	Info: Qwen code generation max new tokens: 16384
LLM Judge Score: 0.8
	Info: Qwen code generation max new tokens: 16384
LLM Judge Score: 0.8
	Info: Qwen code generation max new tokens: 16384
LLM Judge Score: 0.8
Marking code as processable for Python
Marking code as processable for C++
Warning: C++ documentation not found in record 4fbc3d4675912824cbf04e4249193d83d9aa2617. Re-generating for this record as a fallback.
	Info: Qwen code generation max new tokens: 16384
LLM Judge Score: 0.9
	Info: Qwen code generation max new tokens: 16384
LLM Judge Score: 0.8
	Info: Qwen code generation max new tokens: 16384
LLM Judge Score: 0.8
Marking code as processable for Python
Marking code as processable for C++
Warning: C++ documentation not found in record 4fbd4fd29e2e81fd5b8e65f374e2602f9d35217e. Re-generating for this record as a fallback.
	Info: Qwen code generation max new tokens: 16384
LLM Judge Score: 0.8
	Info: Qwen code generation max new tokens: 16384
LLM Judge Score: 0.8
	Info: Qwen code generation max new tokens: 16384
LLM Judge Score: 0.8
Marking code as processable for Python
Marking code as processable for C++
Warning: C++ documentation not found in record 4fbd68a1b78c449f2e424f71ef756e62ead38c8b. Re-generating for this record as a fallback.
	Info: Qwen code generation max new tokens: 16384
LLM Judge Score: 0.8
	Info: Qwen code generation max new tokens: 16384
LLM Judge Score: 0.8
	Info: Qwen code generation max new tokens: 16384
LLM Judge Score: 0.8
Marking code as processable for Python
Marking code as processable for C++
Warning: C++ documentation not found in record 4fbf226090e4518546a97c8a6309253c44196e1c. Re-generating for this record as a fallback.
	Info: Qwen code generation max new tokens: 16384
LLM Judge Score: 0.8
	Info: Qwen code generation max new tokens: 16384
LLM Judge Score: 0.8
	Info: Qwen code generation max new tokens: 16384
LLM Judge Score: 0.8
Marking code as processable for Python
Marking code as processable for C++
Warning: C++ documentation not found in record 4fc1fb870b57f09e99aab228be1843909616589a. Re-generating for this record as a fallback.
	Info: Qwen code generation max new tokens: 16384
LLM Judge Score: 0.9
	Info: Qwen code generation max new tokens: 16384
LLM Judge Score: 0.9
	Info: Qwen code generation max new tokens: 16384
LLM Judge Score: 0.8
Marking code as processable for Python
Marking code as processable for C++
Warning: C++ documentation not found in record 4fc32173d2cdfb2532a258a3d90c2c36ecacdf0f. Re-generating for this record as a fallback.
	Info: Qwen code generation max new tokens: 16384
LLM Judge Score: 0.9
	Info: Qwen code generation max new tokens: 16384
LLM Judge Score: 0.9
	Info: Qwen code generation max new tokens: 16384
LLM Judge Score: 0.9
Marking code as processable for Python
Marking code as processable for C++
Warning: C++ documentation not found in record 4fc35df192304b723558bbf337928fba775972f7. Re-generating for this record as a fallback.
	Info: Qwen code generation max new tokens: 16384
LLM Judge Score: 0.8
	Info: Qwen code generation max new tokens: 16384
LLM Judge Score: 0.8
	Info: Qwen code generation max new tokens: 16384
LLM Judge Score: 0.8
Marking code as processable for Python
Marking code as processable for C++
Warning: C++ documentation not found in record 4fc3d34ec7353af5e033a67beba373d497b54d53. Re-generating for this record as a fallback.
	Info: Qwen code generation max new tokens: 16384
LLM Judge Score: 0.8
	Info: Qwen code generation max new tokens: 16384
LLM Judge Score: 0.8
	Info: Qwen code generation max new tokens: 16384
LLM Judge Score: 0.8
Marking code as processable for Python
Marking code as processable for C++
Warning: C++ documentation not found in record 4fc608719fe9791c29165f119f800fc6dd70d9e5. Re-generating for this record as a fallback.
	Info: Qwen code generation max new tokens: 16384
LLM Judge Score: 0.8
	Info: Qwen code generation max new tokens: 16384
LLM Judge Score: 0.8
	Info: Qwen code generation max new tokens: 16384
LLM Judge Score: 0.8
Marking code as processable for Python
Marking code as processable for C++
Warning: C++ documentation not found in record 4fc61a4d4dc3ccabe1c900a55fa626daacaf4b48. Re-generating for this record as a fallback.
	Info: Qwen code generation max new tokens: 16384
LLM Judge Score: 0.9
	Info: Qwen code generation max new tokens: 16384
LLM Judge Score: 0.9
	Info: Qwen code generation max new tokens: 16384
LLM Judge Score: 0.9
Marking code as processable for Python
Marking code as processable for C++
Warning: C++ documentation not found in record 4fc70deb3e9d24c0023e94283629a9144144c227. Re-generating for this record as a fallback.
	Info: Qwen code generation max new tokens: 16384
LLM Judge Score: 0.8
	Info: Qwen code generation max new tokens: 16384
LLM Judge Score: 0.85
	Info: Qwen code generation max new tokens: 16384
LLM Judge Score: 0.85
Marking code as processable for Python
Marking code as processable for C++
Warning: C++ documentation not found in record 4fc85e6f8b442318826ffe1ce34fbd11be8ab96c. Re-generating for this record as a fallback.
	Info: Qwen code generation max new tokens: 16384
LLM Judge Score: 0.9
	Info: Qwen code generation max new tokens: 16384
LLM Judge Score: 0.9
	Info: Qwen code generation max new tokens: 16384
LLM Judge Score: 0.9
Marking code as processable for Python
Marking code as processable for C++
Warning: C++ documentation not found in record 4fca8da5598f25d588fe6e40f30e1d3be60ad25c. Re-generating for this record as a fallback.
	Info: Qwen code generation max new tokens: 16384
LLM Judge Score: 0.8
	Info: Qwen code generation max new tokens: 16384
LLM Judge Score: 0.8
	Info: Qwen code generation max new tokens: 16384
LLM Judge Score: 0.8
Marking code as processable for Python
Marking code as processable for C++
Warning: C++ documentation not found in record 4fcad119d316e73bc2815fb835413681ac2eef6e. Re-generating for this record as a fallback.
	Info: Qwen code generation max new tokens: 16384
LLM Judge Score: 0.9
	Info: Qwen code generation max new tokens: 16384
LLM Judge Score: 0.9
	Info: Qwen code generation max new tokens: 16384
LLM Judge Score: 0.9
Marking code as processable for Python
Marking code as processable for C++
Warning: C++ documentation not found in record 4fcb88f73bbd92b161b432e1a33d2f854847fff5. Re-generating for this record as a fallback.
	Info: Qwen code generation max new tokens: 16384
LLM Judge Score: 0.9
	Info: Qwen code generation max new tokens: 16384
LLM Judge Score: 0.8
	Info: Qwen code generation max new tokens: 16384
LLM Judge Score: 0.85
Marking code as processable for Python
Marking code as processable for C++
Warning: C++ documentation not found in record 4fcca642dc4aeab95c4edaad254336a279d46d27. Re-generating for this record as a fallback.
	Info: Qwen code generation max new tokens: 16384
LLM Judge Score: 0.8
	Info: Qwen code generation max new tokens: 16384
LLM Judge Score: 0.8
	Info: Qwen code generation max new tokens: 16384
LLM Judge Score: 0.8
Marking code as processable for Python
Marking code as processable for C++
Warning: C++ documentation not found in record 4fcddf10c2a59215adebec21f2dfd072d169b17d. Re-generating for this record as a fallback.
	Info: Qwen code generation max new tokens: 16384
LLM Judge Score: 0.9
	Info: Qwen code generation max new tokens: 16384
LLM Judge Score: 0.8
	Info: Qwen code generation max new tokens: 16384
LLM Judge Score: 0.8
Marking code as processable for Python
Marking code as processable for C++
Warning: C++ documentation not found in record 4fd0363b306ceb4c7c6dc060c357e2cec1a701a8. Re-generating for this record as a fallback.
	Info: Qwen code generation max new tokens: 16384
LLM Judge Score: 0.8
	Info: Qwen code generation max new tokens: 16384
LLM Judge Score: 0.8
	Info: Qwen code generation max new tokens: 16384
LLM Judge Score: 0.8
Marking code as processable for Python
Marking code as processable for C++
Warning: C++ documentation not found in record 4fd0fa30ee8922027abd6fd8dc0fa3da87685323. Re-generating for this record as a fallback.
	Info: Qwen code generation max new tokens: 16384
LLM Judge Score: 1.0
	Info: Qwen code generation max new tokens: 16384
LLM Judge Score: 1.0
	Info: Qwen code generation max new tokens: 16384
LLM Judge Score: 1.0
Marking code as processable for Python
Marking code as processable for C++
Warning: C++ documentation not found in record 4fd1c2be436b8caabdd168c5be880d1920f5be71. Re-generating for this record as a fallback.
	Info: Qwen code generation max new tokens: 16384
LLM Judge Score: 0.8
	Info: Qwen code generation max new tokens: 16384
LLM Judge Score: 0.8
	Info: Qwen code generation max new tokens: 16384
LLM Judge Score: 0.8
Marking code as processable for Python
Marking code as processable for C++
Warning: C++ documentation not found in record 4fd515a9a5d03507aada46efca7aed38585a0101. Re-generating for this record as a fallback.
	Info: Qwen code generation max new tokens: 16384
LLM Judge Score: 0.8
	Info: Qwen code generation max new tokens: 16384
LLM Judge Score: 0.8
	Info: Qwen code generation max new tokens: 16384
LLM Judge Score: 0.8
Marking code as processable for Python
Marking code as processable for C++
Warning: C++ documentation not found in record 4fd8ce5bb6a5438c2c7c90bf28f7aace7da37961. Re-generating for this record as a fallback.
	Info: Qwen code generation max new tokens: 16384
LLM Judge Score: 0.9
	Info: Qwen code generation max new tokens: 16384
LLM Judge Score: 0.9
	Info: Qwen code generation max new tokens: 16384
LLM Judge Score: 0.9
Marking code as processable for Python
Marking code as processable for C++
Warning: C++ documentation not found in record 4fd93003389cc1ccc0a29376623c280ab7874358. Re-generating for this record as a fallback.
	Info: Qwen code generation max new tokens: 16384
LLM Judge Score: 0.7
	Info: Qwen code generation max new tokens: 16384
LLM Judge Score: 0.8
	Info: Qwen code generation max new tokens: 16384
LLM Judge Score: 0.8
Marking code as processable for Python
Marking code as processable for C++
Warning: C++ documentation not found in record 4fda8c1ba1d5cff07e468a00c222575519007a6b. Re-generating for this record as a fallback.
	Info: Qwen code generation max new tokens: 16384
LLM Judge Score: 0.8
	Info: Qwen code generation max new tokens: 16384
LLM Judge Score: 0.8
	Info: Qwen code generation max new tokens: 16384
LLM Judge Score: 0.8
Marking code as processable for Python
Marking code as processable for C++
Warning: C++ documentation not found in record 4fdab5cd94358d08eac7f8b041bf16d09042f0bd. Re-generating for this record as a fallback.
	Info: Qwen code generation max new tokens: 16384
LLM Judge Score: 0.8
	Info: Qwen code generation max new tokens: 16384
LLM Judge Score: 0.85
	Info: Qwen code generation max new tokens: 16384
LLM Judge Score: 0.8
Marking code as processable for Python
Marking code as processable for C++
Warning: C++ documentation not found in record 4fdc6c1719a2d84e03001c2f4eb4ce38d1fc074b. Re-generating for this record as a fallback.
	Info: Qwen code generation max new tokens: 16384
LLM Judge Score: 0.8
	Info: Qwen code generation max new tokens: 16384
LLM Judge Score: 0.8
	Info: Qwen code generation max new tokens: 16384
LLM Judge Score: 0.8
Marking code as processable for Python
Marking code as processable for C++
Warning: C++ documentation not found in record 4fdc781745bebc8001b93cc758ce45c155e059a4. Re-generating for this record as a fallback.
	Info: Qwen code generation max new tokens: 16384
LLM Judge Score: 0.8
	Info: Qwen code generation max new tokens: 16384
LLM Judge Score: 0.8
	Info: Qwen code generation max new tokens: 16384
LLM Judge Score: 0.8
Marking code as processable for Python
Marking code as processable for C++
Warning: C++ documentation not found in record 4fdc7935166d58b7a66106112a6a2a1f4ae9af45. Re-generating for this record as a fallback.
	Info: Qwen code generation max new tokens: 16384
LLM Judge Score: 0.9
	Info: Qwen code generation max new tokens: 16384
LLM Judge Score: 0.8
	Info: Qwen code generation max new tokens: 16384
LLM Judge Score: 0.9
Marking code as processable for Python
Marking code as processable for C++
Warning: C++ documentation not found in record 4fdcc9f7ff1c8b0928366d3a70940ed2cf2e80a4. Re-generating for this record as a fallback.
	Info: Qwen code generation max new tokens: 16384
LLM Judge Score: 0.8
	Info: Qwen code generation max new tokens: 16384
LLM Judge Score: 0.8
	Info: Qwen code generation max new tokens: 16384
LLM Judge Score: 0.8
Marking code as processable for Python
Marking code as processable for C++
Warning: C++ documentation not found in record 4fdee9a5c071edd7361349f9787638d4247466b2. Re-generating for this record as a fallback.
	Info: Qwen code generation max new tokens: 16384
LLM Judge Score: 0.9
	Info: Qwen code generation max new tokens: 16384
LLM Judge Score: 0.9
	Info: Qwen code generation max new tokens: 16384
LLM Judge Score: 0.8
Marking code as processable for Python
Marking code as processable for C++
Warning: C++ documentation not found in record 4fdfaa3f8b1a6b061f86e6583fcca48546ec6515. Re-generating for this record as a fallback.
	Info: Qwen code generation max new tokens: 16384
LLM Judge Score: 0.85
	Info: Qwen code generation max new tokens: 16384
LLM Judge Score: 0.85
	Info: Qwen code generation max new tokens: 16384
LLM Judge Score: 0.85
Marking code as processable for Python
Marking code as processable for C++
Warning: C++ documentation not found in record 4fdff8f7ae50a352bf7a88c0c485562437e654f8. Re-generating for this record as a fallback.
	Info: Qwen code generation max new tokens: 16384
LLM Judge Score: 0.5
	Info: Qwen code generation max new tokens: 16384
LLM Judge Score: 0.8
	Info: Qwen code generation max new tokens: 16384
LLM Judge Score: 0.5
Marking code as processable for Python
Marking code as processable for C++
Warning: C++ documentation not found in record 4fe1d403e823872161e865c37354ed666537d721. Re-generating for this record as a fallback.
	Info: Qwen code generation max new tokens: 16384
LLM Judge Score: 0.8
	Info: Qwen code generation max new tokens: 16384
LLM Judge Score: 0.8
	Info: Qwen code generation max new tokens: 16384
LLM Judge Score: 0.8
Marking code as processable for Python
Marking code as processable for C++
Warning: C++ documentation not found in record 4fe2036cc2af9ec54924d35ce673146f20b1d84b. Re-generating for this record as a fallback.
	Info: Qwen code generation max new tokens: 16384
LLM Judge Score: 0.95
	Info: Qwen code generation max new tokens: 16384
LLM Judge Score: 0.85
	Info: Qwen code generation max new tokens: 16384
LLM Judge Score: 0.95
Marking code as processable for Python
Marking code as processable for C++
Warning: C++ documentation not found in record 4fe208e83a2a28c3cc73a8d93d5c8da50bbda1f2. Re-generating for this record as a fallback.
	Info: Qwen code generation max new tokens: 16384
LLM Judge Score: 0.8
	Info: Qwen code generation max new tokens: 16384
LLM Judge Score: 0.8
	Info: Qwen code generation max new tokens: 16384
LLM Judge Score: 0.8
Marking code as processable for Python
Marking code as processable for C++
Warning: C++ documentation not found in record 4fe2f1130e63469bd6fd38299067649bc4e92155. Re-generating for this record as a fallback.
	Info: Qwen code generation max new tokens: 16384
LLM Judge Score: 0.8
	Info: Qwen code generation max new tokens: 16384
LLM Judge Score: 0.8
	Info: Qwen code generation max new tokens: 16384
LLM Judge Score: 0.8
Marking code as processable for Python
Marking code as processable for C++
Warning: C++ documentation not found in record 4fe35522dd811ea3a4133d69d70bd53eadb7ba1a. Re-generating for this record as a fallback.
	Info: Qwen code generation max new tokens: 16384
LLM Judge Score: 1.0
	Info: Qwen code generation max new tokens: 16384
LLM Judge Score: 1.0
	Info: Qwen code generation max new tokens: 16384
LLM Judge Score: 1.0
Marking code as processable for Python
Marking code as processable for C++
Warning: C++ documentation not found in record 4fe6ad2f0632184bd2f29c82339cdfb448172276. Re-generating for this record as a fallback.
	Info: Qwen code generation max new tokens: 16384
LLM Judge Score: 0.8
	Info: Qwen code generation max new tokens: 16384
LLM Judge Score: 0.8
	Info: Qwen code generation max new tokens: 16384
LLM Judge Score: 0.8
Marking code as processable for Python
Marking code as processable for C++
Warning: C++ documentation not found in record 4fe9892661be507584dd0d847f22f40e1b6c9ff8. Re-generating for this record as a fallback.
Warning: Input length 42149 >= model max 32768. Truncating.
	Info: Qwen code generation max new tokens: 16384
LLM Judge Score: 0.8
	Info: Qwen code generation max new tokens: 16384
LLM Judge Score: 0.8
	Info: Qwen code generation max new tokens: 16384
LLM Judge Score: 0.85
Marking code as processable for Python
Marking code as processable for C++
Warning: C++ documentation not found in record 4fe9c225e69fafe57d715f9a24c4ab3a36656d64. Re-generating for this record as a fallback.
	Info: Qwen code generation max new tokens: 16384
LLM Judge Score: 0.8
	Info: Qwen code generation max new tokens: 16384
LLM Judge Score: 0.8
	Info: Qwen code generation max new tokens: 16384
LLM Judge Score: 0.8
Marking code as processable for Python
Marking code as processable for C++
Warning: C++ documentation not found in record 4fecebbbb9b3f3cab920782731e176f84c039690. Re-generating for this record as a fallback.
	Info: Qwen code generation max new tokens: 16384
LLM Judge Score: 0.9
	Info: Qwen code generation max new tokens: 16384
LLM Judge Score: 0.9
	Info: Qwen code generation max new tokens: 16384
LLM Judge Score: 0.9
Marking code as processable for Python
Marking code as processable for C++
Warning: C++ documentation not found in record 4fedc7a154eb5284125d41a1b45c3a29855af6fe. Re-generating for this record as a fallback.
	Info: Qwen code generation max new tokens: 16384
LLM Judge Score: 0.9
	Info: Qwen code generation max new tokens: 16384
LLM Judge Score: 0.9
	Info: Qwen code generation max new tokens: 16384
LLM Judge Score: 1.0
Marking code as processable for Python
Marking code as processable for C++
Warning: C++ documentation not found in record 4feea2317e2293f1c9dd2a11aaf2fc2fbdf52c7a. Re-generating for this record as a fallback.
	Info: Qwen code generation max new tokens: 16384
LLM Judge Score: 0.8
	Info: Qwen code generation max new tokens: 16384
LLM Judge Score: 0.8
	Info: Qwen code generation max new tokens: 16384
LLM Judge Score: 0.8
Marking code as processable for Python
Marking code as processable for C++
Warning: C++ documentation not found in record 4fef4ce7a337887fc210a91cdf8e90794590e7fe. Re-generating for this record as a fallback.
	Info: Qwen code generation max new tokens: 16384
LLM Judge Score: 0.8
	Info: Qwen code generation max new tokens: 16384
LLM Judge Score: 0.8
	Info: Qwen code generation max new tokens: 16384
LLM Judge Score: 0.8
Marking code as processable for Python
Marking code as processable for C++
Warning: C++ documentation not found in record 4ff03862e9080e0d503f1a21891f33cd504b5ef4. Re-generating for this record as a fallback.
	Info: Qwen code generation max new tokens: 16384
LLM Judge Score: 0.9
	Info: Qwen code generation max new tokens: 16384
LLM Judge Score: 0.9
	Info: Qwen code generation max new tokens: 16384
LLM Judge Score: 0.9
Marking code as processable for Python
Marking code as processable for C++
Warning: C++ documentation not found in record 4ff27ab12280b56abdf72056fe69ec713f2f2f46. Re-generating for this record as a fallback.
	Info: Qwen code generation max new tokens: 16384
LLM Judge Score: 0.8
	Info: Qwen code generation max new tokens: 16384
LLM Judge Score: 0.8
	Info: Qwen code generation max new tokens: 16384
LLM Judge Score: 0.8
Marking code as processable for Python
Marking code as processable for C++
Warning: C++ documentation not found in record 4ff51b38cbe2ae34b8f6913080ab6f8a0936a4db. Re-generating for this record as a fallback.
	Info: Qwen code generation max new tokens: 16384
LLM Judge Score: 0.8
	Info: Qwen code generation max new tokens: 16384
LLM Judge Score: 0.8
	Info: Qwen code generation max new tokens: 16384
LLM Judge Score: 0.8
Marking code as processable for Python
Marking code as processable for C++
Warning: C++ documentation not found in record 4ff77fb96ce84be8fc4866cf29b0a17cd6a21fb0. Re-generating for this record as a fallback.
	Info: Qwen code generation max new tokens: 16384
LLM Judge Score: 0.9
	Info: Qwen code generation max new tokens: 16384
LLM Judge Score: 0.9
	Info: Qwen code generation max new tokens: 16384
LLM Judge Score: 0.9
Marking code as processable for Python
Marking code as processable for C++
Warning: C++ documentation not found in record 4ff94fda49ac35645dadad0f002bc31ff25dc5d3. Re-generating for this record as a fallback.
	Info: Qwen code generation max new tokens: 16384
LLM Judge Score: 0.8
	Info: Qwen code generation max new tokens: 16384
LLM Judge Score: 0.8
	Info: Qwen code generation max new tokens: 16384
LLM Judge Score: 0.8
Marking code as processable for Python
Marking code as processable for C++
Warning: C++ documentation not found in record 4ff9e38e38ce9ed38cef419716d27168344d17b6. Re-generating for this record as a fallback.
	Info: Qwen code generation max new tokens: 16384
LLM Judge Score: 1.0
	Info: Qwen code generation max new tokens: 16384
LLM Judge Score: 0.85
	Info: Qwen code generation max new tokens: 16384
LLM Judge Score: 0.85
Marking code as processable for Python
Marking code as processable for C++
Warning: C++ documentation not found in record 4ffa16bfcf8e2aa794f27ed2543621bbad9bd3f5. Re-generating for this record as a fallback.
	Info: Qwen code generation max new tokens: 16384
LLM Judge Score: 0.9
	Info: Qwen code generation max new tokens: 16384
LLM Judge Score: 0.8
	Info: Qwen code generation max new tokens: 16384
LLM Judge Score: 0.9
Marking code as processable for Python
Marking code as processable for C++
Warning: C++ documentation not found in record 4ffb7b971e0ea1a7dae67d8a598fab3e9e8e4e7f. Re-generating for this record as a fallback.
	Info: Qwen code generation max new tokens: 16384
LLM Judge Score: 0.9
	Info: Qwen code generation max new tokens: 16384
LLM Judge Score: 1.0
	Info: Qwen code generation max new tokens: 16384
LLM Judge Score: 1.0
Marking code as processable for Python
Marking code as processable for C++
Warning: C++ documentation not found in record 4ffbdf4569166734a20b6794b81d291056b33c2a. Re-generating for this record as a fallback.
	Info: Qwen code generation max new tokens: 16384
LLM Judge Score: 0.9
	Info: Qwen code generation max new tokens: 16384
LLM Judge Score: 0.8
	Info: Qwen code generation max new tokens: 16384
LLM Judge Score: 0.8
Marking code as processable for Python
Marking code as processable for C++
Warning: C++ documentation not found in record 4ffc4c7a7775cd7fe33f61f9371c2a8eb810b77e. Re-generating for this record as a fallback.
	Info: Qwen code generation max new tokens: 16384
LLM Judge Score: 0.8
	Info: Qwen code generation max new tokens: 16384
LLM Judge Score: 0.8
	Info: Qwen code generation max new tokens: 16384
LLM Judge Score: 0.8
Marking code as processable for Python
Marking code as processable for C++
Warning: C++ documentation not found in record 4ffcb0753f8cacdf4f3dc3f4d649e96f8a39b82e. Re-generating for this record as a fallback.
	Info: Qwen code generation max new tokens: 16384
LLM Judge Score: 0.8
	Info: Qwen code generation max new tokens: 16384
LLM Judge Score: 0.8
	Info: Qwen code generation max new tokens: 16384
LLM Judge Score: 0.8
Marking code as processable for Python
Marking code as processable for C++
Warning: C++ documentation not found in record 4fffb2cad6e15713572254da23a904b649a21e5b. Re-generating for this record as a fallback.
	Info: Qwen code generation max new tokens: 16384
LLM Judge Score: 0.8
	Info: Qwen code generation max new tokens: 16384
LLM Judge Score: 0.85
	Info: Qwen code generation max new tokens: 16384
LLM Judge Score: 0.8
Marking code as processable for Python
Marking code as processable for C++
Warning: C++ documentation not found in record 8b01a9285a5ca03ea5b64552a3b85ac5e45dc213. Re-generating for this record as a fallback.
	Info: Qwen code generation max new tokens: 16384
LLM Judge Score: 0.8
	Info: Qwen code generation max new tokens: 16384
LLM Judge Score: 0.8
	Info: Qwen code generation max new tokens: 16384
LLM Judge Score: 0.9
Marking code as processable for Python
Marking code as processable for C++
Warning: C++ documentation not found in record 8b022a18324bcac46b891a0dd9b0b2c361d698d7. Re-generating for this record as a fallback.
	Info: Qwen code generation max new tokens: 16384
LLM Judge Score: 0.8
	Info: Qwen code generation max new tokens: 16384
LLM Judge Score: 0.8
	Info: Qwen code generation max new tokens: 16384
LLM Judge Score: 0.8
Marking code as processable for Python
Marking code as processable for C++
Warning: C++ documentation not found in record 8b03845050e6020e129e3ddd7fa42fc94e38c713. Re-generating for this record as a fallback.
	Info: Qwen code generation max new tokens: 16384
LLM Judge Score: 0.8
	Info: Qwen code generation max new tokens: 16384
LLM Judge Score: 0.8
	Info: Qwen code generation max new tokens: 16384
LLM Judge Score: 0.8
Marking code as processable for Python
Marking code as processable for C++
Warning: C++ documentation not found in record 8b03c5272547f3929145061f550d3e75e9897b76. Re-generating for this record as a fallback.
	Info: Qwen code generation max new tokens: 16384
LLM Judge Score: 0.8
	Info: Qwen code generation max new tokens: 16384
LLM Judge Score: 0.8
	Info: Qwen code generation max new tokens: 16384
LLM Judge Score: 0.8
Marking code as processable for Python
Marking code as processable for C++
Warning: C++ documentation not found in record 8b0b446d2c887a1218d2efe816f881484b09fa7d. Re-generating for this record as a fallback.
	Info: Qwen code generation max new tokens: 16384
LLM Judge Score: 0.8
	Info: Qwen code generation max new tokens: 16384
LLM Judge Score: 0.8
	Info: Qwen code generation max new tokens: 16384
LLM Judge Score: 0.8
Marking code as processable for Python
Marking code as processable for C++
Warning: C++ documentation not found in record 8b0c422928ab095f72a9c9e4c116577beb2722c0. Re-generating for this record as a fallback.
	Info: Qwen code generation max new tokens: 16384
LLM Judge Score: 0.9
	Info: Qwen code generation max new tokens: 16384
LLM Judge Score: 0.7
	Info: Qwen code generation max new tokens: 16384
LLM Judge Score: 0.9
Marking code as processable for Python
Marking code as processable for C++
Warning: C++ documentation not found in record 8b0d0d5092ad2c186dc45eff5b1fc496f9fe7987. Re-generating for this record as a fallback.
	Info: Qwen code generation max new tokens: 16384
LLM Judge Score: 0.8
	Info: Qwen code generation max new tokens: 16384
LLM Judge Score: 0.8
	Info: Qwen code generation max new tokens: 16384
LLM Judge Score: 0.8
Marking code as processable for Python
Marking code as processable for C++
Warning: C++ documentation not found in record 8b0f1c8242522b4f5d8cb091c79f98b379c39b34. Re-generating for this record as a fallback.
	Info: Qwen code generation max new tokens: 16384
LLM Judge Score: 0.8
	Info: Qwen code generation max new tokens: 16384
LLM Judge Score: 0.8
	Info: Qwen code generation max new tokens: 16384
LLM Judge Score: 0.8
Marking code as processable for Python
Marking code as processable for C++
Warning: C++ documentation not found in record 8b1173553ef4a4d73318d1c1e9dae4110396c0e1. Re-generating for this record as a fallback.
	Info: Qwen code generation max new tokens: 16384
LLM Judge Score: 0.8
	Info: Qwen code generation max new tokens: 16384
LLM Judge Score: 0.8
	Info: Qwen code generation max new tokens: 16384
LLM Judge Score: 0.8
Marking code as processable for Python
Marking code as processable for C++
Warning: C++ documentation not found in record 8b118d5923b101a336a65df34cb52e1d0087371b. Re-generating for this record as a fallback.
	Info: Qwen code generation max new tokens: 16384
LLM Judge Score: 0.9
	Info: Qwen code generation max new tokens: 16384
LLM Judge Score: 0.8
	Info: Qwen code generation max new tokens: 16384
LLM Judge Score: 0.8
Marking code as processable for Python
Marking code as processable for C++
Warning: C++ documentation not found in record 8b1419c5048c61d29f73ce4bead4e87922947b39. Re-generating for this record as a fallback.
	Info: Qwen code generation max new tokens: 16384
LLM Judge Score: 0.8
	Info: Qwen code generation max new tokens: 16384
LLM Judge Score: 0.9
	Info: Qwen code generation max new tokens: 16384
LLM Judge Score: 0.9
Marking code as processable for Python
Marking code as processable for C++
Warning: C++ documentation not found in record 8b1435f20761c2c9c1d907efb4f2e50052a91d47. Re-generating for this record as a fallback.
	Info: Qwen code generation max new tokens: 16384
LLM Judge Score: 0.8
	Info: Qwen code generation max new tokens: 16384
LLM Judge Score: 0.95
	Info: Qwen code generation max new tokens: 16384
LLM Judge Score: 0.95
Marking code as processable for Python
Marking code as processable for C++
Warning: C++ documentation not found in record 8b14cdfd6ba1b04fda690b1fc6e400128f3edbd1. Re-generating for this record as a fallback.
	Info: Qwen code generation max new tokens: 16384
LLM Judge Score: 0.9
	Info: Qwen code generation max new tokens: 16384
LLM Judge Score: 0.8
	Info: Qwen code generation max new tokens: 16384
LLM Judge Score: 0.8
Marking code as processable for Python
Marking code as processable for C++
Warning: C++ documentation not found in record 8b14f5bd20c5e135fa5dfb106b726c1149172438. Re-generating for this record as a fallback.
	Info: Qwen code generation max new tokens: 16384
LLM Judge Score: 0.9
	Info: Qwen code generation max new tokens: 16384
LLM Judge Score: 0.9
	Info: Qwen code generation max new tokens: 16384
LLM Judge Score: 0.9
Marking code as processable for Python
Marking code as processable for C++
Warning: C++ documentation not found in record 8b14fb85d5de2f5499b548bd5fba6b0883c8e558. Re-generating for this record as a fallback.
	Info: Qwen code generation max new tokens: 16384
LLM Judge Score: 0.9
	Info: Qwen code generation max new tokens: 16384
LLM Judge Score: 0.9
	Info: Qwen code generation max new tokens: 16384
LLM Judge Score: 0.9
Marking code as processable for Python
Marking code as processable for C++
Warning: C++ documentation not found in record 8b16464ad45baf650cbef0b4316b226b640b5558. Re-generating for this record as a fallback.
Warning: Input length 175317 >= model max 32768. Truncating.
	Info: Qwen code generation max new tokens: 16384
LLM Judge Score: 0.9
	Info: Qwen code generation max new tokens: 16384
LLM Judge Score: 0.9
	Info: Qwen code generation max new tokens: 16384
LLM Judge Score: 0.9
Marking code as processable for Python
Marking code as processable for C++
Warning: C++ documentation not found in record 8b16ca446e51ee7b1c7677d5ce84c53424deeaf6. Re-generating for this record as a fallback.
	Info: Qwen code generation max new tokens: 16384
LLM Judge Score: 1.0
	Info: Qwen code generation max new tokens: 16384
LLM Judge Score: 1.0
	Info: Qwen code generation max new tokens: 16384
LLM Judge Score: 1.0
Marking code as processable for Python
Marking code as processable for C++
Warning: C++ documentation not found in record 8b17dcbab2c43a33a89896af9b51f62f9dfd1e46. Re-generating for this record as a fallback.
	Info: Qwen code generation max new tokens: 16384
LLM Judge Score: 0.9
	Info: Qwen code generation max new tokens: 16384
LLM Judge Score: 0.9
	Info: Qwen code generation max new tokens: 16384
LLM Judge Score: 0.85
Marking code as processable for Python
Marking code as processable for C++
Warning: C++ documentation not found in record 8b1906f6d20d17a6e22c455e25756175c8d62dd1. Re-generating for this record as a fallback.
	Info: Qwen code generation max new tokens: 16384
LLM Judge Score: 0.8
	Info: Qwen code generation max new tokens: 16384
LLM Judge Score: 0.8
	Info: Qwen code generation max new tokens: 16384
LLM Judge Score: 0.8
Marking code as processable for Python
Marking code as processable for C++
Warning: C++ documentation not found in record 8b19920335abcfa8c4c1746aef97e948f21828ec. Re-generating for this record as a fallback.
	Info: Qwen code generation max new tokens: 16384
LLM Judge Score: 0.8
	Info: Qwen code generation max new tokens: 16384
LLM Judge Score: 0.8
	Info: Qwen code generation max new tokens: 16384
LLM Judge Score: 0.8
Marking code as processable for Python
Marking code as processable for C++
Warning: C++ documentation not found in record 8b1999ede9d43fe1e1f00f24b5de42b0c9718145. Re-generating for this record as a fallback.
	Info: Qwen code generation max new tokens: 16384
LLM Judge Score: 0.9
	Info: Qwen code generation max new tokens: 16384
LLM Judge Score: 0.9
	Info: Qwen code generation max new tokens: 16384
LLM Judge Score: 0.85
Marking code as processable for Python
Marking code as processable for C++
Warning: C++ documentation not found in record 8b1ba8c9a1f015dfe538c5ca55526f5b1addd0ba. Re-generating for this record as a fallback.
	Info: Qwen code generation max new tokens: 16384
LLM Judge Score: 0.9
	Info: Qwen code generation max new tokens: 16384
LLM Judge Score: 0.9
	Info: Qwen code generation max new tokens: 16384
LLM Judge Score: 0.9
Marking code as processable for Python
Marking code as processable for C++
Warning: C++ documentation not found in record 8b1be66bce0247c8e905c64bc6e1b9da52b86e43. Re-generating for this record as a fallback.
	Info: Qwen code generation max new tokens: 16384
LLM Judge Score: 0.9
	Info: Qwen code generation max new tokens: 16384
LLM Judge Score: 0.9
	Info: Qwen code generation max new tokens: 16384
LLM Judge Score: 0.9
Marking code as processable for Python
Marking code as processable for C++
Warning: C++ documentation not found in record 8b1c1c21fc787873b841c665aaa5db39f5cee350. Re-generating for this record as a fallback.
	Info: Qwen code generation max new tokens: 16384
LLM Judge Score: 0.9
	Info: Qwen code generation max new tokens: 16384
LLM Judge Score: 0.8
	Info: Qwen code generation max new tokens: 16384
LLM Judge Score: 0.9
Marking code as processable for Python
Marking code as processable for C++
Warning: C++ documentation not found in record 8b1e4ab07b56c2014f36e5c645e1b7e8386b4de5. Re-generating for this record as a fallback.
	Info: Qwen code generation max new tokens: 16384
LLM Judge Score: 0.8
	Info: Qwen code generation max new tokens: 16384
LLM Judge Score: 0.8
	Info: Qwen code generation max new tokens: 16384
LLM Judge Score: 0.8
Marking code as processable for Python
Marking code as processable for C++
Warning: C++ documentation not found in record 8b1f53a5afc248f3940158763926e017b884f9f0. Re-generating for this record as a fallback.
	Info: Qwen code generation max new tokens: 16384
LLM Judge Score: 0.8
	Info: Qwen code generation max new tokens: 16384
LLM Judge Score: 0.8
	Info: Qwen code generation max new tokens: 16384
LLM Judge Score: 0.8
Marking code as processable for Python
Marking code as processable for C++
Warning: C++ documentation not found in record 8b1ffff653407c7e8895c8aeb20113097d30754b. Re-generating for this record as a fallback.
	Info: Qwen code generation max new tokens: 16384
LLM Judge Score: 0.8
	Info: Qwen code generation max new tokens: 16384
LLM Judge Score: 0.9
	Info: Qwen code generation max new tokens: 16384
LLM Judge Score: 0.8
Marking code as processable for Python
Marking code as processable for C++
Warning: C++ documentation not found in record 8b213ad2833a648469eac24e9f08ffa5f882bd35. Re-generating for this record as a fallback.
	Info: Qwen code generation max new tokens: 16384
LLM Judge Score: 0.8
	Info: Qwen code generation max new tokens: 16384
LLM Judge Score: 0.8
	Info: Qwen code generation max new tokens: 16384
LLM Judge Score: 0.8
Marking code as processable for Python
Marking code as processable for C++
Warning: C++ documentation not found in record 8b21cdf51788de20f811639ed0f7e4eeda1560b1. Re-generating for this record as a fallback.
	Info: Qwen code generation max new tokens: 16384
LLM Judge Score: 0.8
	Info: Qwen code generation max new tokens: 16384
LLM Judge Score: 0.8
	Info: Qwen code generation max new tokens: 16384
LLM Judge Score: 0.8
Marking code as processable for Python
Marking code as processable for C++
Warning: C++ documentation not found in record 8b2207ddb588860a7cbda8fe9b2e844b701cb641. Re-generating for this record as a fallback.
	Info: Qwen code generation max new tokens: 16384
LLM Judge Score: 0.8
	Info: Qwen code generation max new tokens: 16384
LLM Judge Score: 0.8
	Info: Qwen code generation max new tokens: 16384
LLM Judge Score: 0.9
Marking code as processable for Python
Marking code as processable for C++
Warning: C++ documentation not found in record 8b25238e89a48ce19f3ed57de0a4692b7f8ce2c5. Re-generating for this record as a fallback.
	Info: Qwen code generation max new tokens: 16384
LLM Judge Score: 0.8
	Info: Qwen code generation max new tokens: 16384
LLM Judge Score: 0.8
	Info: Qwen code generation max new tokens: 16384
LLM Judge Score: 0.9
Marking code as processable for Python
Marking code as processable for C++
Warning: C++ documentation not found in record 8b25b5b117dea936c9867a72fb89755fa9461ee2. Re-generating for this record as a fallback.
	Info: Qwen code generation max new tokens: 16384
LLM Judge Score: 0.8
	Info: Qwen code generation max new tokens: 16384
LLM Judge Score: 0.8
	Info: Qwen code generation max new tokens: 16384
LLM Judge Score: 0.8
Marking code as processable for Python
Marking code as processable for C++
Warning: C++ documentation not found in record 8b2633dcefee9dc0b5ad9a4b7878986a5675fb66. Re-generating for this record as a fallback.
	Info: Qwen code generation max new tokens: 16384
LLM Judge Score: 0.8
	Info: Qwen code generation max new tokens: 16384
LLM Judge Score: 1.0
	Info: Qwen code generation max new tokens: 16384
LLM Judge Score: 1.0
Marking code as processable for Python
Marking code as processable for C++
Warning: C++ documentation not found in record 8b2643b2dcbd8408f37c51fda66b99addd961d6e. Re-generating for this record as a fallback.
	Info: Qwen code generation max new tokens: 16384
LLM Judge Score: 0.8
	Info: Qwen code generation max new tokens: 16384
LLM Judge Score: 0.8
	Info: Qwen code generation max new tokens: 16384
LLM Judge Score: 0.8
Marking code as processable for Python
Marking code as processable for C++
Warning: C++ documentation not found in record 8b269b265fdd89139337633dad2b80e826f3aed2. Re-generating for this record as a fallback.
	Info: Qwen code generation max new tokens: 16384
LLM Judge Score: 0.8
	Info: Qwen code generation max new tokens: 16384
LLM Judge Score: 0.8
	Info: Qwen code generation max new tokens: 16384
LLM Judge Score: 0.8
Marking code as processable for Python
Marking code as processable for C++
Warning: C++ documentation not found in record 8b29b1ce9bcceb73f0e8bd0d279e333787967fe9. Re-generating for this record as a fallback.
	Info: Qwen code generation max new tokens: 16384
LLM Judge Score: 0.8
	Info: Qwen code generation max new tokens: 16384
LLM Judge Score: 0.8
	Info: Qwen code generation max new tokens: 16384
LLM Judge Score: 0.8
Marking code as processable for Python
Marking code as processable for C++
Warning: C++ documentation not found in record 8b29f915938cd201b214ed8f2c2c872c9525dd05. Re-generating for this record as a fallback.
	Info: Qwen code generation max new tokens: 16384
LLM Judge Score: 0.95
	Info: Qwen code generation max new tokens: 16384
LLM Judge Score: 0.9
	Info: Qwen code generation max new tokens: 16384
LLM Judge Score: 0.9
Marking code as processable for Python
Marking code as processable for C++
Warning: C++ documentation not found in record 8b2a3bbb1bbd584e4ad0a7ebba277153f87c69d4. Re-generating for this record as a fallback.
	Info: Qwen code generation max new tokens: 16384
LLM Judge Score: 0.8
	Info: Qwen code generation max new tokens: 16384
LLM Judge Score: 0.85
	Info: Qwen code generation max new tokens: 16384
LLM Judge Score: 0.85
Marking code as processable for Python
Marking code as processable for C++
Warning: C++ documentation not found in record 8b2b4ea1edf1d7f52c6c0a80f5cd2cc24224d672. Re-generating for this record as a fallback.
	Info: Qwen code generation max new tokens: 16384
LLM Judge Score: 0.9
	Info: Qwen code generation max new tokens: 16384
LLM Judge Score: 0.9
	Info: Qwen code generation max new tokens: 16384
LLM Judge Score: 0.95
Marking code as processable for Python
Marking code as processable for C++
Warning: C++ documentation not found in record 8b2bb95f3f9879c38eaabd0cf0635e78cb47e11a. Re-generating for this record as a fallback.
	Info: Qwen code generation max new tokens: 16384
LLM Judge Score: 0.8
	Info: Qwen code generation max new tokens: 16384
LLM Judge Score: 0.8
	Info: Qwen code generation max new tokens: 16384
LLM Judge Score: 0.8
Marking code as processable for Python
Marking code as processable for C++
Warning: C++ documentation not found in record 8b2bbd9da35d3774d949b40fdc27ec6110b0762c. Re-generating for this record as a fallback.
	Info: Qwen code generation max new tokens: 16384
LLM Judge Score: 0.8
	Info: Qwen code generation max new tokens: 16384
LLM Judge Score: 0.8
	Info: Qwen code generation max new tokens: 16384
LLM Judge Score: 0.8
Marking code as processable for Python
Marking code as processable for C++
Warning: C++ documentation not found in record 8b2c1b5bd037e23bbecc217320ebef80a28d816b. Re-generating for this record as a fallback.
Warning: Input length 48276 >= model max 32768. Truncating.
	Info: Qwen code generation max new tokens: 16384
LLM Judge Score: 0.85
	Info: Qwen code generation max new tokens: 16384
LLM Judge Score: 0.8
	Info: Qwen code generation max new tokens: 16384
LLM Judge Score: 0.9
Marking code as processable for Python
Marking code as processable for C++
Warning: C++ documentation not found in record 8b2dc994901a53642a4b7d3101ba4968a5d21caa. Re-generating for this record as a fallback.
	Info: Qwen code generation max new tokens: 16384
LLM Judge Score: 0.8
	Info: Qwen code generation max new tokens: 16384
LLM Judge Score: 0.9
	Info: Qwen code generation max new tokens: 16384
LLM Judge Score: 0.9
Marking code as processable for Python
Marking code as processable for C++
Warning: C++ documentation not found in record 8b303d6788c9887d1bc1f67344ad5b24afa0316d. Re-generating for this record as a fallback.
	Info: Qwen code generation max new tokens: 16384
LLM Judge Score: 0.9
	Info: Qwen code generation max new tokens: 16384
LLM Judge Score: 0.8
	Info: Qwen code generation max new tokens: 16384
LLM Judge Score: 0.9
Marking code as processable for Python
Marking code as processable for C++
Warning: C++ documentation not found in record 8b3114c6134d5018fee2d93708f7a6ce984dc7e6. Re-generating for this record as a fallback.
	Info: Qwen code generation max new tokens: 16384
LLM Judge Score: 0.8
	Info: Qwen code generation max new tokens: 16384
LLM Judge Score: 0.8
	Info: Qwen code generation max new tokens: 16384
LLM Judge Score: 0.8
Marking code as processable for Python
Marking code as processable for C++
Warning: C++ documentation not found in record 8b3142098669ae216ebb5d300178f723667b43e8. Re-generating for this record as a fallback.
	Info: Qwen code generation max new tokens: 16384
LLM Judge Score: 0.8
	Info: Qwen code generation max new tokens: 16384
LLM Judge Score: 0.8
	Info: Qwen code generation max new tokens: 16384
LLM Judge Score: 0.8
Marking code as processable for Python
Marking code as processable for C++
Warning: C++ documentation not found in record 8b3287ce970f6aea0e3ce65b9b5531055ed91c25. Re-generating for this record as a fallback.
	Info: Qwen code generation max new tokens: 16384
LLM Judge Score: 1.0
	Info: Qwen code generation max new tokens: 16384
LLM Judge Score: 1.0
	Info: Qwen code generation max new tokens: 16384
LLM Judge Score: 1.0
Marking code as processable for Python
Marking code as processable for C++
Warning: C++ documentation not found in record 8b332a497b549b146876074fef1a21a9bd77e6f6. Re-generating for this record as a fallback.
	Info: Qwen code generation max new tokens: 16384
LLM Judge Score: 0.8
	Info: Qwen code generation max new tokens: 16384
LLM Judge Score: 0.8
	Info: Qwen code generation max new tokens: 16384
LLM Judge Score: 0.9
Marking code as processable for Python
Marking code as processable for C++
Warning: C++ documentation not found in record 8b346aa9944149ba6214bd17c7a6126bb21c0115. Re-generating for this record as a fallback.
	Info: Qwen code generation max new tokens: 16384
LLM Judge Score: 1.0
	Info: Qwen code generation max new tokens: 16384
LLM Judge Score: 1.0
	Info: Qwen code generation max new tokens: 16384
LLM Judge Score: 0.8
Marking code as processable for Python
Marking code as processable for C++
Warning: C++ documentation not found in record 8b347c3494d34d4d749fdbc9eb8960a8cd5a10da. Re-generating for this record as a fallback.
	Info: Qwen code generation max new tokens: 16384
LLM Judge Score: 0.8
	Info: Qwen code generation max new tokens: 16384
LLM Judge Score: 0.8
	Info: Qwen code generation max new tokens: 16384
LLM Judge Score: 0.8
Marking code as processable for Python
Marking code as processable for C++
Warning: C++ documentation not found in record 8b3656201ca82e44df019eb542cb94d58c49daca. Re-generating for this record as a fallback.
	Info: Qwen code generation max new tokens: 16384
LLM Judge Score: 0.9
	Info: Qwen code generation max new tokens: 16384
LLM Judge Score: 0.8
	Info: Qwen code generation max new tokens: 16384
LLM Judge Score: 0.8
Marking code as processable for Python
Marking code as processable for C++
Warning: C++ documentation not found in record 8b37b2b67143965ce4f2db5fdd9c67c1cba7e4e4. Re-generating for this record as a fallback.
	Info: Qwen code generation max new tokens: 16384
LLM Judge Score: 0.8
	Info: Qwen code generation max new tokens: 16384
LLM Judge Score: 0.8
	Info: Qwen code generation max new tokens: 16384
LLM Judge Score: 0.8
Marking code as processable for Python
Marking code as processable for C++
Warning: C++ documentation not found in record 8b3807485cad4609617e9017bb5fcb8d213dbb88. Re-generating for this record as a fallback.
	Info: Qwen code generation max new tokens: 16384
LLM Judge Score: 0.8
	Info: Qwen code generation max new tokens: 16384
LLM Judge Score: 0.8
	Info: Qwen code generation max new tokens: 16384
LLM Judge Score: 0.8
Marking code as processable for Python
Marking code as processable for C++
Warning: C++ documentation not found in record 8b3983bd411a0009e438efb1d049f0c0a0ed2050. Re-generating for this record as a fallback.
	Info: Qwen code generation max new tokens: 16384
LLM Judge Score: 0.8
	Info: Qwen code generation max new tokens: 16384
LLM Judge Score: 0.8
	Info: Qwen code generation max new tokens: 16384
LLM Judge Score: 0.8
Marking code as processable for Python
Marking code as processable for C++
Warning: C++ documentation not found in record 8b3a96e837d481a05a97ecc4d1b5fe5bdebb373e. Re-generating for this record as a fallback.
	Info: Qwen code generation max new tokens: 16384
LLM Judge Score: 0.7
	Info: Qwen code generation max new tokens: 16384
LLM Judge Score: 0.95
	Info: Qwen code generation max new tokens: 16384
LLM Judge Score: 0.95
Marking code as processable for Python
Marking code as processable for C++
Warning: C++ documentation not found in record 8b3caed5e086b375e3f851f8eb858ac79e2db7df. Re-generating for this record as a fallback.
	Info: Qwen code generation max new tokens: 16384
LLM Judge Score: 0.8
	Info: Qwen code generation max new tokens: 16384
LLM Judge Score: 0.8
	Info: Qwen code generation max new tokens: 16384
LLM Judge Score: 0.8
Marking code as processable for Python
Marking code as processable for C++
Warning: C++ documentation not found in record 8b3d56d6f717976bb780f72b942c32c9839a2262. Re-generating for this record as a fallback.
	Info: Qwen code generation max new tokens: 16384
LLM Judge Score: 0.8
	Info: Qwen code generation max new tokens: 16384
LLM Judge Score: 0.8
	Info: Qwen code generation max new tokens: 16384
LLM Judge Score: 0.8
Marking code as processable for Python
Marking code as processable for C++
Warning: C++ documentation not found in record 8b3e21556e4ec325a557384cae395eda73b602c2. Re-generating for this record as a fallback.
	Info: Qwen code generation max new tokens: 16384
LLM Judge Score: 0.8
	Info: Qwen code generation max new tokens: 16384
LLM Judge Score: 0.8
	Info: Qwen code generation max new tokens: 16384
LLM Judge Score: 0.9
Marking code as processable for Python
Marking code as processable for C++
Warning: C++ documentation not found in record 8b3e4f0a9886e7b1a98fc35c7f3e579114ba0685. Re-generating for this record as a fallback.
	Info: Qwen code generation max new tokens: 16384
LLM Judge Score: 0.8
	Info: Qwen code generation max new tokens: 16384
LLM Judge Score: 0.8
	Info: Qwen code generation max new tokens: 16384
LLM Judge Score: 0.8
Marking code as processable for Python
Marking code as processable for C++
Warning: C++ documentation not found in record 8b3f1722dddf3cac01b47221a64d5617d9507d60. Re-generating for this record as a fallback.
	Info: Qwen code generation max new tokens: 16384
LLM Judge Score: 0.8
	Info: Qwen code generation max new tokens: 16384
LLM Judge Score: 0.8
	Info: Qwen code generation max new tokens: 16384
LLM Judge Score: 0.8
Marking code as processable for Python
Marking code as processable for C++
Warning: C++ documentation not found in record 8b3f702a6b81cfdd8959c5c94baef649a2f9fa82. Re-generating for this record as a fallback.
	Info: Qwen code generation max new tokens: 16384
LLM Judge Score: 0.8
	Info: Qwen code generation max new tokens: 16384
LLM Judge Score: 0.8
	Info: Qwen code generation max new tokens: 16384
LLM Judge Score: 0.8
Marking code as processable for Python
Marking code as processable for C++
Warning: C++ documentation not found in record 8b4044dfc93820f57b4efeb09353d3bd75fb4479. Re-generating for this record as a fallback.
	Info: Qwen code generation max new tokens: 16384
LLM Judge Score: 0.8
	Info: Qwen code generation max new tokens: 16384
LLM Judge Score: 0.8
	Info: Qwen code generation max new tokens: 16384
LLM Judge Score: 0.8
Marking code as processable for Python
Marking code as processable for C++
Warning: C++ documentation not found in record 8b4747e4710b7cca1bd4bea6ef6bc8b09e003976. Re-generating for this record as a fallback.
	Info: Qwen code generation max new tokens: 16384
LLM Judge Score: 0.8
	Info: Qwen code generation max new tokens: 16384
LLM Judge Score: 0.8
	Info: Qwen code generation max new tokens: 16384
LLM Judge Score: 0.8
Marking code as processable for Python
Marking code as processable for C++
Warning: C++ documentation not found in record 8b47a768f57943a5439417a4d261faa7a68a47b4. Re-generating for this record as a fallback.
	Info: Qwen code generation max new tokens: 16384
LLM Judge Score: 0.8
	Info: Qwen code generation max new tokens: 16384
LLM Judge Score: 0.9
	Info: Qwen code generation max new tokens: 16384
LLM Judge Score: 0.9
Marking code as processable for Python
Marking code as processable for C++
Warning: C++ documentation not found in record 8b493c1079d1ebbc4ee13a035bfc4be94fca4e05. Re-generating for this record as a fallback.
	Info: Qwen code generation max new tokens: 16384
LLM Judge Score: 0.8
	Info: Qwen code generation max new tokens: 16384
LLM Judge Score: 0.8
	Info: Qwen code generation max new tokens: 16384
LLM Judge Score: 0.8
Marking code as processable for Python
Marking code as processable for C++
Warning: C++ documentation not found in record 8b497b3621445471c08ac0031a630a4c1e176df9. Re-generating for this record as a fallback.
	Info: Qwen code generation max new tokens: 16384
LLM Judge Score: 0.8
	Info: Qwen code generation max new tokens: 16384
LLM Judge Score: 0.8
	Info: Qwen code generation max new tokens: 16384
LLM Judge Score: 0.8
Marking code as processable for Python
Marking code as processable for C++
Warning: C++ documentation not found in record 8b4f1b0fee4fbc0a88e890a4008cce88d17c4842. Re-generating for this record as a fallback.
	Info: Qwen code generation max new tokens: 16384
LLM Judge Score: 0.8
	Info: Qwen code generation max new tokens: 16384
LLM Judge Score: 0.8
	Info: Qwen code generation max new tokens: 16384
LLM Judge Score: 0.3
----------
Input to LLM Judge
Documentation### Overview

This C++ source code defines a basic event loop implementation using the `kqueue` system call on Unix-like operating systems. The primary purpose of this event loop is to manage file descriptor events such as read and write operations efficiently. It provides functionalities to create an event loop, add or modify file descriptors, and poll for events.

### Classes and Structs

#### Class: `EventLoopBase`

**Purpose:** 
The `EventLoopBase` class encapsulates the functionality of an event loop, providing methods to create, add, modify, and poll for events.

**Fields/Member Variables:**
- None explicitly defined within the class. All operations are performed through static methods.

**Methods:**

1. **Method: `Create()`**
   - **Purpose:** Initializes and returns a new event loop handle using the `kqueue` system call.
   - **Parameters:** None.
   - **Return Value:** An integer representing the file descriptor of the created event loop.

2. **Method: `Add(int evfd, int fd, int mask, void *data)`**
   - **Purpose:** Adds a file descriptor to the event loop to monitor specified events (read or write).
   - **Parameters:**
     - `evfd`:
------------
Code:assistant
```python
import os
import select

class EventLoopBase:
    @staticmethod
    def Create():
        """
        Initializes and returns a new event loop handle using the kqueue system call.
        
        Returns:
            int: An integer representing the file descriptor of the created event loop.
        """
        return os.open(os.devnull, os.O_RDONLY)

    @staticmethod
    def Add(evfd, fd, mask, data):
        """
        Adds a file descriptor to the event loop to monitor specified events (read or write).

        Parameters:
            evfd (int): The event loop file descriptor returned by Create().
            fd (int): The file descriptor to be monitored.
            mask (int): The events to monitor (e.g., select.POLLIN for read, select.POLLOUT for write).
            data (any): User-defined data associated with the file descriptor.
        """
        # Placeholder for actual implementation using kqueue
        pass

    @staticmethod
    def Poll(evfd, timeout=None):
        """
        Polls the event loop for events.

        Parameters:
            evfd (int): The event loop file descriptor returned by Create().
            timeout (float, optional): The maximum time to wait for an event in seconds. If None, waits indefinitely.

        Returns:
            list: A list of tuples containing (file_descriptor, event_mask, user_data) for each event.
        """
        # Placeholder for actual implementation using kqueue
        return []

# Example usage
if __name__ == "__main__":
    event_loop_fd = EventLoopBase.Create()
    fd_to_monitor = os.open("example.txt", os.O_RDWR)
    
    # Adding a file descriptor to monitor for read events
    EventLoopBase.Add(event_loop_fd, fd_to_monitor, select.POLLIN, "Read event")
    
    # Polling for events
    events = EventLoopBase.Poll(event_loop_fd, timeout=5)
    for fd, event_mask, user_data in events:
        print(f"File descriptor {fd} has event {event_mask}: {user_data}")
```

Note: The actual implementation using `kqueue` is not provided here due to its complexity and platform-specific nature. The example usage demonstrates how the `EventLoopBase` class can be used.
Marking code as processable for Python
Marking code as processable for C++
Warning: C++ documentation not found in record 8b4f9229f18863d94803761c7014227131f0b0ec. Re-generating for this record as a fallback.
	Info: Qwen code generation max new tokens: 16384
LLM Judge Score: 0.8
	Info: Qwen code generation max new tokens: 16384
LLM Judge Score: 0.8
	Info: Qwen code generation max new tokens: 16384
LLM Judge Score: 0.8
Marking code as processable for Python
Marking code as processable for C++
Warning: C++ documentation not found in record 332b529cc50e39e2da681bfc7adf5fbcaff7d7b6. Re-generating for this record as a fallback.
	Info: Qwen code generation max new tokens: 16384
LLM Judge Score: 0.8
	Info: Qwen code generation max new tokens: 16384
LLM Judge Score: 0.8
	Info: Qwen code generation max new tokens: 16384
LLM Judge Score: 0.8
Marking code as processable for Python
Marking code as processable for C++
Warning: C++ documentation not found in record 332d77eb71a4311cc316f682b76f34991f99d338. Re-generating for this record as a fallback.
	Info: Qwen code generation max new tokens: 16384
LLM Judge Score: 0.9
	Info: Qwen code generation max new tokens: 16384
LLM Judge Score: 0.9
	Info: Qwen code generation max new tokens: 16384
LLM Judge Score: 0.9
Marking code as processable for Python
Marking code as processable for C++
Warning: C++ documentation not found in record 332ef21318659e715f1f6001ab794cc66f16270b. Re-generating for this record as a fallback.
	Info: Qwen code generation max new tokens: 16384
LLM Judge Score: 0.8
	Info: Qwen code generation max new tokens: 16384
LLM Judge Score: 0.85
	Info: Qwen code generation max new tokens: 16384
LLM Judge Score: 0.8
Marking code as processable for Python
Marking code as processable for C++
Warning: C++ documentation not found in record 332f0f13acb05d384ddc9992f6123529f29d7dcc. Re-generating for this record as a fallback.
	Info: Qwen code generation max new tokens: 16384
LLM Judge Score: 0.8
	Info: Qwen code generation max new tokens: 16384
LLM Judge Score: 0.8
	Info: Qwen code generation max new tokens: 16384
LLM Judge Score: 0.8
Marking code as processable for Python
Marking code as processable for C++
Warning: C++ documentation not found in record 332fabc654220811b7f2a3fa3e8e4b966530a521. Re-generating for this record as a fallback.
	Info: Qwen code generation max new tokens: 16384
LLM Judge Score: 0.8
	Info: Qwen code generation max new tokens: 16384
LLM Judge Score: 0.8
	Info: Qwen code generation max new tokens: 16384
LLM Judge Score: 0.8
Marking code as processable for Python
Marking code as processable for C++
Warning: C++ documentation not found in record 332fd4ce8d394e1084a66c35b4bbbbef0b6c7d66. Re-generating for this record as a fallback.
	Info: Qwen code generation max new tokens: 16384
LLM Judge Score: 0.8
	Info: Qwen code generation max new tokens: 16384
LLM Judge Score: 0.8
	Info: Qwen code generation max new tokens: 16384
LLM Judge Score: 0.8
Marking code as processable for Python
Marking code as processable for C++
Warning: C++ documentation not found in record 332feca63b89116619245c718a218cf790008234. Re-generating for this record as a fallback.
	Info: Qwen code generation max new tokens: 16384
LLM Judge Score: 0.95
	Info: Qwen code generation max new tokens: 16384
LLM Judge Score: 0.9
	Info: Qwen code generation max new tokens: 16384
LLM Judge Score: 0.95
Marking code as processable for Python
Marking code as processable for C++
Warning: C++ documentation not found in record 33301f730631c9963970e89bc7013687ccd13690. Re-generating for this record as a fallback.
	Info: Qwen code generation max new tokens: 16384
LLM Judge Score: 0.9
	Info: Qwen code generation max new tokens: 16384
LLM Judge Score: 0.9
	Info: Qwen code generation max new tokens: 16384
LLM Judge Score: 0.8
Marking code as processable for Python
Marking code as processable for C++
Warning: C++ documentation not found in record 3331757475cabab8b155d46b723b7294567871bc. Re-generating for this record as a fallback.
	Info: Qwen code generation max new tokens: 16384
LLM Judge Score: 0.9
	Info: Qwen code generation max new tokens: 16384
LLM Judge Score: 0.9
	Info: Qwen code generation max new tokens: 16384
LLM Judge Score: 0.9
Marking code as processable for Python
Marking code as processable for C++
Warning: C++ documentation not found in record 3332cd4f747431afa12ee581f73f6c5d4515a574. Re-generating for this record as a fallback.
	Info: Qwen code generation max new tokens: 16384
LLM Judge Score: 0.8
	Info: Qwen code generation max new tokens: 16384
LLM Judge Score: 0.8
	Info: Qwen code generation max new tokens: 16384
LLM Judge Score: 0.5
Marking code as processable for Python
Marking code as processable for C++
Warning: C++ documentation not found in record 3334a81c2583860a639ea5e929b629572b6d3297. Re-generating for this record as a fallback.
	Info: Qwen code generation max new tokens: 16384
LLM Judge Score: 0.8
	Info: Qwen code generation max new tokens: 16384
LLM Judge Score: 0.8
	Info: Qwen code generation max new tokens: 16384
LLM Judge Score: 0.8
Marking code as processable for Python
Marking code as processable for C++
Warning: C++ documentation not found in record 333598e821152bec2c7cb5871a80786fb60c2dd7. Re-generating for this record as a fallback.
	Info: Qwen code generation max new tokens: 16384
LLM Judge Score: 0.8
	Info: Qwen code generation max new tokens: 16384
LLM Judge Score: 0.8
	Info: Qwen code generation max new tokens: 16384
LLM Judge Score: 0.8
Marking code as processable for Python
Marking code as processable for C++
Warning: C++ documentation not found in record 333a7c80909dbe0c80e2f55ad224219311a575aa. Re-generating for this record as a fallback.
	Info: Qwen code generation max new tokens: 16384
LLM Judge Score: 0.8
	Info: Qwen code generation max new tokens: 16384
LLM Judge Score: 0.8
	Info: Qwen code generation max new tokens: 16384
LLM Judge Score: 0.8
Marking code as processable for Python
Marking code as processable for C++
Warning: C++ documentation not found in record 333be30b4764b335302c25d2b6dc8ac79f8e55f5. Re-generating for this record as a fallback.
	Info: Qwen code generation max new tokens: 16384
LLM Judge Score: 0.9
	Info: Qwen code generation max new tokens: 16384
LLM Judge Score: 0.8
	Info: Qwen code generation max new tokens: 16384
LLM Judge Score: 0.9
Marking code as processable for Python
Marking code as processable for C++
Warning: C++ documentation not found in record 333c389d97af347535bf2571053a19641ff8cb80. Re-generating for this record as a fallback.
	Info: Qwen code generation max new tokens: 16384
LLM Judge Score: 0.8
	Info: Qwen code generation max new tokens: 16384
LLM Judge Score: 0.8
	Info: Qwen code generation max new tokens: 16384
LLM Judge Score: 0.8
Marking code as processable for Python
Marking code as processable for C++
Warning: C++ documentation not found in record 33402a2eec18bba9e74289088e47168089f2333e. Re-generating for this record as a fallback.
	Info: Qwen code generation max new tokens: 16384
LLM Judge Score: 0.9
	Info: Qwen code generation max new tokens: 16384
LLM Judge Score: 0.85
	Info: Qwen code generation max new tokens: 16384
LLM Judge Score: 0.85
Marking code as processable for Python
Marking code as processable for C++
Warning: C++ documentation not found in record 33406a33053a64a4375a14b8d09d72fab0ccf2d6. Re-generating for this record as a fallback.
	Info: Qwen code generation max new tokens: 16384
LLM Judge Score: 0.7
	Info: Qwen code generation max new tokens: 16384
LLM Judge Score: 0.7
	Info: Qwen code generation max new tokens: 16384
LLM Judge Score: 0.7
Marking code as processable for Python
Marking code as processable for C++
Warning: C++ documentation not found in record 334518e6b1c62b6b6f2af9bd1a633e2cb1498c13. Re-generating for this record as a fallback.
	Info: Qwen code generation max new tokens: 16384
LLM Judge Score: 0.8
	Info: Qwen code generation max new tokens: 16384
LLM Judge Score: 0.8
	Info: Qwen code generation max new tokens: 16384
LLM Judge Score: 0.8
Marking code as processable for Python
Marking code as processable for C++
Warning: C++ documentation not found in record 33459a3e4d3f4d771d7a680d4943e8f3028c6087. Re-generating for this record as a fallback.
	Info: Qwen code generation max new tokens: 16384
LLM Judge Score: 0.9
	Info: Qwen code generation max new tokens: 16384
LLM Judge Score: 0.9
	Info: Qwen code generation max new tokens: 16384
LLM Judge Score: 0.9
Marking code as processable for Python
Marking code as processable for C++
Warning: C++ documentation not found in record 3345f74f0df4da067d4ae5922f0dba006d80869e. Re-generating for this record as a fallback.
	Info: Qwen code generation max new tokens: 16384
LLM Judge Score: 0.9
	Info: Qwen code generation max new tokens: 16384
LLM Judge Score: 0.9
	Info: Qwen code generation max new tokens: 16384
LLM Judge Score: 0.9
Marking code as processable for Python
Marking code as processable for C++
Warning: C++ documentation not found in record 334643dd47c207e863046585a1cc5f7bdea0d79f. Re-generating for this record as a fallback.
	Info: Qwen code generation max new tokens: 16384
LLM Judge Score: 0.8
	Info: Qwen code generation max new tokens: 16384
LLM Judge Score: 0.8
	Info: Qwen code generation max new tokens: 16384
LLM Judge Score: 0.8
Marking code as processable for Python
Marking code as processable for C++
Warning: C++ documentation not found in record 33465f942ba9784413f05fae279e98d3edfb5ef4. Re-generating for this record as a fallback.
	Info: Qwen code generation max new tokens: 16384
LLM Judge Score: 0.9
	Info: Qwen code generation max new tokens: 16384
LLM Judge Score: 0.9
	Info: Qwen code generation max new tokens: 16384
LLM Judge Score: 0.9
Marking code as processable for Python
Marking code as processable for C++
Warning: C++ documentation not found in record 334786e68bc004796b29c2ee3ed234a180ba5a9b. Re-generating for this record as a fallback.
	Info: Qwen code generation max new tokens: 16384
LLM Judge Score: 0.9
	Info: Qwen code generation max new tokens: 16384
LLM Judge Score: 0.9
	Info: Qwen code generation max new tokens: 16384
LLM Judge Score: 0.9
Marking code as processable for Python
Marking code as processable for C++
Warning: C++ documentation not found in record 334a491b4cee77ecb4bcce660376daef16196376. Re-generating for this record as a fallback.
	Info: Qwen code generation max new tokens: 16384
LLM Judge Score: 0.8
	Info: Qwen code generation max new tokens: 16384
LLM Judge Score: 0.8
	Info: Qwen code generation max new tokens: 16384
LLM Judge Score: 0.8
Marking code as processable for Python
Marking code as processable for C++
Warning: C++ documentation not found in record 334be7e3852fcf1c0eca1319c7605414027b5142. Re-generating for this record as a fallback.
	Info: Qwen code generation max new tokens: 16384
LLM Judge Score: 0.8
	Info: Qwen code generation max new tokens: 16384
LLM Judge Score: 0.8
	Info: Qwen code generation max new tokens: 16384
LLM Judge Score: 0.8
Marking code as processable for Python
Marking code as processable for C++
Warning: C++ documentation not found in record 334d01c7077b5ab8b0418cc313ebb7b6942228d6. Re-generating for this record as a fallback.
Warning: Input length 63211 >= model max 32768. Truncating.
	Info: Qwen code generation max new tokens: 16384
LLM Judge Score: 0.8
	Info: Qwen code generation max new tokens: 16384
LLM Judge Score: 0.8
	Info: Qwen code generation max new tokens: 16384
LLM Judge Score: 0.8
Marking code as processable for Python
Marking code as processable for C++
Warning: C++ documentation not found in record 334ddc2ac61746fa777a1e3134aec36a47bbdbc4. Re-generating for this record as a fallback.
	Info: Qwen code generation max new tokens: 16384
LLM Judge Score: 0.8
	Info: Qwen code generation max new tokens: 16384
LLM Judge Score: 0.8
	Info: Qwen code generation max new tokens: 16384
LLM Judge Score: 0.9
Marking code as processable for Python
Marking code as processable for C++
Warning: C++ documentation not found in record 3353681f4be9746c055cfc4add9289605ead21b8. Re-generating for this record as a fallback.
	Info: Qwen code generation max new tokens: 16384
LLM Judge Score: 0.8
	Info: Qwen code generation max new tokens: 16384
LLM Judge Score: 0.8
	Info: Qwen code generation max new tokens: 16384
LLM Judge Score: 0.8
Marking code as processable for Python
Marking code as processable for C++
Warning: C++ documentation not found in record 3353ff81d09048c05d9b81e88a697c3030074d58. Re-generating for this record as a fallback.
	Info: Qwen code generation max new tokens: 16384
LLM Judge Score: 0.8
	Info: Qwen code generation max new tokens: 16384
LLM Judge Score: 0.8
	Info: Qwen code generation max new tokens: 16384
LLM Judge Score: 0.8
Marking code as processable for Python
Marking code as processable for C++
Warning: C++ documentation not found in record 335429284fd1efb27cd28cc4ff339f1d8a761c44. Re-generating for this record as a fallback.
	Info: Qwen code generation max new tokens: 16384
LLM Judge Score: 0.8
	Info: Qwen code generation max new tokens: 16384
LLM Judge Score: 0.8
	Info: Qwen code generation max new tokens: 16384
LLM Judge Score: 0.8
Marking code as processable for Python
Marking code as processable for C++
Warning: C++ documentation not found in record 3354a84bee3d35265cbe663d2405c9cfa1adef30. Re-generating for this record as a fallback.
	Info: Qwen code generation max new tokens: 16384
LLM Judge Score: 0.8
	Info: Qwen code generation max new tokens: 16384
LLM Judge Score: 0.8
	Info: Qwen code generation max new tokens: 16384
LLM Judge Score: 0.8
Marking code as processable for Python
Marking code as processable for C++
Warning: C++ documentation not found in record 3359a6ae3816d07eb1feae546979c1f85c2c3098. Re-generating for this record as a fallback.
	Info: Qwen code generation max new tokens: 16384
LLM Judge Score: 0.8
	Info: Qwen code generation max new tokens: 16384
LLM Judge Score: 0.8
	Info: Qwen code generation max new tokens: 16384
LLM Judge Score: 0.9
Marking code as processable for Python
Marking code as processable for C++
Warning: C++ documentation not found in record 335acd0f7e0fe3cd4c6f95b7aea5810746f8e5b3. Re-generating for this record as a fallback.
	Info: Qwen code generation max new tokens: 16384
LLM Judge Score: 0.8
	Info: Qwen code generation max new tokens: 16384
LLM Judge Score: 0.8
	Info: Qwen code generation max new tokens: 16384
LLM Judge Score: 0.8
Marking code as processable for Python
Marking code as processable for C++
Warning: C++ documentation not found in record 335ca6fb8a6661b107a94f833bbb91c34917de01. Re-generating for this record as a fallback.
	Info: Qwen code generation max new tokens: 16384
LLM Judge Score: 0.8
	Info: Qwen code generation max new tokens: 16384
LLM Judge Score: 0.8
	Info: Qwen code generation max new tokens: 16384
LLM Judge Score: 0.8
Marking code as processable for Python
Marking code as processable for C++
Warning: C++ documentation not found in record 335cf0ef3cfb3c0478f8f48740f0f2ca47759b91. Re-generating for this record as a fallback.
	Info: Qwen code generation max new tokens: 16384
LLM Judge Score: 0.9
	Info: Qwen code generation max new tokens: 16384
LLM Judge Score: 1.0
	Info: Qwen code generation max new tokens: 16384
LLM Judge Score: 1.0
Marking code as processable for Python
Marking code as processable for C++
Warning: C++ documentation not found in record 335f2459bf433f0f369bf98d4226422b110deaf2. Re-generating for this record as a fallback.
	Info: Qwen code generation max new tokens: 16384
LLM Judge Score: 0.8
	Info: Qwen code generation max new tokens: 16384
LLM Judge Score: 0.8
	Info: Qwen code generation max new tokens: 16384
LLM Judge Score: 0.8
Marking code as processable for Python
Marking code as processable for C++
Warning: C++ documentation not found in record 3362d8f4beef1376eb5dba1aaad9fe6cb430e9fe. Re-generating for this record as a fallback.
	Info: Qwen code generation max new tokens: 16384
LLM Judge Score: 0.9
	Info: Qwen code generation max new tokens: 16384
LLM Judge Score: 0.9
	Info: Qwen code generation max new tokens: 16384
LLM Judge Score: 0.9
Marking code as processable for Python
Marking code as processable for C++
Warning: C++ documentation not found in record 33644ce440a5f006d9304c5e93ae4520c2eb71f8. Re-generating for this record as a fallback.
	Info: Qwen code generation max new tokens: 16384
LLM Judge Score: 0.8
	Info: Qwen code generation max new tokens: 16384
LLM Judge Score: 0.9
	Info: Qwen code generation max new tokens: 16384
LLM Judge Score: 0.9
Marking code as processable for Python
Marking code as processable for C++
Warning: C++ documentation not found in record 3364b3d7bf5e8c34701a087abd3890bbd3554559. Re-generating for this record as a fallback.
	Info: Qwen code generation max new tokens: 16384
LLM Judge Score: 0.8
	Info: Qwen code generation max new tokens: 16384
LLM Judge Score: 0.9
	Info: Qwen code generation max new tokens: 16384
LLM Judge Score: 0.9
Marking code as processable for Python
Marking code as processable for C++
Warning: C++ documentation not found in record 3365a5ad57e6c45f7114f0b79dd29353013c7b01. Re-generating for this record as a fallback.
	Info: Qwen code generation max new tokens: 16384
LLM Judge Score: 0.8
	Info: Qwen code generation max new tokens: 16384
LLM Judge Score: 0.8
	Info: Qwen code generation max new tokens: 16384
LLM Judge Score: 0.8
Marking code as processable for Python
Marking code as processable for C++
Warning: C++ documentation not found in record 3365b0a0467138b16194c86b4580da019d4859d4. Re-generating for this record as a fallback.
	Info: Qwen code generation max new tokens: 16384
LLM Judge Score: 0.9
	Info: Qwen code generation max new tokens: 16384
LLM Judge Score: 0.9
	Info: Qwen code generation max new tokens: 16384
LLM Judge Score: 0.9
Marking code as processable for Python
Marking code as processable for C++
Warning: C++ documentation not found in record 3365bc9ea0ff7a332d8d478b2da52f7d8acda705. Re-generating for this record as a fallback.
	Info: Qwen code generation max new tokens: 16384
LLM Judge Score: 0.8
	Info: Qwen code generation max new tokens: 16384
LLM Judge Score: 0.9
	Info: Qwen code generation max new tokens: 16384
LLM Judge Score: 0.9
Marking code as processable for Python
Marking code as processable for C++
Warning: C++ documentation not found in record 3365dfa70b4ebb775aa8effd904b37fe9c221358. Re-generating for this record as a fallback.
	Info: Qwen code generation max new tokens: 16384
LLM Judge Score: 0.9
	Info: Qwen code generation max new tokens: 16384
LLM Judge Score: 0.9
	Info: Qwen code generation max new tokens: 16384
LLM Judge Score: 0.8
Marking code as processable for Python
Marking code as processable for C++
Warning: C++ documentation not found in record 3367bee0403b76726145b57b717270d602017c5b. Re-generating for this record as a fallback.
	Info: Qwen code generation max new tokens: 16384
LLM Judge Score: 0.9
	Info: Qwen code generation max new tokens: 16384
LLM Judge Score: 0.9
	Info: Qwen code generation max new tokens: 16384
LLM Judge Score: 0.9
Marking code as processable for Python
Marking code as processable for C++
Warning: C++ documentation not found in record 336a74ffe49d50fe6f417490dd822e9a5b42d1b7. Re-generating for this record as a fallback.
	Info: Qwen code generation max new tokens: 16384
LLM Judge Score: 0.8
	Info: Qwen code generation max new tokens: 16384
LLM Judge Score: 0.8
	Info: Qwen code generation max new tokens: 16384
LLM Judge Score: 0.8
Marking code as processable for Python
Marking code as processable for C++
Warning: C++ documentation not found in record 336b38c40225cee0bbdf06e838432a167b048ea0. Re-generating for this record as a fallback.
	Info: Qwen code generation max new tokens: 16384
LLM Judge Score: 0.8
	Info: Qwen code generation max new tokens: 16384
LLM Judge Score: 0.8
	Info: Qwen code generation max new tokens: 16384
LLM Judge Score: 0.9
Marking code as processable for Python
Marking code as processable for C++
Warning: C++ documentation not found in record 336b462ccee7e5caea92825ff3340f8f06560b62. Re-generating for this record as a fallback.
	Info: Qwen code generation max new tokens: 16384
LLM Judge Score: 0.8
	Info: Qwen code generation max new tokens: 16384
LLM Judge Score: 0.8
	Info: Qwen code generation max new tokens: 16384
LLM Judge Score: 0.8
Marking code as processable for Python
Marking code as processable for C++
Warning: C++ documentation not found in record 336ef2fb6bfaec758b0a786ded531b6e095dcf91. Re-generating for this record as a fallback.
	Info: Qwen code generation max new tokens: 16384
LLM Judge Score: 0.9
	Info: Qwen code generation max new tokens: 16384
LLM Judge Score: 0.7
	Info: Qwen code generation max new tokens: 16384
LLM Judge Score: 0.7
Marking code as processable for Python
Marking code as processable for C++
Warning: C++ documentation not found in record 336f1b15eae0ec9e0b76c2b529b9a3c57d7e2b3e. Re-generating for this record as a fallback.
	Info: Qwen code generation max new tokens: 16384
LLM Judge Score: 0.8
	Info: Qwen code generation max new tokens: 16384
LLM Judge Score: 0.8
	Info: Qwen code generation max new tokens: 16384
LLM Judge Score: 0.8
Marking code as processable for Python
Marking code as processable for C++
Warning: C++ documentation not found in record 3370fb7140a0863746381561b69e4f83ba5faa0b. Re-generating for this record as a fallback.
	Info: Qwen code generation max new tokens: 16384
LLM Judge Score: 0.7
	Info: Qwen code generation max new tokens: 16384
LLM Judge Score: 0.7
	Info: Qwen code generation max new tokens: 16384
LLM Judge Score: 0.8
Marking code as processable for Python
Marking code as processable for C++
Warning: C++ documentation not found in record 33727831f41b819ff16ff7f11aef09eb0e2644a4. Re-generating for this record as a fallback.
	Info: Qwen code generation max new tokens: 16384
LLM Judge Score: 0.8
	Info: Qwen code generation max new tokens: 16384
LLM Judge Score: 0.8
	Info: Qwen code generation max new tokens: 16384
LLM Judge Score: 0.8
Marking code as processable for Python
Marking code as processable for C++
Warning: C++ documentation not found in record 33742d5fccf1faefb39775097644bbf70fa1b965. Re-generating for this record as a fallback.
	Info: Qwen code generation max new tokens: 16384
LLM Judge Score: 0.85
	Info: Qwen code generation max new tokens: 16384
LLM Judge Score: 0.8
	Info: Qwen code generation max new tokens: 16384
LLM Judge Score: 0.85
Marking code as processable for Python
Marking code as processable for C++
Warning: C++ documentation not found in record 33755a50eb1476a6e77c3e9b7b8f35bbc38bf95a. Re-generating for this record as a fallback.
	Info: Qwen code generation max new tokens: 16384
LLM Judge Score: 0.8
	Info: Qwen code generation max new tokens: 16384
LLM Judge Score: 0.8
	Info: Qwen code generation max new tokens: 16384
LLM Judge Score: 0.9
Marking code as processable for Python
Marking code as processable for C++
Warning: C++ documentation not found in record 3375a210611a7809cb44d906e6387f69bbe34d7d. Re-generating for this record as a fallback.
	Info: Qwen code generation max new tokens: 16384
LLM Judge Score: 0.95
	Info: Qwen code generation max new tokens: 16384
LLM Judge Score: 0.95
	Info: Qwen code generation max new tokens: 16384
LLM Judge Score: 0.95
Marking code as processable for Python
Marking code as processable for C++
Warning: C++ documentation not found in record 337677706c3aa68ffd78265ced8be2125a993e25. Re-generating for this record as a fallback.
	Info: Qwen code generation max new tokens: 16384
LLM Judge Score: 0.9
	Info: Qwen code generation max new tokens: 16384
LLM Judge Score: 0.8
	Info: Qwen code generation max new tokens: 16384
LLM Judge Score: 0.9
Marking code as processable for Python
Marking code as processable for C++
Warning: C++ documentation not found in record 337698b6aedd957da61d9b6c57a7325651b7ace2. Re-generating for this record as a fallback.
	Info: Qwen code generation max new tokens: 16384
LLM Judge Score: 0.9
	Info: Qwen code generation max new tokens: 16384
LLM Judge Score: 0.8
	Info: Qwen code generation max new tokens: 16384
LLM Judge Score: 0.8
Marking code as processable for Python
Marking code as processable for C++
Warning: C++ documentation not found in record 3377c4fe87b370c2b62636485d384f0a7bfa2d26. Re-generating for this record as a fallback.
	Info: Qwen code generation max new tokens: 16384
LLM Judge Score: 0.8
	Info: Qwen code generation max new tokens: 16384
LLM Judge Score: 0.8
	Info: Qwen code generation max new tokens: 16384
LLM Judge Score: 0.8
Marking code as processable for Python
Marking code as processable for C++
Warning: C++ documentation not found in record 33782bfb7cfbdce14ac6dbc52b9be958ce0ed8dc. Re-generating for this record as a fallback.
	Info: Qwen code generation max new tokens: 16384
LLM Judge Score: 0.8
	Info: Qwen code generation max new tokens: 16384
LLM Judge Score: 0.8
	Info: Qwen code generation max new tokens: 16384
LLM Judge Score: 0.8
Marking code as processable for Python
Marking code as processable for C++
Warning: C++ documentation not found in record 3378ca8ab9cff2eb2f2ba1cbcba5f8f9e8d4bc8d. Re-generating for this record as a fallback.
	Info: Qwen code generation max new tokens: 16384
LLM Judge Score: 1.0
	Info: Qwen code generation max new tokens: 16384
LLM Judge Score: 1.0
	Info: Qwen code generation max new tokens: 16384
LLM Judge Score: 1.0
Marking code as processable for Python
Marking code as processable for C++
Warning: C++ documentation not found in record 337a5ca724a532b719ac2574692b24f9b9005041. Re-generating for this record as a fallback.
	Info: Qwen code generation max new tokens: 16384
LLM Judge Score: 0.9
	Info: Qwen code generation max new tokens: 16384
LLM Judge Score: 0.9
	Info: Qwen code generation max new tokens: 16384
LLM Judge Score: 0.9
Marking code as processable for Python
Marking code as processable for C++
Warning: C++ documentation not found in record 337b718539ddfe0f1fc0481bc8ceb14308fa1609. Re-generating for this record as a fallback.
	Info: Qwen code generation max new tokens: 16384
LLM Judge Score: 0.8
	Info: Qwen code generation max new tokens: 16384
LLM Judge Score: 0.8
	Info: Qwen code generation max new tokens: 16384
LLM Judge Score: 0.8
Marking code as processable for Python
Marking code as processable for C++
Warning: C++ documentation not found in record 337d99d360949b5d94b5b3af654da0c7c8ce1e4b. Re-generating for this record as a fallback.
	Info: Qwen code generation max new tokens: 16384
LLM Judge Score: 0.8
	Info: Qwen code generation max new tokens: 16384
LLM Judge Score: 0.9
	Info: Qwen code generation max new tokens: 16384
LLM Judge Score: 0.9
Marking code as processable for Python
Marking code as processable for C++
Warning: C++ documentation not found in record 337f2c5a53e818d883538f2d45c3750f01531b8f. Re-generating for this record as a fallback.
	Info: Qwen code generation max new tokens: 16384
LLM Judge Score: 0.8
	Info: Qwen code generation max new tokens: 16384
LLM Judge Score: 0.9
	Info: Qwen code generation max new tokens: 16384
LLM Judge Score: 0.8
Marking code as processable for Python
Marking code as processable for C++
Warning: C++ documentation not found in record 337ff47c0be48b980a20638b4332ce25cd37f980. Re-generating for this record as a fallback.
	Info: Qwen code generation max new tokens: 16384
LLM Judge Score: 0.8
	Info: Qwen code generation max new tokens: 16384
LLM Judge Score: 0.8
	Info: Qwen code generation max new tokens: 16384
LLM Judge Score: 0.8
Marking code as processable for Python
Marking code as processable for C++
Warning: C++ documentation not found in record 33815308bd8d30f2771ee2020bb087d87e69c96d. Re-generating for this record as a fallback.
	Info: Qwen code generation max new tokens: 16384
LLM Judge Score: 0.8
	Info: Qwen code generation max new tokens: 16384
LLM Judge Score: 0.8
	Info: Qwen code generation max new tokens: 16384
LLM Judge Score: 0.8
Marking code as processable for Python
Marking code as processable for C++
Warning: C++ documentation not found in record 3384423eb091f293f99d66f52a09831939616fde. Re-generating for this record as a fallback.
	Info: Qwen code generation max new tokens: 16384
LLM Judge Score: 0.8
	Info: Qwen code generation max new tokens: 16384
LLM Judge Score: 0.8
	Info: Qwen code generation max new tokens: 16384
LLM Judge Score: 0.8
Marking code as processable for Python
Marking code as processable for C++
Warning: C++ documentation not found in record 33858aa8773c010d80a42ebadd564f73db9b6324. Re-generating for this record as a fallback.
	Info: Qwen code generation max new tokens: 16384
LLM Judge Score: 0.8
	Info: Qwen code generation max new tokens: 16384
LLM Judge Score: 0.8
	Info: Qwen code generation max new tokens: 16384
LLM Judge Score: 0.8
Marking code as processable for Python
Marking code as processable for C++
Warning: C++ documentation not found in record 33870031d521da5415d0ce25043318749bbee966. Re-generating for this record as a fallback.
	Info: Qwen code generation max new tokens: 16384
LLM Judge Score: 0.85
	Info: Qwen code generation max new tokens: 16384
LLM Judge Score: 0.9
	Info: Qwen code generation max new tokens: 16384
LLM Judge Score: 0.9
Marking code as processable for Python
Marking code as processable for C++
Warning: C++ documentation not found in record 3387d237c719d492424256f0b05d786d35e7c624. Re-generating for this record as a fallback.
	Info: Qwen code generation max new tokens: 16384
LLM Judge Score: 0.8
	Info: Qwen code generation max new tokens: 16384
LLM Judge Score: 0.8
	Info: Qwen code generation max new tokens: 16384
LLM Judge Score: 0.8
Marking code as processable for Python
Marking code as processable for C++
Warning: C++ documentation not found in record 3387d358d277fef00633b6280e123b1db20e7898. Re-generating for this record as a fallback.
	Info: Qwen code generation max new tokens: 16384
LLM Judge Score: 0.8
	Info: Qwen code generation max new tokens: 16384
LLM Judge Score: 0.8
	Info: Qwen code generation max new tokens: 16384
LLM Judge Score: 0.8
Marking code as processable for Python
Marking code as processable for C++
Warning: C++ documentation not found in record 3387f7cceec9f7b22b107e00570175c4f67730f5. Re-generating for this record as a fallback.
	Info: Qwen code generation max new tokens: 16384
LLM Judge Score: 0.8
	Info: Qwen code generation max new tokens: 16384
LLM Judge Score: 0.8
	Info: Qwen code generation max new tokens: 16384
LLM Judge Score: 0.8
Marking code as processable for Python
Marking code as processable for C++
Warning: C++ documentation not found in record 338935672ccf113b972a0343825e98e27b4f3d91. Re-generating for this record as a fallback.
	Info: Qwen code generation max new tokens: 16384
LLM Judge Score: 0.9
	Info: Qwen code generation max new tokens: 16384
LLM Judge Score: 0.8
	Info: Qwen code generation max new tokens: 16384
LLM Judge Score: 0.8
Marking code as processable for Python
Marking code as processable for C++
Warning: C++ documentation not found in record 3389df337ccdcea5c21e2c71a970049bec6a7382. Re-generating for this record as a fallback.
	Info: Qwen code generation max new tokens: 16384
LLM Judge Score: 0.9
	Info: Qwen code generation max new tokens: 16384
LLM Judge Score: 0.9
	Info: Qwen code generation max new tokens: 16384
LLM Judge Score: 0.9
Marking code as processable for Python
Marking code as processable for C++
Warning: C++ documentation not found in record 338b6b44beba7b2b1c91901f024088df8166a69d. Re-generating for this record as a fallback.
	Info: Qwen code generation max new tokens: 16384
LLM Judge Score: 1.0
	Info: Qwen code generation max new tokens: 16384
LLM Judge Score: 1.0
	Info: Qwen code generation max new tokens: 16384
LLM Judge Score: 1.0
Marking code as processable for Python
Marking code as processable for C++
Warning: C++ documentation not found in record 338d473bb21c5a5342db27c4e180bfd44e2c98ad. Re-generating for this record as a fallback.
	Info: Qwen code generation max new tokens: 16384
LLM Judge Score: 1.0
	Info: Qwen code generation max new tokens: 16384
LLM Judge Score: 1.0
	Info: Qwen code generation max new tokens: 16384
LLM Judge Score: 1.0
Marking code as processable for Python
Marking code as processable for C++
Warning: C++ documentation not found in record 3391d4ec4e8475f0efde936f6982ebe7ad0db7af. Re-generating for this record as a fallback.
	Info: Qwen code generation max new tokens: 16384
LLM Judge Score: 0.8
	Info: Qwen code generation max new tokens: 16384
LLM Judge Score: 0.8
	Info: Qwen code generation max new tokens: 16384
LLM Judge Score: 0.8
Marking code as processable for Python
Marking code as processable for C++
Warning: C++ documentation not found in record 3392c25bc82629445d57429d1aaac874c7306995. Re-generating for this record as a fallback.
	Info: Qwen code generation max new tokens: 16384
LLM Judge Score: 0.9
	Info: Qwen code generation max new tokens: 16384
LLM Judge Score: 0.9
	Info: Qwen code generation max new tokens: 16384
LLM Judge Score: 0.9
Marking code as processable for Python
Marking code as processable for C++
Warning: C++ documentation not found in record 33932ff95bdbcc48833f4df2f6624d26ae3dcf50. Re-generating for this record as a fallback.
	Info: Qwen code generation max new tokens: 16384
LLM Judge Score: 0.8
	Info: Qwen code generation max new tokens: 16384
LLM Judge Score: 0.8
	Info: Qwen code generation max new tokens: 16384
LLM Judge Score: 0.8
Marking code as processable for Python
Marking code as processable for C++
Warning: C++ documentation not found in record 3393c2e5e346e56e56e54c1a428f3a9e3110f643. Re-generating for this record as a fallback.
	Info: Qwen code generation max new tokens: 16384
LLM Judge Score: 0.8
	Info: Qwen code generation max new tokens: 16384
LLM Judge Score: 0.8
	Info: Qwen code generation max new tokens: 16384
LLM Judge Score: 0.8
Marking code as processable for Python
Marking code as processable for C++
Warning: C++ documentation not found in record 33945075e34bacee54c2f5c3effe95f5674874e5. Re-generating for this record as a fallback.
	Info: Qwen code generation max new tokens: 16384
LLM Judge Score: 0.8
	Info: Qwen code generation max new tokens: 16384
LLM Judge Score: 0.8
	Info: Qwen code generation max new tokens: 16384
LLM Judge Score: 0.9
Marking code as processable for Python
Marking code as processable for C++
Warning: C++ documentation not found in record 33949f698540e0c307de44ebe94117d7d98436bd. Re-generating for this record as a fallback.
	Info: Qwen code generation max new tokens: 16384
LLM Judge Score: 0.8
	Info: Qwen code generation max new tokens: 16384
LLM Judge Score: 0.8
	Info: Qwen code generation max new tokens: 16384
LLM Judge Score: 0.8
Marking code as processable for Python
Marking code as processable for C++
Warning: C++ documentation not found in record 3396f42fe13c591266185b7fc6000f416a4fbfb5. Re-generating for this record as a fallback.
	Info: Qwen code generation max new tokens: 16384
LLM Judge Score: 0.8
	Info: Qwen code generation max new tokens: 16384
LLM Judge Score: 0.8
	Info: Qwen code generation max new tokens: 16384
LLM Judge Score: 0.8
Marking code as processable for Python
Marking code as processable for C++
Warning: C++ documentation not found in record 3397195f0f5fc2b4b3f9b200ccb92e83f1cb48f7. Re-generating for this record as a fallback.
	Info: Qwen code generation max new tokens: 16384
LLM Judge Score: 0.8
	Info: Qwen code generation max new tokens: 16384
LLM Judge Score: 0.8
	Info: Qwen code generation max new tokens: 16384
LLM Judge Score: 0.5
Marking code as processable for Python
Marking code as processable for C++
Warning: C++ documentation not found in record 3397507940455c76012aaa8f7131477356eca3a0. Re-generating for this record as a fallback.
	Info: Qwen code generation max new tokens: 16384
LLM Judge Score: 0.8
	Info: Qwen code generation max new tokens: 16384
LLM Judge Score: 0.8
	Info: Qwen code generation max new tokens: 16384
LLM Judge Score: 0.8
Marking code as processable for Python
Marking code as processable for C++
Warning: C++ documentation not found in record 3397d33cd6d6363a04c6089ed501d6436280c7cb. Re-generating for this record as a fallback.
	Info: Qwen code generation max new tokens: 16384
LLM Judge Score: 0.8
	Info: Qwen code generation max new tokens: 16384
LLM Judge Score: 0.8
	Info: Qwen code generation max new tokens: 16384
LLM Judge Score: 0.8
Marking code as processable for Python
Marking code as processable for C++
Warning: C++ documentation not found in record 3398acb2bdb811ba7dd7a028188a3433e558a85a. Re-generating for this record as a fallback.
	Info: Qwen code generation max new tokens: 16384
LLM Judge Score: 1.0
	Info: Qwen code generation max new tokens: 16384
LLM Judge Score: 0.8
	Info: Qwen code generation max new tokens: 16384
LLM Judge Score: 1.0
Marking code as processable for Python
Marking code as processable for C++
Warning: C++ documentation not found in record 33994ee700fdc9232832e312423cbf656c2b79b4. Re-generating for this record as a fallback.
	Info: Qwen code generation max new tokens: 16384
LLM Judge Score: 0.8
	Info: Qwen code generation max new tokens: 16384
LLM Judge Score: 0.8
	Info: Qwen code generation max new tokens: 16384
LLM Judge Score: 0.8
Marking code as processable for Python
Marking code as processable for C++
Warning: C++ documentation not found in record 3399b4eeb9d5e099b57c74d423684c4d0aec8b53. Re-generating for this record as a fallback.
	Info: Qwen code generation max new tokens: 16384
LLM Judge Score: 0.8
	Info: Qwen code generation max new tokens: 16384
LLM Judge Score: 0.8
	Info: Qwen code generation max new tokens: 16384
LLM Judge Score: 0.8
Marking code as processable for Python
Marking code as processable for C++
Warning: C++ documentation not found in record 339ca18e3a3898ed03dc2eac6a3b97a6f2dd0139. Re-generating for this record as a fallback.
	Info: Qwen code generation max new tokens: 16384
LLM Judge Score: 0.8
	Info: Qwen code generation max new tokens: 16384
LLM Judge Score: 0.8
	Info: Qwen code generation max new tokens: 16384
LLM Judge Score: 0.8
Marking code as processable for Python
Marking code as processable for C++
Warning: C++ documentation not found in record 339cfee207ba0db4e066b4a04a55a4a710578796. Re-generating for this record as a fallback.
	Info: Qwen code generation max new tokens: 16384
LLM Judge Score: 0.8
	Info: Qwen code generation max new tokens: 16384
LLM Judge Score: 0.8
	Info: Qwen code generation max new tokens: 16384
LLM Judge Score: 0.8
Marking code as processable for Python
Marking code as processable for C++
Warning: C++ documentation not found in record 339dce0367f9e7ea9b31beb134823f9b12d7d9d2. Re-generating for this record as a fallback.
	Info: Qwen code generation max new tokens: 16384
LLM Judge Score: 0.9
	Info: Qwen code generation max new tokens: 16384
LLM Judge Score: 0.9
	Info: Qwen code generation max new tokens: 16384
LLM Judge Score: 0.9
Marking code as processable for Python
Marking code as processable for C++
Warning: C++ documentation not found in record 339e0d3a8aba3297551cefdabb6e799b63201e1a. Re-generating for this record as a fallback.
Warning: Input length 102115 >= model max 32768. Truncating.
	Info: Qwen code generation max new tokens: 16384
LLM Judge Score: 0.8
	Info: Qwen code generation max new tokens: 16384
LLM Judge Score: 0.8
	Info: Qwen code generation max new tokens: 16384
LLM Judge Score: 0.8
Marking code as processable for Python
Marking code as processable for C++
Warning: C++ documentation not found in record 339e40e5fab70166359edc36a8c25359479c08d0. Re-generating for this record as a fallback.
	Info: Qwen code generation max new tokens: 16384
LLM Judge Score: 0.8
	Info: Qwen code generation max new tokens: 16384
LLM Judge Score: 0.8
	Info: Qwen code generation max new tokens: 16384
LLM Judge Score: 0.8
Marking code as processable for Python
Marking code as processable for C++
Warning: C++ documentation not found in record 339f12faeca90e0dda5926fb9e53fdad5c1fabea. Re-generating for this record as a fallback.
	Info: Qwen code generation max new tokens: 16384
LLM Judge Score: 0.8
	Info: Qwen code generation max new tokens: 16384
LLM Judge Score: 0.8
	Info: Qwen code generation max new tokens: 16384
LLM Judge Score: 0.8
Marking code as processable for Python
Marking code as processable for C++
Warning: C++ documentation not found in record 339fd28879d12676327871f30ea0de3c01012193. Re-generating for this record as a fallback.
	Info: Qwen code generation max new tokens: 16384
LLM Judge Score: 0.8
	Info: Qwen code generation max new tokens: 16384
LLM Judge Score: 0.8
	Info: Qwen code generation max new tokens: 16384
LLM Judge Score: 0.8
Marking code as processable for Python
Marking code as processable for C++
Warning: C++ documentation not found in record 33a03b45d3a7f9aad320034c272f015d93063494. Re-generating for this record as a fallback.
	Info: Qwen code generation max new tokens: 16384
LLM Judge Score: 0.8
	Info: Qwen code generation max new tokens: 16384
LLM Judge Score: 0.8
	Info: Qwen code generation max new tokens: 16384
LLM Judge Score: 0.8
Marking code as processable for Python
Marking code as processable for C++
Warning: C++ documentation not found in record 33a08d1dba7069d2c5790e63ee7974f3c9c0fb3f. Re-generating for this record as a fallback.
	Info: Qwen code generation max new tokens: 16384
LLM Judge Score: 0.9
	Info: Qwen code generation max new tokens: 16384
LLM Judge Score: 0.8
	Info: Qwen code generation max new tokens: 16384
LLM Judge Score: 0.8
Marking code as processable for Python
Marking code as processable for C++
Warning: C++ documentation not found in record 33a1533625818e7d82b92ebf0eadfb77d6937f29. Re-generating for this record as a fallback.
	Info: Qwen code generation max new tokens: 16384
LLM Judge Score: 0.8
	Info: Qwen code generation max new tokens: 16384
LLM Judge Score: 0.8
	Info: Qwen code generation max new tokens: 16384
LLM Judge Score: 0.8
Marking code as processable for Python
Marking code as processable for C++
Warning: C++ documentation not found in record 33a6f4edb73161265f12cd527183a5926bdfc4e1. Re-generating for this record as a fallback.
	Info: Qwen code generation max new tokens: 16384
LLM Judge Score: 0.8
	Info: Qwen code generation max new tokens: 16384
LLM Judge Score: 0.8
	Info: Qwen code generation max new tokens: 16384
LLM Judge Score: 0.8
Marking code as processable for Python
Marking code as processable for C++
Warning: C++ documentation not found in record 33a7bb186eb03cb7a7360dc6d49ac69078089216. Re-generating for this record as a fallback.
	Info: Qwen code generation max new tokens: 16384
LLM Judge Score: 0.8
	Info: Qwen code generation max new tokens: 16384
LLM Judge Score: 0.8
	Info: Qwen code generation max new tokens: 16384
LLM Judge Score: 0.8
Marking code as processable for Python
Marking code as processable for C++
Warning: C++ documentation not found in record 33a81c2af4a95b2a563fb7c3d993bbd10e9e2c52. Re-generating for this record as a fallback.
	Info: Qwen code generation max new tokens: 16384
LLM Judge Score: 0.8
	Info: Qwen code generation max new tokens: 16384
LLM Judge Score: 0.8
	Info: Qwen code generation max new tokens: 16384
LLM Judge Score: 0.8
Marking code as processable for Python
Marking code as processable for C++
Warning: C++ documentation not found in record 33a8b6d7bde33154b777c11f6be691b84d5f1873. Re-generating for this record as a fallback.
	Info: Qwen code generation max new tokens: 16384
LLM Judge Score: 0.7
	Info: Qwen code generation max new tokens: 16384
LLM Judge Score: 0.7
	Info: Qwen code generation max new tokens: 16384
LLM Judge Score: 0.7
Marking code as processable for Python
Marking code as processable for C++
Warning: C++ documentation not found in record 33aa7913d2ba041c244e75a53cf72d2ae073a76e. Re-generating for this record as a fallback.
	Info: Qwen code generation max new tokens: 16384
LLM Judge Score: 0.8
	Info: Qwen code generation max new tokens: 16384
LLM Judge Score: 0.8
	Info: Qwen code generation max new tokens: 16384
LLM Judge Score: 0.8
Marking code as processable for Python
Marking code as processable for C++
Warning: C++ documentation not found in record 33ab91c9a2e3071407b27fa4c02d1b3f11630a69. Re-generating for this record as a fallback.
	Info: Qwen code generation max new tokens: 16384
LLM Judge Score: 0.8
	Info: Qwen code generation max new tokens: 16384
LLM Judge Score: 0.9
	Info: Qwen code generation max new tokens: 16384
LLM Judge Score: 0.8
Marking code as processable for Python
Marking code as processable for C++
Warning: C++ documentation not found in record 33abe561f89c1c591a40feb8a2272c0547fb96f2. Re-generating for this record as a fallback.
	Info: Qwen code generation max new tokens: 16384
LLM Judge Score: 0.8
	Info: Qwen code generation max new tokens: 16384
LLM Judge Score: 0.8
	Info: Qwen code generation max new tokens: 16384
LLM Judge Score: 0.9
Marking code as processable for Python
Marking code as processable for C++
Warning: C++ documentation not found in record 33acac7974d9e7125b1d23005899f74f4db4c16f. Re-generating for this record as a fallback.
	Info: Qwen code generation max new tokens: 16384
LLM Judge Score: 0.8
	Info: Qwen code generation max new tokens: 16384
LLM Judge Score: 0.8
	Info: Qwen code generation max new tokens: 16384
LLM Judge Score: 0.8
Marking code as processable for Python
Marking code as processable for C++
Warning: C++ documentation not found in record 33ad6e203837391221313ed27c618f0e5d0a08ed. Re-generating for this record as a fallback.
	Info: Qwen code generation max new tokens: 16384
LLM Judge Score: 0.8
	Info: Qwen code generation max new tokens: 16384
LLM Judge Score: 0.8
	Info: Qwen code generation max new tokens: 16384
LLM Judge Score: 0.8
Marking code as processable for Python
Marking code as processable for C++
Warning: C++ documentation not found in record 33aedd12a0d47e9eb26bfe0db53dbf7f807298da. Re-generating for this record as a fallback.
	Info: Qwen code generation max new tokens: 16384
LLM Judge Score: 0.8
	Info: Qwen code generation max new tokens: 16384
LLM Judge Score: 0.9
	Info: Qwen code generation max new tokens: 16384
LLM Judge Score: 0.8
Marking code as processable for Python
Marking code as processable for C++
Warning: C++ documentation not found in record 33af8d76293ddeefd555843efc6a527f36cbe0df. Re-generating for this record as a fallback.
	Info: Qwen code generation max new tokens: 16384
LLM Judge Score: 0.8
	Info: Qwen code generation max new tokens: 16384
LLM Judge Score: 0.8
	Info: Qwen code generation max new tokens: 16384
LLM Judge Score: 0.8
Marking code as processable for Python
Marking code as processable for C++
Warning: C++ documentation not found in record 33b0d447893668d87306e25e7210c48469f6d67e. Re-generating for this record as a fallback.
	Info: Qwen code generation max new tokens: 16384
LLM Judge Score: 0.8
	Info: Qwen code generation max new tokens: 16384
LLM Judge Score: 0.7
	Info: Qwen code generation max new tokens: 16384
LLM Judge Score: 0.7
Marking code as processable for Python
Marking code as processable for C++
Warning: C++ documentation not found in record 33b14adf56d17d2402ebe668b7e63522721a6d99. Re-generating for this record as a fallback.
	Info: Qwen code generation max new tokens: 16384
LLM Judge Score: 0.9
	Info: Qwen code generation max new tokens: 16384
LLM Judge Score: 0.8
	Info: Qwen code generation max new tokens: 16384
LLM Judge Score: 0.9
Marking code as processable for Python
Marking code as processable for C++
Warning: C++ documentation not found in record 33b44f8e28ed0adc0ab594d2485f0e2d63b25e6e. Re-generating for this record as a fallback.
	Info: Qwen code generation max new tokens: 16384
LLM Judge Score: 0.9
	Info: Qwen code generation max new tokens: 16384
LLM Judge Score: 0.9
	Info: Qwen code generation max new tokens: 16384
LLM Judge Score: 0.9
Marking code as processable for Python
Marking code as processable for C++
Warning: C++ documentation not found in record 33b6d91d17d429a0ffd4bc42d00634c77a91956e. Re-generating for this record as a fallback.
	Info: Qwen code generation max new tokens: 16384
LLM Judge Score: 0.8
	Info: Qwen code generation max new tokens: 16384
LLM Judge Score: 0.8
	Info: Qwen code generation max new tokens: 16384
LLM Judge Score: 0.9
Marking code as processable for Python
Marking code as processable for C++
Warning: C++ documentation not found in record 33b9d1f934c771c9a9298b4390ca08c246303577. Re-generating for this record as a fallback.
	Info: Qwen code generation max new tokens: 16384
LLM Judge Score: 0.8
	Info: Qwen code generation max new tokens: 16384
LLM Judge Score: 0.8
	Info: Qwen code generation max new tokens: 16384
LLM Judge Score: 0.8
Marking code as processable for Python
Marking code as processable for C++
Warning: C++ documentation not found in record 33bce9c40270adb9d2ef0ac5de01957f887e7b72. Re-generating for this record as a fallback.
	Info: Qwen code generation max new tokens: 16384
LLM Judge Score: 0.8
	Info: Qwen code generation max new tokens: 16384
LLM Judge Score: 0.8
	Info: Qwen code generation max new tokens: 16384
LLM Judge Score: 0.8
Marking code as processable for Python
Marking code as processable for C++
Warning: C++ documentation not found in record 33be1b92715b0dce2bcc58a0178894f7b6dbf2e1. Re-generating for this record as a fallback.
	Info: Qwen code generation max new tokens: 16384
LLM Judge Score: 0.8
	Info: Qwen code generation max new tokens: 16384
LLM Judge Score: 0.8
	Info: Qwen code generation max new tokens: 16384
LLM Judge Score: 0.9
Marking code as processable for Python
Marking code as processable for C++
Warning: C++ documentation not found in record 33bfdf5f02dfd5caff52b16a6d2a98ff3bf2cd43. Re-generating for this record as a fallback.
	Info: Qwen code generation max new tokens: 16384
LLM Judge Score: 0.8
	Info: Qwen code generation max new tokens: 16384
LLM Judge Score: 0.8
	Info: Qwen code generation max new tokens: 16384
LLM Judge Score: 0.8
Marking code as processable for Python
Marking code as processable for C++
Warning: C++ documentation not found in record 33c0d6843bb1f0fd477ec8b7140daa053a9db842. Re-generating for this record as a fallback.
	Info: Qwen code generation max new tokens: 16384
LLM Judge Score: 0.8
	Info: Qwen code generation max new tokens: 16384
LLM Judge Score: 0.8
	Info: Qwen code generation max new tokens: 16384
LLM Judge Score: 0.8
Marking code as processable for Python
Marking code as processable for C++
Warning: C++ documentation not found in record 33c12ed0990371e8c51a7019ec7918b9a5b2b7dc. Re-generating for this record as a fallback.
	Info: Qwen code generation max new tokens: 16384
LLM Judge Score: 0.8
	Info: Qwen code generation max new tokens: 16384
LLM Judge Score: 0.8
	Info: Qwen code generation max new tokens: 16384
LLM Judge Score: 0.8
Marking code as processable for Python
Marking code as processable for C++
Warning: C++ documentation not found in record 33c2358a81265eb5e06c41c74703d79ad98a9e97. Re-generating for this record as a fallback.
	Info: Qwen code generation max new tokens: 16384
LLM Judge Score: 0.8
	Info: Qwen code generation max new tokens: 16384
LLM Judge Score: 0.8
	Info: Qwen code generation max new tokens: 16384
LLM Judge Score: 0.8
Marking code as processable for Python
Marking code as processable for C++
Warning: C++ documentation not found in record 33c37075e4cc5313304a21b87476bf25bbcff28d. Re-generating for this record as a fallback.
	Info: Qwen code generation max new tokens: 16384
LLM Judge Score: 0.8
	Info: Qwen code generation max new tokens: 16384
LLM Judge Score: 0.8
	Info: Qwen code generation max new tokens: 16384
LLM Judge Score: 0.8
Marking code as processable for Python
Marking code as processable for C++
Warning: C++ documentation not found in record 33c3d267c8db8f08c53a219f506a50bee3ca0b84. Re-generating for this record as a fallback.
	Info: Qwen code generation max new tokens: 16384
LLM Judge Score: 0.8
	Info: Qwen code generation max new tokens: 16384
LLM Judge Score: 0.8
	Info: Qwen code generation max new tokens: 16384
LLM Judge Score: 0.8
Marking code as processable for Python
Marking code as processable for C++
Warning: C++ documentation not found in record 33c42ef08a21e70945aa20bc67542f2ddb456dab. Re-generating for this record as a fallback.
	Info: Qwen code generation max new tokens: 16384
LLM Judge Score: 0.8
	Info: Qwen code generation max new tokens: 16384
LLM Judge Score: 0.8
	Info: Qwen code generation max new tokens: 16384
LLM Judge Score: 0.8
Marking code as processable for Python
Marking code as processable for C++
Warning: C++ documentation not found in record 33c440860bb47ff41cba083cc8f0baa836e92681. Re-generating for this record as a fallback.
	Info: Qwen code generation max new tokens: 16384
LLM Judge Score: 0.8
	Info: Qwen code generation max new tokens: 16384
LLM Judge Score: 0.8
	Info: Qwen code generation max new tokens: 16384
LLM Judge Score: 0.8
Marking code as processable for Python
Marking code as processable for C++
Warning: C++ documentation not found in record 33c4473609facd7821cbef2b3c8b6e4c01521e29. Re-generating for this record as a fallback.
	Info: Qwen code generation max new tokens: 16384
LLM Judge Score: 0.8
	Info: Qwen code generation max new tokens: 16384
LLM Judge Score: 0.8
	Info: Qwen code generation max new tokens: 16384
LLM Judge Score: 0.8
Marking code as processable for Python
Marking code as processable for C++
Warning: C++ documentation not found in record 33c46982cc7dc4a9725b31f0be427aef3b71a382. Re-generating for this record as a fallback.
	Info: Qwen code generation max new tokens: 16384
LLM Judge Score: 0.8
	Info: Qwen code generation max new tokens: 16384
LLM Judge Score: 0.8
	Info: Qwen code generation max new tokens: 16384
LLM Judge Score: 0.8
Marking code as processable for Python
Marking code as processable for C++
Warning: C++ documentation not found in record 33c4c98476a813dd59ad1452ef1293dfd1abe55b. Re-generating for this record as a fallback.
	Info: Qwen code generation max new tokens: 16384
LLM Judge Score: 0.9
	Info: Qwen code generation max new tokens: 16384
LLM Judge Score: 0.9
	Info: Qwen code generation max new tokens: 16384
LLM Judge Score: 0.8
Marking code as processable for Python
Marking code as processable for C++
Warning: C++ documentation not found in record 33c5628d0344aa34fe0adbc9881b594c10f0ea1d. Re-generating for this record as a fallback.
	Info: Qwen code generation max new tokens: 16384
LLM Judge Score: 1.0
	Info: Qwen code generation max new tokens: 16384
LLM Judge Score: 1.0
	Info: Qwen code generation max new tokens: 16384
LLM Judge Score: 1.0
Marking code as processable for Python
Marking code as processable for C++
Warning: C++ documentation not found in record 33c79eb81d45de364cab2f21a8e524ccc7d084fc. Re-generating for this record as a fallback.
	Info: Qwen code generation max new tokens: 16384
LLM Judge Score: 0.8
	Info: Qwen code generation max new tokens: 16384
LLM Judge Score: 0.8
	Info: Qwen code generation max new tokens: 16384
LLM Judge Score: 0.85
Marking code as processable for Python
Marking code as processable for C++
Warning: C++ documentation not found in record 33c8a08e2877efa578534cb6f768c6ffe6a21d4a. Re-generating for this record as a fallback.
	Info: Qwen code generation max new tokens: 16384
LLM Judge Score: 1.0
	Info: Qwen code generation max new tokens: 16384
LLM Judge Score: 0.9
	Info: Qwen code generation max new tokens: 16384
LLM Judge Score: 1.0
Marking code as processable for Python
Marking code as processable for C++
Warning: C++ documentation not found in record 33c8d159e7f8588c819bf84b5024a9364e2083ed. Re-generating for this record as a fallback.
	Info: Qwen code generation max new tokens: 16384
LLM Judge Score: 0.8
	Info: Qwen code generation max new tokens: 16384
LLM Judge Score: 0.8
	Info: Qwen code generation max new tokens: 16384
LLM Judge Score: 0.8
Marking code as processable for Python
Marking code as processable for C++
Warning: C++ documentation not found in record 33ca6ee86f02ec007a04d2125f9aabdbea0ea620. Re-generating for this record as a fallback.
	Info: Qwen code generation max new tokens: 16384
LLM Judge Score: 0.8
	Info: Qwen code generation max new tokens: 16384
LLM Judge Score: 0.8
	Info: Qwen code generation max new tokens: 16384
LLM Judge Score: 0.8
Marking code as processable for Python
Marking code as processable for C++
Warning: C++ documentation not found in record 33caa8cba2e71a171072eb009157adf123bba03e. Re-generating for this record as a fallback.
	Info: Qwen code generation max new tokens: 16384
LLM Judge Score: 0.9
	Info: Qwen code generation max new tokens: 16384
LLM Judge Score: 0.8
	Info: Qwen code generation max new tokens: 16384
LLM Judge Score: 0.7
Marking code as processable for Python
Marking code as processable for C++
Warning: C++ documentation not found in record 33cb22cd51682af287618954337dae81db4000a9. Re-generating for this record as a fallback.
	Info: Qwen code generation max new tokens: 16384
LLM Judge Score: 0.8
	Info: Qwen code generation max new tokens: 16384
LLM Judge Score: 0.9
	Info: Qwen code generation max new tokens: 16384
LLM Judge Score: 0.8
Marking code as processable for Python
Marking code as processable for C++
Warning: C++ documentation not found in record 33ce96f7ea3a91e7332c3a780488ff4a06c1f3e0. Re-generating for this record as a fallback.
	Info: Qwen code generation max new tokens: 16384
LLM Judge Score: 0.8
	Info: Qwen code generation max new tokens: 16384
LLM Judge Score: 0.8
	Info: Qwen code generation max new tokens: 16384
LLM Judge Score: 0.9
Marking code as processable for Python
Marking code as processable for C++
Warning: C++ documentation not found in record 33ced71548adf7d6e95c4db8b69f9cf6d7011bd6. Re-generating for this record as a fallback.
	Info: Qwen code generation max new tokens: 16384
LLM Judge Score: 0.9
	Info: Qwen code generation max new tokens: 16384
LLM Judge Score: 0.9
	Info: Qwen code generation max new tokens: 16384
LLM Judge Score: 0.8
Marking code as processable for Python
Marking code as processable for C++
Warning: C++ documentation not found in record 33cfd798a247b5ef564239c78e25a50ba2174e58. Re-generating for this record as a fallback.
	Info: Qwen code generation max new tokens: 16384
LLM Judge Score: 0.9
	Info: Qwen code generation max new tokens: 16384
LLM Judge Score: 0.9
	Info: Qwen code generation max new tokens: 16384
LLM Judge Score: 0.9
Marking code as processable for Python
Marking code as processable for C++
Warning: C++ documentation not found in record 33d1c15aaf2a9396d0fa7b733f610f0a65d2d72a. Re-generating for this record as a fallback.
	Info: Qwen code generation max new tokens: 16384
LLM Judge Score: 0.8
	Info: Qwen code generation max new tokens: 16384
LLM Judge Score: 0.8
	Info: Qwen code generation max new tokens: 16384
LLM Judge Score: 0.8
Marking code as processable for Python
Marking code as processable for C++
Warning: C++ documentation not found in record 33d2536a885aef96ca0793a12d3dd44ab30976ff. Re-generating for this record as a fallback.
	Info: Qwen code generation max new tokens: 16384
LLM Judge Score: 0.8
	Info: Qwen code generation max new tokens: 16384
LLM Judge Score: 0.8
	Info: Qwen code generation max new tokens: 16384
LLM Judge Score: 0.8
Marking code as processable for Python
Marking code as processable for C++
Warning: C++ documentation not found in record 33d61240fcc8b6a651227bf986c3bf4a0adc8cd1. Re-generating for this record as a fallback.
	Info: Qwen code generation max new tokens: 16384
LLM Judge Score: 0.7
	Info: Qwen code generation max new tokens: 16384
LLM Judge Score: 0.7
	Info: Qwen code generation max new tokens: 16384
LLM Judge Score: 0.7
Marking code as processable for Python
Marking code as processable for C++
Warning: C++ documentation not found in record 33d72117ec4bcba4be1c8057e873f602103626df. Re-generating for this record as a fallback.
	Info: Qwen code generation max new tokens: 16384
LLM Judge Score: 0.9
	Info: Qwen code generation max new tokens: 16384
LLM Judge Score: 0.5
	Info: Qwen code generation max new tokens: 16384
LLM Judge Score: 0.5
Marking code as processable for Python
Marking code as processable for C++
Warning: C++ documentation not found in record 33d748f9b86e78a130ad0e36f51307ddda600b33. Re-generating for this record as a fallback.
Warning: Input length 288669 >= model max 32768. Truncating.
	Info: Qwen code generation max new tokens: 16384
LLM Judge Score: 0.8
	Info: Qwen code generation max new tokens: 16384
LLM Judge Score: 0.8
	Info: Qwen code generation max new tokens: 16384
LLM Judge Score: 0.8
Marking code as processable for Python
Marking code as processable for C++
Warning: C++ documentation not found in record 33d7db421d47e5b9a09cd1e3ee4fd25153ca24e5. Re-generating for this record as a fallback.
	Info: Qwen code generation max new tokens: 16384
LLM Judge Score: 0.9
	Info: Qwen code generation max new tokens: 16384
LLM Judge Score: 0.95
	Info: Qwen code generation max new tokens: 16384
LLM Judge Score: 0.95
Marking code as processable for Python
Marking code as processable for C++
Warning: C++ documentation not found in record 33d8dcd655bf8d4f972500b2a104006dcf45bea2. Re-generating for this record as a fallback.
	Info: Qwen code generation max new tokens: 16384
LLM Judge Score: 0.9
	Info: Qwen code generation max new tokens: 16384
LLM Judge Score: 0.8
	Info: Qwen code generation max new tokens: 16384
LLM Judge Score: 1.0
Marking code as processable for Python
Marking code as processable for C++
Warning: C++ documentation not found in record 33d901d6b3fcb9b6d88016296bf938b984042f24. Re-generating for this record as a fallback.
	Info: Qwen code generation max new tokens: 16384
LLM Judge Score: 0.9
	Info: Qwen code generation max new tokens: 16384
LLM Judge Score: 0.9
	Info: Qwen code generation max new tokens: 16384
LLM Judge Score: 0.9
Marking code as processable for Python
Marking code as processable for C++
Warning: C++ documentation not found in record 33d94174eb4f9595b832cb6cce4d90d307c9a89b. Re-generating for this record as a fallback.
	Info: Qwen code generation max new tokens: 16384
LLM Judge Score: 0.8
	Info: Qwen code generation max new tokens: 16384
LLM Judge Score: 0.8
	Info: Qwen code generation max new tokens: 16384
LLM Judge Score: 0.8
Marking code as processable for Python
Marking code as processable for C++
Warning: C++ documentation not found in record 33d9548a71208d39a75f79b2e025e17810e33255. Re-generating for this record as a fallback.
	Info: Qwen code generation max new tokens: 16384
LLM Judge Score: 0.9
	Info: Qwen code generation max new tokens: 16384
LLM Judge Score: 0.9
	Info: Qwen code generation max new tokens: 16384
LLM Judge Score: 0.8
Marking code as processable for Python
Marking code as processable for C++
Warning: C++ documentation not found in record 33d9eb33c495b6161cf5069c41f26c0530fec958. Re-generating for this record as a fallback.
	Info: Qwen code generation max new tokens: 16384
LLM Judge Score: 0.8
	Info: Qwen code generation max new tokens: 16384
LLM Judge Score: 0.8
	Info: Qwen code generation max new tokens: 16384
LLM Judge Score: 0.8
Marking code as processable for Python
Marking code as processable for C++
Warning: C++ documentation not found in record 33d9f85d13e0f54d4fe7cdcd1f481d7cb4783d0f. Re-generating for this record as a fallback.
	Info: Qwen code generation max new tokens: 16384
LLM Judge Score: 0.8
	Info: Qwen code generation max new tokens: 16384
LLM Judge Score: 0.8
	Info: Qwen code generation max new tokens: 16384
LLM Judge Score: 0.8
Marking code as processable for Python
Marking code as processable for C++
Warning: C++ documentation not found in record 33dabeba49d27b05f1ba25ee914e1af5babc18b6. Re-generating for this record as a fallback.
	Info: Qwen code generation max new tokens: 16384
LLM Judge Score: 0.8
	Info: Qwen code generation max new tokens: 16384
LLM Judge Score: 0.8
	Info: Qwen code generation max new tokens: 16384
LLM Judge Score: 0.8
Marking code as processable for Python
Marking code as processable for C++
Warning: C++ documentation not found in record 33db9d4339f77cde9c993273ea1742252a6cadaa. Re-generating for this record as a fallback.
	Info: Qwen code generation max new tokens: 16384
LLM Judge Score: 0.8
	Info: Qwen code generation max new tokens: 16384
LLM Judge Score: 0.8
	Info: Qwen code generation max new tokens: 16384
LLM Judge Score: 0.8
Marking code as processable for Python
Marking code as processable for C++
Warning: C++ documentation not found in record 33dbf0b9e562abcc61549f27d0043b137680e850. Re-generating for this record as a fallback.
	Info: Qwen code generation max new tokens: 16384
LLM Judge Score: 0.9
	Info: Qwen code generation max new tokens: 16384
LLM Judge Score: 0.9
	Info: Qwen code generation max new tokens: 16384
LLM Judge Score: 0.9
Marking code as processable for Python
Marking code as processable for C++
Warning: C++ documentation not found in record 33de8fcb757034f62b7db30f9731b11c57fe5bf1. Re-generating for this record as a fallback.
	Info: Qwen code generation max new tokens: 16384
LLM Judge Score: 0.8
	Info: Qwen code generation max new tokens: 16384
LLM Judge Score: 0.8
	Info: Qwen code generation max new tokens: 16384
LLM Judge Score: 0.8
Marking code as processable for Python
Marking code as processable for C++
Warning: C++ documentation not found in record 33dea591772d1b2c41ef7468c9f59744cbd25b4e. Re-generating for this record as a fallback.
	Info: Qwen code generation max new tokens: 16384
LLM Judge Score: 0.8
	Info: Qwen code generation max new tokens: 16384
LLM Judge Score: 0.8
	Info: Qwen code generation max new tokens: 16384
LLM Judge Score: 0.8
Marking code as processable for Python
Marking code as processable for C++
Warning: C++ documentation not found in record 33e030a5735e8e0a59ea50d1306e22d76f02af62. Re-generating for this record as a fallback.
	Info: Qwen code generation max new tokens: 16384
LLM Judge Score: 0.8
	Info: Qwen code generation max new tokens: 16384
LLM Judge Score: 0.8
	Info: Qwen code generation max new tokens: 16384
LLM Judge Score: 0.8
Marking code as processable for Python
Marking code as processable for C++
Warning: C++ documentation not found in record 33e032149ed7311b5dacd2ff8a98c2cb05844afb. Re-generating for this record as a fallback.
	Info: Qwen code generation max new tokens: 16384
LLM Judge Score: 0.8
	Info: Qwen code generation max new tokens: 16384
LLM Judge Score: 0.8
	Info: Qwen code generation max new tokens: 16384
LLM Judge Score: 0.8
Marking code as processable for Python
Marking code as processable for C++
Warning: C++ documentation not found in record 33e1acfa7698aa8249c191f3e7dc3853b7d523a7. Re-generating for this record as a fallback.
	Info: Qwen code generation max new tokens: 16384
LLM Judge Score: 0.9
	Info: Qwen code generation max new tokens: 16384
LLM Judge Score: 0.9
	Info: Qwen code generation max new tokens: 16384
LLM Judge Score: 0.9
Marking code as processable for Python
Marking code as processable for C++
Warning: C++ documentation not found in record 33e3f4bfa8178f6ca4828664f24947e7ae3471f8. Re-generating for this record as a fallback.
	Info: Qwen code generation max new tokens: 16384
LLM Judge Score: 0.8
	Info: Qwen code generation max new tokens: 16384
LLM Judge Score: 0.8
	Info: Qwen code generation max new tokens: 16384
LLM Judge Score: 0.9
Marking code as processable for Python
Marking code as processable for C++
Warning: C++ documentation not found in record 33e545f539c638f2cb465f4dc3b0e170baba2fb6. Re-generating for this record as a fallback.
	Info: Qwen code generation max new tokens: 16384
LLM Judge Score: 0.9
	Info: Qwen code generation max new tokens: 16384
LLM Judge Score: 0.9
	Info: Qwen code generation max new tokens: 16384
LLM Judge Score: 0.9
Marking code as processable for Python
Marking code as processable for C++
Warning: C++ documentation not found in record 33e679a0092df6b9234ed6c8c7998b3f46b7c54b. Re-generating for this record as a fallback.
	Info: Qwen code generation max new tokens: 16384
LLM Judge Score: 0.8
	Info: Qwen code generation max new tokens: 16384
LLM Judge Score: 0.8
	Info: Qwen code generation max new tokens: 16384
LLM Judge Score: 0.8
Marking code as processable for Python
Marking code as processable for C++
Warning: C++ documentation not found in record 33e6c449f6b19c517cbc22da4bff066717cefd83. Re-generating for this record as a fallback.
	Info: Qwen code generation max new tokens: 16384
LLM Judge Score: 0.8
	Info: Qwen code generation max new tokens: 16384
LLM Judge Score: 0.8
	Info: Qwen code generation max new tokens: 16384
LLM Judge Score: 0.8
Marking code as processable for Python
Marking code as processable for C++
Warning: C++ documentation not found in record 33e735490ceb6525b2f6f4ea3f1718224fa87bf5. Re-generating for this record as a fallback.
	Info: Qwen code generation max new tokens: 16384
LLM Judge Score: 0.8
	Info: Qwen code generation max new tokens: 16384
LLM Judge Score: 0.8
	Info: Qwen code generation max new tokens: 16384
LLM Judge Score: 0.8
Marking code as processable for Python
Marking code as processable for C++
Warning: C++ documentation not found in record 33e7b3fef67d51960183dd80a06465bf4843e744. Re-generating for this record as a fallback.
	Info: Qwen code generation max new tokens: 16384
LLM Judge Score: 0.8
	Info: Qwen code generation max new tokens: 16384
LLM Judge Score: 0.8
	Info: Qwen code generation max new tokens: 16384
LLM Judge Score: 0.8
Marking code as processable for Python
Marking code as processable for C++
Warning: C++ documentation not found in record 33e826c1feda4be83503d0b7ed8f4efa13cc959e. Re-generating for this record as a fallback.
	Info: Qwen code generation max new tokens: 16384
LLM Judge Score: 0.8
	Info: Qwen code generation max new tokens: 16384
LLM Judge Score: 0.8
	Info: Qwen code generation max new tokens: 16384
LLM Judge Score: 0.8
Marking code as processable for Python
Marking code as processable for C++
Warning: C++ documentation not found in record 33e9b53681b1e0f060293406dca6010ade2c5509. Re-generating for this record as a fallback.
	Info: Qwen code generation max new tokens: 16384
LLM Judge Score: 0.9
	Info: Qwen code generation max new tokens: 16384
LLM Judge Score: 0.9
	Info: Qwen code generation max new tokens: 16384
LLM Judge Score: 0.95
Marking code as processable for Python
Marking code as processable for C++
Warning: C++ documentation not found in record 33eafe4ed68ddad78c0bc1d941abf87b50f88a78. Re-generating for this record as a fallback.
	Info: Qwen code generation max new tokens: 16384
LLM Judge Score: 0.9
	Info: Qwen code generation max new tokens: 16384
LLM Judge Score: 0.9
	Info: Qwen code generation max new tokens: 16384
LLM Judge Score: 0.8
Marking code as processable for Python
Marking code as processable for C++
Warning: C++ documentation not found in record 33ed40bb55e7845acd4c00ac251507ba899ec019. Re-generating for this record as a fallback.
	Info: Qwen code generation max new tokens: 16384
LLM Judge Score: 0.8
	Info: Qwen code generation max new tokens: 16384
LLM Judge Score: 0.8
	Info: Qwen code generation max new tokens: 16384
LLM Judge Score: 0.8
Marking code as processable for Python
Marking code as processable for C++
Warning: C++ documentation not found in record 33ee39f036d47eeca1f02a556144d2ea0632affc. Re-generating for this record as a fallback.
	Info: Qwen code generation max new tokens: 16384
LLM Judge Score: 0.8
	Info: Qwen code generation max new tokens: 16384
LLM Judge Score: 0.8
	Info: Qwen code generation max new tokens: 16384
LLM Judge Score: 0.8
Marking code as processable for Python
Marking code as processable for C++
Warning: C++ documentation not found in record 33eeba4d7e695d65454f362e0a2ff59e9aaa22a1. Re-generating for this record as a fallback.
	Info: Qwen code generation max new tokens: 16384
LLM Judge Score: 0.7
	Info: Qwen code generation max new tokens: 16384
LLM Judge Score: 0.7
	Info: Qwen code generation max new tokens: 16384
LLM Judge Score: 0.7
Marking code as processable for Python
Marking code as processable for C++
Warning: C++ documentation not found in record 33ef5d49ba2446e65f25fead5f1cc3e93da72c15. Re-generating for this record as a fallback.
	Info: Qwen code generation max new tokens: 16384
LLM Judge Score: 0.8
	Info: Qwen code generation max new tokens: 16384
LLM Judge Score: 0.8
	Info: Qwen code generation max new tokens: 16384
LLM Judge Score: 0.8
Marking code as processable for Python
Marking code as processable for C++
Warning: C++ documentation not found in record 33f0d6a9434a5f4585b17d460d2d86cf3750fb83. Re-generating for this record as a fallback.
Warning: Input length 37797 >= model max 32768. Truncating.
	Info: Qwen code generation max new tokens: 16384
LLM Judge Score: 0.8
	Info: Qwen code generation max new tokens: 16384
LLM Judge Score: 0.8
	Info: Qwen code generation max new tokens: 16384
LLM Judge Score: 0.8
Marking code as processable for Python
Marking code as processable for C++
Warning: C++ documentation not found in record 33f0ea2f87ab3ec36f7a8e8c8ad355428d287a2f. Re-generating for this record as a fallback.
	Info: Qwen code generation max new tokens: 16384
LLM Judge Score: 0.8
	Info: Qwen code generation max new tokens: 16384
LLM Judge Score: 0.8
	Info: Qwen code generation max new tokens: 16384
LLM Judge Score: 0.8
Marking code as processable for Python
Marking code as processable for C++
Warning: C++ documentation not found in record 33f1d1866090d7b523881c4a92cd5f1820dbc088. Re-generating for this record as a fallback.
	Info: Qwen code generation max new tokens: 16384
LLM Judge Score: 0.8
	Info: Qwen code generation max new tokens: 16384
LLM Judge Score: 0.85
	Info: Qwen code generation max new tokens: 16384
LLM Judge Score: 0.7
Marking code as processable for Python
Marking code as processable for C++
Warning: C++ documentation not found in record 33f216c181bf52fddc6e7c38d14e1a66455a1665. Re-generating for this record as a fallback.
	Info: Qwen code generation max new tokens: 16384
LLM Judge Score: 0.8
	Info: Qwen code generation max new tokens: 16384
LLM Judge Score: 0.8
	Info: Qwen code generation max new tokens: 16384
LLM Judge Score: 0.8
Marking code as processable for Python
Marking code as processable for C++
Warning: C++ documentation not found in record 33f23f3d40443fbd72898e8d55c44ce335e7b6d1. Re-generating for this record as a fallback.
	Info: Qwen code generation max new tokens: 16384
LLM Judge Score: 0.8
	Info: Qwen code generation max new tokens: 16384
LLM Judge Score: 0.9
	Info: Qwen code generation max new tokens: 16384
LLM Judge Score: 0.8
Marking code as processable for Python
Marking code as processable for C++
Warning: C++ documentation not found in record 33f318206761e0974f2143add8de7c12bcdc3a36. Re-generating for this record as a fallback.
	Info: Qwen code generation max new tokens: 16384
LLM Judge Score: 0.8
	Info: Qwen code generation max new tokens: 16384
LLM Judge Score: 0.8
	Info: Qwen code generation max new tokens: 16384
LLM Judge Score: 0.8
Marking code as processable for Python
Marking code as processable for C++
Warning: C++ documentation not found in record 33f3319ba7dee8950a9dd95f73ffc956570be68b. Re-generating for this record as a fallback.
	Info: Qwen code generation max new tokens: 16384
LLM Judge Score: 0.9
	Info: Qwen code generation max new tokens: 16384
LLM Judge Score: 0.9
	Info: Qwen code generation max new tokens: 16384
LLM Judge Score: 0.9
Marking code as processable for Python
Marking code as processable for C++
Warning: C++ documentation not found in record 33f56b32135cbdb9f7fec298a823d6a3209ba514. Re-generating for this record as a fallback.
	Info: Qwen code generation max new tokens: 16384
LLM Judge Score: 0.8
	Info: Qwen code generation max new tokens: 16384
LLM Judge Score: 0.8
	Info: Qwen code generation max new tokens: 16384
LLM Judge Score: 0.8
Marking code as processable for Python
Marking code as processable for C++
Warning: C++ documentation not found in record 33f61ec978a273caa269dc28db8c99c60ea5b70c. Re-generating for this record as a fallback.
	Info: Qwen code generation max new tokens: 16384
LLM Judge Score: 0.9
	Info: Qwen code generation max new tokens: 16384
LLM Judge Score: 0.9
	Info: Qwen code generation max new tokens: 16384
LLM Judge Score: 0.9
Marking code as processable for Python
Marking code as processable for C++
Warning: C++ documentation not found in record 33f70e8292258e84d95bcfd676d55680a50e3a96. Re-generating for this record as a fallback.
Warning: Input length 37666 >= model max 32768. Truncating.
	Info: Qwen code generation max new tokens: 16384
LLM Judge Score: 0.8
	Info: Qwen code generation max new tokens: 16384
LLM Judge Score: 0.8
	Info: Qwen code generation max new tokens: 16384
LLM Judge Score: 0.8
Marking code as processable for Python
Marking code as processable for C++
Warning: C++ documentation not found in record 33f74ccc3b216a435803e2b9423c0caf6b88825e. Re-generating for this record as a fallback.
	Info: Qwen code generation max new tokens: 16384
LLM Judge Score: 0.9
	Info: Qwen code generation max new tokens: 16384
LLM Judge Score: 0.9
	Info: Qwen code generation max new tokens: 16384
LLM Judge Score: 0.9
Marking code as processable for Python
Marking code as processable for C++
Warning: C++ documentation not found in record 33f7c9daf4599356166825b3a4a5694d2668467c. Re-generating for this record as a fallback.
	Info: Qwen code generation max new tokens: 16384
LLM Judge Score: 0.8
	Info: Qwen code generation max new tokens: 16384
LLM Judge Score: 0.8
	Info: Qwen code generation max new tokens: 16384
LLM Judge Score: 0.8
Marking code as processable for Python
Marking code as processable for C++
Warning: C++ documentation not found in record 33f955f4b7b40f59688a1a7f87cf362aee8d0523. Re-generating for this record as a fallback.
	Info: Qwen code generation max new tokens: 16384
LLM Judge Score: 0.7
	Info: Qwen code generation max new tokens: 16384
LLM Judge Score: 0.9
	Info: Qwen code generation max new tokens: 16384
LLM Judge Score: 0.9
Marking code as processable for Python
Marking code as processable for C++
Warning: C++ documentation not found in record 33f9c11b20cdbf2983f795564136aa8d1fdf4bcf. Re-generating for this record as a fallback.
	Info: Qwen code generation max new tokens: 16384
LLM Judge Score: 0.8
	Info: Qwen code generation max new tokens: 16384
LLM Judge Score: 0.8
	Info: Qwen code generation max new tokens: 16384
LLM Judge Score: 0.8
Marking code as processable for Python
Marking code as processable for C++
Warning: C++ documentation not found in record 33facceab40746a6a205d13aaa958b7e1675ca04. Re-generating for this record as a fallback.
	Info: Qwen code generation max new tokens: 16384
LLM Judge Score: 1.0
	Info: Qwen code generation max new tokens: 16384
LLM Judge Score: 1.0
	Info: Qwen code generation max new tokens: 16384
LLM Judge Score: 0.8
Marking code as processable for Python
Marking code as processable for C++
Warning: C++ documentation not found in record 33faec5db7f5f4242cdf3e7e164458fa1e7105c6. Re-generating for this record as a fallback.
	Info: Qwen code generation max new tokens: 16384
LLM Judge Score: 0.9
	Info: Qwen code generation max new tokens: 16384
LLM Judge Score: 0.8
	Info: Qwen code generation max new tokens: 16384
LLM Judge Score: 0.9
Marking code as processable for Python
Marking code as processable for C++
Warning: C++ documentation not found in record 33faf880222e95dd8e9e2bcc92642906a952bb73. Re-generating for this record as a fallback.
	Info: Qwen code generation max new tokens: 16384
LLM Judge Score: 0.8
	Info: Qwen code generation max new tokens: 16384
LLM Judge Score: 0.8
	Info: Qwen code generation max new tokens: 16384
LLM Judge Score: 0.85
Marking code as processable for Python
Marking code as processable for C++
Warning: C++ documentation not found in record 33fbb210810bab91e3e5e5281a19e74822a79a9e. Re-generating for this record as a fallback.
	Info: Qwen code generation max new tokens: 16384
LLM Judge Score: 0.8
	Info: Qwen code generation max new tokens: 16384
LLM Judge Score: 0.8
	Info: Qwen code generation max new tokens: 16384
LLM Judge Score: 0.9
Marking code as processable for Python
Marking code as processable for C++
Warning: C++ documentation not found in record 33fdd98733444d7a142b435295150e0b9455e1ca. Re-generating for this record as a fallback.
	Info: Qwen code generation max new tokens: 16384
LLM Judge Score: 0.9
	Info: Qwen code generation max new tokens: 16384
LLM Judge Score: 0.9
	Info: Qwen code generation max new tokens: 16384
LLM Judge Score: 0.9
Marking code as processable for Python
Marking code as processable for C++
Warning: C++ documentation not found in record 33fdf339bf89884ccf4eafbeae7f765a6cd1a109. Re-generating for this record as a fallback.
	Info: Qwen code generation max new tokens: 16384
LLM Judge Score: 0.9
	Info: Qwen code generation max new tokens: 16384
LLM Judge Score: 0.8
	Info: Qwen code generation max new tokens: 16384
LLM Judge Score: 0.8
Marking code as processable for Python
Marking code as processable for C++
Warning: C++ documentation not found in record 33fdf948cd6d64179e9d82b680ba30593b58de6f. Re-generating for this record as a fallback.
	Info: Qwen code generation max new tokens: 16384
LLM Judge Score: 0.9
	Info: Qwen code generation max new tokens: 16384
LLM Judge Score: 0.9
	Info: Qwen code generation max new tokens: 16384
LLM Judge Score: 1.0
Marking code as processable for Python
Marking code as processable for C++
Warning: C++ documentation not found in record 33ff6e3d328c652ea717362e770c0dae140c6366. Re-generating for this record as a fallback.
	Info: Qwen code generation max new tokens: 16384
LLM Judge Score: 0.8
	Info: Qwen code generation max new tokens: 16384
LLM Judge Score: 0.8
	Info: Qwen code generation max new tokens: 16384
LLM Judge Score: 0.8
Marking code as processable for Python
Marking code as processable for C++
Warning: C++ documentation not found in record 33ff8198ae66cc42da76d1efc0d75657d14fdb16. Re-generating for this record as a fallback.
	Info: Qwen code generation max new tokens: 16384
LLM Judge Score: 0.8
	Info: Qwen code generation max new tokens: 16384
LLM Judge Score: 0.8
	Info: Qwen code generation max new tokens: 16384
LLM Judge Score: 0.8
Marking code as processable for Python
Marking code as processable for C++
Warning: C++ documentation not found in record d5018e36c13540c04dfcdf308c8537bae3c2e67d. Re-generating for this record as a fallback.
	Info: Qwen code generation max new tokens: 16384
LLM Judge Score: 0.9
	Info: Qwen code generation max new tokens: 16384
LLM Judge Score: 0.85
	Info: Qwen code generation max new tokens: 16384
LLM Judge Score: 0.8
Marking code as processable for Python
Marking code as processable for C++
Warning: C++ documentation not found in record d501a76112ee571565b25b56c1e25347067fbe08. Re-generating for this record as a fallback.
	Info: Qwen code generation max new tokens: 16384
LLM Judge Score: 0.8
	Info: Qwen code generation max new tokens: 16384
LLM Judge Score: 0.5
	Info: Qwen code generation max new tokens: 16384
LLM Judge Score: 0.9
Marking code as processable for Python
Marking code as processable for C++
Warning: C++ documentation not found in record d503a236dda5d049f000e728698e58023f2ecbac. Re-generating for this record as a fallback.
	Info: Qwen code generation max new tokens: 16384
LLM Judge Score: 0.8
	Info: Qwen code generation max new tokens: 16384
LLM Judge Score: 0.8
	Info: Qwen code generation max new tokens: 16384
LLM Judge Score: 0.8
Marking code as processable for Python
Marking code as processable for C++
Warning: C++ documentation not found in record d5046672da82a39afaaa79a713ad8494c3e43f72. Re-generating for this record as a fallback.
	Info: Qwen code generation max new tokens: 16384
LLM Judge Score: 0.9
	Info: Qwen code generation max new tokens: 16384
LLM Judge Score: 0.9
	Info: Qwen code generation max new tokens: 16384
LLM Judge Score: 0.9
Marking code as processable for Python
Marking code as processable for C++
Warning: C++ documentation not found in record d50497ebfd52764adcdd0be94bd42751cbd3ee60. Re-generating for this record as a fallback.
	Info: Qwen code generation max new tokens: 16384
LLM Judge Score: 0.8
	Info: Qwen code generation max new tokens: 16384
LLM Judge Score: 0.8
	Info: Qwen code generation max new tokens: 16384
LLM Judge Score: 0.8
Marking code as processable for Python
Marking code as processable for C++
Warning: C++ documentation not found in record d504cc00313bf908d5c69ac2805bd7c2f0928032. Re-generating for this record as a fallback.
	Info: Qwen code generation max new tokens: 16384
LLM Judge Score: 0.8
	Info: Qwen code generation max new tokens: 16384
LLM Judge Score: 0.8
	Info: Qwen code generation max new tokens: 16384
LLM Judge Score: 0.9
Marking code as processable for Python
Marking code as processable for C++
Warning: C++ documentation not found in record d506401b50d2e59407dc797d4fd50dff14a4fccc. Re-generating for this record as a fallback.
	Info: Qwen code generation max new tokens: 16384
LLM Judge Score: 0.8
	Info: Qwen code generation max new tokens: 16384
LLM Judge Score: 0.85
	Info: Qwen code generation max new tokens: 16384
LLM Judge Score: 0.95
Marking code as processable for Python
Marking code as processable for C++
Warning: C++ documentation not found in record d508323b47303f8811d802f301ad5d8444d62e3f. Re-generating for this record as a fallback.
	Info: Qwen code generation max new tokens: 16384
LLM Judge Score: 0.8
	Info: Qwen code generation max new tokens: 16384
LLM Judge Score: 0.7
	Info: Qwen code generation max new tokens: 16384
LLM Judge Score: 0.8
Marking code as processable for Python
Marking code as processable for C++
Warning: C++ documentation not found in record d50a7c441af412f4a480c5d5986a2cba15bf6819. Re-generating for this record as a fallback.
	Info: Qwen code generation max new tokens: 16384
LLM Judge Score: 0.8
	Info: Qwen code generation max new tokens: 16384
LLM Judge Score: 0.8
	Info: Qwen code generation max new tokens: 16384
LLM Judge Score: 0.8
Marking code as processable for Python
Marking code as processable for C++
Warning: C++ documentation not found in record d50a813b21c4a7125a568638f8d335fae4043844. Re-generating for this record as a fallback.
	Info: Qwen code generation max new tokens: 16384
LLM Judge Score: 0.9
	Info: Qwen code generation max new tokens: 16384
LLM Judge Score: 0.9
	Info: Qwen code generation max new tokens: 16384
LLM Judge Score: 0.9
Marking code as processable for Python
Marking code as processable for C++
Warning: C++ documentation not found in record d50bb228f8c4f9cb398f2eafa5b7e51afb5899f1. Re-generating for this record as a fallback.
	Info: Qwen code generation max new tokens: 16384
LLM Judge Score: 0.8
	Info: Qwen code generation max new tokens: 16384
LLM Judge Score: 0.8
	Info: Qwen code generation max new tokens: 16384
LLM Judge Score: 0.8
Marking code as processable for Python
Marking code as processable for C++
Warning: C++ documentation not found in record d50bc9912659c9fac76afa8c42977160281ba429. Re-generating for this record as a fallback.
	Info: Qwen code generation max new tokens: 16384
LLM Judge Score: 0.9
	Info: Qwen code generation max new tokens: 16384
LLM Judge Score: 0.8
	Info: Qwen code generation max new tokens: 16384
LLM Judge Score: 0.9
Marking code as processable for Python
Marking code as processable for C++
Warning: C++ documentation not found in record d50d608dc4b92b0c6251b547d8b1de3d39119f2a. Re-generating for this record as a fallback.
	Info: Qwen code generation max new tokens: 16384
LLM Judge Score: 0.8
	Info: Qwen code generation max new tokens: 16384
LLM Judge Score: 0.8
	Info: Qwen code generation max new tokens: 16384
LLM Judge Score: 0.8
Marking code as processable for Python
Marking code as processable for C++
Warning: C++ documentation not found in record d50e010cc8fa5e5b5054cc6144666189cf0becd4. Re-generating for this record as a fallback.
	Info: Qwen code generation max new tokens: 16384
LLM Judge Score: 0.8
	Info: Qwen code generation max new tokens: 16384
LLM Judge Score: 0.8
	Info: Qwen code generation max new tokens: 16384
LLM Judge Score: 0.8
Marking code as processable for Python
Marking code as processable for C++
Warning: C++ documentation not found in record d50f311baa5bcc6fa2ee3552adff91ceb0cc7f31. Re-generating for this record as a fallback.
	Info: Qwen code generation max new tokens: 16384
LLM Judge Score: 0.8
	Info: Qwen code generation max new tokens: 16384
LLM Judge Score: 0.8
	Info: Qwen code generation max new tokens: 16384
LLM Judge Score: 0.8
Marking code as processable for Python
Marking code as processable for C++
Warning: C++ documentation not found in record d50f6f134ac69f4a429a76ba764f4348996e86cd. Re-generating for this record as a fallback.
	Info: Qwen code generation max new tokens: 16384
LLM Judge Score: 0.8
	Info: Qwen code generation max new tokens: 16384
LLM Judge Score: 0.8
	Info: Qwen code generation max new tokens: 16384
LLM Judge Score: 0.9
Marking code as processable for Python
Marking code as processable for C++
Warning: C++ documentation not found in record d5110efc74bda7b660dbd089ea2bcdaab3f9b2e7. Re-generating for this record as a fallback.
	Info: Qwen code generation max new tokens: 16384
LLM Judge Score: 0.8
	Info: Qwen code generation max new tokens: 16384
LLM Judge Score: 0.8
	Info: Qwen code generation max new tokens: 16384
LLM Judge Score: 0.8
Marking code as processable for Python
Marking code as processable for C++
Warning: C++ documentation not found in record d5114b098c4fc6702425173f9542b3eca474cb81. Re-generating for this record as a fallback.
	Info: Qwen code generation max new tokens: 16384
LLM Judge Score: 0.85
	Info: Qwen code generation max new tokens: 16384
LLM Judge Score: 0.9
	Info: Qwen code generation max new tokens: 16384
LLM Judge Score: 0.9
Marking code as processable for Python
Marking code as processable for C++
Warning: C++ documentation not found in record d5115f1dd807baf6f227a32812c871f3bd83d420. Re-generating for this record as a fallback.
	Info: Qwen code generation max new tokens: 16384
LLM Judge Score: 0.8
	Info: Qwen code generation max new tokens: 16384
LLM Judge Score: 0.9
	Info: Qwen code generation max new tokens: 16384
LLM Judge Score: 0.8
Marking code as processable for Python
Marking code as processable for C++
Warning: C++ documentation not found in record d511c7c5d6f4685b83a676dc6a2ae6ea6703ec81. Re-generating for this record as a fallback.
	Info: Qwen code generation max new tokens: 16384
LLM Judge Score: 0.8
	Info: Qwen code generation max new tokens: 16384
LLM Judge Score: 0.8
	Info: Qwen code generation max new tokens: 16384
LLM Judge Score: 0.8
Marking code as processable for Python
Marking code as processable for C++
Warning: C++ documentation not found in record d514a9e055b489dbe250836cdb055956cc54c5f0. Re-generating for this record as a fallback.
	Info: Qwen code generation max new tokens: 16384
LLM Judge Score: 0.8
	Info: Qwen code generation max new tokens: 16384
LLM Judge Score: 0.9
	Info: Qwen code generation max new tokens: 16384
LLM Judge Score: 0.9
Marking code as processable for Python
Marking code as processable for C++
Warning: C++ documentation not found in record d515380d863c775cdc86b6219d718489357a7d02. Re-generating for this record as a fallback.
	Info: Qwen code generation max new tokens: 16384
LLM Judge Score: 1.0
	Info: Qwen code generation max new tokens: 16384
LLM Judge Score: 1.0
	Info: Qwen code generation max new tokens: 16384
LLM Judge Score: 1.0
Marking code as processable for Python
Marking code as processable for C++
Warning: C++ documentation not found in record d5153aabc5ef5950d4034b68c66f9180d9050f96. Re-generating for this record as a fallback.
	Info: Qwen code generation max new tokens: 16384
LLM Judge Score: 0.8
	Info: Qwen code generation max new tokens: 16384
LLM Judge Score: 0.8
	Info: Qwen code generation max new tokens: 16384
LLM Judge Score: 0.8
Marking code as processable for Python
Marking code as processable for C++
Warning: C++ documentation not found in record d517a7ae14c50ac5e439a7c29513aa65ab0edf66. Re-generating for this record as a fallback.
	Info: Qwen code generation max new tokens: 16384
LLM Judge Score: 0.9
	Info: Qwen code generation max new tokens: 16384
LLM Judge Score: 0.9
	Info: Qwen code generation max new tokens: 16384
LLM Judge Score: 0.9
Marking code as processable for Python
Marking code as processable for C++
Warning: C++ documentation not found in record d51850c216a43599c3d9a9bf589559d88c4e7c1c. Re-generating for this record as a fallback.
	Info: Qwen code generation max new tokens: 16384
LLM Judge Score: 0.9
	Info: Qwen code generation max new tokens: 16384
LLM Judge Score: 0.8
	Info: Qwen code generation max new tokens: 16384
LLM Judge Score: 0.8
Marking code as processable for Python
Marking code as processable for C++
Warning: C++ documentation not found in record d5187582d079e3d9588b50bbdcdce745ae44c5f0. Re-generating for this record as a fallback.
	Info: Qwen code generation max new tokens: 16384
LLM Judge Score: 0.9
	Info: Qwen code generation max new tokens: 16384
LLM Judge Score: 1.0
	Info: Qwen code generation max new tokens: 16384
LLM Judge Score: 1.0
Marking code as processable for Python
Marking code as processable for C++
Warning: C++ documentation not found in record d518fb0e32ff30902f083db5a640d07acf40675c. Re-generating for this record as a fallback.
	Info: Qwen code generation max new tokens: 16384
LLM Judge Score: 0.7
	Info: Qwen code generation max new tokens: 16384
LLM Judge Score: 0.9
	Info: Qwen code generation max new tokens: 16384
LLM Judge Score: 0.5
Marking code as processable for Python
Marking code as processable for C++
Warning: C++ documentation not found in record d51985e8238b33ea3f6df0d1d4ca49d9e5c9ab31. Re-generating for this record as a fallback.
	Info: Qwen code generation max new tokens: 16384
LLM Judge Score: 0.8
	Info: Qwen code generation max new tokens: 16384
LLM Judge Score: 0.8
	Info: Qwen code generation max new tokens: 16384
LLM Judge Score: 0.8
Marking code as processable for Python
Marking code as processable for C++
Warning: C++ documentation not found in record d51a6eb192ee41b0b8ce11d5816fe375a6e1b915. Re-generating for this record as a fallback.
	Info: Qwen code generation max new tokens: 16384
LLM Judge Score: 0.8
	Info: Qwen code generation max new tokens: 16384
LLM Judge Score: 0.8
	Info: Qwen code generation max new tokens: 16384
LLM Judge Score: 0.8
Marking code as processable for Python
Marking code as processable for C++
Warning: C++ documentation not found in record d51a8fe0a2f169cda115e9ac3721afcf1e9d24d5. Re-generating for this record as a fallback.
	Info: Qwen code generation max new tokens: 16384
LLM Judge Score: 0.8
	Info: Qwen code generation max new tokens: 16384
LLM Judge Score: 0.8
	Info: Qwen code generation max new tokens: 16384
LLM Judge Score: 0.8
Marking code as processable for Python
Marking code as processable for C++
Warning: C++ documentation not found in record d51cb66fc40503d58f07b6731073208bc815fb66. Re-generating for this record as a fallback.
	Info: Qwen code generation max new tokens: 16384
LLM Judge Score: 0.8
	Info: Qwen code generation max new tokens: 16384
LLM Judge Score: 0.7
	Info: Qwen code generation max new tokens: 16384
LLM Judge Score: 0.8
Marking code as processable for Python
Marking code as processable for C++
Warning: C++ documentation not found in record d51d1caa2d631123f846b1530b8e5e05133e36c2. Re-generating for this record as a fallback.
	Info: Qwen code generation max new tokens: 16384
LLM Judge Score: 0.8
	Info: Qwen code generation max new tokens: 16384
LLM Judge Score: 0.8
	Info: Qwen code generation max new tokens: 16384
LLM Judge Score: 0.8
Marking code as processable for Python
Marking code as processable for C++
Warning: C++ documentation not found in record d51daa9e1e70d6408cdfb4d7a4b61f0e565ff340. Re-generating for this record as a fallback.
	Info: Qwen code generation max new tokens: 16384
LLM Judge Score: 0.8
	Info: Qwen code generation max new tokens: 16384
LLM Judge Score: 0.85
	Info: Qwen code generation max new tokens: 16384
LLM Judge Score: 0.85
Marking code as processable for Python
Marking code as processable for C++
Warning: C++ documentation not found in record d51ec1720ee2162fa6b160278ebe048b09a56fd0. Re-generating for this record as a fallback.
	Info: Qwen code generation max new tokens: 16384
LLM Judge Score: 0.8
	Info: Qwen code generation max new tokens: 16384
LLM Judge Score: 0.8
	Info: Qwen code generation max new tokens: 16384
LLM Judge Score: 0.8
Marking code as processable for Python
Marking code as processable for C++
Warning: C++ documentation not found in record d52047756e66a3c16b8efa635ce2d1f323bae298. Re-generating for this record as a fallback.
	Info: Qwen code generation max new tokens: 16384
LLM Judge Score: 0.8
	Info: Qwen code generation max new tokens: 16384
LLM Judge Score: 0.8
	Info: Qwen code generation max new tokens: 16384
LLM Judge Score: 0.8
Marking code as processable for Python
Marking code as processable for C++
Warning: C++ documentation not found in record d520fecc7313fd00060c3bd0391a55885087991f. Re-generating for this record as a fallback.
	Info: Qwen code generation max new tokens: 16384
LLM Judge Score: 0.8
	Info: Qwen code generation max new tokens: 16384
LLM Judge Score: 0.8
	Info: Qwen code generation max new tokens: 16384
LLM Judge Score: 0.8
Marking code as processable for Python
Marking code as processable for C++
Warning: C++ documentation not found in record d5253eaacce066df546bf71ee56094c0c5c69043. Re-generating for this record as a fallback.
	Info: Qwen code generation max new tokens: 16384
LLM Judge Score: 0.8
	Info: Qwen code generation max new tokens: 16384
LLM Judge Score: 0.8
	Info: Qwen code generation max new tokens: 16384
LLM Judge Score: 0.8
Marking code as processable for Python
Marking code as processable for C++
Warning: C++ documentation not found in record d525f95e42d6522cd7ee92b8811407b917e7369b. Re-generating for this record as a fallback.
	Info: Qwen code generation max new tokens: 16384
LLM Judge Score: 0.9
	Info: Qwen code generation max new tokens: 16384
LLM Judge Score: 0.9
	Info: Qwen code generation max new tokens: 16384
LLM Judge Score: 0.9
Marking code as processable for Python
Marking code as processable for C++
Warning: C++ documentation not found in record d526727055b3a97048584f86c03f0a79d2af5c06. Re-generating for this record as a fallback.
	Info: Qwen code generation max new tokens: 16384
LLM Judge Score: 0.8
	Info: Qwen code generation max new tokens: 16384
LLM Judge Score: 0.8
	Info: Qwen code generation max new tokens: 16384
LLM Judge Score: 0.8
Marking code as processable for Python
Marking code as processable for C++
Warning: C++ documentation not found in record d5267776d7ddbb314b5aca590f788392546d2329. Re-generating for this record as a fallback.
	Info: Qwen code generation max new tokens: 16384
LLM Judge Score: 1.0
	Info: Qwen code generation max new tokens: 16384
LLM Judge Score: 1.0
	Info: Qwen code generation max new tokens: 16384
LLM Judge Score: 1.0
Marking code as processable for Python
Marking code as processable for C++
Warning: C++ documentation not found in record d527fabc2345d9850127221c934ccf808739c9d3. Re-generating for this record as a fallback.
	Info: Qwen code generation max new tokens: 16384
LLM Judge Score: 0.8
	Info: Qwen code generation max new tokens: 16384
LLM Judge Score: 0.9
	Info: Qwen code generation max new tokens: 16384
LLM Judge Score: 0.8
Successfully created pl1_to_pl2_training_dataset with 375 examples.
First training example for Python to C++:
{'pl1_code_prompt': 'assistant\n```python\nimport time\n\nclass CLinkbotI:\n    def connect(self):\n        # Simulate connecting to the robot\n        print("Connecting to the robot...")\n        time.sleep(1)  # Simulate connection delay\n        print("Connected successfully.")\n\ndef main():\n    # Create an instance of CLinkbotI\n    robot = CLinkbotI()\n    \n    # Connect to the robot\n    robot.connect()\n\nif __name__ == "__main__":\n    main()\n```\n\nThis Python code implements the functionality described in the natural language documentation. It includes a class `CLinkbotI` with a method `connect` that simulates connecting to a robot. The `main` function creates an instance of `CLinkbotI`, calls the `connect` method, and pauses the execution for one second to simulate the connection process.', 'pl2_code_target': '#include <iostream>\n#include "clinkbot.hpp"\n\nint main(int argc, char *argv[]) {\n\tCLinkbotI robot;\n\trobot.connect();\n\n\tusleep(1000000);\n\treturn 0;\n}\n'}
Creating fresh LORA model for Phase 2 (Python to C++)...
trainable params: 40,370,176 || all params: 7,655,986,688 || trainable%: 0.5273

==============================

Starting LORA training for Python to C++ translation...
{'loss': '0.8036', 'grad_norm': '0.2543', 'learning_rate': '0.0001872', 'epoch': '0.2133'}
{'loss': '0.5947', 'grad_norm': '0.3086', 'learning_rate': '0.000173', 'epoch': '0.4267'}
{'loss': '0.6027', 'grad_norm': '0.2185', 'learning_rate': '0.0001589', 'epoch': '0.64'}
{'loss': '0.5893', 'grad_norm': '0.2499', 'learning_rate': '0.0001447', 'epoch': '0.8533'}
{'loss': '0.5733', 'grad_norm': '0.2235', 'learning_rate': '0.0001305', 'epoch': '1.064'}
{'loss': '0.5059', 'grad_norm': '0.3012', 'learning_rate': '0.0001163', 'epoch': '1.277'}
{'loss': '0.4726', 'grad_norm': '0.344', 'learning_rate': '0.0001021', 'epoch': '1.491'}
{'loss': '0.4763', 'grad_norm': '0.414', 'learning_rate': '8.794e-05', 'epoch': '1.704'}
{'loss': '0.478', 'grad_norm': '0.3724', 'learning_rate': '7.376e-05', 'epoch': '1.917'}
{'loss': '0.4475', 'grad_norm': '0.3842', 'learning_rate': '5.957e-05', 'epoch': '2.128'}
{'loss': '0.3358', 'grad_norm': '0.4424', 'learning_rate': '4.539e-05', 'epoch': '2.341'}
{'loss': '0.3476', 'grad_norm': '0.4735', 'learning_rate': '3.121e-05', 'epoch': '2.555'}
{'loss': '0.3865', 'grad_norm': '0.5886', 'learning_rate': '1.702e-05', 'epoch': '2.768'}
{'loss': '0.3092', 'grad_norm': '0.6026', 'learning_rate': '2.837e-06', 'epoch': '2.981'}
{'train_runtime': '339.5', 'train_samples_per_second': '3.314', 'train_steps_per_second': '0.415', 'train_loss': '0.494', 'epoch': '3'}
LORA training for Python to C++ complete.

==============================

LORA adapter model saved to '../model/Qwen_Python_to_CPP_LORA_Adapter'.

==============================

Log ended at: 2026-07-07 01:18:24
